Review,giai_tri,luu_tru,nha_hang,an_uong,van_chuyen,mua_sam
"Hương vị đồ ăn quá đỗi bình thường, có vẻ họ chế biến theo gu của khách Tây nên chẳng thấy chút đặc trưng nào, menu nhiều món nhưng chất lượng tầm thường, vị nêm nếm lạt lẽo không hợp khẩu vị người Việt chút nào",0,0,1,1,0,0
"Quay lại lần 2 do nghe quảng cáo đây là quán cafe rộng nhất Quy Nhơn để dẫn bạn tới chứ thực tế đầy chỗ tốt hơn nhiều, quán này ngoài diện tích rộng với view đẹp ra thì nước uống dở tệ, sinh tố cam chua loét như pha nước lã chứ chẳng có tí nguyên chất nào, sinh tố cà chua với dứa cũng y chang, đợt trước uống capuchino đã tệ rồi nên lần này cạch luôn :)) Đã vậy nhân viên mặt cứ lầm lì chẳng thèm cười với khách, đang ngồi uống mà cứ mang chổi ra quét dọn nhìn mất cảm tình ghê á",0,0,0,2,0,0
"Highly recommend mọi người nên tới trải nghiệm quán bar thể thao này nha",3,0,0,0,0,0
"Chợ khu 2 có khu bán đồ ăn và các mặt hàng khác khá tươi ngon, nằm trên đường Nguyễn Huệ nên thấy rất nhiều khách du lịch tìm đến mua sắm",0,0,0,0,0,5
"Thuê chiếc xe 7 chỗ di chuyển từ sân bay về mà bác tài đón khách với cái mặt nhăn nhó, thái độ hờ hững phát bực. Nhà đi đúng 7 người mà tài xế bắt mình tự mở cốp gom đồ lên, xong gập luôn băng ghế cuối để nhét vali làm 5 người phải chen chúc ở hàng giữa, 2 người ngồi trên. Bước vào xe thì nóng hầm cập, nhắc bật điều hòa thì đổ lỗi do đậu ngoài nắng cả buổi, chạy được 10 phút vẫn ngột ngạt như cái lò, hỏi thêm cũng chẳng thèm đáp, đòi dữ quá mới bảo đang mở. Mãi lúc gần tới nhà mới thấy hơi mát thổi ra được tí, chịu trận suốt 30 phút trên xe đúng là cực hình, đề nghị công ty xem lại thái độ của tài xế chạy xe 6898 lúc 10h sáng ngày 10/7, cần phê bình nghiêm túc",1,0,0,0,1,0
"Nơi mua quà lưu niệm cực kỳ lý tưởng với đầy đủ các sản phẩm từ những làng nghề truyền thống ở đất võ Tây Sơn, Bình Định. Do lấy hàng trực tiếp từ người nông dân nên mức giá ở đây vô cùng bình dân nhé. Ghé Bình Định nhớ qua đây mua sắm ít đặc sản truyền thống làm quà nha cả nhà 😍",0,0,0,0,0,5
"Lịch hẹn chạy là 18h tối mà dây dưa tới tận 18h30 xe mới chịu khởi hành. Theo kế hoạch là 5h sáng phải tới nơi mà đến 5h30 nghe mọi người báo lại vẫn cách Quy Nhơn tận 40km, làm cả đoàn một phen suýt trễ hết việc",0,0,0,0,3,0
"Chắc quán này móc nối với lễ tân bên FLC để xe đưa đón miễn phí chứ đồ ăn vừa đắt lại không hề tươi ngon tí nào. Lúc gọi món hỏi nhân viên mực tươi không thì cam đoan tươi, đến khi dọn ra ăn là biết ngay hàng đông lạnh liền. Hàu nướng mỡ hành làm dở tệ, một cái vỏ mà nhét tận 2 con hàu nhỏ ăn thua xa quán vỉa hè, khuyên mọi người né quán này ra nhé",0,0,0,1,5,0
"Di chuyển vào tối thứ Sáu trúng ngay giờ cao điểm nên đường xá đông đúc, kẹt xe kinh khủng",0,0,0,0,1,0
"Chưa từng thấy nhà xe nào tệ hại như xe này luôn, ai đi về Đà Nẵng thì né gấp ra nha. Lúc đặt thì bảo chở về bến xe mà cuối cùng thả khách dọc đường cách thành phố tận 15-20km làm phải tốn thêm 300k bắt xe ôm về nhà. Ông phụ xe thì mặt nặng mày nhẹ, gắt gỏng với khách suốt, đến chai nước hay cái khăn lạnh cũng chẳng có, xe dỏm hết chỗ nói",0,0,0,0,1,0
"Sáng nay hí hửng ghé shop vì nghĩ hệ thống có thương hiệu lớn thì uy tín ai ngờ thất vọng tràn trề, phục vụ siêu kém, nhân viên tỏ thái độ lườm liýt ra mặt, mọi người vào nhớ cẩn thận không mua đồ là dễ bị chửi lắm nha, tóm lại đồ vừa không đẹp mà thái độ tiếp khách còn tệ lậu hơn",0,0,0,0,0,1
"Mua sắm ở khu chợ này đem lại trải nghiệm cực kỳ tuyệt vời luôn, hãy ghé thử vài phút để cảm nhận sự thú vị nhé",0,0,0,0,0,5
"Đồ ăn vị ngon, ăn no bụng, lúc nhà mình ăn xong nhìn lại cả bàn đầy đĩa với niêu vì mỗi phần cho hơi ít. Cơm với cá nấu ngon, canh vị hơi chua quá, tôm và kho quẹt ăn bình thường, còn dĩa rau thập cẩm thì bày biện trông mất thẩm mỹ ghê. Điểm trừ lớn là phục vụ dở, lên món chậm chạp, không biết tư vấn lượng đồ ăn cho khách, bia với nước ngọt gọi mãi mấy lần mới đem ra",0,0,0,2,0,0
"Nhà sách dạo này bị thu hẹp diện tích đi nhiều do bên cạnh có cửa hàng xe máy yamaha thuê lại mặt bằng để mở rộng. Thành ra đồ đạc bày bán ở nhà sách cũng nghèo nàn hơn trước, không còn cảnh đông đúc, tấp nập mua sắm như xưa nữa",0,0,0,0,0,3
"Chưa nói tới chuyện khác, riêng đồ ăn là thấy thê thảm rồi, gọi nhum biển mà ăn chẳng có tí vị béo nào, thịt mỏng dính cạo mãi chẳng thấy đâu, tôm mũ ni hét giá tận 2tr2/kg mà lúc làm không mang cho khách kiểm tra, lúc gọi món thì nhân viên bảo một con tầm vài lạng thôi mà lúc tính tiền ra cả ký lô, nói chung là nên né gấp cái quán này",0,0,0,1,0,0
"Ở đây không có lotte mart nên đành phải qua siêu thị Big C để mua đồ, chất lượng dịch vụ nhìn chung cũng bình thường thôi",0,0,0,0,0,4
"Vừa bước chân vào siêu thị đã bị mấy ông bảo vệ bám đuôi từ cổng tới từng quầy hàng, đi mua sắm mà cảm giác như bị canh chừng cực kỳ khó chịu",0,0,0,0,0,3
"Siêu thị Big C này giá rẻ thật nhưng mấy món đồ khuyến mãi mua về toàn không xài được, nhất là đồ ăn giảm giá dù hạn dùng còn xa mà mua về mở ra mấy bịch hư sạch. Mình bị dính phốt 2 lần rồi, đợt trước mua trúng đồ hỏng đem qua đổi trả họ không chịu hoàn tiền mà bắt phải lựa món khác cho đủ bằng số tiền đó, cạn lời luôn",0,0,0,0,0,2
"Mỗi khi có dịp hẹn gặp bạn bè hay đối tác là mình lại chọn Nhà hàng Ngon ở Trần Hưng Đạo. Điểm cộng ở đây là không gian rất rộng rãi, lịch sự và thoáng đãng. Thực đơn các món cũng phong phú, hương vị chế biến vừa miệng",0,0,5,5,0,0
"Bắt chiếc taxi Vinasun tại ga quốc nội sân bay Tân Sơn Nhất, tài xế vừa nghe đi chặng ngắn là lật mặt đổi thái độ hung dữ, nói chuyện kiểu chửi bới vào mặt khách, chạy xe thì phóng nhanh phanh gấp cố ý liên tục dù trong đoạn ngắn 10m. Đến chỗ vòng xoay thì quẹo ẩu bất chấp suýt chút nữa là đâm xe người ta rồi. Đến nơi hỏi hết bao nhiêu tiền thì lầm lì không đáp, mình nhìn đồng hồ thấy 36k nên đưa 40k thì gã tài xế quay lại quát vào mặt bảo 36k với 10k phí sân bay là 46k",1,0,0,0,1,0
"Khu mua sắm lâu đời tại Quy Nhơn và các khu vực lân cận, hàng hóa đầy đủ mà giá cả lại bình ổn. Mấy ngày Tết ở đây đông đúc, nhộn nhịp lắm, vị trí ngay trung tâm rất dễ tìm và có cả tuyến xe bus chạy qua nữa",0,0,0,0,0,4
"Sân bay nằm cách trung tâm thành phố Quy Nhơn cỡ 30km nên di chuyển hơi bất tiện một tí. Bù lại không gian sân bay rộng rãi, khang trang, phòng chờ Vip thiết kế thoáng mát",0,0,0,3,0,0
"Cảnh quan ở đây nhìn chưa được đẹp mắt cho lắm, nếu được thì nên mở rộng diện tích, khắc thêm mấy bài thơ của Hàn Mạc Tử để tạo điểm nhấn thu hút hơn. Đã vậy khâu vệ sinh môi trường kém quá, nhìn đâu cũng thấy bẩn thỉu nhớp nhúa",3,0,0,0,0,0
"Mặt hàng ở đây khá đa dạng, mọi người có thể tìm mua dừa quả hoặc đồ làm quà như nem chua, tôm mực khô, các loại mắm ở khu này. Chợ hoạt động cả ngày nhưng vài khu chỉ bán lúc sáng sớm thôi, tầm chiều tối ghé qua chợ tiện thể ăn ốc Thúy Kiều ngay gần đó luôn nhé",0,0,0,5,0,5
"Diện tích sân bay hơi nhỏ nhưng bù lại thiết kế khá hiện đại, các quầy hàng bán đồ rẻ y như giá trong thành phố Quy Nhơn vậy. Có điều một vài món đặc sản như Bánh Hồng thì ở đây không bán đâu, ai muốn mua làm quà thì chịu khó mua sẵn ở thành phố Quy Nhơn nha",0,0,0,0,3,3
"Thiết kế không gian vô cùng sang trọng, mang lại cảm giác ấm cúng, các bạn nhân viên phục vụ cực kỳ chu đáo và nhiệt tình",4,0,4,0,0,0
"Đệm của giường hơi bị lún mềm, ai có tiền sử đau lưng nằm sẽ thấy không thoải mái đâu",0,3,0,0,0,0
"Chắc do ảnh hưởng của dịch bệnh nên vắng vẻ ít khách quá, bước vào phòng ngửi thấy rõ mùi ẩm mốc",0,2,0,0,0,0
"Thấy mọi người review rầm rộ nên cũng tò mò đi ăn thử 😃 Một suất được hai cái bánh tròn nhỏ bằng bàn tay thôi. Hương vị ăn cũng chẳng có gì đặc sắc, khác mỗi cái là vỏ bánh không giống loại ngoài Hà Nội. Ăn xong gọi tính tiền mà đứng hình luôn, 65k một đĩa được đúng 2 cái bé xíu, trong khi chỗ khác bán có 25-30k mà bánh to đùng. Thôi thì cũng tại mình chủ quan không hỏi giá trước 😞 coi như mua bài học kinh nghiệm, thử cho biết chứ không bao giờ quay lại do giá cả quá chát so với chất lượng mang lại 😥 Điểm vớt vát lại là không gian quán rộng rãi và thoáng đãng",0,0,0,2,0,0
"Tài xế chạy xe có tâm ghê luôn :)) khách mót tiểu nhịn từ lúc trên đèo xuống đã đành, đây chạy đến khu có dân cư rồi vẫn cứ phóng vù vù chẳng chịu dừng xe mặc cho khách khóc thét xin đi vệ sinh. Nhắc nhở liên tục phát tín hiệu cầu cứu cả tiếng đồng hồ rồi vẫn bắt nhịn tiếp, chịu hết nổi luôn",0,0,0,0,2,0
"Lên khu vực tầng 5 để chơi bowling với xem phim mà rốt cuộc chuốc lấy bực mình. Hệ thống máy lạnh ở đây không thèm bật làm không khí ngột ngạt, bí bách không chịu nổi",2,0,0,0,0,0
"Phòng ốc cách âm siêu kém, buổi tối cần mượn thêm vài vật dụng như bát đũa, muỗng thì khách sạn hoàn toàn không có hỗ trợ",0,2,0,0,0,0
"Nghĩ quán này cần phải giáo huấn lại thái độ của đội ngũ nhân viên, để ý đọc review mà sửa đổi. Riêng bản thân tôi là cạch mặt không bao giờ quay lại đây nữa",1,0,1,0,0,0
"Hôm nay mình có đặt phòng vip để tụ họp bạn bè!!! Lúc trao đổi với nhân viên phụ trách đặt phòng thì thái độ lồi lõm, khách hỏi một câu mới cộc lốc đáp một câu, chẳng có tí tôn trọng khách hàng gì cả!!! Khuyên thật lòng mọi người né gấp cái nhà hàng này ra, đồ ăn có ngon đến mấy mà cách phục vụ kiểu này thì không thể nào chấp nhận nổi 😠😠😠",0,0,0,1,0,0
"Không gian bên trong xe khá hôi, mùi ẩm mốc xộc thẳng lên mũi rất khó chịu, chưa kể trên giường nằm còn có mấy con côn trùng nhỏ bò lổm ngổm trông ghê chết đi được",0,0,0,0,2,0
"Đợt 30/4 vừa rồi khách khứa đông nghịt, bà xã mình đứng chờ nửa tiếng đồng hồ mà vẫn chưa thể chen chân vào thang máy nổi.",0,3,0,0,0,0
"Quán nằm ngay trên đường Diên Hồng ở Quy Nhơn, nghe danh khá nổi tiếng về chất lượng món ăn ngon. Cơ mà cá nhân mình ăn thì thấy ở mức trung bình thôi, chưa đến mức xuất sắc, dùng nhiều dễ bị ngấy do cho hơi nhiều dầu mỡ. Tầm sức một người ăn khoảng hai cái là vừa bụng. Điểm cộng là bánh cho nhiều tôm với thịt bò, mà cả bò lẫn tôm ăn đều cảm nhận rõ độ tươi, rau ăn kèm tươi non ngọt nước, phần nước mắm chấm cũng pha vừa vặn. Không gian quán tương đối sạch sẽ, có điều giá cả hơi chát nên cũng làm giảm bớt độ ngon đi vài phần.",0,0,0,3,0,0
"Một nơi lưu trú trên cả tuyệt vời, chấm điểm cực kỳ cao nha.",2,0,0,0,0,0
"Mình từng ghé đây ăn 2 lần, do buổi trưa quán siêu đông đúc nên nhóm mình chọn ngồi phòng riêng cho thoải mái. Xét về giá cả thì hơi đắt so với mặt bằng các quán ở Quy Nhơn, với lại khẩu vị đồ ăn một số món chế biến hơi ngọt quá đối với mình. Nơi đây chắc là điểm check-in lý tưởng cho giới trẻ Quy Nhơn vì kiếm một quán diện tích rộng rãi, decor bắt mắt như thế này ở đây chắc chỉ có 1 đến 2 quán là cùng. Dù vậy, với mình thì hương vị ngon vẫn phải đặt lên hàng đầu. Chắc do ở Sài Gòn quen nhiều quán vừa đẹp vừa ngon rồi nên khẩu vị mình hơi khó tính một tí, hihi :)",0,0,0,3,0,0
"Khu vực tầng trệt có chỗ để xe máy thoải mái, tuy nằm trong ngõ nhưng đường xá vẫn đủ rộng rãi để ô tô 4 bánh chạy thẳng vào tận nơi.",0,2,0,0,0,0
"Các mặt hàng mua sắm ở đây rất đa dạng, mỗi tội rạp CGV xếp hơi bị ít suất chiếu phim.",0,0,0,0,0,3
"Bác tài đạp ga chạy quá nhanh, lạng lách ẩu kinh khủng làm nằm ngủ mà cứ nơm nớp lo sợ chẳng yên giấc nổi.",0,0,0,0,2,0
"Cơ sở vật chất phòng ốc khá cũ kỹ. Mình từng ở đây 2 lần, lần đầu chọn phòng thường thì thấy tạm ổn, nhưng lần sau đổi sang phòng studio hướng biển thì thất vọng hoàn toàn. View nhìn ra biển đã bị một công trình xây dựng chắn mất tiêu (cái này tuy không phải lỗi do phía khách sạn nhưng làm trải nghiệm bị hụt hẫng so với mong đợi của mình). Không khí trong phòng thì nóng hầm cập. Lúc mới nhận phòng mình đã kiểm tra điều hòa bật đúng chế độ và hạ nhiệt độ xuống thấp rồi mà phòng vẫn nóng điên lên. Gọi phản ánh với lễ tân thì nhận lại câu trả lời “biết sao không?” nghe rất khó lọt tai. Qua đêm đến hôm sau phòng vẫn nóng hầm, gọi tiếp cho lễ tân thì vẫn bài giải thích cũ do phòng nhiều kính nên bị hấp hơi, chẳng thấy chủ động hỏi xem khách có cần mượn quạt không hay cử người lên kiểm tra hộ, cứ phải để mình đòi hỏi mãi mà thái độ còn phân vân lưỡng lự. Thực sự sau trải nghiệm lần này thì cạch, không bao giờ quay lại nữa.",0,1,0,0,0,0
"Ở đây cung cấp đa dạng dịch vụ luôn. Đồ hải sản tươi rói, nấu nướng ngon miệng, thực đơn món ăn phong phú mà giá rổ lại hợp lý. Tốc độ phục vụ khá nhanh nhẹn, các bạn nhân viên tuy ít nở nụ cười nhưng bù lại rất thân thiện và dễ mến. Mấy món canh nghêu nấu chua, canh cải ngọt nấu tôm với canh chua cá bớp vị đỉnh chóp luôn. Thỉnh thoảng hạt cơm hơi bị khô cứng chút xíu, rau luộc thì xanh mướt. Quán có điểm cộng lớn là hỗ trợ xe đưa đón tận nơi tại FLC. Ngoài ra còn có cả tour du lịch Kỳ Co trọn gói, quán Hoàng Thao còn hỗ trợ khách đặt xe ra sân bay với mức giá siêu ưu đãi nữa cơ!",5,0,5,5,5,0
"Không gian nhà hàng sở hữu tầm nhìn view siêu đẹp, bạn nhân viên tên Thành Long hỗ trợ phục vụ cực kỳ nhiệt tình, đồ ăn nấu vừa vị, nhất định mình sẽ ghé lại. Riêng món bông cải sốt dầu hào ăn cảm giác rất tươi và không hề bị ngấy mỡ.",5,0,5,5,0,0
"Khu chợ này bán đồ hải sản tươi roi rói, ăn rất ngon mỗi tội mức giá hơi cao một tí.",0,0,0,0,0,4
"Nếu sau này có dịp đi du lịch Vũng Tàu thì mình sẽ cân nhắc chụp hình lại chỗ này, cơ mà chắc bản thân sẽ không ghé đâu vì mình thấy ở Việt Nam còn đầy địa điểm tốt hơn nhiều.",3,0,0,0,0,0
"Hôm qua bố mình bận việc ở quê nên mình đại diện gia đình đi ăn tiệc cưới con của cô hàng xóm. Mọi người đi nhớ chú ý kẻo nhầm với khách sạn Saigon Quy Nhon nha. Sảnh tiệc nằm ở cả tầng hai và tầng ba. Diện tích nhìn chung tương đối rộng rãi nhưng điểm trừ là trần nhà hơi thấp nên tạo cảm giác hơi bí bách. Bù lại khâu trang trí cực kỳ đẹp mắt, lung linh luôn, hệ thống âm thanh ánh sáng ổn định, các vũ công nhảy biểu diễn rất tốt. Đồ ăn nêm nếm ngon miệng, có điều mấy món đồ nướng làm chưa được chuẩn lắm. Món thịt bò nướng giấy bạc bị khô khốc, còn gà nướng mật ong thì thịt chưa được ngấm gia vị cho lắm. Đội ngũ nhân viên phục vụ không được nhiệt tình, làm việc cứ lơ là sao á.",0,0,2,3,0,0
"Tôi được hãng xe này đón và tài xế cứ khăng khăng bắt tôi phải bỏ chiếc túi xách nhỏ vào cốp xe cùng với vali hành lý. Đến khi xe tới khách sạn, gã tài xế lật lọng từ chối trả lại túi nhỏ cho tôi, còn khăng khăng bảo tôi chưa từng đưa chiếc túi đó cho gã. Gã nhất quyết không chịu mở cốp xe cho tôi kiểm tra, bắt đầu tỏ thái độ hung hăng, dùng vũ lực đe dọa tôi rồi cướp tiền tài sản của tôi và nhấn ga phóng xe đi mất.",1,0,0,0,1,0
"Được nghỉ tết sớm nên mình với bà chị hẹn hò ra quán bobo Station đường Trần Cao Vân tụ tập. View không gian ở đây decor xinh xắn nhưng diện tích hơi nhỏ hẹp, chỗ dựng xe cũng chật chội nên lúc quán đông khách nhìn hơi bất tiện. Nhân viên phục vụ tương đối nhiệt tình, menu đồ uống nhiều loại lựa chọn. Mình gọi món trà sữa ôlong, hương vị ngửi thơm mùi trà thật nhưng uống cảm giác hơi nhạt nhẽo. Còn chị bạn đi cùng thì lại khá ưng ý với món nước của chị ấy. Có lẽ do không gian hẹp mà đông khách nên bàn ghế kê sát sàn sạt nhau, ngồi trò chuyện tâm sự thấy hơi thiếu riêng tư.",0,0,0,3,0,0
"Nói chung là năm nào mình cũng ghé đây để xem các mẫu vải. Hàng mới về liên tục, cập nhật xu hướng thị trường siêu nhanh. Mỗi tội mức giá sẽ hơi đắt đỏ nếu là người mới đi mua lần đầu, chưa có kinh nghiệm trả giá hay ước lượng giá trị mặt hàng. Ở đây tập trung rất nhiều dòng vải phân khúc cao cấp.",0,0,0,0,0,2
"Xem hình ảnh trên google thấy lung linh lắm mà đến tận nơi mới ngã ngửa với thực tế. Mình đi trúng tầm buổi chiều nên lượng khách du lịch đổ về đông nghịt. View cảnh sắc thì đẹp thật đấy nhưng rác rưởi xả bừa bãi đầy ra, hy vọng phía quản lý khu du lịch sẽ bố trí thêm thùng rác cho đầy đủ. Cả bãi tắm chỉ có mỗi điểm nhấn nổi bật là mấy khối đá lớn nhìn như hình quả trứng. Bác bảo vệ ở đây thì tính tình hay cằn nhằn, làu bàu với khách.",1,0,0,0,0,0
"Nhóm mình xem review gợi ý trên TripAdvisor rồi đi theo mà rốt cuộc thất vọng tràn trề. Chén bát đĩa dọn ra nhìn bẩn thỉu, đồ ăn thì dở tệ không nuốt nổi. Mình gọi món bún gạo trộn salad chay ăn hương vị kinh khủng khiếp, còn món súp của người bạn đi cùng thì lạt lẽo chẳng có tí mùi vị gì luôn. Hoàn toàn không thể giới thiệu quán này cho ai được.",0,0,0,2,0,0
"Thấy có người quen bản địa chỉ qua đây ăn nên mình nghĩ chắc hôm đó do số mình xui thôi. Vị trí quán nhìn rất bắt mắt, nằm ngay đối diện công viên và gần Dinh Thống Nhất. Phong cách phục vụ cũng dễ chịu. Lúc đó mình chỉ gọi đĩa gỏi cuốn tươi với ly nước chanh, quán cũng đang vắng khách chứ không bận rộn gì. Thế mà phải ngồi mốc mồm đợi suốt 20 phút, hỏi nhân viên thì thấy họ cứ lo phục vụ cho bàn khác. Cuối cùng đem ra đĩa nem cuốn nhìn khá khô khốc, kèm theo một đĩa nem rán do làm nhầm rồi vội vàng dọn đi ngay. Đối với cá nhân mình thì chẳng thấy có ấn tượng gì tốt cả, cơ mà ngó sang bàn những người xung quanh thì thấy đồ ăn của họ bưng ra trông có vẻ khá ngon miệng.",0,0,4,4,0,0
"Cái phần khe để vịn tay mở cửa tủ quần áo thiết kế hơi nông nên mỗi lần dùng lực kéo mở cửa ra rất khó khăn, dễ bị đau hay gãy móng tay lắm, phía khách sạn nên khoét rãnh sâu hơn hoặc lắp thêm phần tay nắm cửa ở phía ngoài thì tốt hơn.",0,2,0,0,0,0
"Đồ uống với cafe chất lượng chỉ ở mức tạm ổn thôi mà mức giá phải gọi là quá chát chúa, chém đắt đỏ kinh khủng, món nước rẻ nhất ở đây cũng đã 35k rồi. Thái độ của mấy bạn nhân viên phục vụ thì không được niềm nở, thân thiện cho lắm. Bù lại một điểm cộng cứu vớt là có view hướng nhìn ra biển khá thơ mộng (mỗi tội ngồi ngoài trời hơi lạnh), di chuyển vào trong phòng bật điều hòa thì ấm áp hơn nhưng decor cũng không có gì nổi bật. Nói chung có thể tìm được rất nhiều quán khác ở khu nội thành view vừa xinh mà giá cả lại phải chăng hơn nhiều.",0,0,0,3,0,0
"Mình đặt phòng khách sạn loại có hướng nhìn ra biển nhưng thực tế view xấu hoắc, bị che khuất tầm nhìn bởi quá nhiều tòa nhà và các công trình xây dựng đang thi công dang dở, nhìn chẳng được lung linh như trong ảnh chụp quảng cáo tí nào.",0,2,0,0,0,0
"Thực tế lúc đó có một tài xế taxi dù khác đang cố tình tiếp cận lừa phỉnh bảo là xe đến đón tôi, may sao tài xế bên hãng Saigon Transfers của tôi đã kịp thời phát hiện và nhanh chóng đuổi gã kia đi chỗ khác.",0,0,0,0,3,0
"Nếu đi theo hộ gia đình thì liên hệ đăng ký qua số điện thoại này nhé. Lịch tham quan mở vào ngày thứ 4 và Chủ Nhật trong giờ hành chính, bác bảo vệ có dặn là nhớ gọi điện vào số này để đặt lịch trước đấy ạ.",2,0,0,0,0,0
"Mô hình kết hợp giữa quán cafe và nơi lưu trú, xét riêng về khu vực khách sạn thì chúng tôi không chỉ được ở ngay sát bãi biển đâu. Phía họ dọn dẹp vệ sinh bãi cát sạch sẽ lắm, có bố trí sẵn mấy cái giường tắm nắng kèm ô che đầy đủ. Nước biển trong xanh, cảnh vật xung quanh đây rất nên thơ. Tuy nhiên dọc bờ biển đoạn gần khu dân cư thì có hơi nhiều rác thải. Ở đây mọi người có thể trải nghiệm chèo thuyền kayak ra ngoài đảo chơi nhé.",0,3,0,0,0,0
"Khâu cách âm dở tệ, ban đêm phòng bên cạnh nói cười rôm rả mà bên này nghe mồn một luôn. Khách sạn cũng chẳng có nhân viên nào hỗ trợ xách vali hành lý giúp khách cả. Phòng mang tiếng hướng biển mà ngay trước mặt lại vướng nguyên cái công trình đang xây dựng chình ình.",0,2,0,0,0,0
"Cho rạp chiếu phim Starlight đúng 1 sao, hôm tối mùng 6 Tết mình có đi xem phim ở rạp số 1, chất lượng màn hình chán đời kinh khủng, xem mà cứ bị nhòe ánh sáng xanh lè, dù trong lúc chiếu phim họ đã cho reset lại màn hình rồi nhưng vẫn không khắc phục được. Lần đầu tiên và cũng là lần cuối cùng đặt chân đến rạp này :)",1,0,0,0,0,0
"Chất lượng thực phẩm ăn tốt ngon miệng, cơ mà giá cả đắt đỏ quá so với phần ăn nhận được.",0,0,0,3,0,0
"Đã đi thử và trải nghiệm. Bên tổng đài lúc đầu gọi điện báo là xe sẽ đến đón trước 30 phút, đằng này bác tài lại gọi giục trước tận 1 tiếng đồng hồ, mình phải làm căng gắt lắm thì ông tài xế mới chịu đồng ý đúng 30 phút qua đón. So sánh với dòng xe limousine bên nhà xe Hoa Mai thì dòng xe này kích thước nhỏ hơn nhiều, khoảng cách không gian giữa các hàng ghế chật chội kinh khủng, đã vậy ghế ngồi còn không tích hợp chế độ massage. Mình đi tuyến đường từ Đà Lạt về TPHCM mà thu giá tận 300k, tính ra chất lượng không hề xứng đáng với số tiền bỏ ra.",0,0,0,0,2,0
"Khu vực bãi biển dành cho khách du lịch xuống tắm mát, xung quanh đây mọc lên toàn là các nhà hàng kinh doanh hải sản thôi. Vừa mới đặt chân đến nơi là đã có mấy người chạy ra mời chào, giới thiệu dẫn đi tour đi ra đảo rồi.",3,0,0,0,0,0
"Phía cửa hàng thực sự cần phải chấn chỉnh lại khâu quản lý nhân sự và quy trình phục vụ khách. Khi gửi trả lại thẻ cho khách thì nên đưa kèm luôn cả hóa đơn bill thanh toán và số bàn cho đầy đủ, chứ cứ đưa lắt nhắt chia làm 2-3 lần mất thời gian.",0,0,0,2,0,0
"Một địa chỉ kinh doanh, phân phối linh kiện điện tử có tiếng về độ uy tín trên toàn quốc cũng như tại khu vực Quy Nhơn, Bình Định. Mọi người có nhu cầu thì cứ ghé qua xem thử nhé !!!",0,0,0,0,0,3
"Bên shop tư vấn cho khách cực kỳ nhiệt tình, các bạn nhân viên tính tình hòa đồng dễ thương, các mặt hàng đồ dùng cho trẻ nhỏ rất đầy đủ... Mình mua sắm ở đây cảm thấy vô cùng ưng ý... Mọi người nhớ ghé qua shop ủng hộ nha... Đầy đủ tất tần tật các món đồ cần thiết cho cả mẹ và bé luôn... Giá rổ lại rẻ hơn hẳn so với các shop khác ở Quy Nhơn nữa chứ.",0,0,0,0,0,5
"Nhân viên ở đây chỉ biết mang cái menu thảy lên bàn cho khách rồi quay lưng bỏ đi một mạch, đến một lời chào hỏi lịch sự tối thiểu cũng không có.",1,0,0,0,0,0
"Một chuyến đi xe khách ôm hận và quá đỗi thất vọng: mình mua vé chuyến 19h xe chạy, thế mà lúc 16h23p nhà xe đã gọi điện ép phải có mặt lúc 17h làm mình cuống cuồng không kịp ăn uống gì cả, đến khi ra điểm đón thì ngồi đợi dài cổ tới tận 18h50 mới thấy xe tới. Trên xe thì nhồi nhét chở dư mất 1 khách, đã vậy còn tham chở thêm ê hề bao nhiêu là hàng hóa: bốc dỡ trái cây ở Long Khánh mất cụ nó 1 tiếng đồng hồ chờ đợi, chạy miết tới tận 24h đêm mới dừng chân ở Hàm Thuận cho khách ăn tối, lúc này đói lả cả người vì ban chiều đã kịp ăn gì đâu. Đồ ăn tại quán dọc đường thì kinh tởm không tưởng tượng nổi (y chang cơm tù của 20 năm trước vậy), món phở thì chỉ có bánh phở chan nước dùng nguội ngắt với vài lát thịt sống nhăn... Nghĩ mà hãi hùng. Xe tiếp tục chạy tới tận 7h sáng hôm sau mới chịu dừng lại cho khách ăn sáng và đi vệ sinh sau khi mọi người trên xe phải la ó om sòm vì nhịn tiểu quá lâu. Ăn bát mì gói tính giá 40k khách phải tự móc tiền túi trả, đến 12h trưa dừng ăn trưa ở Sông Cầu khách cũng tự chi tiền, mãi tới 13h30 chiều mới lết về tới Phù Mỹ để xuống xe. Một hành trình kinh hoàng: cung cách phục vụ kiểu chợ búa bất cần khách, làm mình vô cùng giận dữ. Thề có bóng đèn là trong đời không bao giờ bước chân lên chuyến xe này lần thứ hai. Quá may mắn vì trước đó mình chưa đặt vé khứ hồi của hãng này. Xe mang biển kiểm soát 51B- 29697 do công ty Chơn Mỹ thuê lại.",0,0,0,0,1,0
"Có dịp đi du lịch tới Quy Nhơn, cậu con trai cưng 4 tuổi của mình vô tình làm rớt mất đôi dép, làm mẹ phải bồng bế cu cậu suốt cả đoạn đường đi dạo bộ dạo chơi, may sao tìm thấy shop này trên google. Sau khi liên hệ tầm 15 phút là shop đã cho người ship hàng đến tận nơi rồi, đã vậy bạn shipper còn siêu nhiệt tình khi chủ động mang theo hẳn 2 mẫu dép cho bé tha hồ lựa chọn, nhóc tỳ nhà mình thích mê luôn. Đôi dép đi vừa vặn xinh xắn mà cứ mỗi bước đi lại có đèn chớp nháy vui mắt làm cu cậu khoái chí lắm, nhờ vậy mà chuyến đi chơi càng thêm phần vui vẻ và ý nghĩa ❤️ Cảm ơn shop rất nhiều nhé 💋💋💋",0,0,0,0,0,4
"Nằm trong số những quán bún cá có tiếng tăm bậc nhất tại Quy Nhơn, quán có tận 2 cơ sở đều tọa lạc trên trục đường Nguyễn Huệ. Không gian diện tích ở đây cực kỳ rộng rãi, bàn ghế lau chùi sạch sẽ, decor đẹp mắt, chuyên đón tiếp các đoàn khách đi du lịch. Thực đơn món ăn phong phú, có bán cả bún riêu, bún chả cá, bún cá thu cá ngừ cho đến bánh bèo, bánh cuốn, cơ mà mức giá thì tương đối cao. Một tô bún bưng ra lượng khá nhiều, decor nhìn bắt mắt hấp dẫn thật nhưng cá nhân mình thấy chất lượng giảm sút đi rất nhiều so với thời gian trước. Nước dùng nêm nếm hơi nhạt, chả cá vị bị ngọt quá, ăn tổng thể không thấy có gì đặc sắc. Đội ngũ nhân viên thì suốt ngày ngơ ngác lơ là khách, phục vụ chẳng có tí nhiệt tình nào.",0,0,0,2,0,0
"Mặt hàng hóa đa dạng phong phú, tha hồ lựa chọn mua sắm. Khu vực trông giữ xe lại còn hoàn toàn miễn phí nữa.",0,0,0,0,0,4
"Đây là một địa điểm cực kỳ uy tín và đáng tin cậy để khách du lịch ghé vào mua đặc sản làm quà lưu niệm, mình khá bất ngờ vì mức giá ở đây rẻ hơn rất nhiều so với các cửa hàng xung quanh mà chất lượng đồ ăn lại ngon hơn hẳn. Món mực rim ở đây ăn dính lắm, ngon đỉnh mà giá lại hạt dẻ nữa chứ. Chắc chắn lần sau có dịp mình sẽ tiếp tục quay lại ủng hộ.",0,0,0,0,0,5
"Chủ chỗ nghỉ này chẳng cho khách check-in luôn đâu mà cứ lôi đi xem phòng này phòng nọ rồi chê bai cái phòng mình đã book nhằm chèo kéo đổi sang phòng khác đắt tiền hơn! Đã vậy còn cằn nhằn khách đặt qua booking.com làm khách sạn bị trừ mất 30% hoa hồng. Tới lúc 10h30 dù mình đã thông báo trước và được phía họ xác nhận rồi mà vẫn đòi thu thêm phí 30%, mình phải làm căng bảo sang khách sạn kế bên thuê thì mới chịu thôi không đòi phụ thu nữa. Nói chung khâu đón tiếp khách tệ hại hết chỗ nói, còn những thời điểm khác thì thấy cũng bình thường.",0,2,0,0,0,0
"Đây là mấy món nhà mình gọi khi ghé quán trải nghiệm. Đồ ăn ở đây chế biến siêu ngon mà giá cả lại hợp túi tiền, bày biện món ăn nhìn rất bắt mắt, ai đến đây thì nhất định phải thử món salad rong nho với lẩu sứa nước lèo nha vì vị đỉnh lắm 🥰🥰 Không gian quán sạch sẽ, thoáng đãng, có xe đưa đón hoàn toàn miễn phí tại FLC và các bạn nhân viên phục vụ cực kỳ nhiệt tình, dễ mến. Có cơ hội mình chắc chắn sẽ quay lại quán ❤️❤️❤️",0,0,5,5,5,0
"Hôm mùng 5/12 mình định dùng hồ bơi thì nhân viên lại báo khu này đang trong thời gian bảo trì, thành ra suốt ngày lưu trú tại khách sạn chẳng được sử dụng tí nào.",0,2,0,0,0,0
"Khu chợ này rộng rãi, thoáng mát và chẳng thiếu mặt hàng gì cả. Đây là địa điểm mua sắm quen thuộc mỗi ngày của mình luôn",0,0,0,0,0,5
"Hệ thống điều hòa đời cũ kỹ quá nên chẳng thể điều chỉnh được nhiệt độ theo ý muốn, không khí trong phòng cứ bị bí bách hơi nóng.",0,2,0,0,0,0
"Hôm nay mình có ghé tiệm Tinh Hoa để tìm mua rau câu, ở đây đa dạng chủng loại đến mức hoa cả mắt không biết lựa loại nào, đứng phân vân một hồi thì mình chốt một hộp rau câu sữa bắp có màu xanh nhẹ. Giá bán lẻ là 3k một miếng và quán có xé lẻ ra bán, mình thì mua luôn một hộp 10 miếng hết 30k. Kích thước mỗi miếng khá bự, hai đứa ngồi xử hết 10 miếng mà no muốn thở không ra hơi luôn. Rau câu được để trong tủ lạnh nên ăn vào mát rượi, cơ mà theo khẩu vị của mình thì hơi bị ngọt quá nên ăn nhanh bị ngấy, đây là điểm trừ duy nhất thôi. Bù lại thì rau câu ăn sần sật, thơm phức mùi sữa bắp với vị cà phê. Mình còn tiện tay mua thêm cái bánh bông lan trứng muối nữa cơ mà không ưng lắm vì cốt bánh lỏng lẻo không được chắc, giá lại còn đắt nữa. Tóm lại là khuyên mọi người nên ghé ăn thử món rau câu ở đây nha ^^",0,0,0,5,0,5
"Mình đã đặt vé và nhận được xác nhận đầy đủ qua điện thoại rồi, đằng này sát ngày đi (chỉ còn 4 ngày là khởi hành) thì bên nhà xe Sao Limousine lại gọi điện báo hủy, họ từ chối vận chuyển hành khách nước ngoài vì lo ngại nguy cơ lây nhiễm dịch bệnh Covid-19, mặc cho mình đã giải thích rõ ràng là bản thân đã sinh sống và làm việc ổn định ở Việt Nam suốt 3 năm nay rồi.",0,0,0,0,3,0
"Nếu mọi người có dịp đi du lịch đến Quy Nhơn thì thực sự nên ghé qua địa điểm này để trải nghiệm nha",5,5,5,5,0,5
"Khu chợ này kinh doanh đầy đủ các chủng loại mặt hàng luôn, đồ hải sản ăn cũng ngon miệng, khâu vệ sinh thì sạch sẽ hơn hẳn so với những chợ khác như chợ khu 6,...",0,0,0,0,0,5
"Cá nhân mình cảm thấy không gian trong phòng hơi bị tối, thiếu ánh sáng tự nhiên.",0,3,0,0,0,0
"Dịch vụ quá tệ lậu, mang tiếng đặt vé có số giường hoàng hoàng mà cuối cùng chẳng để làm gì, hành khách lên xe cứ thích ngồi ghế nào là tranh nhau ngồi ghế đó",0,0,0,0,1,0
"Nhà hàng mang phong cách thiết kế đậm nét mộc mạc của châu Âu, nhất là vào những ngày mùa lạnh ngồi đây cảm giác rất thích. Thực đơn các món ăn lấy cảm hứng từ ẩm thực Pháp có biến tấu một chút theo khẩu vị địa phương của Việt Nam. Thế nhưng đầu bếp lại lạm dụng cho quá nhiều mì chính vào đồ ăn làm nhóm mình ăn xong bị đau đầu kinh khủng, thế nên chắc chắn là bọn mình sẽ không bao giờ quay lại nhà hàng này lần nào nữa đâu. Chất lượng đồ ăn lẫn phong cách dịch vụ bên nhà hàng Dương làm tốt hơn ở đây rất nhiều.",0,0,2,2,0,0
"Nơi đây sở hữu rặng san hô cực kỳ đẹp, nước biển thì trong veo nhìn thấu đáy, cảm giác ngồi trên thuyền bè thưởng thức đồ hải sản tươi sống thực sự rất tuyệt vời, mức giá để di chuyển ra đảo Hòn Khô cũng tương đối hợp lý đối với một địa danh du lịch. Mỗi tội điểm trừ là phòng để thay đồ ở đây quá ít và hoàn toàn không có nước ngọt để khách tắm tráng lại người",5,3,0,0,0,0
"Thật sự không thể hiểu nổi cung cách làm việc của dàn nhân viên ở cơ sở Quy Nhơn kiểu gì luôn, khách hàng bước chân vào cửa mà họ cứ trơ mắt ra làm ngơ, chẳng có lấy một lời chào đón hay tiếp đãi lịch sự, thua xa bên Thế Giới Di Động. Cứ bắt khách phải đứng đợi dài cổ mà chẳng thấy ai chủ động lại hỏi han nhu cầu, mạnh người nào người nấy lo làm việc riêng của mình thôi. Chất lượng phục vụ của nhân viên tại Nguyễn Kim Quy Nhơn quá tồi tệ",0,0,0,0,0,2
"Nghe danh quán này xếp hạng hải sản số 2 trên TripAdvisor nên tối qua mình mới bắt taxi tới đây ăn tối! Mình gọi hai con hàu nướng tỏi và đây là hình ảnh thực tế của một trong hai con (hình 1), thấy màu sắc nó cứ xanh lè kỳ cục nên có hỏi lại nhân viên thì họ đoan chắc là không sao hết! Ai dè đến tầm 2 giờ sáng, bụng mình bắt đầu đau quặn lên không thể chịu nổi, rồi từ 3h đến 4h sáng là đỉnh điểm, mình bị nôn mửa kèm tiêu chảy cấp ròng rã hơn 7 lần chỉ trong vòng 1 tiếng đồng hồ, người ngợm thì lúc nóng lúc lạnh phát sốt. Thật sự không thể tưởng tượng nổi cái cảnh kinh hoàng mà mình phải chịu đựng suốt đêm qua! Đến 4h30 sáng là phải cuống cuồng gọi TAXI chở thẳng vào bệnh viện cấp cứu! ! ! Đúng là điên rồ thật ! Chỉ vì một con hàu chết tiệt mà phá hỏng toàn bộ chuyến đi nghỉ dưỡng của mình, cho đến tận bây giờ là đúng 1h04 trưa mà mình vẫn phải nằm bẹp giường trong bệnh viện để truyền dịch và điều trị! ! ! Rất mong phía nhà hàng phải đưa ra một lời giải thích thỏa đáng cho việc này! ! !",0,0,1,0,0,0
"Bên trong phòng nghỉ thiết kế thiếu mất cái giá treo quần áo nên mấy bộ đồ đang mặc dở cứ lung tung chẳng có chỗ nào để treo móc lên cho gọn cả.",0,2,0,0,0,0
"Mấy ông nhân viên bảo vệ ở đây bị ảo tưởng sức mạnh hay sao ấy, cứ nghĩ khách hàng thích mình rồi bày đặt đứng nháy mắt đưa tình làm trò các kiểu
""Sao hai đứa chạy nhanh vậy, bộ say nắng anh rồi hả""
Nghe nhân viên nói chuyện mà thấy mắc ói ngang luôn á :)) đừng để tui chạm mặt lần nữa nha, tui mà gặp lại là tui quậy banh chành cái siêu thị này luôn đó nha =)))) 😏 bực cả mình",0,0,0,0,0,1
"Vị trí nằm khá gần biển cơ mà do khách sạn này tọa lập sâu trong ngõ hẻm nên cái view biển ở căn góc nhìn không được lung linh, thoáng đãng như trên hình ảnh quảng cáo đâu.",0,2,0,0,0,0
"Siêu thị Big C này... Đồ đạc bày bán thì đầy đủ đấy... Nhưng dàn nhân sự làm việc ở đây... Khuyên thật là nên đuổi việc hết đi cho vừa... Ăn nói mất lịch sự... Làm việc thì hời hợt chẳng có tí tận tình nào... Coi khách hàng chẳng khác gì... Rác rưởi... Thề không bao giờ quay lại đây thêm một lần nào nữa...
",0,0,0,0,0,1
"Quán này tọa lạc ngay khúc ngã tư đường Trần Phú nên rất dễ tìm đường. Mức giá cả hợp túi tiền, đợt Tết qua có thu thêm phụ phí cũng chỉ 8k một ly thôi, tiệm có bày bán cả bánh ngọt ăn kèm nữa cơ mà mình chưa có dịp thử. Tầm buổi chiều mình ghé thì quán đã tương đối đông rồi mà đến tối thì lượng khách đổ về đông nghẹt luôn. Không gian thiết kế khá rộng rãi, kết cấu nhiều tầng và có vô số góc decor dễ thương cực kỳ thích hợp cho các bạn thích chụp choẹt sống ảo. Cái hôm mình đi quán có dựng một cây đào nhìn xinh xỉu luôn cơ mà đông quá chẳng chen chân lấy chỗ chụp hình được. Đồ uống pha chế không được ngon cho lắm, đặc biệt là món latte tiramisu vị ngọt gắt xúc động luôn á. Bù lại được điểm cộng là các bạn nhân viên thân thiện và phục vụ khá nhiệt tình.",0,0,0,3,0,0
"Nhân viên ở quầy phụ trách làm thủ tục kiểm tra năng lực kém đến mức không biết đọc tờ giấy chứng nhận F0, cứ đứng hạch sách làm khó dễ khách hàng đủ đường",0,0,0,0,2,0
"Cửa hàng bày bán ê hề các loại mặt hàng đặc sản, không chỉ riêng của vùng Bình Định đâu mà còn gom đủ sản phẩm từ các tỉnh thành khác nữa.",0,0,0,0,0,5
"Điểm trừ lớn là không bố trí chỗ đậu xe ô tô, trong phòng nghỉ thì cấm hút thuốc hoàn toàn, hệ thống máy lạnh chạy lờ đờ chẳng mát mẻ gì cả",0,2,0,0,0,0
"Chất lượng dịch vụ tổng thể dở tệ! Không gian nhà hàng tuy có yên tĩnh nhưng nhìn bẩn thỉu nhếch nhác, đồ ăn nấu nướng thì chỉ ở mức trung bình kém. Mình sẽ không bao giờ quay lại đây nữa đâu. Qua bên quán The Hungry Pig ăn bữa sáng kiểu Anh vị ngon lành hơn nhiều nhé !!",0,0,1,0,0,0
"Cá nhân mình cực kỳ ưng ý với phong cách phục vụ tại nhà hàng Hoàng Thao, không gian lau chùi sạch sẽ, thoáng mát lại còn lên món siêu nhanh, đồ hải sản tươi rói ngon miệng mà mức giá tính ra lại rất mềm nữa chứ.",0,0,5,5,0,0
"Đợt trước mình đi thấy dịch vụ ok lắm mà lần này quay lại Quy Nhơn ghé quán ăn tiếp thì thất vọng tràn trề luôn - Nhân viên phục vụ lề mề chậm chạp, khách gọi món xong dọn lên được vài ba đĩa rồi tịt luôn, bỏ mặc khách ngồi trơ mắt nhìn nhau chơi, phải nhắc nhở giục giã hai ba lần mới chịu bưng tiếp lên được một món rồi lại ngưng tiếp - Khách thắc mắc góp ý thì đứng trả treo, nói một câu là cãi lại một câu (nhất là bạn nhân viên nam dáng người tròn tròn ấy) - Nghĩ mà bực bội hết sức - Thái độ tiếp khách kiểu chợ búa như vậy thì bái bai luôn, chẳng bao giờ có chuyện mình ghé lại lần nữa đâu",0,0,0,1,0,0
"Khách bước vào cửa hỏi mua máy móc mà chẳng có lấy một nhân viên nào thèm lại tiếp đón chăm sóc. Chất lượng dịch vụ quá tệ hại, lúc thu tiền của khách thì nhanh thu gọn lẹ mà đến khâu giao hàng thì ngâm mất hơn 1 ngày trời, trong khi khoảng cách bán kính từ cửa hàng đến chỗ mình chỉ có vỏn vẹn 7km",0,0,0,0,0,2
"Phía khách sạn có hỗ trợ dịch vụ liên hệ thuê xe giùm mình luôn, tuy nhiên chất lượng xe hơi bị cũ kỹ đời sâu, lúc vận hành chạy trên đường nghe cứ kêu lọc xọc.",0,2,0,0,2,0
"Địa danh này nhìn không khác gì một khu hoang phế nằm ngay trên một bãi biển phải gọi là siêu siêu siêu bẩn luôn! Trông cảnh tượng rác rưởi bẩn thỉu nhếch nhác ở đây mà thấy buồn lòng thực sự...",2,0,0,0,0,0
"Quán lúc nào cũng đông nghịt khách, người đến ăn phải đứng chờ dài cả cổ, đội ngũ phục vụ tuy đông người thật đấy nhưng khâu sắp xếp lúng túng không phát huy được nhân lực. Món tủ của quán là cơm gà cơ mà theo cảm nhận của mình thì vị cũng bình thường chứ chẳng ngon lành gì cho cam. Có hôm thịt gà ăn bị khô khốc hoặc là bị bở rạc! Cạch mặt không bao giờ quay lại đây nữa!",0,0,0,2,0,0
"Chất lượng đồ ăn chỉ ở mức trung bình thôi. Vị trí tọa lạc trong ngõ ngách khó tìm đường kinh khủng, lại không có chỗ để đỗ xe ô tô. Nhân viên phục vụ thì... chất lượng cũng thường thường",0,0,0,2,0,0
"Thái độ phục vụ của dàn nhân viên chán đời kinh khủng, nước nôi pha chế lạt lẽo y như nước lã vậy, mức giá thì đắt đỏ hoàn toàn không xứng đáng với chất lượng của ly nước tí nào, kiểu tư duy kinh doanh chỉ dựa dẫm vào mỗi cái view đẹp cho khách vào check-in sống ảo thôi thì không bao giờ khá lên nổi đâu",0,0,0,2,0,0
"Diện tích khu vực bể bơi hơi bị nhỏ so với những gì mình kỳ vọng trước đó",2,0,0,0,0,0
"Vị trí nằm hơi cách xa khu vực trung tâm thành phố, đã vậy ngay phía đối diện lại là một điểm thu mua phế liệu nhìn nhếch nhác chưa được mỹ quan cho lắm",0,2,0,0,0,0
"Đội ngũ nhân viên phục vụ ở đây cực kỳ nhiệt tình, lúc nào cũng vui vẻ đón tiếp và nói chuyện lễ phép với khách hàng",0,0,5,0,0,0
"Mình có mua một bịch lạp xưởng về ăn mà bên trong toàn là sạn, cục nào cắn trúng cũng sạn lạo xạo đã vậy thịt còn bị thối nữa, mình phải mang qua trả lại cho siêu thị và họ đã hoàn lại tiền rồi. Rất mong phía Big C cần thắt chặt khâu kiểm định chất lượng hàng hóa đầu vào hơn nữa nhé",0,0,0,0,0,1
"Vị trí quán nằm ngay sát mặt biển, không gian thoáng đãng nhưng chẳng hiểu sao cái đợt mình ngồi đây ăn uống lại không thấy có một chút gió biển nào thổi vào cả. Đồ uống pha chế bình thường. Điểm cộng là khâu trang trí decor nhìn rất đẹp mắt và lung linh về đêm",0,0,0,3,0,0
"🔆 REVIEW QUY NHƠN - PHÚ YÊN 4 NGÀY 3 ĐÊM 🔆 - CẬP NHẬT PHẦN 2 Nghe thiên hạ đồn đại Quy Nhơn view đẹp lắm, đồ ăn thức uống vừa ngon lại vừa rẻ nữa. Giờ đi thực tế về xin đính chính là tin đồn hoàn toàn chính xác nha mọi người. Xách balo lên và đi ngay thôi nào 💙 ❌ Mình có đặt phòng tại Lang homestay Quy Nhơn, thuê một phòng diện tích lớn giá 350k/ngày, tính tổng 3 ngày hết 1050k. Ngày cuối cùng theo quy định là 12h trưa phải trả phòng rồi cơ mà mình xin ở cố thêm đến tận 4h chiều mới check-out thì chị chủ cũng chỉ tính phụ thu thêm có 50k thôi hà. Cực kỳ thích phong cách ở đây luôn á, do mình đến nơi sớm hơn dự kiến tầm 7h sáng đã có mặt tại Quy Nhơn rồi, chị chủ liền gọi điện cho bên chỗ thuê xe máy Quy Nhơn của anh Hoài bảo họ giao xe qua cho mình chạy đi ăn sáng luôn trong lúc đợi dọn phòng, đến tầm 8h30 là mình đã được nhận phòng nghỉ ngơi rồi (mà hoàn toàn không bị tính thêm một đồng phụ phí nào luôn nhé). ❌ Chuyến đi này mình lựa chọn di chuyển bằng xe khách Phương Trang, giá vé tính là 265k x 4 = 1060k. Mọi người nên chủ động book vé xe từ sớm để xí được hàng giường nằm phía dưới nằm sẽ đỡ mệt hơn nằm hàng giường trên nhiều. Lúc đi mình chọn chuyến 7h45 tối xuất phát từ bến xe Miền Đông, xem thông tin trên mạng thì thấy ghi tầm 10h sáng hôm sau mới tới nơi cơ mà thực tế mới 6h30 sáng là xe đã lết tới nơi rồi, thời gian chạy tầm 10 - 11 tiếng là tới. Nên tính toán kỹ thời gian đặt xe cho hợp lý nha. Lúc về thì mình book chuyến 5h chiều, tầm 6h sáng ngày hôm sau là đã về tới Sài Gòn rồi. (Tuyến Quy Nhơn - Sài Gòn có xe trung chuyển tận nơi, còn chiều từ Sài Gòn - Quy Nhơn thì mọi người phải tự tốn tiền bắt taxi ra bến xe Miền Đông nha). ❌ Tiền taxi di chuyển từ Quận 8 ra bến xe Miền Đông hết 60k + tiền taxi từ bến xe Quy Nhơn về đến homestay hết 100k + tiền taxi từ bến xe Miền Đông lúc về lại Quận 8 hết 100k = tổng cộng 260k. ❌ Chi phí thuê xe máy hết 400k (cho 3 ngày) + tiền đổ xăng hết 80k. Do nhóm mình muốn sang bên Phú Yên chơi nữa nên quyết định thuê xe ô tô tự lái, chị chủ homestay có hỗ trợ cho thuê xe luôn nha mọi người. Thuê chiếc xe 4 chỗ hết 800k + tiền xăng tự đổ hết 470k = tổng chi phí là 1270k. ❌ Mua sắm ít đồ ăn vặt linh tinh hết 100k phòng hờ dọc đường đi trên xe đói bụng có cái ăn dự trữ. ❌ Mua thêm 3 chai nước suối loại lớn hết 8x3 = 24k, thời tiết ở khu vực này nắng nóng kinh khủng nên người lúc nào cũng khát nước liên tục. Khuyên mọi người nên mua sẵn nước mang theo bên người chứ mua tại các địa điểm tham quan du lịch bị chém giá đắt đỏ lắm.",0,4,0,3,3,0
"Mấy lần trước mình đi chung với người lớn tuổi thì thấy nhân viên đối xử rất thân thiện, nay đi riêng với nhóm bạn thì không biết là do họ đổi dàn nhân sự mới hay vẫn là mấy người cũ mà kiểu nghĩ tụi mình nhỏ tuổi hơn rồi lên giọng bề trên làm cha làm mẹ người ta, khách hỏi câu nào là mặt nhăn mày nhẹ nói chuyện với cái giọng điệu nạt nộ như muốn nhai đầu khách tới nơi, hai đứa mình tức nổ đom đóm mắt gần chết mà đành bất lực không làm gì được.",0,1,0,0,0,0
"Nếu không vướng chuyện đó thì việc di chuyển đến địa điểm đó bằng xe cộ rất nhanh chóng và thuận lợi",0,0,0,0,2,0
"Món ăn vị ngon lành cơ mà khâu phục vụ lề mề quá, chắc tại quán mới khai trương nên chưa quen việc. Để dịp sau ghé lại hy vọng dịch vụ sẽ cải thiện tốt hơn. Các bạn nhân viên nhiệt tình, dễ mến ghê",0,0,0,3,0,0
"Đây là gợi ý hợp lý cho khách du lịch khi đến thành phố biển mà phân vân chưa biết ăn gì hoặc đơn giản là muốn kiếm chỗ ăn cơm trưa. Địa chỉ này nổi tiếng nhất với món cơm gà. Vị ngon đỉnh chóp, cơ mà giá cả thì hơi đắt một chút, tầm 70.000vnd một phần. Cơ mà nói chung đúng kiểu đắt xắt ra miếng nha.",0,0,0,5,2,0
"Các mặt hàng mua sắm rất đa dạng, gom đủ loại đặc sản của vùng Bình Định luôn cơ mà mức giá bị đắt quá!",0,0,0,0,0,3
"Khu vực cống trong nhà vệ sinh bốc mùi hôi thối nồng nặc, mình phải chịu trận suốt 1 ngày trời, mãi đến hôm sau mới được giải quyết đổi sang phòng khác (mà giá lại bị tăng lên). Đã vậy mấy bạn ở tổ lễ tân còn đứng lớn tiếng cãi cọ, gây gổ với nhau ầm ĩ ngay lúc có khách đang đứng ở quầy giao dịch, nhất là bạn tổ trưởng",0,2,0,0,0,0
"Vị trí nằm không xa trung tâm cho lắm, cứ chạy xe qua hết cầu Nhơn Hội là tới nơi. Vừa tới bãi xe bắt xe điện trung chuyển để đi vào cổng là đã thấy bực mình không hài lòng rồi. Bù lại khuôn viên ở đây siêu đẹp, các bạn trẻ tha hồ check-in chụp hình sống ảo lung linh luôn, trò chơi giải trí cũng phong phú mà giá vé tính ra chưa hợp lý lắm, đồ ăn thức uống bán giá quá cao... Nếu ghé khu Cửa Biển này chơi thì khuyên mọi người nên tự mang theo trái cây với nước suối vào để tụ tập ngồi dọc bờ biển thì bao phê. Nói chung quán chỉ được mỗi cái khuôn viên rộng rãi, view đẹp để chụp ảnh thôi. Mà chịu khó đi bộ tham quan cho hết khu này chắc cũng mất toi cả buổi trời",3,0,0,2,0,0
"Cá nhân mình cứ mỗi lần thèm đồ Nhật là lại chọn ghé quán này, mà hiện tại ở Quy Nhơn cũng chỉ có duy nhất chỗ này kinh doanh món Nhật thôi, đồ ăn nêm nếm rất hợp khẩu vị của mình, vừa vặn, không hề bị ngấy dầu mỡ chút nào, thực đơn các món lại phong phú, nhân viên phục vụ rất nhiệt tình, điểm trừ duy nhất là món Nhật ở đây ít người chuộng ăn nên không gian quán nhìn hơi vắng vẻ.",0,0,5,5,0,0
"Có tổng cộng 2 chú nhân viên bảo vệ mà trong đó có 1 người thái độ không được thân thiện cho lắm. Khách thuê xe máy đi lại lúc hết xe thì khâu hỗ trợ xử lý cho khách rất kém. Phòng tắm thì cứ bốc mùi hôi hám dù nhóm mình chẳng sử dụng gì mấy",0,2,0,0,1,0
"Đây là một địa chỉ nhà hàng thuần địa phương và có tiếng tăm rất lớn ở khu vực này",0,0,5,0,0,0
"Khách sạn này không lắp đặt hệ thống thang máy, nhà mình lại có trẻ nhỏ và mang theo vali hành lý kích thước lớn, tuy được nhân viên bố trí phòng ở ngay tầng 1 nhưng cái cảnh tự khênh vác vali lên được tới đó cũng bở hơi tai mệt đứt hơi. Phần nền nhà thì cứ liên tục bị ẩm ướt rỉ nước, chắc là do đang vào mùa mưa, em bé nhà mình lại hay bò chơi dưới sàn nên nhìn không được sạch sẽ cho lắm. Đến ngày thứ 2 mình gọi nhân viên lên dọn dẹp phòng ốc thì lúc sau kiểm tra không thấy cái điều khiển tivi đâu nữa, thế là con mình khỏi có tivi xem luôn.",0,1,0,0,0,0
"Cung cách phục vụ của dàn nhân viên ở đây quá tệ hại rồi, đề nghị ban quản lý cần xem xét và chấn chỉnh lại gấp",0,0,0,0,0,2
"Đồ hải sản tươi sống chất lượng lắm. Mình hay ghé đây mua tôm cua còn bơi lội tung tăng để mang đi câu cá, có khi nhốt cả ngày trời mà chúng nó vẫn sống khỏe không chết.",0,0,0,0,0,4
"Sân bay tuy mới xây dựng nhưng nhìn nhếch nhác, khâu phân luồng di chuyển rối rắm kinh khủng. Khu vệ sinh thiết kế bất tiện, bồn rửa tay độ cao lửng lơ rất lỡ cỡ, vòi nước xả thì lúc yếu xìu lúc lại mạnh điên cuồng làm nước bắn tung tóe khắp người. Cho điểm 3 sao là đã châm chước, nương tay lắm rồi đấy!",0,0,0,0,2,0
"Mãi đến lúc sau họ mới thông báo lại với tôi là họ không có sẵn mặt hàng đó rồi.",1,0,0,0,0,0
"Mình vừa mới ghé tiệm ăn một phần sushi tổng hợp, gọi thêm 2 phần trứng hấp với vài món đồ chiên linh tinh (mải mê ăn uống quá nên quên khuấy mất việc chụp hình). Ấn tượng đầu tiên là không gian quán cực kỳ yên tĩnh, mang đậm phong cách giống như đang ở Nhật Bản vậy, các bạn nhân viên phục vụ thì siêu dễ thương. Thực sự rất ưng cái vibe nhà hàng Nhật kiểu như thế này.",0,0,5,5,0,0
"Đội ngũ nhân viên phục vụ thái độ cư xử thiếu lịch sự, đã vậy còn lên giọng nạt nộ khách hàng nữa chứ",0,0,1,0,0,0
"Mình đã là khách quen thường xuyên ghé Foodshop 45 suốt nhiều năm qua và chưa một lần phải thất vọng. Quán tọa lạc ngay bên cạnh Hồ Trúc Bạch xinh đẹp và nổi tiếng, chính là nơi John McCain bị bắn hạ năm xưa, ngồi đây ăn uống sở hữu tầm nhìn view cực đỉnh, bầu không khí tuyệt vời cùng đội ngũ nhân viên tuy lặng lẽ nhưng phục vụ rất chu đáo. Toàn bộ các món ăn đều do chính tay đầu bếp người Việt nấu nướng nhưng chuẩn theo bối cảnh và hương vị phong cách Ấn Độ. Ở Hà Nội có đầy nhà hàng Ấn Độ khác nhìn có vẻ chính gốc hơn vì do người Ấn trực tiếp quản lý. Thế nhưng sau khi đã đi ăn thử sạch sành sanh các chỗ đó, mình vẫn quyết định quay lại địa chỉ ruột quen thuộc là Foodshop 45 thôi",0,0,4,4,0,0
"Nhóm mình có đặt tổng cộng 11 phòng cho chuyến đi nghỉ dưỡng này mà chất lượng làm tụi mình thất vọng tràn trề.",0,1,0,0,0,0
"View không gian thực tế tệ hơn rất nhiều so với những lời bài viết quảng cáo tâng bốc. Buổi sáng quán lại không phục vụ khách trên khu vực tầng hai, diện tích chỗ ngồi bị thu hẹp lại nên đâm ra không gian khá đông đúc và chật chội. Thái độ ứng xử của mấy bạn nhân viên nữ ở bên khu nhà kính không được tốt cho lắm. Đồ uống pha chế dở tệ",0,0,0,1,0,0
"Bác tài chạy xe đạp ga quá nhanh nguy hiểm vào ban đêm, lịch hẹn với khách là 17h30 qua đón mà dây dưa lề mề mãi đến 18h00 mới thấy tấp xe vào. Đã vậy dọc đường di chuyển còn dừng đỗ liên tục để giao nhận hàng hóa mất thời gian",0,0,0,0,3,0
"Vị trí khách sạn nằm ngay gần khu vực quảng trường, bãi biển và trung tâm thành phố, tuy tọa lạc trong ngõ hẻm nhưng phòng lại có ban công hướng nhìn thẳng ra biển rất chill. Mức giá thuê rẻ, chất lượng phòng ốc ổn áp, bạn nhân viên với cô chủ tính tình dễ thương, hiền lành lắm, ngay phía dưới khách sạn có bán hàng tạp hóa, quán ăn và hỗ trợ cho thuê xe máy di chuyển với giá cả bình dân. Đạt đầy đủ tiêu chí cho các bạn muốn đi du lịch tiết kiệm, đây chính là sự lựa chọn tối ưu nhất rồi",0,4,0,0,3,0
"Mua 5 con ghẹ thì dính mất 3 con tươi rói ăn ngọt thịt cực kỳ ngon, lớp vỏ màu nhạt nhạt, còn lại 2 con vỏ màu sẫm màu có vẻ là ghẹ chết ươn từ trước nên không thể ăn nổi, giá bán là 300k cho 1kg ghẹ",0,0,0,3,0,0
"Món ăn nêm nếm ngon miệng cơ mà mức giá hơi đắt đỏ, khâu phục vụ sẽ hơi bị lề mề, chậm chạp nếu trúng lúc quán đông khách mua bán.",0,0,0,2,0,0
"Nói tóm lại một câu là chất lượng dịch vụ dở tệ. Từ nay xin chừa, nghỉ chơi không bao giờ quay lại mua sắm nữa.",0,0,0,0,0,1
"Đây chính là một trong những vựa kinh doanh hải sản tươi sống có tiếng tại Quy Nhơn với ê hề các mặt hàng hải sản được nhập về bán mỗi ngày. Thêm nữa, khu vực Cảng Quy Nhơn cũng là bến đỗ tập kết tàu du lịch, cano phục vụ cho các đoàn du khách có nhu cầu di chuyển đi Hải Minh, đi Cù Lao Xanh, Kỳ Co hay Hòn Khô. Giá như Cảng Quy Nhơn chịu khó cải thiện thắt chặt khâu vệ sinh môi trường sạch sẽ hơn một chút nữa thì trải nghiệm chuyến đi sẽ cực kỳ tuyệt vời luôn.",0,0,0,4,0,4
"Dịch vụ liên hệ đặt xe di chuyển nhìn chung khá tốt, tuy nhiên mình cực kỳ không hài lòng với việc bác tài cứ cắm mặt sử dụng điện thoại liên tục suốt thời gian vận hành lái xe, vừa gây ồn ào mất tập trung lại vừa nguy hiểm rình rập. Mà cái tình trạng này hình như mấy năm trở lại đây đã trở thành căn bệnh chung của các tài xế chạy xe đường dài rồi thì phải...",0,0,0,0,3,0
"Tôi đã phải đứng đợi một lúc khá lâu cho đến khi họ chịu chủ động đi tới để hỏi han xem món ăn của tôi có gặp vấn đề sai sót gì không. Tôi liền lặp lại đúng những gì mình đã phản ánh từ trước, rằng tôi vẫn đang ngồi đợi mốc mồm món cá mập nướng của mình được bưng lên đây.",1,0,0,0,0,0
"Món ăn nêm nếm vừa vặn hợp khẩu vị cơ mà lượng đồ ăn hơi bị ít so với giá tiền bỏ ra. Tốc độ phục vụ thì lề mề, lên món hơi lâu. Món chè củ năng hạt lựu ăn vị hơi bị béo ngấy quá, bù lại xôi xoài làm rất ngon.",2,0,3,3,0,0
"Vị trí siêu thị tọa lạc ngay khu vực trung tâm thành phố Quy Nhơn nên lúc nào cũng thấy tấp nập, đông đúc khách khứa ra vào mua sắm mỗi ngày. Phía họ luôn chủ động cải thiện và nâng cao chất lượng dịch vụ để phục vụ khách hàng tốt hơn. Ngày càng cập nhật thêm nhiều chủng loại sản phẩm đa dạng nhằm tăng sức cạnh tranh với các hệ thống siêu thị khác trên cùng địa bàn",0,0,0,0,0,3
"Chất lượng rạp chiếu phim quá tồi tệ. Ghế ngồi bẩn thỉu nhếch nhác lại còn bốc mùi hôi hám, đã vậy bên trong phòng chiếu còn có muỗi đốt nữa chứ. Chất lượng hình ảnh phim ảnh thì ở mức tạm chấp nhận được. Đội ngũ nhân viên thì làm việc tắc trách, không có nổi một người đứng ra nhắc nhở để cho khách khứa ngồi trong rạp thản nhiên bấm điện thoại sáng trưng, đã vậy họ còn vô tư nói cười rôm rả mà chẳng thấy nhân viên nào can thiệp. Lần đầu tiên đặt chân vào đây xem bộ phim La Llorona suất chiếu lúc 20h30 ngày 12/05/2019 thì rạp lại vận hành chiếu nhầm sang phim khác, làm loay hoay mất gần nửa tiếng đồng hồ mới chỉnh lại đúng phim. Trải nghiệm mua vé xem phim ở đây quá sức tệ hại. Cái rạp này chắc chỉ dùng để phục vụ đối tượng học sinh ham rẻ thì may ra được, chứ người lớn mà bước chân vào xem phim kiểu này chắc chắn rước bực dọc đầy mình.",1,0,0,0,0,0
"Nhà hàng bố trí sẵn cả xe điện lẫn xe ô tô để hỗ trợ đưa đón hành khách từ bên FLC đến tận nơi nhà hàng hoàn toàn miễn phí. Ở đây có vô số loại hải sản tươi sống chế biến ăn rất ngon miệng. View không gian quán cực kỳ thoáng đãng, mát mẻ và điểm cộng lớn là cả nhân viên lẫn bác chủ quán đều tính tình rất vui vẻ, niềm nở đón tiếp thân thiện với khách. Chắc chắn nhóm mình sẽ quay lại ủng hộ quán Hoàng Thao này dài dài !!!",0,0,5,0,5,0
"Nhóm mình đặt loại phòng bố trí 2 giường nằm ở tầng trên cùng có hướng view nhìn ra biển. Thế nhưng đến khi tới nơi làm thủ tục nhận phòng thì họ lại không giao đúng căn phòng như đã thỏa thuận ban đầu. Đã vậy cô chủ nhà nghỉ thái độ cư xử còn không được thân thiện, niềm nở chút nào.",0,2,0,0,0,0
"Tại Quy Nhơn tập trung một vài hệ thống siêu thị với quy mô vừa phải và BigC chính là một trong số những cái tên đó. Việc không thông thạo ngôn ngữ tiếng địa phương có thể sẽ khiến bạn gặp chút chậm trễ, khó khăn trong khâu mua sắm hàng hóa nếu chẳng may món đồ cần tìm không được bày sẵn trên kệ. Dù vậy, mọi người ở đây đối xử rất nhiệt tình và sẵn sàng giúp đỡ khách. Quầy bán trà của siêu thị chất lượng tốt lắm.",0,0,0,0,0,4
"Địa điểm nhà sách này hồi trước có thiết kế cửa sau thông thẳng sang bên trung tâm thương mại cơ mà bây giờ họ bít lại rồi, cảm giác không gian có phần hơi chật hẹp hơn trước tí xíu nhưng lượng đầu sách bày bán vẫn rất nhiều và phong phú nha mọi người, cứ yên tâm ghé qua mua sắm nhé",0,0,0,0,0,4
"Vibe không gian mang lại cảm giác sang trọng và cực kỳ thoải mái luôn",0,0,4,0,0,0
"Khu vực nhà vệ sinh của hạng phòng gia đình lại sử dụng vách kính trong suốt, tạo cảm giác vô cùng bất tiện và thiếu thoải mái khi ở chung với cả nhà, đặc biệt là lúc có trẻ con đi cùng, thiết nghĩ phòng family nên lắp đặt thêm rèm che nhà vệ sinh thì sẽ hợp lý hơn nhiều. Khách sạn không thiết kế bãi đỗ xe ô tô riêng nên toàn phải vứt xe bên lề đường ở phía đối diện thôi. Diện tích hồ bơi thì nhỏ xíu.",0,1,0,0,0,0
"Đây chính là địa chỉ nhà hàng ruột mà cá nhân tôi cực kỳ yêu thích, bản thân đã rất nhiều lần chủ động dẫn cả gia đình cùng bạn bè đến đây để ăn uống thưởng thức.",0,0,4,0,0,0
"Quán này chuyên kinh doanh mấy món đặc sản Bình Định vị ngon đỉnh chóp mà hiếm nơi nào bán được chuẩn vị như vậy, đồ hải sản chủ yếu là mực câu chất lượng cao, ăn ngon miệng mà mức giá tính ra lại rẻ vô cùng. Mua sắm ở đây rất đáng đồng tiền bát gạo, uy tín hết nấc luôn.",0,0,0,0,0,5
"View bãi biển nhìn rất đẹp, cái hôm mình ghé qua chơi thì thời tiết hơi âm u tí xíu. Cơ mà điểm trừ lớn là tình trạng chặt chém giá cả đắt đỏ kinh khủng, những người làm dịch vụ kinh doanh ở đây cư xử xô bồ, phức tạp chèo kéo khách phát bực",4,0,0,0,0,2
"Mình lưu trú ở FLC nên gọi điện đặt bàn trước, được quán bố trí xe qua đón tận nơi miễn phí. Đội ngũ nhân viên rất nhiệt tình, cơ mà lúc xem menu thì thấy chưa đa dạng món lắm, chắc do mình đi trúng đợt mùa mưa bão nên thế. Giá rổ tuy không rẻ nhưng đầu bếp làm món nhanh, hương vị lại hợp khẩu vị của mình nữa. Tiệm chỉ xuất hóa đơn trực tiếp và thu thêm 5% phí dịch vụ, cơ mà các bạn nhân viên ăn nói rất dễ thương, giải thích cặn kẽ nên mình cũng vui vẻ chấp thuận. Điểm trừ duy nhất là trên bàn ăn xuất hiện khá nhiều ruồi, mấy bạn phục vụ thấy vậy cũng tinh ý bật quạt công suất lớn để đuổi bớt, nhưng nhìn chung quán vẫn nên tìm cách khắc phục triệt để tình trạng này nha.",0,0,5,3,0,0
"Tuy nhiên, phía nhà hàng thực sự cần phải chấn chỉnh lại chất lượng dịch vụ của mình. Tốc độ lên món tương đối chậm chạp, ngay cả mấy món đơn giản không cần nấu nướng cầu kỳ cũng bắt khách đợi, đã vậy nhân viên thỉnh thoảng còn lơ là quên hoặc ghi nhầm order của khách. Đỉnh điểm là tuần vừa rồi mình đi ăn bún chả, vừa lật đĩa rau sống lên là thấy nguyên một con sâu bò lồm ngồm. Thế mà khi mình gọi nhân viên lại phản ánh, bạn ấy chỉ dửng dưng nhìn một cái rồi nhặt đúng chiếc lá có sâu mang đi. Tuyệt nhiên không có một lời xin lỗi tế nhị nào hay chủ động đổi đĩa rau khác cho khách cả. Biết là làm dịch vụ ai cũng có lúc sơ suất, nhưng với một nhà hàng định vị phân khúc cao cấp mà quy trình kiểm soát vệ sinh an toàn thực phẩm, khâu chuẩn bị đồ ăn lẫn cách xử lý tình huống của nhân viên như thế này thì mình đánh giá là quá tệ.",2,0,2,2,0,0
"Dàn nhân viên phục vụ ở đây hãm tài kinh khủng :)) đừng bao giờ để tui phải quay lại đây thêm lần nữa, tui mà gặp lại là tui quậy banh chành cái siêu thị này luôn đó nha =)))) 😏 bực bội hết sức tưởng thế là hay à 💩",0,0,0,0,0,1
"Không gian khách sạn tối tăm mù mịt, nhìn chẳng thấy chút ấm cúng hay sang trọng nào cả",0,2,0,0,0,0
"Hí hửng mua được cái bể cá xinh xỉu tại shop. Các bạn nhân viên ở đây phục vụ siêu nhiệt tình và dễ thương luôn á. Đứng tư vấn hết mình dẫu cho mình cứ hỏi vòng vo suốt cả tiếng đồng hồ mới chốt mua. Vậy mà chẳng hiểu sao vẫn có người vào vote 1 sao cho nhân viên, nghĩ mà thấy tội nghiệp cho các bạn ấy ghê. Chắc là lúc đó bận rep tin nhắn của khách online thôi, chứ cá nhân mình đến mua trực tiếp thấy các bạn tiếp đón niềm nở lắm!",0,0,0,0,0,5
"Thực đơn đồ ăn sáng hơi bị nghèo nàn, ít sự lựa chọn. Bù lại vị trí khách sạn nằm ngay sát biển và sở hữu tầm nhìn view cực kỳ đẹp mắt.",0,0,0,2,0,0
"Mức giá cả hợp lý túi tiền, nhân viên đối xử thân thiện, có hỗ trợ ship hàng tận nơi nhanh chóng, mình cảm thấy vô cùng ưng ý và nhất định bữa sau sẽ lại ghé qua ủng hộ tiếp ạ",0,0,5,0,0,0
"Chất lượng dịch vụ nhìn chung khá ổn, mỗi tội giờ giấc khởi hành bị trễ mất gần 30 phút của khách.",0,0,0,0,3,0
"Nhóm khách đặt phòng lưu trú từ thứ 3 đến tận thứ 7 luôn, thế mà bên khách sạn hoàn toàn bỏ bê không thèm dọn dẹp hay lau chùi phòng ốc lấy một lần.",0,1,0,0,0,0
"Chất lượng bánh rất ngon, thời gian bảo quản được lâu. Mình mua về làm quà tặng mà ai cũng tấm tắc khen ngợi hết lời luôn. Xin cảm ơn shop nhiều nha",0,0,0,5,0,5
"Thấy trên trang Foody Quy Nhơn review rầm rộ nên mình cũng tò mò tìm đến ăn thử món đặc sản Phù Mỹ - Bình Định này xem sao. Tiệm tọa lạc trong một con đường nhỏ nên khâu tìm đường hơi gian nan một chút. Không gian quán rộng thênh thang, chia làm nhiều khu vực rõ rệt: chỗ ngồi bàn cao, bàn thấp, khu trong nhà và cả không gian ngoài trời nữa. Đội ngũ nhân viên đông đảo, thao tác nhanh nhẹn. Mình gọi một tô bún rạm loại lớn giá 20k. Món bún này ăn kiểu khá lạ mồm, họ bưng ra một tô bún khô xếp kèm rau sống và một chén nước rạm riêng biệt. Lúc ăn thì mình tự chan vào tô bún, ai khoái ăn khô thì chan ít, còn thích ăn nhiều nước thì cứ chan đầy vào. Phần nước rạm được nêm nếm gia vị sẵn rồi nên ăn cũng khá ổn áp. Thịt rạm cho nhiều, nước dùng đặc sánh keo lại. Khi thưởng thức nhớ bỏ thêm ít ớt tươi với ớt bột vào ăn cho đỡ bị tanh nhé. Một suất như vậy sẽ có kèm thêm bánh tráng nướng để bẻ ăn cùng nữa. Nói chung là tùy thuộc vào khẩu vị mỗi người thôi chứ riêng cá nhân mình thì thấy món này ăn rất bình thường, chẳng có gì nổi bật xuất sắc cả.",0,0,0,3,0,0
"Đồ ăn sáng nấu ngon miệng cơ mà thực đơn chưa được phong phú lắm. Vị trí nằm ngay sát biển chính là điểm cộng mà mình yêu thích nhất. Đội ngũ nhân viên hỗ trợ cực kỳ nhiệt tình, chu đáo suốt từ khâu đặt phòng cho đến lúc làm thủ tục check-in và check-out.",0,4,0,3,0,0
"Khu chợ này nổi tiếng khắp vùng về các mặt hàng hải sản tươi rói, chủng loại phong phú quanh năm suốt tháng, vị trí lại tọa lạc ngay trung tâm thành phố nên đi mua sắm tha hồ mặc cả trả giá luôn nhé !!",0,0,0,0,0,5
"Shop bán toàn đồ xinh xắn, mức giá lại cực kỳ hạt dẻ phù hợp túi tiền. Đặc biệt thích nhất là chị chủ shop rep tin nhắn siêu nhanh mà tính tình lại dễ thương, tư vấn cho khách nhiệt tình hết nấc. Chắc chắn mình sẽ còn quay lại mua đồ của shop dài dài",0,0,0,0,0,5
"Ở đây bày bán đầy đủ không thiếu một loại đặc sản nào của vùng Quy Nhơn luôn. Khuyên mọi người nên ghé qua đây mua sắm vì mức giá cả rất hợp lý. Tuyệt đối đừng dại mà mua ở mấy quầy trong phòng chờ sân bay nhé, bị chém giá đắt đỏ lắm.",0,0,0,0,0,5
"Lượng khách du lịch đổ về mua sắm đông đúc mà một số mặt hàng lại quá ít ỏi, không đủ số lượng để cung ứng cho khách. Giá cả thì hơi bị cao một tí",0,0,0,0,0,4
"Cá nhân tôi hoàn toàn có thể thông cảm nếu nhà hàng chẳng may hết một vài nguyên liệu trong bếp, nhưng điều làm tôi bực bội là tại sao họ không chủ động lại thông báo với tôi một tiếng, mà lại tự tiện bưng ra một món ăn ngẫu nhiên trong menu rồi tự cho là phù hợp để thay thế như vậy.",1,0,0,0,0,0
"Cột mốc 5 năm trước
Trung tâm thương mại Quy Nhơn tọa lạc tại số 07 Nguyễn Tất Thành, Phường Lý Thường Kiệt, TP Quy Nhơn luôn là địa điểm mua sắm cực kỳ uy tín, đáng tin cậy của người dân xứ Nẫu. Ngay phần mặt tiền xung quanh tập trung san sát những cửa hàng thời trang và shop kinh doanh điện thoại di động sầm uất.",0,0,0,0,0,4
"Mình có bà chị từ Nha Trang vào chơi, chị ấy nghe phong phanh ở Quy Nhơn có quán cà phê đầu tư tiền tỷ nên cứ nằng nặc đòi mình dẫn đi cho bằng được. Thế là sau một hồi chạy vòng quanh kiếm đường thì cũng tìm ra quán. Nhìn từ phía mặt tiền bên ngoài thì trông cũng bình thường thôi, cơ mà bước chân vào bên trong mới thấy diện tích rộng kinh khủng, không gian xanh mát, trong lành nhờ cây cối rợp bóng và có cả một hồ cá Koi siêu bự luôn, khu vực phòng số 2 thì thiết kế theo kiểu nhà kính nên nhìn góc nào cũng thấy rất gần gũi thiên nhiên. Công nhận là quy mô đầu tư hoành tráng thật, mỗi tội đồ uống decor nhìn bắt mắt thế thôi chứ uống dở tệ. Ba người nhóm mình chẳng ai nuốt hết nổi ly nước của mình cả. Giá thành thì đắt đỏ, nói chung là đi một lần cho biết thôi chứ chẳng bao giờ có ý định quay lại lần hai.",0,0,0,2,0,0
"Mức giá nhìn chung cũng ok không quá cao, quần áo mặc lên form ổn, chất liệu vải vóc các thứ khá được... Tóm lại nhìn tổng quan thì không có điểm gì để chê trách mấy. Giá như giá cả mềm mại, hợp lý hơn chút nữa thì chắc chắn quán sẽ đông khách hơn nhiều... Vì thực tế có nhiều shop khác bán mức giá ngang ngửa hoặc nhỉnh hơn tí mà đồ đạc nhìn chất lượng hơn hẳn. Nói chung là mua sắm ổn áp nha anh em",0,0,0,0,0,4
"Xe khách vận hành chạy chậm rì rì, tuy thời gian khởi hành có sớm hơn lịch dự kiến thật đấy cơ mà suốt dọc đường chạy lề mề dẫn đến việc trả khách bị muộn giờ.",0,0,0,0,2,0
"Mặc dù cửa hàng có tích hợp dịch vụ giao hàng tận nơi, tuy nhiên họ lại từ chối không nhận ship các mặt hàng nước giải khát",0,0,0,0,0,3
"Bạn mình có gọi một ly nước ép mix giữa cà rốt và dứa, tính giá lẻ mỗi loại đứng riêng là 35k. Thế mà đến lúc mix chung lại với nhau, dung tích nhận được vẫn y chang một loại thông thường mà tiệm chém giá tận 69k, tức là đắt GẤP ĐÔI luôn?! Nhóm mình gọi bạn nhân viên ra thắc mắc thì bạn ấy cuống cuồng xin lỗi rối rít vì sơ suất quên báo trước mức giá xem tụi mình có đồng ý hay không. Rốt cuộc thì cũng chỉ biết xin lỗi rồi giải thích qua loa. Đồ uống pha chế dở tệ, giá cả hoàn toàn không xứng đáng với chất lượng, vớt vát lại được mỗi cái không gian rộng rãi với view hướng biển đẹp mắt thôi.",0,0,0,3,0,0
"Lướt xem review thấy thiên hạ khen ngon nức nở mà đến khi đi ăn thực tế thì mình lại thấy thất vọng tràn trề. Phần nước phá lấu nhìn qua tưởng giống kiểu phá lấu trong Sài Gòn, ăn vào vị cũng có nét ngọt ngọt cơ mà chẳng hiểu sao lại đem kết hợp với mì tôm tạo thành một sự kết hợp thảm họa 😂. Cá nhân mình ăn chẳng thấy ngon lành chút nào. Thế mà không hiểu sao dân tình lại tâng bốc khen dữ dội vậy trời. Bên quán đường Hai Bà Trưng tuy nhìn bày biện không bắt mắt bằng nhưng ăn vào hợp khẩu vị hơn hẳn. Điểm cộng vớt vát ở đây là cho khá nhiều thịt, lòng với gan heo thôi. Có lẽ món này ăn kèm với bánh mì thì đỡ ngấy hơn chứ mình nghĩ gu của mình hoàn toàn không hợp với khẩu vị của quán này rồi. Nghĩ mà thấy hơi tiếc đứt ruột 20k bỏ ra 😐",0,0,0,1,0,0
"Phần rau sống ăn kèm ngon ngọt, mỗi tội xoài thì chua loét chua lè, bánh xèo đem chiên đi chiên lại nhiều lần nên lớp vỏ cứng ngắc, bánh dày cộp và ngập ngụa dầu mỡ luôn! Nước mắm pha chế ở mức ăn được, còn phần nước chấm đậu phộng thì lạt lẽo chán đời kinh khủng!",0,0,0,2,0,0
"Tôi đang lưu trú tại căn phòng số 308 của khách sạn Mường Thanh Quy Nhơn đây. Chất lượng khách sạn quá dở tệ. Nệm nằm thì cứng ngắc như tấm tường, chăn mền với đệm lót nằm vào người ngứa ngáy không chịu nổi. Hệ thống máy lạnh thì lắp loại ReTech rẻ tiền y hệt mấy cái nhà nghỉ bình dân vậy. Bỏ ra cái giá tiền thuê phòng tận 1560k cho một khách sạn gắn mác 4 sao mà chất lượng kiểu này thì cạn lời luôn. Xin vĩnh biệt Mường Thanh Quy Nhơn nhé...",0,1,0,0,0,0
"Thực sự cảm thấy khá đáng tiếc cho một khách sạn mang tiếng đạt tiêu chuẩn 4 sao danh giá mà bắt khách hàng phải tự khênh vác hành lý từ dưới tầng hầm lên sảnh, rồi sau đó lại phải tự khệ nệ xách đồ đạc lên tận phòng nghỉ. Chưa hết, căn phòng mình nhận thì hệ thống điều hòa bị hỏng hóc, giữa cái mùa hè nắng nóng đỉnh điểm ở Nha Trang mà phía khách sạn chẳng đưa ra được hướng giải quyết nào ra hồn, cũng chẳng thể bố trí đổi sang một phòng khác cho gia đình mình, thành ra suốt 2 đêm lưu trú tại đây cả nhà mình phải chịu trận hoàn toàn trong căn phòng hầm hập hư máy lạnh mà tuyệt nhiên không nhận được bất kỳ một câu xin lỗi lịch sự nào từ phía nhân sự ở đây cả. Đội ngũ nhân viên lễ tân năng lực quá kém, thái độ tiếp đón phục vụ khách hàng thiếu chuyên nghiệp, ăn nói trống không và cực kỳ thiếu tôn trọng khách (duy nhất chỉ trừ bạn nhân viên lễ tân trực ca đêm là tạm ổn) !! Tủ minibar thì chuẩn bị sơ sài nghèo nàn, quanh đi quẩn lại chỉ có vài gói trà, cà phê với chai nước suối, khu vực toilet thì bốc mùi hôi thối nồng nặc làm mình phải gọi nhân viên buồng phòng lên đốt tinh dầu cho đỡ mùi, phần nền nhà vệ sinh thì bám đầy các mảng bẩn đen kịt nhếch nhác. Đây chính là một trong những khách sạn sở hữu dàn lễ tân có cung cách phục vụ tồi tệ nhất mà mình từng trải nghiệm trong đời ! Rất mong các bạn cần phải chấn chỉnh và cải thiện lại gấp.",1,1,0,0,0,0
"Đây là lần đầu tiên trong cuộc đời mình phải bấm bụng nhấn đánh giá 1 sao cho một chỗ lưu trú đấy.",0,1,0,0,0,0
"Chúng tôi bị họ ép trả mức phí tận 280k chỉ cho một chặng hành trình di chuyển vỏn vẹn 2 km mất tầm 10 phút đồng hồ vào lúc 11 giờ sáng. Thật sự rất khó để đứng lại đôi co tranh cãi khi trong xe của chúng tôi đang có trẻ nhỏ.",0,0,0,0,2,0
"Mọi người đi mua sắm nhớ phải hết sức cẩn thận với giá cả ở đây nhé. Cần phải chủ động mặc cả, trả giá thật mạnh khi mua hàng. Nhớ đề phòng với mấy người bán hàng vì tính tình họ khá hung dữ, gắt gỏng lắm. Nói chung chỉ nên đi tham quan đi dạo xem cho biết thôi chứ hàng hóa tuyệt đối không nên mua ở khu này đâu, đa phần toàn đồ đắt đỏ mà chất lượng lại kém nữa.",0,0,0,0,0,1
"Chất lượng thức ăn phải nói là dưới mức trung bình so với cái mức giá đắt đỏ mà họ đang thu của khách. Nếu bạn muốn trải nghiệm cảm giác bỏ tiền ra để đổi lấy 2 miếng thịt mỏng dính trên đĩa hoặc muốn nếm thử món bánh manoushe khô khốc nhất (một loại bánh pizza kiểu Li-băng) mà tôi từng ăn trong cuộc đời này, thì cứ việc tự mình vào mà nếm trải. Nhưng đến lúc đó thì đừng có bảo là chưa được ai cảnh báo trước nhé. Đội ngũ nhân viên thì lười biếng, cứ tụ tập ngồi một chỗ buôn chuyện tán gẫu với nhau thay vì ra hỗ trợ phục vụ khách hàng. Mấy cô vũ công múa bụng cũng chỉ biểu diễn hời hợt tối đa được 5 phút là cùng, thời gian còn lại toàn thấy ngồi không, ăn uống rồi rôm rả trò chuyện với đám nhân viên phục vụ. Khuyên thật lòng là hãy mang hàng triệu đồng của bạn đi chi tiêu cho một bữa ăn đúng nghĩa xứng đáng ở một địa điểm khác đi. Gã đầu bếp hay ông chủ ở đây cũng sẽ ngó lơ bỏ qua bạn nếu bạn không phải là người gốc Ả Rập, mình cũng chẳng lấy làm ngạc nhiên khi thấy cả cái nhà hàng vắng ngắt chỉ có thêm đúng 3 vị khách khác ngồi ăn. Các người đang kinh doanh ở đất nước Việt Nam đấy .... làm ơn hãy tỉnh ngộ lại đi",0,0,0,2,0,0
"Có dịp đi du lịch Quy Nhơn ăn uống ở địa chỉ nào mình cũng thấy vô cùng hài lòng, duy chỉ có cái quán này là làm mình tức nghẹn họng. Lúc đầu nhà mình gọi món sò huyết thì bưng ra con hơi bị nhỏ, thôi thì châm chước tạm chấp nhận được, món tôm rang muối gọi sau đó cũng bé tí tẹo y như trong hình chụp. Đến món tôm tít cháy bơ tỏi lúc mới bưng ra nhìn bày biện bắt mắt giống hình chụp thật đấy, cơ mà đến khi bóc ra ăn thì thôi rồi lượm ơi, bên trong ộp ép chẳng có tí thịt nào luôn. Mình mới gọi nhân viên phục vụ ra chất vấn hỏi xem món tôm tít cháy tỏi này bên em dùng tôm sống để làm hay là tôm chết, bạn phục vụ đoan chắc là tôm sống. Mình liền đập lại luôn: tôm tít này chắc chắn là loại tôm ngộp chết được bên em đem hấp sơ rồi tống vào tủ lạnh bảo quản, giờ có khách gọi mới mang ra chế biến lại, anh đây là dân vùng biển Đà Nẵng, ăn hải sản mỗi ngày thay cơm chứ có phải loại mù tịt không biết gì đâu mà định lừa. Bản thân mình đã từng mua loại tôm tít ngộp đem hấp cấp đông về tự chế biến ăn thử ở nhà rồi nên nhìn cái là biết ngay. Với lại mình có bảo nếu là tôm tươi sống hoàn toàn thì không đời nào nhà bếp bên em lại chế biến ra món nhanh thoăn thoắt như vậy được. Sau khi mình làm căng phản ánh thì nhân viên mới chịu bê đĩa đó vào đổi làm lại đĩa khác. Đến lúc đứng dậy đi về, mình vô tình đi ngang khu vệ sinh thì tận mắt chứng kiến đĩa tôm tít lỗi lúc nãy đã bị họ thẳng tay đổ sạch vào thùng rác. Đúng là bó tay toàn tập với cái kiểu làm ăn này !",0,0,0,1,0,0
"Nằm trong số những địa chỉ ẩm thực có tiếng tăm tại Hà Nội, cơ mà quán phở Lý Quốc Sư này không gian chỉ được cái sạch sẽ thôi chứ chẳng thấy sang trọng gì, hương vị nước dùng ăn cũng chẳng có gì xuất sắc hay thần thánh như mấy lời đồn thổi trên mạng cả. Chất lượng chỉ ở mức trung bình thôi nhé!",0,0,3,3,0,0
"Một khu phức hợp vui chơi và mua sắm cực kỳ hiện đại, bên trong tích hợp đầy đủ cả rạp chiếu phim lẫn khu vui chơi dành riêng cho trẻ em nữa",3,0,0,0,0,0
"Cái quán này là do mấy bạn nữ độ tuổi còn khá trẻ đứng ra bán, ngay kế bên cạnh có một cô mời chào mua nước uống, ai mà không uống là bị cô ấy lớn tiếng hạch sách khó chịu liền. Đồ ốc luộc ở đây ăn vị y chang như ốc tạp nham vậy, con thì bị thối rữa, con thì bị hư hỏng, thậm chí ăn còn ngửi thấy rõ cả mùi gián nữa, đồ tươi với đồ ôi thối cứ trộn lẫn lộn nằm chung trên cùng một đĩa. Giá cả thì không hề rẻ mà ăn lại chẳng ngon lành gì. Phần thềm quán thiết kế xây khá cao, nên cứ mỗi lần thấy bóng dáng lực lượng dân phòng đi tuần tới là khách khứa lại phải cuống cuồng nhảy phốc lên thềm trốn. Thực đơn món ăn tuy đa dạng thật đấy cơ mà cung cách buôn bán chẳng có tí tâm nào, nói về độ đặc sắc thì hoàn toàn không có, thua xa lắc mấy quán ốc còn lại xung quanh.",0,0,0,1,0,0
"Một địa điểm mua sắm khá ổn với khu vực siêu thị nằm tọa lạc ngay trên tầng 3. Mấy nhà cung cấp ở tầng 2 nhìn phong cách có vẻ thoải mái, vui vẻ và dễ thương lượng đàm phán giá cả hơn, mức giá bán rất hợp lý túi tiền. Mọi người hoàn toàn có thể tìm mua các mặt hàng thực phẩm tại khu siêu thị trên tầng 3 này để mang về làm quà lưu niệm nhé.",0,0,0,0,0,1
"Giữa cái cơn đói cồn cào của buổi trưa ngày đầu hè nắng nóng, còn gì tuyệt vời hơn khi được ngồi thong thả thưởng thức món đặc sản Bình Định. Món tré Bình Định ăn vào sần sật sực sực, kẹp thêm chút rau sống ta nói nó đã cái nư đâu đâu. Cuộn thêm một miếng bánh xèo giòn rụm kết hợp với bánh tráng cùng ít rau dưa rồi chấm ngập vào chén nước chấm bánh xèo đặc trưng, ôi thôi còn gì tuyệt diệu hơn thế nữa cơ chứ. Ta nói vị ngon của nó nhức cái nách luôn á, ăn xong xuôi làm thêm một chai nước nha đam mát rượi nữa thì dẫu có bắt đi bộ cả chục cây số đường trường cũng thấy sướng rơn người 😁 Cả nhà nếu có dịp đến với mảnh đất Bình Định thì nhớ ghé lại gần đây để thưởng thức hương vị ẩm thực với nẫu nha, mức giá chỉ 30k cho một chiếc bánh xèo 🍽 tính ra cũng chỉ ngang ngửa giá một ly nước uống ở Sài Gòn mình thôi nè 😊",0,0,5,5,0,0
"Mình là khách du lịch từ nơi khác đến, được người quen giới thiệu ghé qua tiệm này để tìm mua bánh hồng và bánh ít lá gai mang về làm quà biếu. Món bánh hồng bán giá 70k/kg, còn bánh ít lá gai thì tính giá 3.500 một cái. Cơ mà nhìn chung tiệm này chuyên kinh doanh các dòng bánh Tây và bánh kem sinh nhật là chủ yếu nhé. Các bạn nhân viên phục vụ ở đây rất dễ thương, tính tình kiên nhẫn đứng tư vấn cặn kẽ từng loại bánh cho mình chọn lựa. Phía tiệm còn nhiệt tình hỗ trợ cắt sẵn bánh hồng ra thành các miếng nhỏ tiện lợi nữa cơ. Bánh mang về nhà ai ăn cũng tấm tắc khen ngon và còn dặn lần sau muốn mua thêm nữa cơ. Mọi người có dịp thì cứ ghé qua ăn thử trải nghiệm nhé.",0,0,0,5,0,5
"Mình cùng vị hôn thê ghé quán này ăn thử, mình gốc Anh còn cô ấy là người Việt. Sau khi lướt thấy ê hề những lời khen ngợi trên mạng, hai đứa nghĩ bụng tới đây trải nghiệm chắc sẽ ổn vì suốt chuyến nghỉ lễ này mình chưa được ăn món nào chuẩn gu thoải mái cả",0,0,0,3,0,0
"Đồ hải sản khu này tươi roi rói luôn, khuyên mọi người nên đi tầm buổi chiều đúng lúc mực với cá tươi vừa cập bến. Bước chân vào đây là chỉ muốn gom sạch cả cái chợ về thôi, cơ mà mấy sạp hàng ở đây nói thách giá cao lắm nên nhớ phải mặc cả trả giá nha. Ghẹ loại to giá dao động tầm 160 - 180k, ghẹ nhỏ hơn thì khoảng 130k. Món ốc móng tay tầm 70k - 80k, còn cua thịt thì giá từ 120k - 150k. Đó toàn là mấy món ruột mình hay chọn mua thôi, còn những mặt hàng khác thì mình không rõ giá lắm. ^^ Chúc các bạn có một buổi đi chợ mua sắm thật thú vị tại đây nhé.",0,0,0,0,0,4
"Hệ thống đèn trong phòng toàn là ánh sáng vàng nên tạo cảm giác không gian hơi bị tối tăm, bữa sáng buffet do khách sạn chuẩn bị thì hương vị nấu nướng cũng bình thường mà mức giá tính ra hơi đắt đỏ. Khâu thuê xe máy thì phía khách sạn chỉ áp dụng quy chế tính tiền theo ngày, thành ra mình có chạy cố thêm vài tiếng đồng hồ họ cũng đè ra thu đủ tiền cả ngày, giá chát ghê",0,2,2,0,2,0
"Cá nhân tôi không hề tin tưởng đây là phương án di chuyển an toàn nhất để đi tới Vũng Tàu đâu.",0,0,0,0,1,0
"Quả thực là một trải nghiệm ăn uống vô cùng thú vị và đem lại cảm giác thư thái tại nhà hàng này. Nằm sâu trong một con ngõ nhỏ, dẫu cho vài tòa nhà xung quanh khu góc phố này đang trong quá trình trùng tu sửa chữa, quán vẫn kiên nhẫn tọa lạc ở đó chờ đón bạn ghé thăm. Phong cách decor mang đậm hơi thở thế giới cổ kính của Pháp, dịch vụ chăm sóc thân thiện và đồ ăn ngon miệng. Nhóm mình mê mẩn nơi này đến mức đã quay lại tận ba lần liền. Và đặc biệt nhất là vào dịp diễn ra trận chung kết World Cup bóng đá vừa qua, bọn mình đã dùng bữa rồi ngồi lại cùng xem trận đấu với những người bạn đồng hành lẫn người dân địa phương. Mấy ly rượu ăn mừng chiến thắng liên tục được anh bạn Barman chuyền tay nhau mời mọi người. Bầu không khí náo nhiệt trên cả tuyệt vời.",5,0,5,5,0,0
"Thực đơn các món ăn sáng chuẩn bị nghèo nàn quá, chưa được phong phú.",0,0,0,3,0,0
"Vé vào cổng Kỳ Co tính ra có 90k thôi thế mà quán cơm ở đây lại chém tận 360k trên một đầu người cho một suất cơm trưa ngon lành gì đâu. Giá cả đắt đỏ quá đáng, hoàn toàn không xứng đáng để vào đây ăn uống chút nào.",0,0,0,1,0,0
"Cơ sở vật chất tiện nghi ở đây vấp phải một số điểm hạn chế. Bên trong phòng nghỉ không hề trang bị bàn là, khách muốn ủi quần áo thì bắt buộc phải tốn tiền thuê của khách sạn. Đối với một chỗ lưu trú đạt tiêu chuẩn định vị 4 sao thì mình đánh giá đây là một khuyết điểm lớn",0,3,0,0,0,0
"Thái độ ứng xử của bạn phục vụ phải nói là cực kỳ vô văn hóa, lúc confirm lại món ăn mà dám lớn tiếng nạt nộ thẳng vào mặt khách hàng. Từ cấp quản lý cho đến nhân viên đều mang cái cung cách cư xử bất lịch sự như nhau. Lúc bưng đồ ăn ra thì hằn học đặt cái đùng xuống bàn rồi quay lưng bỏ đi một mạch. Đến khi nhóm mình gọi tính tiền thì tịnh không một ai thèm đáp lời, phải gọi rát cổ bỏng họng tận 3 lần thì bạn nhân viên mới chịu quay lại hất hất cái đầu ra hiệu. Cảm giác bỏ tiền ra đi ăn mà như kiểu phải đi van xin bố thí vậy (trong khi mức giá đồ ăn ở đây đâu có rẻ rúng gì). Thất vọng tràn trề, thề không bao giờ quay lại đây thêm lần nào nữa.",0,0,0,2,0,0
"Hàng hóa xinh xỉu, chất vải đẹp mê mẫu mã lại còn đa dạng tha hồ lựa chọn, giá cả phải chăng phù hợp túi tiền, chị chủ shop thì siêu nhiệt tình tư vấn cho khách luôn <3",0,0,0,0,0,5
"Món ăn sáng nấu chẳng ngon lành gì cả. Mình gọi món mì quảng mà nhà bếp lại đem dùng sợi mì hủ tiếu để chế biến, ăn chán đời thực sự",0,0,0,3,0,0
"Mình cảm thấy chất lượng ở đây hoàn toàn không xứng tầm với tiêu chuẩn của một khách sạn 4 sao chút nào. Bữa ăn sáng chuẩn bị quá sơ sài, lèo tèo vài món ăn chẳng có gì để chọn. Không gian phòng tắm thì chật chội bé tí teo, làm gì cũng vướng víu chân tay. Phòng mình đặt lại không có vách kính tắm đứng mà chỉ bố trí độc mỗi cái bồn tắm nằm thôi.",0,2,2,0,0,0
"Thỉnh thoảng không khí trong phòng cứ bị bay mùi cống hôi hám bốc lên từ phía lỗ thoát nước sàn.",0,2,0,0,0,0
"Không gian quán cực kỳ rộng lớn, kết cấu xây tận 3 tầng thênh thang. Khu vực tầng trên cùng chuyên phục vụ đồ nướng với view thoáng đãng nhìn thẳng ra được phía Quảng trường. Tới đây mọi người có thể thoải mái gọi theo hình thức buffet với nhiều mức giá đa dạng như gói 189k/người, set 289k, 389k và 489k thì thực đơn sẽ cập nhật thêm nhiều loại thịt bò lẫn hải sản cao cấp hơn. Bên cạnh đó quán còn triển khai cả combo vip trị giá hẳn 1.289.000đ bao gồm ê hề thịt bò wagyu, tôm hùm tươi, cá hồi Na Uy, sò điệp bự, cua tuyết cùng hàu Nhật... Mấy món ăn kèm được miễn phí hoàn toàn đi theo gói buffet gồm có lẩu hải sản, cơm trộn thố đá, salad cá hồi tươi, kim chi muối, khoai tây kén, rau củ quả chiên cùng các loại maki phong phú.",0,0,5,5,0,0
"Đội ngũ nhân viên làm việc thiếu chuyên nghiệp, có hành vi gian lận lấy trộm ví tiền của khách hàng !",0,1,0,0,0,0
"Khu vực quầy bar đóng cửa không hoạt động, còn khâu thiết kế bồn tắm thì tạo cảm giác hơi bí bách, ngột ngạt",0,3,0,0,0,0
"Nói thật lòng là cá nhân mình không mấy mặn mà với món này cho lắm. Mình vẫn thấy bánh xèo ngoài Nghệ An ăn ngon lành hơn nhiều 😂😂😂. Giá bán 20k cho 1 cái mà lượng bánh khá ít ỏi, nhóm mình đi tổng cộng 3 người phải gọi tới 6 cái ăn mới tạm đủ bụng. Bánh có 3 loại nhân vị là bò, tôm và mực. Vì ở vùng Quy Nhơn nên nguồn hải sản khá dồi dào, mình ăn thấy tôm với mực chất lượng ở mức tạm ổn cơ mà nếu chọn thì ăn nhân tôm vị sẽ ngon hơn hẳn. Phần vỏ bánh chiên lên không được giòn rụm, cứ bị mềm kiểu dính nhiều bột ấy. Bên trong nhân thì lèo tèo ít giá đỗ kèm thịt bò/tôm/mực thôi. Lúc ăn đem cuốn kèm bánh tráng và rau thơm. Nói chung chỉ ăn thử một lần cho biết mùi vị thôi chứ không ấn tượng gì.",0,0,0,3,0,0
"Tôi có bắt một chiếc taxi của hãng Vinasun vào tầm thứ Sáu tuần trước, ngày 14 tháng 6 để di chuyển từ khu Trung tâm Vincom sang bên đường Bùi Viện. Đến nơi, bác tài báo giá cước là 30.000 đồng, tôi liền thắc mắc bảo rõ ràng trên đồng hồ hiển thị mức giá tận 60k đồng cơ mà. Anh ta vẫn khẳng định chỉ tính giá 30k thôi. Tôi liền đưa tờ tiền mệnh giá 500k đồng để anh ta thối lại tiền thừa, lúc nhận lại tiền thì anh ta lại thối cho tôi hình như chỉ có đúng tờ 50k đồng. Lúc đó trong lòng tôi đã dấy lên cảm giác rõ ràng là gã tài xế này thối nhầm thiếu tiền thừa cho mình rồi, vì đáng lẽ ra gã phải trả lại cho tôi tận 470k hoặc ít nhất là 440k tiền thối chứ. Cơ mà bản thân tôi lúc đó cũng có phần sai sót vì đang quá vội vã chạy đi gặp bạn ở đường Bùi Viện nên không đứng lại kiểm đếm kỹ. Bạn bè tôi sau khi nghe kể về sự cố này đã khuyên tôi tốt nhất từ giờ trở đi cứ đặt xe qua app Grab Cab cho lành, và nhớ luôn chuẩn bị sẵn ít tiền lẻ trong người phòng trường hợp các bác tài không có sẵn tiền để thối lại. Trước đó tôi từng cực kỳ tin tưởng vào các bác tài xế Vinasun, cơ mà suốt quãng thời gian còn lại của chuyến đi, toàn bộ hành trình di chuyển tôi đều trung thành book xe Grab Cars, và nhờ vậy chặng đường du lịch sau đó ở Hồ Chí Minh của tôi diễn ra rất an toàn.",1,0,0,0,1,0
"Nhóm mình ngồi ăn uống trong một quán bar tình trạng lúc đó cơ bản là vắng ngắt trống rỗng, tụi mình có order đồ ăn - thế mà ngồi mốc mồm suốt 45 phút đồng hồ vẫn không thấy gì, bực quá tụi mình mới gọi nhân viên yêu cầu tính tiền hóa đơn nước uống luôn để còn rời đi. . . . . lúc này họ mới nháo nhào bảo món ăn đang được đem lên rồi, thế mà rốt cuộc phải dây dưa thêm 5 phút (thực tế là tận 20 phút sau) tức là tính tổng phải mất đến 65 phút đồng hồ thì đồ ăn mới được bưng ra tới nơi.",0,0,1,0,0,0
"Một địa điểm vui chơi giải trí tọa lạc ngay sát bờ biển. Du khách có thể ghé vào mua sắm đồ uống cùng vài món đồ ăn nhẹ rồi ra chọn ghế ngồi ngắm cảnh biển khơi khá chill. Mỗi tội khâu dọn dẹp vệ sinh ở đây chưa được sạch sẽ cho lắm.",4,0,0,3,0,0
"Cái nhà hàng này sở hữu một vị quản lý có cung cách hành xử tồi tệ nhất mà mình từng chạm mặt trong đời, nhóm mình đi ăn có đẩy theo chiếc xe nôi của em bé, nếu phía họ không thích hoặc có quy định gì thì cứ việc nói chuyện một cách lịch sự nhẹ nhàng là mình sẽ hiểu và hợp tác ngay, đằng này bà ta lại tự tiện dùng tay đẩy mạnh vào chiếc xe đẩy của con mình với vẻ mặt vô cùng cau có khó chịu, xong rồi cố tình quay sang nói oang oang thật lớn với nhân viên cốt để cho tai mình nghe thấy: “sau này cứ khách nào mang theo xe đẩy là bắt để hết ở ngoài cho tôi”, vâng, cái kiểu bắt khách vừa ăn vừa phải bồng bế con trên tay thì hỏi thử đồ ăn có ngon bằng trời cũng nuốt không nổi. Cách hành xử quá kém cỏi, chợ búa của chị quản lý nhé",0,0,2,0,0,0
"Nhóm mình không vào tiệm ăn vì trước đó cả đoàn đã dùng bữa sáng rồi, cơ mà nghe mấy người đi cùng đoàn vào ăn xong bước ra phản ánh lại là đồ ăn nấu chẳng ngon lành gì cả, có thể là do không hợp khẩu vị địa phương, giá cả thì hơi bị đắt đỏ, chém tận 25k cho một đĩa mà lượng bánh bưng ra ít tẹo chỉ bằng kích thước quả trứng vịt thôi, sức một người ăn phải gọi tầm 2 đĩa mới may ra đủ dính bụng",0,0,0,2,0,0
"Điểm trừ lớn ở đây là hoàn toàn không thiết kế khu vực dừng đỗ dành cho xe ô tô.",0,2,0,0,0,0
"Người dân ở vùng Quy Nhơn nhìn chung đối xử rất thân thiện, duy chỉ trừ mấy bạn nhân viên làm việc tại quán Surf Bar là hãm tài không chịu nổi. Mình tới đây sử dụng dịch vụ có trả tiền hoàng hoàng chứ có đi xin xỏ gì của ai đâu mà phục vụ thái độ lồi lõm. Đã vậy nhân viên còn ngang nhiên đứng hút thuốc lá phèo phèo ngay sát vách bàn ăn của khách có trẻ con đi cùng. Đến lúc mình lên tiếng nhắc nhở thì lại quay sang tỏ thái độ gắt gỏng khó chịu với khách.",2,0,0,0,0,0
"Khu vực này nhìn khá hiện đại và không gian rộng thênh thang bát ngát, bên trong lúc nào cũng thơm tho, lau dọn sạch sẽ và lịch sự vô cùng. Lượng khách nước ngoài đổ vào đây mua sắm đông đúc lắm. Nơi đây tích hợp đầy đủ không thiếu thứ gì từ rạp chiếu phim, khu ẩm thực ăn uống, quán cafe, trung tâm shopping cho đến phòng tập gym,...v...v.... Khu vực hầm giữ xe thì diện tích rộng bao la luôn, cơ mà điểm trừ là có thu phí trông giữ xe nhé và mức giá tính ra đắt đỏ lắm luôn 😞.",2,0,0,0,0,0
"Quy mô sân bay hơi nhỏ, lượng hành khách vắng vẻ nên khâu làm thủ tục diễn ra nhanh chóng gọn lẹ, ở đây có bố trí sẵn tuyến xe buýt chạy thẳng vào khu vực trung tâm TP Quy Nhơn luôn.",0,0,0,0,3,0
"Vị trí quán hướng tầm nhìn thẳng ra sông, bầu không khí xung quanh mang lại cảm giác vô cùng yên bình, đồ ăn thức uống nêm nếm ngon tuyệt đỉnh, giá cả lại hợp lý và đội ngũ nhân viên phục vụ rất thân thiện mến khách.",0,0,5,5,0,0
"Bắt khách phải ngồi đợi đồ ăn mốc mồm rất lâu dẫu cho tình trạng quán lúc đó không hề đông đúc khách khứa gì cả. Chất lượng đồ ăn nấu nướng thì dở tệ kinh khủng, nếu đem so sánh với hệ thống Quán Ăn Ngon trong Sài Gòn thì chất lượng của Quán Ăn Ngon ngoài Hà Nội này thực sự là một sự thất vọng lớn, rất rất tệ hại.",1,0,0,1,0,0
"Món sushi ở đây làm ngon đỉnh chóp luôn! Mình có gọi phần maki bơ ăn vị béo ngậy ngon lành, còn ông xã mình thì lựa chọn trải nghiệm món có phần mạo hiểm hơn là cuộn sushi chiên loại lớn kết hợp nhân thịt cá ngừ và cá hồi tươi. Theo lời anh ấy nhận xét thì đây chính là đĩa sushi xuất sắc nhất mà anh ấy từng được thưởng thức trong đời, ăn xong là bụng dạ no nê luôn, một điểm cộng cực kỳ quan trọng vì đây thường là lý do khiến anh ấy trước giờ luôn bài xích không muốn đặt chân đến mấy quán bán sushi. Nhóm mình thực sự mê mẩn hương vị đồ ăn ở đây!",0,0,5,5,0,0
"Không gian bên trong xe chật chội kinh khủng, nhóm mình đi có 2 đứa con gái dáng người nhỏ nhắn thôi mà ngồi vẫn thấy bí bách chật hẹp, chứ thử 1 nam 1 nữ đi chung chặng này chắc còn ngột ngạt hơn nữa, đem so sánh với mức giá dịch vụ bỏ ra thì thấy quá tệ hại, trên xe không hề trang bị gối nằm, lại chẳng có xe trung chuyển hỗ trợ đưa đón khách tận nơi, chất lượng dịch vụ dở tệ cho đúng 1 sao",0,0,0,0,1,0
"Cá nhân mình cực kỳ mê mẩn cái style thiết kế của quán Santorino Coffee Tea. Có thể khẳng định đây chính là quán cafe đáng để mọi người ghé thăm trải nghiệm nhất khi có dịp đến Quy Nhơn. Do đợt này mình phải đi công tác suốt cả tuần liền nên cần tìm kiếm một quán cafe có không gian yên tĩnh, thoải mái và có phục vụ cả đồ ăn để tiện ngồi ôm máy tính làm việc, và Santorino chính là sự lựa chọn không thể tuyệt vời hơn, hoàn hảo từ chất lượng món ăn chính cho đến các món tráng miệng desert như flan phô mai hay món nước mix thạch vô cùng sáng tạo. Điểm chiếm trọn cảm tình của mình nhất là chú chó thuộc dòng Alaska siêu cấp dễ thương của quán. Tuy diện tích tiệm nhỏ nhắn xinh xắn thôi nhưng biết cách bài trí đủ để đem lại cảm giác dễ chịu nhất cho khách hàng. Lượng khách Tây đổ về đây ăn uống dùng bữa cũng khá đông đúc.",0,0,5,5,0,0
"Dắt đứa bạn thân về quê chơi, hai đứa suốt mấy ngày trời cứ cắm mặt ăn toàn đồ chiên rán nóng trong người với nốc trà sữa liên tục nên cu cậu đòi đi kiếm trái cây ăn cho healthy lại cơ thể. Thế là mình dẫn nó ghé qua tiệm này, view quán ngập tràn sắc xanh nhìn yêu xỉu luôn cơ mà vị trí tọa lạc hơi lắt léo khó tìm đường kinh khủng 😂😂 Hai đứa gọi một phần matcha đá xay với một tô trái cây thập cẩm. Riêng món matcha đá xay thì mình không ưng cho lắm vì nhà bếp xay không được kỹ, hút nước mà cứ trúng đá viên lạo xạo miết, vị ngọt cũng không ngon, uống xong xuôi mình còn bị lên cơn nhức đầu nữa chứ 😭😭 bù lại thì tô trái cây ăn siêu ngon nha, màu sắc bày biện bắt mắt lên hình chụp ảnh sống ảo nhìn lung linh lắm. Nhất định sẽ quay lại quán chỉ để ăn trái cây tô thôi!",0,0,0,3,0,0
"Vị trí tọa lạc ở nơi xa xôi hẻo lánh mà lại không hề sở hữu bãi biển riêng biệt nào để cho khách xuống tắm mát cả. Chất lượng phòng ốc thì ở mức tạm chấp nhận được, đạt tầm tiêu chuẩn 3 sao thôi. Các dịch vụ tiện ích đi kèm thì nghèo nàn, đơn sơ quá mức. Tầm nhìn view cảnh sắc nhìn cũng thường thường, còn cách xa phân khúc đẳng cấp 5 sao một khoảng cách không hề nhỏ. Thái độ ứng xử của nhân viên thì gọi là tạm ổn ở một vài bộ phận riêng lẻ. Cá biệt có mấy ông bảo vệ tính tình chợ búa, cứ thản nhiên gọi khách hàng bằng ""thằng"" oang oang giữa sân nghe vô văn hóa kinh khủng",0,3,0,0,0,0
"Phía quản lý khách sạn thực sự nên cân nhắc thay đổi lại tấm gương bố trí ở bên trong thang máy nhìn cho đẹp mắt và thẩm mỹ hơn nhé.",0,0,0,0,3,0
"Đúng kiểu làm ăn treo đầu dê bán thịt chó, khách bỏ tiền ra mua vé dòng xe Limousine cao cấp mà đến lúc đi lại đẩy khách lên một chiếc xe cỏ sơ cua, không gian bên trong hôi hám mùi ẩm mốc bốc lên tởm lợm kinh khủng, đã vậy khâu trả lại tiền thừa cho khách cũng lờ tịt đi không thèm đả động gì tới luôn. Mấy người gọi điện tổng đài thì ăn nói cục súc, gắt gỏng. Suốt chặng hành trình dài trên xe đến chai nước lọc tối thiểu cũng không thèm phát cho khách. Xin chừa mặt nhà xe này ra, làm ăn chộp giật kiểu này thì thử hỏi sau này còn ai dám tin tưởng đi xe nữa.",0,0,0,0,1,0
"Không gian quán tuy nhỏ nhắn xinh xắn nhưng khâu bài trí nhìn mang lại cảm giác vô cùng ấm cúng. Tiệm lau chùi sạch sẽ, sắp xếp gọn gàng. Món chè khúc bạch ở đây thì chất lượng ngon miễn bàn rồi, vị quả vải ngọt thanh, nhẹ nhàng hòa quyện cùng từng viên thạch rau câu mềm mịn, nhấn nhá thêm hạt điều ăn béo ngậy thơm bùi. Húp cạn sạch cả chén rồi mà dư vị ngọt ngào vẫn còn đọng lại nơi đầu lưỡi, làm mình cứ muốn gọi thêm chén nữa ăn cho đã thèm ^^ Các món bánh ngọt ở đây làm cũng khá ngon miệng. Duy chỉ có một điểm trừ nhỏ nằm ở món topokki, topokki của quán làm ăn chẳng ngon chút nào, mùi vị cứ kỳ lạ sao ấy, bánh gạo thì nấu quá tay nhão nhẹt ra, chả cá ăn hơi bị tanh vị. Mức giá cả ở đây nhìn chung rất hợp lý, phải chăng, cực kỳ phù hợp với túi tiền của đối tượng học sinh, sinh viên nhé.",0,0,0,3,0,0
"Nhà đứa bạn thân mình nằm ngay gần khu này nên cả hội kéo nhau ra đây uống cafe, sẵn tiện chụp choẹt vài kiểu ảnh đặng đăng lên mạng sống ảo...:) Tuy nhiên sau khi cả nhóm order xong xuôi đồ uống thì bạn nhân viên phục vụ mới quay sang bảo vì đây là mô hình nhà hàng nên nếu khách chỉ gọi nước uống không thôi thì sẽ bị tính phụ thu thêm 10k/người. Mình cảm thấy quy định này không được hợp lý cho lắm. Cơ mà thôi, bấm bụng coi như bố thí thêm 10k đó là tiền phí mua view để chụp hình check-in cũng được. Đồ uống của tụi mình lúc đó toàn gọi mấy loại nước ngọt đóng lon soft drink với nước dừa tươi thôi nên cũng không rõ chất lượng pha chế đồ uống ở đây thực tế ra sao nữa.",3,0,2,0,0,0
"Đây là sân bay có lịch sử lâu năm của khu vực miền Trung. Thuở ban đầu vốn là sân bay quân sự, sau này được chuyển đổi công năng thành sân bay dân sự và hiện tại đang được đầu tư mở rộng, xây mới nâng cấp khang trang, hiện đại lên thành sân bay quốc tế để phục vụ các chặng bay trong khu vực châu Á. Không gian sân bay cực kỳ rộng rãi, thoáng đãng do tọa lạc ở vùng ngoại thành, nằm cách trung tâm thành phố Quy Nhơn khoảng 35km",0,0,0,0,3,0
"Quần áo mẫu mã rất hợp mốt, các bạn nhân viên tư vấn nhiệt tình, không gian tiệm decor đẹp mắt lại còn tích hợp ê hề phương thức thanh toán tiện lợi nữa chứ",0,0,0,0,0,5
"Món ăn nêm nếm ngon miệng, đội ngũ nhân viên phục vụ chu đáo và cực kỳ thoải mái. View không gian nhà hàng xinh xỉu :))) nhất định nhóm mình sẽ quay lại đây ủng hộ tiếp",5,0,5,5,0,0
"Bầu không khí ở đây rất tuyệt, ban nhạc chơi nhạc đỉnh cao và dàn nhân sự siêu thân thiện. Điểm trừ duy nhất nằm ở khâu đồ ăn, chế biến quá nhiều dầu mỡ nặng bụng làm cả hai đứa mình ăn xong là buồn ngủ rũ mắt, qua tận ngày hôm sau cũng chỉ dám ăn mỗi salad cho nhẹ bụng!",5,0,0,3,0,0
"Mấy chiếc máy chạy bộ running machine trong phòng tập gym bị hỏng chẳng hoạt động được gì cả. Khu vực hồ bơi thì nhìn hơi bẩn thỉu nhếch nhác",3,3,0,0,0,0
"Một khu trung tâm thương mại thuần địa phương, mà có khi là trung tâm sầm uất lớn nhất vùng luôn ấy! Đến đây mua sắm thì hầu như thứ gì cũng tìm thấy, riêng khách du lịch nếu chẳng may thiếu vài món phụ kiện hay đồ bảo hộ đi phượt thì cứ ghé vào đây bổ sung cho đầy đủ nha!",0,0,0,0,0,5
"Mấy bạn nhân viên trực tiếp trên xe đối xử rất nhiệt tình và hòa đồng, cơ mà cái thái độ của dàn nhân sự bên khâu đặt vé/hủy vé thì chán đời kinh khủng, kiểu làm việc bất cần không coi khách hàng ra gì. Mức giá vé tính ra cũng chẳng rẻ rúng gì so với những hãng xe khác có cùng chất lượng.",0,0,0,0,2,0
"Thiếu thốn đủ thứ vật dụng sinh hoạt cơ bản: trong phòng nghỉ chẳng trang bị khăn giấy, muốn mượn cái bàn là để ủi quần áo mà phải đi hỏi nhân viên gắt gao mấy bận mới đem qua, lý do vì cả cái khách sạn to đùng mà có độc nhất mỗi một chiếc bàn ủi.",0,1,0,0,0,0
"Mang tiếng khách sạn đẳng cấp 5 sao mà cung cách làm ăn lật lọng tr trẽn, khách liên hệ đặt phòng trước thì cam đoan chắc nịch chỉ cần đến check-in trước 23h59 là có phòng nghỉ, thế mà lúc mình lết tới nơi là 23h50 thì họ đã tự ý đem bán phòng của mình cho người khác rồi, xong quay sang trở mặt kiểu bất cần khách. Xin phép cho chỗ này vào blacklist luôn, có các tiền cũng không bao giờ thèm bước chân vào cái nơi mang danh 5 sao rởm đời này.",0,1,0,0,0,0
"Đi du lịch bụi thì tiêu chí đầu tiên là phải thưởng thức ẩm thực đặc sản rồi, cơ mà đợt này do có mấy nhóc tỳ đi cùng nên cả nhà đành phải tấp vào quán cơm ăn cho chắc bụng. Được người ta recommend cho qua tiệm Quê Hương 2 cơ mà nói thật lòng là mình thấy đầu bếp nêm nếm món ăn cũng thường thôi, nhân viên phục vụ thì cứ lơ là chẳng thèm quan tâm săn đón khách gì mấy. Hôm sau nhà mình chuyển qua dùng bữa ngay tại nhà hàng của khách sạn Mường Thanh thì thấy vị ngon hơn hẳn, giá cả tính ra cũng tương đương nhau mà đồ tôm cá ở khách sạn ăn tươi roi rói. Tiện note lại đây cho bạn nào đi du lịch có nghe người ta tư vấn định qua tiệm này ăn thì nên cân nhắc kỹ nhé.",0,0,3,3,0,0
"Chất lượng dịch vụ nhìn chung ở mức tạm ổn đối với một sân bay phục vụ tuyến quốc nội, tuy nhiên nếu xét về tiềm năng phát triển kinh tế và du lịch mạnh mẽ của vùng thì khu vực này cần phải đầu tư nâng cấp lên thành sân bay quốc tế thì mới thực sự xứng tầm được.",0,0,0,0,3,0
"Mấy đứa nhân viên ở phòng bán vé khu vực Tuy Hòa thái độ cư xử lồi lõm, vô văn hóa kinh khủng. Dàn nhân sự bên phòng vé đường Lê Hồng Phong nhìn chung cũng cá mè một lứa tệ hại không kém. Xin chúc nhà xe ngày càng ăn nên làm ăn ra với cái đội ngũ bán vé mất dạy, chợ búa như vậy nhé.",0,0,0,0,2,0
"Dĩ nhiên là địa chỉ này đã xây dựng được chỗ đứng và danh tiếng quá lớn suốt bao năm qua rồi, thành ra bây giờ cái tôi ego của họ hơi bị cao ngạo một tí mặc dù chất lượng món ăn ở đây nấu nướng ăn ngon thật.",0,0,0,3,0,0
"Ghé vào đây thì muốn mua sắm bất cứ thứ gì cũng có hết á. Mỗi tội mức giá cả bị thất thường, đắt rẻ lên xuống tùy thuộc vào tâm trạng của người đứng bán hàng nhé",0,0,0,0,0,2
"Khâu dọn dẹp phòng ốc của nhân viên buồng phòng chưa được chú ý chu đáo, phòng vệ sinh dùng hết sạch cả giấy rồi mà cũng chẳng thấy chủ động bổ sung thêm cuộn mới vào.",0,1,0,0,0,0
"View cảnh sắc siêu đẹp và không gian nhà hàng được phân chia làm 3 tầng lầu rộng rãi. Chất lượng dịch vụ tốt. Tốc độ lên đồ ăn nhanh chóng thoăn thoắt. Menu đa dạng món ăn và có rất nhiều sự lựa chọn cho người ăn chay trường. Mỗi tội giá bia hơi bị đắt đỏ tí thôi...",5,0,5,5,0,0
"Quán này có cái kiểu nhân viên hùa nhau bao che lỗi lầm để chống chế hạch sách với khách, nhân viên làm sai lè lè ra mà cấp quản lý vẫn đứng ra dung túng, thậm chí còn mặt dày hét giá một dĩa dưa hấu có vỏn vẹn 2 miếng nhỏ xíu tận 50k. Chẳng thấy cái nhà hàng nào mà món tráng miệng ăn sau bữa chính lại đè khách ra thu tiền trắng trợn như vậy. Ông chủ nhà hàng này nếu có đọc được bài review mà muốn biết rõ sự tình thì chủ động liên hệ với tôi để biết dàn nhân sự của ông làm ăn bậy bạ như thế nào nhé. Đã vậy lúc đó còn giở giọng hăm dọa không cho khách dùng điện thoại chụp hình nhân viên, điều đó che giấu hành vi gì mờ ám à, người ta chụp cốt để có bằng chứng đối chất thôi mà. Sự việc xảy ra vào ngày 16/07/2020 lúc 20:77. Tổng hóa đơn thanh toán hết 1tr4, gọi 5 món ăn và đoàn đi gồm 13 người nhé",0,0,0,1,0,0
"Nơi đây đóng góp vai trò cực kỳ to lớn đối với các nhu cầu thiết yếu trong đời sống sinh hoạt thường nhật của người dân vùng đất Quy Nhơn nhé",0,0,0,0,0,5
"Đoạn đường di chuyển chạy xe đi vào trong này hơi gian nan, trắc trở một tí. Cơ mà khi tới tận nơi rồi thì thấy cảnh vật trên cả tuyệt vời luôn. View bãi biển sạch sẽ, trong lành và đẹp mắt vô cùng. Người dân sinh sống quanh khu vực này đều có ý thức rất cao trong việc chung tay giữ gìn bãi cát luôn xanh, sạch và đẹp.",4,0,0,0,2,0
"Đội ngũ nhân viên phục vụ rất nhiệt tình, nhanh nhẹn đón tiếp khách. Cơ mà điểm trừ lớn là phần sàn nhà lau chùi dơ bẩn nhếch nhác, rác rưởi vứt vung vãi khắp mọi nơi. Gia đình mình có gọi mấy tô bún chả cá với bún cá ngừ ăn thử cơ mà chất lượng nấu nướng ăn quá đỗi bình thường, không có gì nổi bật",0,0,0,2,0,0
"Bên phía công ty lữ hành du lịch có đưa đoàn chúng tôi ghé vào địa điểm này ăn uống cơ mà cá nhân tôi thấy chất lượng không có gì nổi bật xuất sắc cả. Không gian thiết kế tối tăm mù mịt, nhìn bí bách suýt soát như cái hang động vậy. Đồ ăn nấu nướng ở mức tạm ổn, vừa vặn thôi. Sau đó nhóm chúng tôi đã tự mình mày mò tìm ra được vài nhà hàng khác chất lượng hơn hẳn và cả đám đã chủ động quay lại đó ăn uống thêm vài lần nữa.",0,0,2,4,0,0
"Kinh nghiệm đi tàu là các bạn nên chủ động mua vé xếp cho hàng số ghế từ 40 đến 79 nhé, vì đây là vị trí khoang ghế nằm ngay trung tâm giữa con thuyền. Hệ thống điều hòa nhiệt độ ở phần đầu xe và đuôi xe vận hành không được tốt lắm, cứ bị nóng bí bách, trong khi khoang ở giữa thì mát mẻ tuyệt vời ông mặt trời luôn. Ở đây họ có bày bán các loại bia giải khát phục vụ hành khách nữa nhé...",0,0,0,0,3,0
"Vị trí khu chợ tọa lạc ngay khu vực trung tâm thành phố sầm uất, bày bán ê hề đầy đủ các loại mặt hàng mua sắm, đặc biệt là đồ hải sản tươi roi rói luôn á",0,0,0,0,0,3
"Món gà rán cho quá nhiều thịt, lớp da bên trong bị ngậm dầu mỡ nhiều nên cắn vào ăn khá là nhanh ngấy. Phần khoai tây chiên do bào thành từng sợi nhỏ quá nên bưng ra một lúc là bị ỉu mềm xèo ngay. Lượng nước ngọt coca đi kèm trong combo thì ít ỏi. Hạt cơm nấu bị khô khốc, rời rạc và chẳng ngửi thấy mùi thơm gì cả. Thương hiệu Joli này vớt vát được mỗi cái là món kem ăn ngon lành hơn hẳn bên KFC với Lotte Mart, chất kem thơm phức mùi sữa, ăn béo ngậy rất dính. Mức giá cả đồ ăn ở đây thì tính ra đắt đỏ hơn bên Lotte nhé. Cơ mà quán vẫn thu hút được rất nhiều thực khách trẻ em ghé thăm mua sắm vì ở đây có sự xuất hiện của chú ong mascot vui nhộn, các bé đến ăn uống và chụp hình check-in cùng trông rất dễ thương. Bản thân mình sẽ chỉ cân nhắc ghé lại quán vào những dịp có chương trình khuyến mãi giảm giá sâu thôi ❤️",0,0,0,3,0,0
"Chị chủ shop tính tình siêu nhiệt tình, thân thiện với khách hàng, khâu gói bọc các loại quà tặng theo đủ kiểu phong cách nhìn xịn sò và tuyệt vời ông mặt trời luôn",0,0,0,0,0,5
"Nhóm mình từng ghé ăn ở đây vài bận, đồ hải sản ở nhà hàng Hướng Dương này công nhận tươi ngon đỉnh chóp luôn á, quy mô quán khá lớn lại tọa lạc ngay vị trí đắc địa gần Eo Gió nên khâu tìm đường cực kỳ dễ dàng. Mình đã khá ngỡ ngàng vì khâu decor trang trí không gian nhìn vô cùng ấn tượng và lịch sự. Cách bày biện món ăn cũng toát lên vẻ trang trọng, hấp dẫn thị giác. Quán bật nhạc nền nhẹ nhàng du dương, lượng khách ra vào mua sắm tấp nập nhất là vào tầm buổi tối. Bầu không khí trầm lắng, nhẹ nhàng rất dễ chịu. Đội ngũ nhân viên phục vụ nhiệt tình và thao tác nhanh nhẹn hết nấc",0,0,5,5,0,0
"Một trong những quán cafe có chất lượng dịch vụ tồi tệ nhất mà tôi từng đặt chân đến trong đời. Mấy đứa nhân viên phục vụ thì cái mặt cứ hầm hầm lầm lì như muốn ăn tươi nuốt sống khách hàng ngay lúc tụi tôi gọi đồ uống vậy. Mặt bàn thì bẩn thỉu nhếch nhác, nhóm tôi lên tiếng đề nghị lau dọn hộ cái bàn thì nhân viên tỏ vẻ hậm hực miễn cưỡng, cầm cái dẻ lau chùi quẹt qua loa kiểu như muốn vứt thẳng vào mặt khách tới nơi, thiết nghĩ mọi người tuyệt đối không nên tốn tiền đến đây làm gì vì nơi này chẳng mang lại dịch vụ tốt nhất cho bạn đâu. Ông chủ quán nếu thực sự muốn phát triển thương hiệu kinh doanh này đi lên thì tôi đề nghị cần phải có biện pháp thắt chặt khâu quản lý nhân sự, chấn chỉnh lại cái thái độ tiếp khách của nhân viên gấp.",0,0,0,1,0,0
"Khu vực bãi tắm này mới được đầu tư xây dựng decor theo phong cách bãi biển Hawaii nhìn khá là dễ thương, bắt mắt. View bãi biển rộng đẹp và bãi cát lau dọn sạch sẽ. Đội ngũ nhân viên đối xử thân thiện, lúc nào cũng vui vẻ và nhiệt tình với khách. Điểm trừ duy nhất là mức giá cả dịch vụ ở đây khá là chát chúa, đắt đỏ (chắc do phân khúc đối tượng phục vụ chính là khách nước ngoài) và đồ uống pha chế không được ngon cho lắm.",3,0,2,0,0,0
"Cái địa danh Hòn Khô này thực chất chỉ là hình thức đi du lịch di chuyển sang đảo để ăn uống hải sản rồi chụp hình check-in sống ảo thôi chứ chẳng có cái gì đặc sắc hay ho cả. Ai mà suốt ngày cắm mặt coi review trên tiktok nhiều là thế nào cũng bị lừa phỉnh một vố giống như mình cho xem, bước chân vào đây hụt hẫng thất vọng tràn trề chứ không lung linh như tưởng tượng đâu. Vừa tới nơi là bị một đám người chạy ra chèo kéo, ép khách phải đi thuyền qua đảo để ngồi ăn tại mấy cái nhà bè với mức giá đắt đỏ, chủ yếu là chém tiền phí chở ghe xuồng mất tận 100k cho một người lớn là chính. Còn cái khâu đi vào quán cafe co co gì đó ở khu này cũng chán đời y chang, chạy xe tới ngay đoạn đường cụt ngó cái quán nhìn bần không chịu nổi nên tụi mình quay xe đi ra luôn. Nói tóm lại là đời không như là mơ đâu, mấy đứa trên tiktok review ảo ma lắm. Dịch vụ ở đây thiết nghĩ nên học hỏi theo mô hình bên đảo Bình Hưng, khách cứ chọn ăn uống ở nhà bè nào thì bên bè đó phải chịu trách nhiệm cho thuyền chở qua lại hoàn toàn miễn phí, người ta đã bỏ tiền ra ăn một mớ tiền rồi thì nên free cái khoản đưa đón sang sông vì khoảng cách di chuyển thực tế cũng khá là gần nhau chứ có xa xôi gì cho cam.",2,0,0,2,2,0
"Nếu mọi người đang loay hoay chưa tìm kiếm được một địa điểm thích hợp để đi du lịch đổi gió thì hoàn toàn có thể cân nhắc ghé thử nơi này xem sao nhé. Chất lượng đồ ăn nấu nướng ăn không tệ chút nào và khâu dịch vụ phục vụ cũng ở mức ok ổn áp. Có điều khâu bố trí ánh sáng hệ thống đèn nên thiết kế sáng sủa hơn chút nữa vì nhìn tổng thể không gian có vẻ hơi bị cũ kỹ đượm màu thời gian rồi.",0,0,0,3,0,0
"Chuyện là, đứa bạn thân của mình có ông sếp người gốc Trung Quốc đột nhiên bị lên cơn đau bao tử dữ dội kèm sốt cao lên tới tận 40 độ, thế là ông ấy nhờ nó gọi điện đặt gấp một chiếc xe taxi để chở thẳng đi bệnh viện cấp cứu. Ai dè ngay đúng cái thời điểm nước sôi lửa bỏng đang lang thang ngoài đường đó thì chiếc điện thoại của nhỏ bạn lại hết sạch tiền tài khoản không liên lạc được với ai hết trơn 😤😭😭 >''< Đúng là gặp phải quả combo siêu đen đủi xui xẻo xỉu lên xỉu xuống luôn á",0,0,0,0,1,0
"Nhóm mình đã từng ghé qua đó ăn uống tổng cộng hai lần rồi, cái bận đầu tiên đến trải nghiệm thì thấy mọi thứ rất tốt ngon lành cơ mà đến lần thứ hai quay lại thì lại kinh hãi phát hiện ra có nguyên một con chuột chạy lăng xăng bên trong không gian nhà hàng....",0,0,0,1,0,0
"Có ghé vào đây để dùng thử một bữa ăn trưa cơ mà cá nhân mình hoàn toàn không cảm nhận được cái tầm đẳng cấp sang xịn mịn của một nhà hàng gắn mác 5 sao thuộc khu nghỉ dưỡng Avani chút nào cả. Đầu bếp chế biến món ăn chất lượng quá đỗi bình thường, không gian kiến trúc cũng không có gì đặc sắc nổi bật và mức giá thành thu của khách thì chưa hề xứng đáng với giá trị chất lượng mang lại. Đội ngũ các bạn cần phải nỗ lực cố gắng cải thiện thêm nhiều hơn nữa nhé",0,0,3,3,0,0
"Chất lượng thực phẩm ăn uống nêm nếm theo khẩu vị thuần Việt cơ mà mức giá cả thu tiền thì lại chém theo phân khúc đắt đỏ dành cho khách Tây",0,0,0,3,0,0
"Một khu chợ có quy mô nhỏ nhắn chủ yếu hoạt động để phục vụ cho nhu cầu mua sắm sinh hoạt của người dân bản xứ nơi đây. Trong chợ bày bán đầy đủ không thiếu thứ gì từ các loại rau xanh, củ quả, thịt thà, cá mú cho đến đồ hải sản...",0,0,0,0,0,5
"Tất cả tổng cộng 5 món ăn dọn lên bàn đều làm cho cá nhân tôi cảm thấy thất vọng tràn trề - tâm trạng thực sự không vui vẻ chút nào vì đây chính là địa chỉ nhà hàng cuối cùng mà nhóm chúng tôi lựa chọn dừng chân ăn uống trước khi rời khỏi Việt Nam - đã vậy khâu quản lý sắp xếp thời gian nấu nướng bên trong nhà bếp quá kém cỏi, bắt khách đợi mốc mồm",0,0,0,1,0,0
"Hệ thống cách âm của phòng ốc làm chưa được tốt cho lắm, thiết kế khu vực hành lang đi lại hơi bị nhỏ hẹp nên cứ mỗi lần có nhóm khách nào đứng tụ tập trò chuyện ở ngoài phòng là âm thanh tiếng động bên trong phòng nghe thấy hết trơn hơi bị ồn ào khó chịu.",0,3,0,0,0,0
"Mình có đặt mua hàng 2 lần liên tiếp trong vòng 2 ngày thì phía cửa hàng lại ship đến cho mình tận 2 loại bánh hoàn toàn khác biệt nhau, sai lệch cả về mặt chất lượng lẫn mẫu mã thiết kế bên ngoài. Cái hôm đầu tiên nhận hàng thì bánh được gói bằng lá chuối cẩn thận, ăn vị rất ngon, dẻo dai và phần nhân nhét bên trong ê hề nhiều. Thế mà sang ngay ngày hôm sau họ lại giao đến loại bánh gói bằng giấy, cốt bánh thì nhão nhẹt ra, lượng nhân bên trong lèo tèo ít ỏi, hỏi người giao hàng thì anh ta đứng chống chế bảo là do mẻ bánh này vừa mới ra lò xong nên kết cấu nó bị như vậy, cứ để qua ngày hôm sau là bánh tự khắc dẻo ngon lại liền. Cơ mà sự thật kiểm chứng sau đó hoàn toàn không như lời lấp liếm dối trá đó. Bánh để sang hôm sau ăn vẫn nhão nhoẹt chán đời. Mọi người nên hết sức cẩn thận, đề phòng khi quyết định mua sắm ở địa chỉ này nhé.",0,0,0,2,0,0
"Một địa chỉ nhà hàng sở hữu thực đơn các món ăn ngon miệng, giá rổ lại rẻ rúng phù hợp túi tiền, đội ngũ nhân viên phục vụ tận tình, chu đáo và đối xử thân thiện với khách. Quán còn bố trí sẵn khu vực bãi đậu đỗ xe cộ rất an toàn nữa",5,0,5,5,0,0
"Thật sự không thể nào hiểu nổi cái cung cách phục vụ của dàn nhân sự ở cơ sở Quy Nhơn kiểu gì luôn á, khách hàng bước chân vào cửa mua sắm mà họ cứ trơ mắt ra làm ngơ như người vô hình, tịnh không một ai thèm mở mồm chào hỏi hay tiếp đón lịch sự lấy một câu, phong cách làm việc thua xa lắc bên Thế Giới Di Động. Cứ bắt khách phải đứng chôn chân chờ đợi dài cổ mà chẳng thấy nhân viên nào lại hỏi han nhu cầu, mạnh người nào người nấy lo làm việc riêng của mình thôi. Chất lượng phục vụ của nhân viên tại Nguyễn Kim Quy Nhơn quá sức tồi tệ, kém cỏi",0,0,0,0,0,2
"Dùng máy lạnh Daikin mà cái remote chỉ cho phép bật tắt với chỉnh nhiệt độ lên xuống chứ không thể nào điều khiển được chế độ quạt hay chỉnh làm lạnh theo ý muốn.",0,3,0,0,0,0
"Siêu thị Big C này... Hàng hóa bày bán thì đầy đủ thật... Nhưng dàn nhân sự làm việc ở đây... Khuyên thật là nên sa thải hết đi cho vừa... Thái độ mất lịch sự... Làm việc hời hợt chẳng có tí tận tình nào... Coi khách hàng như... Rác rưởi... Thề không bao giờ quay lại đây thêm một lần nào nữa...",0,0,0,0,0,1
"Bước vào quán phải đứng đợi món mỏi mòn, nhân viên thì ngơ ngác khi khách gọi đồ, món ăn nấu ngon miệng thật cơ mà khâu phục vụ hơi sai sót. Nếu sau này quán chịu thay đổi và chấn chỉnh lại thì mình sẽ ghé mua, chúc quán may mắn nha",1,0,0,3,0,0
"Bạn nhân viên nam tư vấn thái độ chẳng có tí nhiệt tình nào hết trơn á, đã vậy khâu giấy tờ làm thủ tục lại còn phức tạp rắc rối kinh khủng",2,0,0,0,0,0
"Trước giờ mình lười lắm chưa từng viết review cho ai đâu mà lần này tức quá phải lên tiếng về cái nhà xe này, phải nói là tệ hại nhất từ thuở cha sinh mẹ đẻ tới giờ từng đi luôn, giá vé thì chát chúa, bảo chở về Đà Nẵng mà rốt cuộc vứt khách dọc đường cách trung tâm thành phố tận 15km, trên xe thì nhồi nhét tham chở ê hề hàng hóa làm dừng đỗ liên tục dọc đường, nằm ngủ không tài nào yên giấc nổi, đã vậy mình gửi kèm xe máy thì lúc xuống xe do nhiều vali đồ đạc lu bu lo tìm chìa khóa nên không để ý là xe bị tháo mất gương chưa lắp lại, nhà xe thấy vậy cũng lờ tịt chẳng thèm lắp lại cho khách, vãi thật chứ, cạch mặt một lần và mãi mãi không bao giờ bước chân lên hãng xe này nữa! 🤬🤬🤬🤬🤬🤬🤬",0,0,0,0,1,0
"Chất lượng sản phẩm rất ưng ý, người bán hàng làm việc có tâm, giá cả lại cực kỳ hợp lý vừa túi tiền nhé!",0,0,0,0,0,4
"Đồ ăn vừa dở tệ lại vừa đắt đỏ kinh khủng, bỏ ra 30k mua phần gà viên sốt cay mà bưng ra được có 6 cục bé tí tẹo, còn tô canh kim chi thì lèo tèo vài ba cọng kim chi kèm mấy cục đậu hũ với mấy sợi nấm kim châm lửng lơ, nói chung là chất lượng hết sức tồi tệ mà khâu phục vụ còn chán đời hơn, mấy bạn cứ đến ăn thử là tự cảm nhận được liền",0,0,0,1,0,0
"Nhóm mình đã có cơ hội thưởng thức rất nhiều bữa ăn ngon tại đây trong suốt tuần nghỉ dưỡng ở Quy Nhơn. Đội ngũ nhân viên lúc nào cũng giữ thái độ dễ chịu, đồ ăn nấu nướng ngon đỉnh chóp. Họ còn chuẩn bị sẵn thực đơn in bằng tiếng Anh nữa, điểm này nhóm tụi mình đánh giá cực kỳ cao. Trong thành phố tính ra có ít nhất 3 nhà hàng kinh doanh sushi cơ mà riêng chỗ này là cung cấp các món ăn có chất lượng xuất sắc nhất, chuẩn hương vị chính gốc do chính tay các đầu bếp người Nhật trực tiếp chế biến. Cứ mỗi bận nhóm mình ghé ăn là họ lại đặc biệt quan tâm chu đáo đến từng vị khách, đảm bảo mang lại một trải nghiệm khó quên. Mình cực kỳ recommend món mì ramen ở đây và dám chắc đây là nơi duy nhất quanh khu này bán mì ramen chuẩn vị thực sự. Mức giá nhìn chung sẽ cao hơn mặt bằng các chỗ khác một tí cơ mà phần ăn dọn ra bự hơn hẳn, và nói thật lòng thì đi ăn uống ai lại muốn tiết kiệm chi li trên chất lượng đồ ăn đâu chứ. Nhất định tụi mình sẽ còn quay lại đây để ăn thêm nhiều lần nữa.",5,0,5,5,0,0
"Sân bay sở hữu khâu thiết kế kiến trúc không gian khá đẹp mắt, lượng hành khách vắng vẻ nên các tiện nghi dịch vụ ở đây điều tiết rất ổn thỏa. Bạn nào từng đi nhiều sân bay khắp Việt Nam sẽ nhận ra ngay, gần như sân bay Phù Cát thuộc diện đẹp nhất nhì Việt Nam rồi. Nó đẹp không phải nhờ quy mô to lớn hay cảnh đông đúc, náo nhiệt mà đẹp ở nét kiến trúc vô cùng hiện đại, bắt mắt, bố trí rất nhiều khoảng không gian lý tưởng cho việc decor trang trí. Nhìn khác biệt hoàn toàn so với sân bay Cam Ranh, cũng thuộc tầm cỡ và mới xây dựng khang trang cơ mà bên trong chẳng có nét gì đặc sắc nổi bật cả, họ tận dụng diện tích chủ yếu chỉ để treo biển quảng cáo với kinh doanh mua bán thôi haiz",0,0,0,0,3,0
"Nhóm mình có đặt suất ăn sáng theo combo gồm bánh mì x4 kèm cà phê được miễn phí hoàn toàn. Ban đầu nghe thỏa thuận có vẻ hời và tốt lành lắm. Tụi mình gọi trước 2 ly cà phê uống trước, rồi tầm 15 phút sau mới gọi thêm 1 ly nữa. Cơ mà thật thất vọng là món bánh mì mang ra ăn vị lạt lẽo nhạt nhẽo kinh khủng. Đến lúc ra quầy làm thủ tục thanh toán thì họ lại tính thêm tiền cho 1 ly cà phê gọi sau. Phía tiệm giải thích lý do là ưu đãi miễn phí chỉ được áp dụng nếu khách đặt mua tất cả cùng một lúc. Cách xử lý lố bịch hết chỗ nói.",0,0,0,2,0,0
"Quy mô chợ tuy nhỏ nhắn thôi nhưng đây là khu chợ hải sản có lịch sử từ lâu đời rồi. Thuở xưa nơi này vốn là điểm tập kết đồ hải sản sầm uất vì vị trí nằm ngay sát nơi neo đậu của các ghe tàu đánh bắt cá cập bến. Hiện tại do định hướng phát triển du lịch nên bến đỗ ghe thuyền đã di dời sang địa điểm khác, chợ khu 2 giờ đây chủ yếu họp bán hải sản vào tầm buổi chiều, đồ ăn tươi rói và đa dạng chủng loại lắm. Giá cả mua bán cũng rất phải chăng. Các mặt hàng từ rau củ quả, thịt lợn, thịt bò cho đến gia vị, trái cây . . .. bày bán tương đối đầy đủ không thiếu thứ gì.",0,0,0,0,0,5
"Đây quả thực là món bánh tồi tệ nhất mà tôi từng được nếm thử trong đời. Hoàn toàn không có một chút mùi vị hương vị gì cả. Lớp vỏ bánh mì thì làm quá dày và cứng ngắc (đáng lẽ ra kết cấu bên ngoài bánh phải giữ được độ giòn rụm và vừa cắn vào là phải cảm nhận được độ mềm xốp bên trong chứ). Mấy loại rau kẹp kèm thì ăn kinh khủng khiếp! Cắn miếng bánh vào mà tất cả những gì tôi cảm nhận được chỉ độc mỗi mùi hành tây trắng hăng hắc thôi. Tốt nhất là hãy giữ chặt tiền túi của bạn chứ đừng mua món này làm gì.",0,0,0,2,0,0
"Tuyệt đối đừng dại gì mà gọi điện thoại hỏi việc vào số đường dây nóng của tổng đài nhé, nhân viên tổng đài cố tình nói chuyện câu giờ rất mất thời gian trong khi mức phí cuộc gọi chém tận 8k cho 1 phút tính vào tài khoản người gọi. Giá cước gọi quá đắt đỏ. Mình chỉ liên hệ để hỏi xin cái số điện thoại gửi hàng hóa thôi mà họ dây dưa mất tận 2 phút đồng hồ, tính ra mất đứt 16k tiền cước phí lãng nhách.",0,0,0,0,2,0
"Cơ sở hạ tầng vật chất nhìn chung chưa được đầu tư hoàn thiện, khâu an toàn vệ sinh môi trường kém quá",0,0,0,0,0,2
"Bản thân tôi đã ghé ăn ở đây rất nhiều lần rồi, tôi vốn là tín đồ nghiện món sushi cơ mà ở khu vực Quy Nhơn này thì tôi chỉ biết độc mỗi địa chỉ này thôi, góp ý nhỏ cho nhà hàng là nên chủ động cải thiện thêm về mặt thực đơn và nâng cao hương vị món ăn hơn nữa.",0,0,3,0,0,0
"Lướt mạng thấy mọi người review đánh giá tốt nên mình mới tò mò vào ăn thử xem sao. Ai dè thực tế thất vọng tràn trề và thề không bao giờ muốn quay lại cái quán này thêm một lần nào nữa luôn. Mình đặt ngồi phòng Vip mà bước vào phòng mùi hôi hám dình lên khó chịu kinh khủng, đội ngũ nhân viên phục vụ thì lề mề chậm chạp, đồ ăn nấu nướng chẳng ngon lành gì lại còn nguội ngắt nguội ngơ. Mức giá cả thì chém quá đắt đỏ nếu đem so sánh với nhà hàng Hương Việt nằm ngay bên cạnh mà chất lượng bên họ lại đẳng cấp sang xịn mịn hơn hẳn. Nói tóm lại là cái quán này mọi người tuyệt đối né gấp đừng có vào làm gì. Cứ ghé qua Hương Việt mà ăn, đồ ăn vừa ngon miệng, sạch sẽ, giá rổ hợp lý, không gian lại sang trọng lịch sự, ngồi phòng Vip mà mức giá vẫn giữ nguyên giữ cố định so với ngồi bàn bình thường.",0,0,1,0,0,0
"Cả hai chúng tôi đã có một quãng thời gian trải nghiệm trên cả tuyệt vời và cảm thấy cực kỳ thích thú với khâu tự tay nấu nướng (lẫn thưởng thức!) các món ăn đa dạng khác nhau - Xin cảm ơn nhà hàng vì đã mang lại một trải nghiệm dịch vụ tốt lành như vậy",0,0,0,3,0,0
"Chủ động hỏi mượn cái bàn là để ủi đồ thì nhân viên báo lại là đã hết sạch bàn ủi rồi, quay sang hỏi xem có dịch vụ giặt là quần áo hộ không thì phía khách sạn lại báo là không tích hợp dịch vụ này luôn",0,1,0,0,0,0
"Hệ thống khu nhà vệ sinh hơi bị bay mùi hôi hám một tí! Còn lại xét về mọi thứ khác thì chất lượng rất tốt ổn áp nha!",0,3,0,0,0,0
"Thấy có chiếc xe taxi hãng Vinasun đang đậu ngay tại khu vực quầy đón taxi. Do mấy chuyến đi trước đây mình toàn di chuyển theo hình thức tính tiền bằng đồng hồ km nên lần này mình cũng dứt khoát yêu cầu tài xế phải bật mét lên. Đến khi gã tài xế giở giọng từ chối không chịu bật thì mình làm căng bảo thẳng là nếu vậy tôi sẽ xuống xe đổi hãng khác. Thấy thế gã không còn lựa chọn nào khác ngoài việc đành bấm bụng mở đồng hồ đo km lên để chạy. Đến nơi tới đích, mình có lên tiếng yêu cầu xin tờ hóa đơn biên lai thanh toán. Cơ mà tài xế nhất quyết từ chối không thèm xuất biên lai cho khách, thậm chí còn buông lời chửi bới xúc phạm vào mặt mình khi mình cố chấp đứng đòi hỏi. Vì tình huống lúc đó chỉ có độc mỗi một mình là con gái nên mình đành bấm bụng ném thẳng tiền cước xe cho gã rồi mở cửa rời khỏi xe ngay lập tức. May mắn là ít nhất người ngợm mình vẫn an toàn lành lặn không bị tổn hại gì.",1,0,0,0,1,0
"Chất lượng món ăn nấu nướng ở mức quá đỗi bình thường cơ mà mức giá cả thu tiền lại quá chát chúa, chém đắt đỏ so với mặt bằng chung, tôi ghé vào ăn chẳng qua là muốn kiểm chứng xem mấy lời đánh giá khen ngợi trên mạng có đúng sự thật hay không thôi. Chắc chắn không bao giờ quay lại.",0,0,0,1,0,0
"Cái quán này nghe danh nổi tiếng lâu đời lắm rồi nè. Nay mình ghé qua với đứa bạn, hai đứa ăn tổng cộng 2 tô bánh canh tính tiền hết 40k. Cá nhân mình cảm nhận hương vị ăn thấy cũng bình thường thôi, không có gì gọi là quá ngon hay đặc sắc lắm đâu. Lượng bánh cho ít xỉu, vớt lên được có vài ba sợi ăn vui mồm là chính à 😆",0,0,0,3,0,0
"View quán decor rõ đẹp, không gian rộng rãi nằm ngay gần bãi biển nên đón gió mát mẻ cực kỳ. Lúc mới vào mình đã cẩn thận dặn nhân viên là lát nữa nhớ ra khu bàn mình để cho mình gọi đồ uống nhé. Thế mà ngồi mốc mồm suốt 15 phút đồng hồ chẳng thấy bóng dáng nhân viên nào chịu ló mặt ra order cho khách cả. Mình chủ động vẫy tay gọi nhân viên lại gọi món thì họ cũng lờ tịt đi coi như vô hình luôn. Trong khi ngó quanh thấy lượng nhân viên của quán cực kỳ đông đảo. Nhắc lại lần nữa là dàn nhân sự đứng đầy ra đông nghẹt luôn nhé mà làm việc tắc trách hết chỗ nói.",0,0,2,2,0,0
"Nhân viên đứng phụ trách ở quầy thanh toán tính tiền thái độ chán đời kinh khủng, khách hàng có nhu cầu hỏi han thêm chút thông tin về món hàng mua sắm thì liền tỏ thái độ gắt gỏng vô cùng khó chịu, mặc dù lúc đó mình đã hỏi chuyện bằng một tông giọng rất nhẹ nhàng và lịch sự rồi đấy nhé. Cái mặt của nhân viên nhìn hầm hầm như kiểu muốn quát tháo vào mặt khách tới nơi, cau có nhăn nhó hết sức. Bạn nhân viên này tên là Lê Thị Thuận ở quầy thu ngân tính tiền nhé",0,0,0,0,0,2
"Dạo này cận kề mùa Tết Trung Thu rồi mà ở vùng Quy Nhơn thấy xuất hiện cái món bánh này nhìn lạ mắt với đang hot rần rần quá nè, thấy ai ai cũng muốn tìm mua ăn thử loại bánh mới toanh này để thay đổi khẩu vị thay vì cứ ăn mấy dòng bánh trung thu truyền thống ngấy ngán hà. Mà công nhận chuẩn ý luôn chứ cái món bánh trung thu làm bằng rau câu này ăn vào đỡ bị ngấy ngán hơn bánh nướng bánh dẻo bình thường nhiều luôn á, mua về bỏ vào ngăn mát tủ lạnh xong mang ra ăn vừa mát rượi vừa đã cái nư gì đâu á hehe. Bánh lại còn được làm ê hề nhiều màu sắc với đủ loại hình thù bắt mắt nữa, tạo hình trông rất vui mắt và đa dạng phong phú hơn hẳn. Túm cái váy lại là cá nhân tui cũng bị kết đứ đừ mấy cái em bánh trung thu rau câu này lắm rồi đó nha hehe",0,0,0,5,0,5
"Nói thật lòng thì gia đình mình cũng đang kinh doanh khách sạn và có ký kết hợp đồng cộng tác với bên sàn Booking đây, khách khứa đến lưu trú là bên nhà mình luôn hết lòng chiều chuộng, chăm sóc cung phụng hết mức chứ chưa bao giờ dám hé răng nạt nộ hay lớn tiếng với khách như cái cung cách bên Arise làm đâu nha. Thêm vào đó, phía khách sạn phải có trách nhiệm đứng ra giải quyết, bố trí sắp xếp thỏa đáng cho khách khi xảy ra tình trạng overbook phòng, chứ không phải là cứ thản nhiên lên giọng bề trên bảo câu cộc lốc ""là hết phòng rồi đó"" với khách hàng một cách vô trách nhiệm như vậy được.",0,2,0,0,0,0
"Các bạn nhân viên phục vụ ở đây cực kỳ nhiệt tình luôn, quần áo đồ đạc của thương hiệu Yody mặc lên form rất đẹp lại còn mang lại cảm giác vô cùng thoải mái nữa chứ. Chắc chắn mình sẽ còn ghé qua mua sắm ủng hộ tiệm nhiều nhiều lần nữa",0,0,0,0,0,5
"Lượng xe của hãng taxi này xuất hiện ê hề ngập tràn khắp đường xá Sài Gòn luôn, đa phần các bác tài xế cư xử rất lịch sự, tử tế mến khách cơ mà thỉnh thoảng vẫn dính phải một số người tính khí không được tốt cho lắm. Tuy nhiên nhờ số lượng đầu xe phân bổ nhiều nên khâu gọi xe đi lại vô cùng tiện lợi và nhanh chóng.",0,0,0,0,2,0
"Không gian nhà hàng nhìn rất xinh xắn, đồ ăn thức uống nêm nếm ngon miệng mà mức giá cả lại vô cùng hợp lý, phải chăng",0,0,4,4,0,0
"Cái nhà hàng này nhìn khâu decor thiết kế cực kỳ sang trọng và quý phái luôn nha, họ vận hành theo mô hình kết hợp khéo léo giữa nhà hàng và nơi lưu trú khách sạn luôn á, thành ra bên trong tích hợp đầy đủ cả hồ bơi mát mẻ lẫn khu vực bàn ghế ngồi uống cà phê và dùng điểm tâm ăn sáng các kiểu luôn, đội ngũ nhân viên nhà hàng thì phong cách phục vụ cực kỳ lịch sự, nhã nhặn và thân thiện với khách. Do đợt này mình đi ăn theo suất của công ty đặt trước nên menu đã được lên sẵn từ đầu rồi, thực đơn gồm tổng cộng 7 món ăn khác nhau chưa tính phần trái cây tươi tráng miệng sau bữa, chất lượng đồ ăn nấu nướng ngon miệng và nêm nếm rất vừa vị, món cá chế biến ăn khá là ngon và thịt tươi rói, khâu tẩm ướp gia vị vừa tới nên giữ được độ ngọt thơm tự nhiên của hải sản mà hoàn toàn không bị dính chút mùi tanh tao nào cả nên mình cảm thấy khá là ưng ý và hài lòng",0,0,5,5,0,0
"Khu chợ cá hải sản ở đây đồ tươi rói luôn, mức giá tính ra không hề đắt đỏ tí nào tuy nhiên đi mua sắm mọi người phải biết cách thương lượng, trả giá một chút nhé. Chợ này chuyên kinh doanh các loại mặt hàng hải sản tươi sống bơi lội và vài mặt hàng thực phẩm nhu yếu phẩm đơn giản thường nhật thôi. Mấy cô chú chủ sạp hàng ở đây tính tình dễ mến và thân thiện lắm. Cơ mà có một điểm lưu ý quan trọng là khi di chuyển đến chợ bằng xe máy thì nhớ phải dắt xe vào gửi hẳn bên trong khu vực chợ nhé, nếu cứ chủ quan vứt xe hớ hênh ở ngoài là rất dễ bị lực lượng Công an giao thông phạt gậy thu xe như chơi đấy",0,0,0,0,0,5
"Diện tích quán hơi bị nhỏ hẹp và bố trí khá là ít bàn ghế ngồi, nhìn tổng quan qua cái là đã thấy không mấy thiện cảm ưng ý cho lắm rồi. Mức giá cả đồ ăn ở đây nhìn chung là đắt đỏ cao hơn hẳn so với mặt bằng chung của các quán kinh doanh hải sản khác xung quanh. Giá bán cứ dao động tầm từ 10k trở lên không hà. Món ốc trộn chế biến ăn chẳng ngon lành gì cho cam. Phần càng cúm núm gọi ăn thử giá 40k một suất vị thì ngon đấy cơ mà lượng đồ ăn cho hơi bị ít ỏi. Bình thường như ở mấy quán khác bán có 10k một phần ăn đã đời thì ở đây hét giá cao hơn tận 5k mà chất lượng mang lại hoàn toàn không làm hài lòng khách hàng cho lắm. Nói tóm lại là mình nghĩ bản thân sẽ không bao giờ thèm quay lại cái quán này thêm một lần nào nữa đâu. Đội ngũ nhân viên thì lèo tèo vài ba mống mà khâu phục vụ lên món lại còn chậm chạp lề mề nữa chứ",0,0,0,3,0,0
"Một địa chỉ quán ăn thuộc phân khúc bình dân với khá nhiều sự lựa chọn phong phú về các món quà vặt ăn chơi đặc trưng của Hà Nội, đây quả thực là một nơi tương đối thú vị để rủ rê tụ tập bạn bè hội nhóm ngồi tán gẫu, cơ mà nơi này hoàn toàn không nằm trong danh sách ưu tiên lựa chọn của cá nhân mình khi cần tìm địa điểm để tiếp đón khách khứa đối tác làm ăn công việc đâu nhé.",0,0,0,3,0,0
"View cảnh quan nhìn chung ở mức tạm chấp nhận được thôi chứ không có gì quá xuất sắc. Xung quanh đây hoàn toàn thiếu vắng các loại hình dịch vụ vui chơi giải trí. Dọc khu này mọc lên chủ yếu là toàn mấy cái nhà hàng sát biển kinh doanh đồ ăn thức uống với mức giá cả khá là đắt đỏ cao chót vót",3,0,0,3,0,0
"Đây là lần đầu tiên mình đặt chân đến đây ăn uống mà đã bị dính ngay quả combo 3 ông bác bảo vệ thái độ hách dịch xua đuổi thẳng cổ, bảo là quán đã hết sạch bàn rồi đuổi đi chỗ khác. Sau đó mình vẫn quyết định đi thẳng vào trong sảnh và bảo với chủ quán là em có liên hệ đặt bàn trước từ sớm rồi thì lúc này mới được họ giải quyết cho vào ngồi. Đến khi ăn uống xong xuôi ra khu vực bãi giữ xe để lấy xe ra về thì ông bác bảo vệ lại giở giọng vui tính bảo phải nộp xin 5 ngàn đồng tiền phí. Cái khu vực khoảng sân để xe này đè khách ra thu 5 ngàn đồng trắng trợn. Món bún chả nấu nướng ăn vị cũng chỉ ở mức tạm được thôi, phần nước chấm pha chế dở tệ thua xa lắc so với chất lượng bún chả Đắc Kim chỗ Hàng Mành. Thề là không bao giờ thèm quay lại đây thêm một lần nào nữa. Never comeback again.",1,0,0,3,0,0
"Khâu trông giữ xe cộ thái độ hách dịch coi thường khách hết sức, lúc khách dắt xe để sát vào phần bậc thềm thì ông quản lý liền lao ra lớn tiếng đôi co, chỉ tay năm ngón hạch sách đủ điều (mặc dù ở khu vực đó hoàn toàn không hề cắm biển cấm đỗ xe, và thực tế xe máy của nhân viên quán vẫn dựng sát sạt ngay bên cạnh đấy thôi), mấy bạn nhân viên thu ngân ở quầy thì làm việc tắc trách không thèm mở mồm giải thích chương trình khuyến mãi cho khách biết, đến mấy viên kẹo đường thuộc diện quà tặng khuyến mãi dành riêng cho trẻ em đi cùng thì lại lấp liếm bảo là hệ thống máy móc bị hỏng hóc đang khởi động lâu lắm không lấy được... Dẫu cho gia đình mình đã là khách hàng thân thiết gắn bó lâu năm của hệ thống Vinmart rồi cơ mà chứng kiến cái kiểu làm ăn này thấy quá đỗi thất vọng",1,0,0,0,0,0
"Mình với người yêu xảy ra chiến tranh lạnh giận dỗi nhau suốt hơn 1 tuần trời liền. Sau đó may sao mình được một đứa bạn thân nhiệt tình giới thiệu cho bảo là shop này bán nhiều mẫu quần áo váy vóc thiết kế đẹp mắt lắm. Thế là mình quyết định ghé qua lựa mua ngay một chiếc váy thật xinh để mang đi tặng bạn gái làm quà chuộc lỗi làm hòa. Và kết quả là ngay sau khi nhận được món quà mua sắm ý nghĩa đó, hai đứa mình đã dắt tay nhau thẳng tiến vào nhà nghỉ luôn ngay sau đó liền hà.",0,0,0,0,0,4
"Nhà xe tham lam nhồi nhét chất thêm quá nhiều hành khách lên xe, vi phạm nghiêm trọng quy định an toàn giao thông, lịch hẹn thông báo là 14h chiều xuất phát chở khách cơ mà trì hoãn lề mề mãi đến tận 15h chiều vẫn chưa chịu lăn bánh di chuyển, đây quả thực là chuyến xe khách dở tệ nhất từ trước đến giờ mà mình từng bấm bụng trải nghiệm, khuyên mọi người tuyệt đối đừng bao giờ dại dột mà sử dụng dịch vụ vận chuyển của nhà xe này nhé",0,0,0,0,2,0
"Không gian không khí trong phòng nghỉ cực kỳ ngột ngạt bí bách, lại còn bốc lên cái mùi hôi hám khó chịu y chang mùi bên trong xe ô tô vậy, hệ thống điều hòa vận hành thì phát ra tiếng kêu to rè rè nhức cả đầu. Đèn trong phòng tắm thì có dấu hiệu sắp cháy hỏng đến nơi rồi, cứ chớp nháy nhấp nháy liên tục đau cả mắt, còn ngoài không gian phòng ngủ thì có 1/4 số bóng đèn đã bị cháy hỏng hoàn toàn không sáng.",0,1,0,0,0,0
"Đây chính là cơ sở siêu thị Big C đầu tiên được đầu tư xây dựng tại mảnh đất Bình Định. Với khâu thiết kế kiến trúc tòa nhà nhìn rất hoành tráng và đẹp mắt, nơi đây bày bán mua sắm đầy đủ không thiếu thứ gì, đa dạng chủng loại y hệt như các hệ thống Big C lớn trong Thành phố Hồ Chí Minh vậy, thế nên mình cực kỳ thích thú khi cứ mỗi bận có dịp về quê là lại được ghé qua đây để thỏa sức mua sắm đồ đạc hàng hóa.",0,0,0,0,0,5
"Dịch vụ xe này thu phí đắt đỏ hơn bên Grab nhiều mà khâu đào tạo nhân sự lại quá kém, nhân viên không hề có những kỹ năng phục vụ khách hàng tối thiểu, đối với mình thì việc book Grab để di chuyển vẫn luôn là sự lựa chọn số một",1,0,0,0,1,0
"Quay lại đây lần thứ 2 mà mình thất vọng tràn trề luôn á, đợt Tết ghé quán lần đầu thì thấy pha nước với làm bánh ngọt ăn cũng tạm ổn. Thế mà nay dẫn bạn theo uống lại thì view vẫn vậy cơ mà đồ uống dở tệ hại dở xúc động luôn. Mấy đứa bạn mình ai cũng chê bai hết nấc, lớp kem ngọt gắt cắn vào cứ bị bột bột sao ấy, nước nôi thì dở không ngửi nổi. Được mỗi điểm cộng là các bạn phục vụ thân thiện. Đồ uống vừa chán đời mà giá rổ lại chát chúa quá so với mặt bằng ở Quy Nhơn nên thề không bao giờ có lần thứ 3 quay lại đâu nhé.",0,0,0,1,0,0
"Quy mô sân bay nhỏ nhắn thôi nhưng khâu bố trí sơ đồ rất thuận tiện và hợp lý cho hành khách đi lại. Các quầy hàng mua sắm bên trong đa dạng sản phẩm, nhân viên phục vụ cực kỳ chu đáo, tận tình. Trải nghiệm vô cùng ưng ý và hài lòng. Đây xứng đáng là điểm cộng lớn cho du lịch Quy Nhơn, giúp níu chân du khách và khiến người ta muốn quay trở lại nhiều hơn nữa.",0,0,0,0,4,4
"Vừa mới hết lệnh giãn cách xã hội, mọi hoạt động sinh hoạt của người dân đã quay về quỹ đạo bình thường rồi mà mấy ông bảo vệ ở siêu thị này vẫn đứng chặn khách lại không cho vào mua sắm với lý do không đeo khẩu trang! Cung cách làm việc này liệu có bị cứng nhắc và quá mức cần thiết không? Hôm nay là lần đầu tiên mình ghé đây chơi đấy! Rốt cuộc phải để vợ con lủi thủi đi vào còn mình thì lếch thếch ra quán nước vỉa hè ngồi đợi! Lần đầu tiên cũng như lần cuối cùng đặt chân đến cái chỗ này luôn!",0,0,0,0,0,2
"Nếu ai muốn vào khu chợ này để dạo chơi ngắm nghía mấy món đồ độc lạ thì thấy khá ok, chứ còn quyết định xuống tiền mua sắm ở đây thì mức giá bị đắt hơn những chỗ khác một ít nhé",0,0,0,0,0,2
"Quy mô chợ lớn và nhìn rất đẹp mắt. Không gian bên trong hoạt động y hệt một khu chợ thông thường, mọi người có thể tìm kiếm và mua sắm hầu hết mọi mặt hàng với mức giá hạt dẻ cực kỳ (chứ không bị chém theo kiểu giá cho khách du lịch đâu nha). Các sạp hàng hóa đa dạng được phân bổ đều khắp kết cấu 3 tầng lầu.",0,0,0,0,0,4
"Trải qua chuyến hành trình 11 ngày đi xuyên Việt, nhóm mình có tìm đến ăn thử quán phở được review gợi ý này. Cơ mà thực tế mình từng ăn nhiều tô súp vị ngon hơn hẳn ở những nơi khác tại Việt Nam rồi, và nhân viên ở các nhà hàng khác đối xử cũng thân thiện mến khách hơn nhiều. Đội ngũ phục vụ ở đây lạnh lùng, xa cách y chang phong cách ở mấy thành phố phương Tây vậy. Đúng kiểu được tâng bốc quá đà, đánh giá quá mức thực tế.",0,0,0,3,0,0
"Nhân viên xếp phòng ngủ sai lệch hoàn toàn so với thông tin mình đã đặt trên booking, mình đã phải lên tiếng phản ánh gay gắt tận 2 lần thì họ mới chịu tìm lại đúng căn phòng chuẩn như lúc book. Làm chuyến đi nghỉ dưỡng bị giảm bớt đi vài phần vui vẻ, hụt hẫng thực sự. Hy vọng phía khách sạn cần sớm chấn chỉnh khâu này để mang lại trải nghiệm trọn vẹn hơn cho khách hàng. Xin cảm ơn",0,1,0,0,0,0
"Chất lượng dịch vụ quá bèo bọt nhạt nhẽo. Gói dịch vụ VIP gì mà chỉ là hình thức massage thông thường, đã vậy mức giá cả thì chặt chém trên trời chứ đâu có rẻ rúng gì. Cung cách quản lý điều hành phục vụ của nhân sự quá nghiệp dư chán đời. Bỏ tiền ra mua dịch vụ mà rước bực vào người, tốn tiền vô ích. Dàn đào ở đây tệ hại hết chỗ nói",1,0,0,0,0,0
"Đúng là một cái sân bay quy mô nhỏ xíu luôn á! Mấy quầy bán thực phẩm đồ ăn chém giá đắt đỏ kinh khủng, bỏ ra gần 50.000 đồng mà chỉ đổi lại được một bát mì ăn liền kèm vài ba lát thịt bò lèo tèo.",0,0,0,2,0,0
"Cá nhân mình cảm thấy không gian khu vực quầy lễ tân tiếp đón của khách sạn hơi bị tối tăm, thiếu ánh sáng. Phía chỗ nghỉ nên chủ động đầu tư thay mới lại toàn bộ hệ thống khăn tắm cho sạch sẽ hơn nhé",0,2,0,0,0,0
"Vị trí nhà sách tọa lạc ngay khu trung tâm thành phố Quy Nhơn sầm uất, đầu sách ở đây tuy có đủ các thể loại cơ mà khâu kiểm duyệt số lượng chưa được phong phú cho lắm, diện tích tiệm hơi nhỏ hẹp và chủ yếu chỉ phù hợp để vào mua sắm các mặt hàng văn phòng phẩm thôi. Phía nhà sách cần chú trọng đầu tư cập nhật thêm nhiều đầu sách mới về bày bán, nhất là các dòng sách nhập khẩu nước ngoài.",0,0,0,0,0,3
"Mỗi bận đóng cửa là tiếng động sập cửa lại phát ra tiếng kêu khá chát chúa và to, phía khách sạn thực sự nên dán biển nhắc nhở hành khách chú ý nhẹ tay hơn khi đóng mở cửa phòng. Khu vực phòng tập gym thì trang thiết bị nghèo nàn, thiếu thốn quá mức.",0,1,0,0,0,0
"Một sân bay thuộc tuyến địa phương, quy mô vừa vặn vừa phải nên không gặp cảnh đông đúc chen chúc quá mức, các loại hình dịch vụ tiện ích đi kèm tuy không có nhiều lựa chọn cơ mà chất lượng nhìn chung cũng tạm ổn thỏa.",0,0,0,0,3,0
"Dàn nhân sự lễ tân lẫn nhân viên ở đây cư xử thiếu thân thiện mến khách kinh khủng, suốt từ lúc nhóm mình bước chân vào check-in cho đến khi làm thủ tục check-out trả phòng ra về tịnh không nhận được một câu chào hỏi lịch sự hay lời cảm ơn tối thiểu nào cả, mấy bạn dọn dẹp buồng phòng thì làm việc tắc trách không thèm thay mới bàn chải kem đánh răng cho khách, suốt hai ngày liền lưu trú phòng mình chẳng được cấp một chai nước lọc nào... Dịch vụ quá tồi tệ",0,2,0,0,0,0
"Cung cách phục vụ chán đời kinh khủng, chẳng thấy chút nhiệt tình nào cả, khách cứ đóng tiền thanh toán trước xong cái là họ quay xe lơ là bỏ bê khách luôn, món mực thì hét giá rõ đắt đỏ mà đến lúc bưng ra được độc mỗi một con bé tí teo chỉ bằng kích thước ngón chân cái, bực cả mình",0,0,0,2,0,0
"Nhóm mình đi ăn theo đoàn số lượng người khá lớn nên khâu order chọn món diễn ra có phần hơi lúng túng, loạn hết cả lên. Chất lượng bánh pizza làm ăn khá ổn cơ mà kết cấu vỏ bánh hoàn toàn không chuẩn theo hương vị phong cách Mỹ (mình vốn là một tín đồ sành ăn uống nên điểm này mình nhận ra ngay và không đánh giá cao lắm). Menu ở đây phục vụ tương đối đa dạng, có đầy đủ các món từ mì Ý pasta, cơm risoto, pizza, bánh mì kẹp burger cho đến cánh gà chiên nữa nhé",0,0,0,3,0,0
"Cả gia đình mình dắt nhau vào siêu thị Big C Quy Nhơn để mua sắm đồ đạc, mất công đứng lựa chọn đồ suốt 3 tiếng đồng hồ mới gom được một xe hàng đầy ắp. Thấy đồng hồ nhích dần về sát giờ đóng cửa nên bố mình chủ động đẩy xe hàng ra dựng ngay đầu dãy sát quầy tính tiền để lát nữa làm thủ tục cho nhanh chóng tiện lợi, trong lúc đó thì mẹ, đứa em với mình đang đứng lựa quần áo ở quầy kế bên cách đó tầm 5 mét thôi, bố mình để xe đồ ở đó rồi chạy lại gọi cả nhà sửa soạn đi về. Thế mà lúc hý hửng quay ra thì cái xe hàng gom bấy lâu đã biến mất hút không còn dấu vết gì nữa. Nhà mình mới chạy lại hỏi mấy bạn nhân viên đang đứng ngay khu đó thì chúng nó cứ trơ mắt ra đứng cười cợt rồi bảo không biết, quay sang hỏi bảo vệ thì nhận được câu trả lời ráo hoảnh là chắc do siêu thị sắp đến giờ đóng cửa nên họ tự ý đẩy xe hàng ra phía sau để xả hàng luôn rồi. Thật sự quá vô lý, trong khi hành khách vẫn đang thong thả đi mua sắm mua sắm mà phía siêu thị không hề có một lời nhắc nhở nhẹ nhàng nào, chẳng thèm hỏi xem xe đồ đó là của ai hay bật loa thông báo nhắc khách là sắp hết giờ hoạt động cả, cái điều tối thiểu mà một siêu thị cùi bắp nhất cũng biết cách xử lý để nhắc nhở khách hàng ra về cho đúng khung giờ kinh doanh của hệ thống. Mà cái điều làm gia đình mình bực mình nhất là tịnh không có một nhân viên nào thèm chủ động đứng ra tìm kiếm giúp xem cái xe hàng vừa mới bị đẩy đi đâu đó hộ khách cả, đứa nào đứa nấy cứ đứng đực mặt ra giương mắt ếch lên ngó nhìn coi khách hàng chẳng khác gì sinh vật lạ vậy á. Tuyệt nhiên không có một câu xin lỗi lịch sự, không thèm hỗ trợ khách, ăn nói trả lời kiểu vô trách nhiệm hết mức. Thử hỏi lỡ khách hàng có thói quen bỏ tài sản hay đồ đạc cá nhân quan trọng trên xe đồ rồi chỉ quay lưng lại lấy hàng hóa cách đó vài mét thôi thì sao, cứ tự tiện đè mấy cái xe hàng đi cất mà không thèm hỏi han lấy một câu dẫu thấy cả gia đình người ta đang đứng lù lù ngay sát bên cạnh hay sao? Biết là sắp đến giờ đóng cửa thật đấy cơ mà lúc đó đã quá giờ hoạt động chính thức đâu mà lại giở cái thói làm ăn chợ búa kiểu đó hả?",0,0,0,0,0,1
"Bộ phận bảo vệ trông giữ xe chính là vị trí có chất lượng dịch vụ tồi tệ nhất ở đây, cái tầm lúc mình chạy xe đến quán là khoảng 5-6h chiều. Ông bác bảo vệ lúc đó đang mải mê ngồi uống bia nhậu nhẹt nên chẳng thèm để mắt quan sát trông coi xe cộ cho khách gì cả, đến lúc hướng dẫn mình dắt xe vào chỗ đỗ thì lại lên giọng quát tháo lớn tiếng nghe chói tai kinh khủng làm chuyến đi chơi bị mất vui phần nào vì cái thái độ của bác này. Còn xét về các phương diện phục vụ khác thì chất lượng nhìn chung đều ok ổn áp nha,",0,3,0,0,0,0
"Có một vài vị khách ý thức kém, ăn uống xong cứ thản nhiên bày bừa đống vỏ hạt hướng dương với hạt dưa bừa bãi đầy ra sàn nhà của phòng tập gym, phía khách sạn thực sự nên thiết kế gắn thêm bảng nội quy rõ ràng để khách biết ý mà tự giác bỏ rác thải vào đúng thùng rác nhé.",0,3,0,0,0,0
"Hương vị rượu Bàu Đá chính gốc ở đây chất lượng đỉnh chóp luôn, sản phẩm hoàn thiện đẹp mắt với mẫu mã đa dạng và thiết kế bao bì nhìn rất hút mắt. Mình nhất định sẽ chọn mua mặt hàng này để mang đi làm quà biếu tặng cho người thân trong gia đình, bạn bè cũng như đồng nghiệp của mình luôn nhé",0,0,0,0,0,5
"Đây quả thực là lần đầu tiên mình đi xem phim giải trí tại cụm rạp CGV mà lại ôm cục tức khó chịu vào người như vậy, cực kỳ không hài lòng với cái cách làm việc của bạn nhân viên bán vé, lúc tư vấn hỏi han và chốt combo cứ dồn dập dồn dập ép khách phát bực, phần nước uống đi kèm combo thì lại không cho khách tự ý lựa chọn hương vị loại nước theo sở thích, đã vậy còn chẳng thèm mở mồm hỏi han xem khách hàng có thẻ thành viên membership để tích điểm hay không nữa chứ, đến khi vào xem thì bên trong phòng rạp tịnh không có lấy một nhân viên trực rạp đứng hướng dẫn, hành khách cứ phải tự lục đục đi vào rồi tự mò mẫm tìm kiếm chỗ ngồi của mình trong bóng tối. 😤",1,0,0,0,0,0
"Mức giá cả mua sắm rất hợp lý phải chăng phù hợp túi tiền, cô chú chủ tiệm buôn bán chân thật và đối xử thân thiện mến khách lắm",0,0,0,0,0,5
"Khu chợ này bày bán ê hề đầy đủ tất tần tật các loại quần áo váy vóc thời trang mà mọi người cần tìm kiếm với mức giá rẻ rúng chỉ bằng một phần nhỏ so với thị trường bên ngoài thôi, điểm mấu chốt là mọi người phải chuẩn bị sẵn tinh thần đứng ra mặc cả trả giá nhiệt tình thì khâu đi mua sắm trải nghiệm ở đây sẽ diễn ra khá là thú vị đấy nhé!",0,0,0,0,0,3
"Tầm nhìn view cảnh sắc nhìn chung rất tuyệt vời ông mặt trời luôn. Cơ mà dàn nhân viên phục vụ thì làm việc tắc trách chẳng giúp ích gì được cho khách cả. Anh bạn nhân viên đó năng lực kém đến mức không thể nhận ra nổi một điều hiển nhiên là hình ảnh chụp minh họa trên menu trông to lớn đầy đặn hơn rất nhiều so với đĩa đồ ăn thực tế bưng ra. Nhóm mình có gọi một loạt các món ăn chính cơ mà lượng phần ăn dọn ra ít ỏi eo hẹp kinh khủng dẫu cho tụi mình đã cố tình lựa chọn loại size ""lớn"" rồi đấy nhé. Lúc bưng ra đĩa nào đĩa nấy nhỏ xíu như đĩa đồ ăn kèm vậy. Nhóm mình mới thắc mắc hỏi xem liệu có sự nhầm lẫn nào ở đây không thì",0,0,0,3,0,0
"Xem hình ảnh chụp quảng cáo trên google thấy lung linh xinh xẻo lắm cơ mà đến tận nơi chứng kiến mới thấy rõ thực tế chán đời ra sao. Mình di chuyển vào tầm giờ chiều nên trúng ngay lúc lượng khách du lịch đổ về đây đông nghịt chen chúc nhau. View cảnh sắc thiên nhiên thì đẹp thật đấy cơ mà rác rưởi xả bừa bãi đầy rẫy ra nhìn mất mỹ quan kinh khủng, rất hy vọng ban điều hành quản lý khu du lịch sẽ lưu tâm bố trí trang bị thêm hệ thống thùng rác cho thật đầy đủ ở khắp nơi. Cả cái bãi tắm này nhìn đi nhìn lại chỉ có mỗi một điểm nhấn nổi bật duy nhất là mấy khối đá lớn chình ình mang hình thù tựa như quả trứng thôi hà. Bác bảo vệ trông xe ở đây thì tính khí hơi khó chịu, cứ suốt ngày đứng làu bàu cằn nhằn với khách phát bực.",3,0,0,0,0,0
"Từ cô chú chủ quán cho đến mấy bạn nhân viên bán hàng ở đây tính tình lúc nào cũng vui vẻ, thân thiện với khách, khâu tư vấn món quà tặng cực kỳ tận tình chu đáo, bạn nhân viên phụ trách đóng gói hàng hóa thì thao tác siêu cẩn thận tỉ mỉ luôn. Đồ ăn thức uống nêm nếm ngon miệng mà mức giá cả lại vô cùng hợp lý phải chăng. Đến lúc làm thủ tục thanh toán tính tiền, cô chủ còn nhiệt tình bớt chút đỉnh giảm giá thêm cho mình nữa chứ. Đây quả thực là một địa chỉ mua sắm đặc sản vô cùng uy tín và đáng tin cậy để mọi người ghé qua chọn mua quà cáp làm kỷ niệm khi có dịp đến chơi Quy Nhơn nhé",0,0,0,0,0,5
"Rõ ràng trên thông tin lịch chiếu để suất chiếu phim bắt đầu lúc 9h sáng, thế mà đến khi hành khách lục tục đến rạp thì nhân viên lại báo ráo hoảnh là vì đây là suất chiếu sớm nên hệ thống chưa kịp test phim xong. Thật sự cách làm việc này gây khó chịu bực mình kinh khủng luôn á! Cung cách quản lý điều hành kinh doanh quá thiếu chuyên nghiệp!",2,0,0,0,0,0
"Good parking and price! Khu vực bãi đỗ đậu xe cộ của quán diện tích rộng rãi thênh thang luôn á, nhà hàng thì tọa lạc ngay phía dưới khoảng sân nên khâu ăn uống di chuyển vô cùng thuận tiện và dễ dàng nếu hành khách lười không muốn tốn công chạy xe ra ngoài tìm quán ăn nhé",0,5,5,0,5,0
"Mô hình quán câu cá giải trí này trải nghiệm khá là thú vị luôn á, các bạn nhân viên phục vụ tính tình vui vẻ, niềm nở thân thiện với khách, đồ ăn thức uống nêm nếm rất ngon miệng và đảm bảo chất lượng, vị trí địa chỉ quán cũng thuộc diện dễ tìm đường nữa, mọi người có thời gian rảnh rỗi thì rất nên rủ nhau đến đây tham quan dạo chơi và trải nghiệm câu thử xem sao nhé",4,0,4,0,0,0
"ĐỘI NGŨ NHÂN VIÊN PHỤC VỤ CỰC KỲ NHIỆT TÌNH, CÁC BẠN LỄ TÂN ĐÓN TIẾP TRÊN CẢ TUYỆT VỜI VÀ KHÂU QUẢN LÝ ĐIỀU HÀNH CỦA KHÁCH SẠN RẤT TỐT.",0,5,5,0,0,0
"Nhà hàng sở hữu tầm nhìn view hướng thẳng ra phía cầu Thủ Thiêm với khu vực công viên Bạch Đằng nhìn cực kỳ lung linh và đẹp mắt vào tầm buổi tối nhé",0,0,4,0,0,0
"Chất lượng dịch vụ quá tồi tệ. Không gian chẳng có nét gì gọi là đặc sắc nổi bật hay có sức thu hút giữ chân người khác cả. Phong cách làm ăn kiểu chộp giật: cứ thấy bên khu vực người ta dơ cái gì ra là bên mình cũng vội vàng chìa trốt theo bắt chước một cách kệch cỡm.",1,0,0,0,0,0
"Tuyến xe khách mang số hiệu T21 chuyên chạy chặng Nhơn Hải có một bà nhân viên đảm nhận khâu xé vé thu tiền tên là Vân ăn nói vô cùng mất lịch sự, thô lỗ và có thái độ tiếp xử cực kỳ tệ hại đối với hành khách, đặc biệt là nhóm đối tượng học sinh nhỏ tuổi. Cô ta thường xuyên lớn tiếng la mắng, tỏ thái độ ghét bỏ hằn học và ngang nhiên có hành vi tranh giành chiếm đoạt chỗ ngồi ghế của các em học sinh rất nhiều lần, phải khẳng định là lần nào đi trúng chuyến của bả cũng bắt gặp cái cảnh tượng chướng mắt đó và bả hoàn toàn không hề có một chút thái độ hối cải hay nhận sai nào cả. Cái kiểu cậy quyền cậy thế đứng ra chèn ép gây áp lực tinh thần cho các em học sinh nhỏ tuổi như vậy quả thực là một hành vi chợ búa không thể nào chấp nhận nổi. Rất mong phía ban quản lý xí nghiệp xe khách sớm vào cuộc chấn chỉnh, xem xét xử lý kỷ luật thỏa đáng trường hợp này. Xin cảm ơn!",0,0,0,0,2,0
"Chất lượng chuyến xe khách chán đời quá mức. Xe vận hành chạy lết bết mất đúng 24 tiếng đồng hồ cho hành trình di chuyển tuyến đường từ Sài Gòn đi ra Quảng Ngãi. Trong khi bình thường nếu lựa chọn đi bằng các phương tiện vận tải của những nhà xe khác thì người ta chạy chỉ mất tầm 15 tiếng là đã tới nơi rồi,",0,0,0,0,2,0
"Tác phong làm việc của nhân viên nhìn chung ở mức tạm chấp nhận được thôi, cơ mà chẳng hiểu sao các quầy line tính tiền thanh toán ở đây lại không chịu chủ động mở cửa hoạt động nhiều nhiều lên một chút cho khách đỡ phải đứng xếp hàng chờ đợi lâu.",0,0,0,0,0,3
"Giờ đồ giả đồ thật lẫn lộn chẳng biết đường nào mà lần, cái thương hiệu rượu Bàu Đá của Bình Định cứ thế này thì sớm muộn cũng bị mai một hết",0,0,0,3,0,0
"Hai đứa mình lần đầu tiên ghé đây, giá đồ ăn tính ra khá rẻ cơ mà thất vọng tràn trề với cái thái độ của nhân viên bên quầy thực phẩm ăn tại chỗ (mang về), mặt cứ nhăn nha nhăn nhó chẳng thèm hướng dẫn khách lấy một câu. Đến lúc ra quầy thanh toán sản phẩm Colour Plus, do nghe không rõ số tiền phải trả nên mình có hỏi lại, thế là bạn thu ngân đáp lại cụt lủn đúng một từ (Ừ..) với cái vẻ mặt hậm hực khó chịu vô cùng. Chưa từng thấy ai làm trong ngành dịch vụ mà cư xử kiểu đó luôn á, chắc thấy tụi mình ăn mặc giản dị nên khinh thường ra mặt đây mà.",0,0,0,2,0,0
"Món ăn nêm nếm rất vừa vặn hợp khẩu vị, không bị ngọt gắt như mấy khách sạn khác đâu. Dân gốc Bắc như mình ăn thấy ngon miệng lắm. Tuy thực đơn hơi ít món một chút cơ mà trong bối cảnh dịch bệnh ảnh hưởng thế này thì chuẩn bị được vậy là tốt lắm rồi. Sẽ còn quay lại lưu trú.",0,0,5,0,0,0
"Phòng nghỉ có tầm nhìn view khá ổn áp, các bạn nhân viên nhiệt tình và chất lượng dịch vụ tốt. Mỗi tội hơi tiếc nuối một chút là phòng mình không thể mở được cánh cửa lùa ra để ngồi lắng nghe tiếng sóng biển vỗ rì rào",0,3,0,0,0,0
"Cần phải sửa sang lại cái bồn tắm gấp, cái nắp xả nước cứ bị kẹt tắc hoài, mỗi lần muốn thoát nước rất là khó khăn",0,2,0,0,0,0
"Món bánh ít lá gai ở đây ăn ngon đỉnh chóp luôn, chả ram tôm đất vị cũng ngon xuất sắc nữa. Chắc chắn mình sẽ liên hệ hotline nhờ shop ship hàng ra ngoài Hà Nội mới được.",0,0,0,0,0,5
"Chất lượng thức ăn ở mức tạm ổn thôi chứ không có gì nổi bật cả. Mình có gọi một ly cà phê nóng mà lúc bưng ra chỉ hơi âm ấm, gần như nguội ngắt rồi. Bù lại thì món nước ép trái cây được họ làm mới hoàn toàn, đây có lẽ là điểm sáng duy nhất trong bữa ăn của mình. Khâu dịch vụ dở tệ. Lúc cần gọi phục vụ thì chịu chết vì mấy bạn ấy mải mê cắm mặt vào bấm điện thoại di động suốt. Đã vậy một lúc sau, họ lại ngang nhiên mang chổi ra quét dọn với lau chùi sàn nhà oang oang ngay lúc khách khứa đang ngồi dùng bữa. Không gian bên trong thì tối tăm mù mịt, thiết nghĩ quán nên lắp đặt thêm hệ thống đèn chiếu sáng cho sáng sủa hơn chứ nhỉ?",1,0,0,3,0,0
"Vị trí nằm ngay khu trung tâm của thành phố biển luôn. Mình ở phòng tầng 12 sở hữu ban công hướng tầm nhìn ra biển nhìn bao chill bao thích. Trang thiết bị tiện nghi trong phòng dùng ổn, dẫu có phần hơi cũ kỹ một chút.",0,3,0,0,0,0
"Hệ thống điều hòa là loại AC trung tâm nên vừa mới bước chân vào phòng là cảm thấy cực kỳ nóng nực. Máy AC phải mất một khoảng thời gian khá lâu mới có thể làm mát phòng được. Thêm vào đó, phần cửa nhà vệ sinh thiết kế rất khó đóng mở ra vào do diện tích khu vệ sinh quá nhỏ hẹp.",0,3,0,0,0,0
"Tác phong làm việc của nhân viên nhìn chung ở mức tạm chấp nhận được, cơ mà chẳng hiểu kiểu gì mấy cái quầy line thanh toán tính tiền lại cứ đóng im lìm chứ không chịu chủ động mở thêm ra cho nhiều nhiều một chút.",0,0,0,0,0,4
"Cái quán này chỉ thích hợp để ghé vào ăn chơi ăn vặt thôi, còn bạn nào mà muốn thưởng thức một bữa hải sản đầy đặn, tươi ngon đảm bảo chất lượng thì khuyên chân thành nên lựa chọn địa chỉ khác nhé.",0,0,0,2,0,0
"Khâu bố trí toilet nhìn chưa được hợp lý cho lắm. Phòng ngủ lại đặt cái gương lớn chiếu thẳng vào giường nằm làm mình rất khó ngủ yên giấc. Khả năng cách âm thì kém, xung quanh cứ ồn ào khó chịu.",0,3,0,0,0,0
"Cơ sở vật chất hạ tầng ở đây đã xuống cấp trầm trọng rồi, lúc bước chân vào thì thấy nhân viên đang lăn ra ngủ say sưa, gọi mỏi mồm mãi mới có người tỉnh dậy tiếp đón. Đến khi lên phòng xông hơi thì bắt ngồi đợi họ bật máy móc cả tiếng đồng hồ mà vẫn chưa thấy hơi nóng bốc lên đâu cả. Không gian phòng ốc thì hôi hám kinh dị chịu không nổi.",0,1,0,0,0,0
"Thực đơn đa dạng phong phú, hương vị ổn áp ăn vừa miệng, mức giá cả thì hơi bị cao một tí, view không gian đẹp đẽ rất phù hợp cho đối tượng khách du lịch hay đi theo đoàn đông người, cơ mà bảo để đọng lại ấn tượng sâu đậm khiến người ta nhớ mãi về hương vị món ăn thì... có vẻ là chưa tới tầm.",0,0,5,0,0,0
"Mang tiếng là một tập đoàn quy mô lớn mà tịnh không thiết kế nổi một căn phòng nhỏ cho anh em tài xế nằm ngả lưng nghỉ ngơi, bắt tài xế phải đi lang thang vất vưởng xó này xó nọ. Sếp của tôi là hội viên member, là khách hàng đang trực tiếp bỏ tiền ra sử dụng dịch vụ bên phía các người, tôi lái xe chở sếp đi đánh golf thì tôi cũng phải được coi là khách chứ, người ta có câu khách đến nhà không trà thì cũng rượu. Đến cái room tối thiểu cho ae tài xế nghỉ ngơi còn chẳng có thì thử hỏi có xứng tầm với danh hiệu 5 sao không hả?, tôi xin phép được tặng tạm 1 sao thôi nhé",1,0,0,0,0,0
"Phòng ốc lau chùi sạch sẽ, không gian thoáng đãng, đệm nằm êm ái vô cùng và trang bị đầy đủ các thiết bị tiện nghi sinh hoạt",3,0,0,0,0,0
"Nhóm mình được đứa bạn nhiệt tình giới thiệu cho gói tour Kỳ Co trọn gói giá chỉ 300k trên fanpage Du lịch biển Bảo Nam, lướt qua thấy review cũng ok ổn áp nên chốt đặt bên đó luôn. Sáng ra cả hội di chuyển đến Nhơn Lý thì được anh chủ ra tận nơi tiếp đón vào nhà hàng với thái độ cực kỳ thân thiện, mến khách. Tầm 9h sáng bắt đầu lên cano phóng ra đảo Kỳ Co, chiếc cano xịn sò ghê luôn á, chạy tầm 10 phút là đã lướt tới đảo rồi. Cả nhóm tha hồ thả dáng chụp ảnh check-in rồi xuống tắm biển các kiểu, view cảnh sắc thiên nhiên đẹp mê hồn người luôn. Đến tầm trưa thì anh hướng dẫn viên bên Bảo Nam dẫn tụi mình ra khu vực Bãi Dứa tha hồ lặn ngắm san hô đã đời, xong xuôi mới quay về lại nhà hàng tắm tráng nước ngọt rồi ăn tiệc hải sản ê hề muốn ngập mặt luôn, menu tận 8 món lận. Là lá la nghỉ ngơi thư giãn một chốc xong là cả nhóm bắt xe đi về lại Quy Nhơn. Chuyến đi thực sự quá tuyệt vời, chất lượng dịch vụ ok nghía nha",5,0,5,5,5,0
"Đặt chân đến mảnh đất Quy Nhơn thấy người ta đồn đại về thương hiệu nhà hàng Quê Hương nổi tiếng lắm, đi đâu cũng nghe danh thấy có tận 2 cơ sở lận, cơ mà chẳng hiểu sao cá nhân mình lại không mấy mặn mà với quán này cho lắm và ăn cảm thấy chẳng ngon lành gì cả. Đội ngũ nhân viên phục vụ thì mặt nặng mày nhẹ, chẳng thấy chút thân thiện niềm nở nào với khách. Menu tuy có nhiều món thật, mức giá cả tính ra cũng được đi, cơ mà cái đợt mình ăn ở cơ sở số 2 thì không gian bên trong cứ bị tối tăm với nóng nực bí bách sao ấy. Hạt cơm nấu khá lạt lẽo lại còn hơi bị nát mềm nữa chứ. Món gà chiên giòn rụm đấy cơ mà vị thịt bên trong cũng bị lạt theo luôn, ăn tổng thể chẳng thấy ngon nghẻ chút nào. Chắc chắn là mình sẽ không bao giờ quay lại đây nữa đâu",0,0,2,2,0,0
"Vị trí chỗ ngồi thiết kế tương đối thoải mái cơ mà mấy cái khoang cabin có xu hướng bị hấp hơi nóng lên khá là nhanh chóng suốt chuyến hành trình di chuyển vào buổi sáng (nhất là lúc full kín chỗ trong cabin). Cảm giác không khác gì bị giam lỏng ở trong nhà vậy, dẫu cho hành khách vẫn có thể tự do đi bộ đi lại loanh quanh bên trong con thuyền. Ở chiều quay trở về của tụi mình, có một bạn nhân viên tự tiện dựng chiếc xe máy của anh ta chình ình ngay tại một trong số những khu vực dành riêng cho khách đứng ngắm cảnh view biển (trong khi chỗ đó diện tích chỉ vừa đủ cho đúng 2 người đứng một lúc thôi hà). Hy vọng phía công ty sẽ xử lý chấn chỉnh lại khâu này vào lần tới nhé",0,0,0,0,2,0
"Cực kỳ không hài lòng với cái cung cách trả khách của nhà xe này. Xe chở một nhóm ít người có nhu cầu về Quy Nhơn cơ mà lại nhẫn tâm thả khách xuống tận khu vực Phú Yên, xong bắt mọi người ngồi chờ chiếc xe chạy chuyến sau lên rước, ai dè chiếc xe sau còn ở khoảng cách xa tít tắp, đến khi xe sau lên tới nơi thì hành khách lại phải bấm bụng ngồi chen chúc chật chội kinh khủng để lết về tới Quy Nhơn, trong khi rõ ràng người ta đã bỏ tiền túi ra mua trọn vẹn cả chặng giường nằm hoàng hoàng từ trước. Phía nhà xe thực sự cần phải thay đổi lại quy trình vận hành và khâu điều phối xe cộ đi nhé, may sao đợt đó có anh phụ xe cũng biết trách nhiệm đứng ra ở lại cùng với hành khách nên mới kịp thời bắt được xe cho mọi người di chuyển tiếp.",0,0,0,0,1,0
"Hạng phòng thiết kế dành cho tiêu chuẩn 4 người lưu trú mà lèo tèo bố trí được đúng 2 đôi dép đi trong nhà, khách muốn có dép mang thì bắt buộc phải đi gọi mượn thêm nhân viên buồng phòng phát bực",0,2,0,0,0,0
"Đoàn gia đình nhà mình đi tổng cộng 16 người ghé vào quán ăn uống và đã liên hệ đặt bàn sẵn từ trước rồi, quả thực là các món ăn ở đây được chế biến rất ngon miệng và mang hương vị độc đáo riêng biệt. Đặc biệt đối với một người con được sinh ra và lớn lên ngay tại mảnh đất quê hương này như mình thì cực kỳ nghiện các loại mắm đặc sản, và nhà bếp của quán đã mang lại cho mình một món ăn đậm đà hương vị quê nhà, khơi gợi lại bao nhiêu hoài niệm thân thương mà bất cứ người con xa quê nào cũng luôn đau đáu nhớ về, đó chính là món “mắm nêm ăn kèm với bún”. Xin kính chúc cho quán ngày càng làm ăn phát đạt và phát triển mạnh mẽ hơn nữa nhé",0,0,5,5,0,0
"Cái điểm yếu cố hữu bấy lâu nay của hệ thống các sân bay thuộc tuyến địa phương chính là khâu làm thủ tục xuất vé và quy trình thực hiện chuyến bay diễn ra khá là khó khăn, rườm rà.",0,0,0,0,3,0
"Chiếc xe khách vừa di chuyển chạy qua khúc trạm xăng được một đoạn ngắn thì tài xế lại đột ngột cho quay đầu xe lại chỉ để vào đổ xăng làm tiêu tốn bao nhiêu thời gian của hành khách. Đã vậy còn tùy tiện cho dừng xe để đi vệ sinh vào lúc 1h30 đêm ngay tại một khu bãi đất trống hoang vu lếch thếch,",0,0,0,0,2,0
"Chất lượng bữa điểm tâm ăn sáng ngon miệng, cơ mà diện tích không gian nhà hàng hơi bị nhỏ hẹp nên cứ vào tầm khung giờ cao điểm (khoảng tầm 7-8 giờ sáng) là tình trạng đông đúc diễn ra liên tục, thường xuyên không còn bàn trống cho khách ngồi ăn.",0,0,0,3,0,0
"Cứ mỗi bận có dịp ghé thăm Quy Nhơn là mình lại chọn tấp vào quán Kim Đình này. Quán tọa lạc ngay một vị trí đắc địa trên trục đường Nguyễn Huệ sầm uất, ngay trước mặt là một khuôn viên công viên rộng lớn thênh thang với những hàng cây xanh cao vút quanh năm rì rào đón gió biển thổi vào mát rượi. Thực đơn của tiệm được thiết kế khá là phong phú và đa dạng món ăn: có bán cả chè, sinh tố giải khát cho đến món bánh bèo mang đậm phong cách hương vị Quy Nhơn nữa. Tiêu chí món ăn ngon miệng, không gian mát mẻ cùng mức giá cả bình dân chính là đặc điểm nổi bật giúp níu chân thực khách của quán Kim Đình.",0,0,5,5,0,0
"Mấy bạn nhân viên ở đây tính tình siêu dễ thương và phục vụ khách nhiệt tình hết nấc",0,5,5,0,0,0
"Đoàn gia đình mình đã có cơ hội trải nghiệm dịch vụ nghỉ dưỡng tại địa điểm này rồi. Điểm cộng lớn là tất cả các hạng phòng ngủ đều sở hữu hướng view biển cực kỳ đẹp mắt, món ăn nấu nướng ngon miệng, đội ngũ nhân viên phục vụ thì thái độ rất ân cần, niềm nở và vui vẻ với khách. Mình nhất định sẽ giới thiệu cho bạn bè người thân biết đến chỗ này nhiều hơn. Khách sạn này có tích hợp khu Nhà hàng Hoa với quy mô hoành tráng lớn nhất Quy Nhơn, đồ ăn nêm nếm ngon đỉnh chóp luôn á",0,5,5,5,0,0
"Đối với những bạn nào có sức ăn tốt ăn khỏe thì quán có bố trí sẵn các quầy cơm, rau salad kèm nước sốt để khách có thể thoải mái lấy ăn thêm mà hoàn toàn không bị tính thêm tiền phụ thu đâu nhé.",0,0,0,3,0,0
"Cực kỳ mê mẩn cái địa điểm này luôn á. Bầu không khí xung quanh mang lại cảm giác trên cả tuyệt vời. Đồ ăn thức uống nêm nếm ngon miệng và đội ngũ nhân viên phục vụ thì siêu thân thiện, mến khách. Nhóm mình thậm chí đã ghé qua đây tận hai lần chỉ trong vòng một ngày để tha hồ gọi thử những món khác nhau đấy.",5,0,5,5,0,0
"Chất liệu vải vóc cũng như tông màu sắc của bộ ghế sofa bày trí ở đây trông chẳng được sang trọng chút nào, nhìn hoàn toàn không xứng tầm phù hợp với đẳng cấp của một khách sạn 4 sao.",0,2,0,0,0,0
"Tôi từng đặt chân đến đây vào thời điểm 2 năm trước, và vừa qua mới có dịp trở lại trong một chuyến hành trình tham quan ngắn ngày. Hương vị đồ ăn thức uống có chút thay đổi so với những gì tôi từng lưu giữ trong ký ức cơ mà nhìn chung chất lượng vẫn rất ngon miệng. Bầu không khí đem lại cảm giác ấm cúng vô cùng và đội ngũ nhân sự thì vẫn tuyệt vời, chu đáo như mọi khi. Cực kỳ recommend địa chỉ này cho những ai đang đi du lịch một mình nhé, bạn sẽ chẳng thể tìm kiếm và kết giao được với những người bạn mới ở đâu nhanh chóng thuận tiện hơn cái nơi này đâu.",5,0,5,5,0,0
"Sân bay sở hữu khâu thiết kế kiến trúc nhìn rất đẹp mắt, không gian thoáng đãng và mát mẻ vô cùng. Các mặt hàng sản phẩm đặc sản của địa phương được bày bán đa dạng phong phú cơ mà hầu như du khách sẽ chẳng mấy ai dại gì mà mua sắm đồ đạc ở ngay sân bay đâu vì mức giá cả bị chém khá là đắt đỏ cao chót vót. Khu vực sảnh chờ di chuyển được phía họ phân bổ bố trí sơ đồ rất khoa học, mang lại cảm giác thoải mái cho hành khách.",0,0,0,0,4,3
"Nhớ mở lời nói câu, sin chow (xin chào), ngay khi bạn vừa bước chân vào cửa và đừng quên nói từ, hãy tiếp tục (cảm ơn bạn), sau khi bạn đã hoàn thành xong công việc nhé. Mức cước phí gọi xe taxi thường cũng chỉ tốn loanh quanh có vài ba đô la thôi hà, thành ra khâu làm tròn số tiền khi thanh toán diễn ra rất dễ dàng thuận tiện và tính ra chỉ làm bạn tốn thêm tầm khoảng 26 xu nhiều hơn mà thôi.",0,0,0,0,3,0
"Cá nhân mình không mấy mặn mà với món pizza cho lắm, phần vỏ bánh nướng lên làm quá dày cộp. Tuy nhiên, xét với cái tầm mức giá cả hạt dẻ này thì chất lượng mang lại như vậy là ổn áp rồi. Mỗi tội khâu phục vụ lề mề quá, bắt khách ngồi chờ đợi mỏi mòn hơn nửa tiếng đồng hồ mới chịu bưng món lên 😔😔😔 Diện tích không gian quán thì chật hẹp, nhỏ bé.",0,0,0,2,0,0
"Xét về phân khúc thị trường đồ dùng dành cho Mẹ và Bé tại khu vực Quy Nhơn thì nhìn chung mặt bằng giá cả của shop này bán rẻ hơn hẳn so với những shop khác xung quanh, khâu tư vấn chăm sóc khách hàng lại cực kỳ tận tâm, chu đáo, rất duyệt nha.",0,0,0,0,0,5
"Chất lượng dịch vụ hơi bị chán đời một tí, đội ngũ nhân viên tuy đối xử nhiệt tình thật đấy cơ mà có bận nhân viên lại ngơ ngác chẳng nắm rõ giá cả nước nôi gì cả, đã vậy phim ảnh thì rõ ràng đã gắn mác dán nhãn giới hạn độ tuổi 16+ rồi mà chẳng hiểu sao rạp vẫn thản nhiên cho mấy đứa nhóc độ tuổi U10 vào trong phòng xem phim ngồi làm trò ồn ào, gây mất trật tự kinh khủng luôn á.",2,0,0,0,0,0
"Bản thân mình cứ mỗi bận rảnh rỗi là lại hay chọn ghé vào khu này để xem phim giải trí với ăn uống, mức giá cả mua sắm tính ra rất ok hợp túi tiền, không quá đắt đỏ đắt đỏ gì đâu mà không gian lại toát lên vẻ cực kỳ sang trọng và đẳng cấp 👍",2,0,0,0,0,0
"Chất lượng đồ ăn nấu nướng khá là ngon miệng, thực đơn món ăn phong phú đa dạng tha hồ lựa chọn, cung cách phục vụ của dàn nhân sự nhìn chung khá là chuyên nghiệp.",5,0,5,5,0,0
"Chất lượng nước ở bên trong khu vực hồ bơi mang lại cảm giác không được trong sạch cho lắm.",2,3,0,0,0,0
"Bản chất là một quán nhậu với gu nấu nướng và decor bình thường thôi, cơ mà đợt mình tổ chức sinh nhật cho con gái ở đây thì được phía nhà hàng hỗ trợ trang trí không gian rất chu đáo, lại còn có 2 chú gấu mascot ra đón tiệc nhìn cưng xỉu, riêng món cá chình nướng muối ớt của tiệm là mình kết nhất luôn",0,0,0,3,0,0
"Từ cô chú cho đến mấy bạn nhân viên bán hàng ở đây ai cũng vui vẻ, mến khách, khâu tư vấn chăm sóc cực kỳ tận tình luôn, bạn nhân viên đóng gói hàng hóa thì siêu cẩn thận tỉ mỉ. Đồ ăn ngon miệng mà mức giá cả lại rất hợp lý phải chăng. Lúc tính tiền cô chủ còn bớt chút đỉnh chiết khấu giảm giá cho mình nữa chứ. Đây quả thực là 1 địa chỉ mua sắm đặc sản vô cùng uy tín để mọi người chọn mua quà cáp khi có dịp ghé Quy Nhơn nha",0,0,0,0,0,5
"Ai có ý định gọi ship chuyển phát hàng hóa ở đây thì nên lưu ý kỹ ngày giờ đi nhé, lúc đầu họ cam đoan bảo đợi tầm 4 tiếng đồng hồ là hàng hóa về tới tay anh chị liền cơ mà nhóm mình cứ ngồi đợi mỏi mòn hoài chẳng thấy đâu, cuối cùng đành phải tự tốn công chạy xe lên chở về, làm ăn kiểu này mất uy tín quá đỗi",0,0,0,0,0,2
"Đồ hải sản ăn không hề tươi sống chút nào + nấu nướng chẳng ngon lành gì + đội ngũ nhân viên phục vụ lề mề siêu chậm chạp y như kiểu bất cần không muốn tiếp đón khách vậy. Sẽ không bao giờ quay lại Never come back và tuyệt đối cũng không giới thiệu cho bạn bè người thân ghé qua đây làm gì, rước bực vào người",1,0,1,1,0,0
"Mức giá cả chuẩn chỉnh hợp lý, nhân viên hỗ trợ nhiệt tình hết nấc, mặt hàng đặc sản địa phương phong phú ê hề luôn, rất nên ghé vào đây mua sắm vì địa chỉ này được đông đảo cô chú người bản địa tin tưởng giới thiệu nha.",0,0,0,0,0,5
"Nhóm mình đi tổng cộng 4 người và chủ động gọi suất ăn thiết kế dành cho 4 người cơ mà lúc sau nhân viên lại bưng ra một phần ăn lèo tèo y chang như trong ảnh chụp. Dĩ nhiên là một dĩa rau sống ít ỏi như vậy sẽ chẳng bao giờ đủ cho cả 4 cái miệng ăn rồi. Tụi mình ăn loáng cái là hết sạch rau nên có lên tiếng xin thêm dĩa nữa, một lát sau lại tiếp tục xin thêm 1 dĩa rau ăn kèm với bánh tráng cuốn. Sự việc sẽ chẳng có gì đáng nói nếu như đến lúc làm thủ tục tính tiền thanh toán, phía quán lại đè khách ra bảo vì tụi mình xin thêm rau 2 lần và xin bánh tráng 1 lần nên họ tính phụ thu thêm tiền 10k 😅😅😅😅😅. Nói thật lòng thì 10k chẳng đáng là bao nhiêu cơ mà cái vấn đề cốt lõi ở đây là ở vùng Quy Nhơn đi ăn xin thêm chút rau sống ăn kèm mà cũng bị đè ra tính tiền thu thêm hả mọi người ơi ?? Cái điều vô lý này hoàn toàn chưa từng xảy ra ở quê hương của mình (Đà Nẵng) nên đợt này trải nghiệm làm mình bị bỡ ngỡ không hề nhẹ luôn á :)))) Mọi người đi du lịch có ý định ghé quán này ăn uống thì nhớ mở mồm hỏi han giá cả cho kỹ trước khi ăn kẻo ôm cục tức vào người nhé ạ !!",0,0,0,2,0,0
"Căn phòng nằm ở vị trí ngay sát vách khu vực thang máy, hệ thống cách âm làm chưa được tốt nên cứ hễ mỗi bận thang máy vận hành chạy lên chạy xuống là bên trong phòng nghe rõ mồn một tiếng động phát ra luôn á.",0,3,0,0,0,0
"Khu vực sân bay Quy Nhơn thực tế đã hoàn toàn ngừng hoạt động và không còn được trưng dụng vào mục đích bay như cái tên gọi của nó kể từ giai đoạn tầm năm 1995-2000 trở đi rồi, cái thời điểm đó mình vẫn còn là một đứa trẻ chưa đầy 10 tuổi nữa cơ, khoảng không gian nằm giữa hai trục đường Lê Duẩn và Diên Hồng ngày ấy toàn là các khu bãi đất trống trải, vị trí dùng để cho máy bay trực thăng đáp đỗ nằm ngay sát khu vực tòa nhà Ngân hàng Vietcombank sừng sững bây giờ luôn á, cứ mỗi bận nghe tiếng động có máy bay chuẩn bị đáp xuống sân là đám trẻ con tụi mình từ khắp các xóm làng xung quanh, từ trong các ngõ ngách ngõ hẻm lại nháo nhào rủ nhau chạy ùa ra ngoài sân để xem, phần cánh quạt của máy bay trực thăng quay tít mù nhìn cảm giác tưởng chừng như sắp quẹt trúng vào vị trí đứng xem của lũ nhóc tụi mình luôn vậy. Mảnh đất Quy Nhơn của những ngày tháng xưa cũ ấy diện tích rộng rãi, bầu không khí yên bình mộc mạc lắm, chứ không bao giờ bị xô bồ và gắn mác gọi là thành phố du lịch sầm uất như thời điểm hiện tại đâu. Rồi kể từ sau năm 2000 trở đi thì phía chính quyền bắt đầu triển khai quy hoạch xây dựng hệ thống các tòa nhà ngân hàng dày đặc ở khu vực này, cá nhân mình tham gia đá banh phong trào suốt từ năm 2000 cho đến năm 2008 cho tới tận thời điểm lều chõng đi học Đại học thì cái bãi đất trống chỗ Vietcombank chính là mảnh đất trống cuối cùng còn sót lại ở đây cũng đã bị người ta khởi công xây dựng lên nốt, riêng về phần khu vực công viên bãi cỏ cột cờ khang trang như bây giờ thì kể từ khi không còn trưng dụng làm sân bay nữa đã nhanh chóng nổi lên trở thành một địa điểm lý tưởng chuyên để tụ tập thả diều vào mỗi dịp hè về, khoảng thời gian gần đây do tỉnh nhà định hướng tập trung phát triển mạnh mẽ về ngành du lịch nên đã cho tiến hành ốp đá toàn bộ, kiến tạo nên một không gian đi bộ vô cùng văn minh, sạch đẹp và hiện đại, tuy nhiên điểm trừ là vẫn còn tồn tại bộ phận rất nhiều du khách ý thức kém cứ thản nhiên vứt xả rác thải bừa bãi khắp nơi, thiết nghĩ phía quản lý phải thường xuyên cho người đi tuần tra, bắt tận tay và xử lý phạt tiền thật nặng thì mới mong nâng cao được ý thức tự giác của họ lên thôi, chứ cứ buông lỏng bỏ mặc đó thì tình trạng xả rác bừa bãi bẩn thỉu vẫn cứ tiếp diễn hoài thôi.",3,0,0,0,0,0
"Bạn nhân viên phụ trách làm thủ tục check-in nhận phòng thái độ rất kỳ cục khi cứ khăng khăng đòi thu thêm tiền phụ phí cho em bé 12 tuổi nhà mình. Trong khi rõ ràng ngay trên thông tin đơn đặt phòng booking mình đã khai báo cực kỳ cặn kẽ, ghi rõ số lượng người lưu trú kèm theo độ tuổi chính xác của các cháu từ trước rồi cơ mà, làm việc tắc trách quá.",0,1,0,0,0,0
"Ghé chơi vào tầm tháng 10 trúng ngay đợt biển động sóng lớn dữ dội nên đành lỡ hẹn hoàn toàn không thể bắt thuyền di chuyển qua đảo Hòn Khô chơi được, khu bãi biển dân sinh ở đây do người dân tự đứng ra quản lý khai thác nên chất lượng đường xá đi lại khá là xấu xí chật hẹp, đã vậy môi trường xung quanh còn ngập ngụa cực kỳ nhiều rác rưởi xả bừa bãi nhìn nản luôn",2,0,0,0,0,0
"Đội ngũ nhân viên quán đón tiếp và phục vụ món ăn siêu nhanh nhẹn, tính tình lại thân thiện mến khách lắm. Vị trí tọa lạc dễ tìm đường, không gian diện tích rộng rãi thênh thang. Đồ ăn thức uống nêm nếm rất ngon miệng mà mức giá cả lại vô cùng phải chăng hợp túi tiền. Chắc chắn nhóm mình sẽ còn quay lại ủng hộ tiệm dài dài 👌",0,0,4,4,0,0
"Mang tiếng là khách sạn đạt tiêu chuẩn định vị 4 sao sang xịn mịn mà thực đơn bữa điểm tâm ăn sáng chuẩn bị quá mức nghèo nàn lèo tèo. Mình lưu trú ở đây tổng cộng 3 ngày trời mà suốt cả 3 ngày quanh đi quẩn lại cũng chỉ bày biện ra có vài ba món ăn giống y chang nhau không hề có chút thay đổi thay đổi nào. Hệ thống cửa phòng thì hoàn toàn không có khả năng cách âm. Ai đứng nói chuyện ở ngoài khu vực hành lang đi lại là bên trong phòng nghe thấy rõ mồn một sạch sành sanh không thiếu một từ luôn, mất riêng tư kinh khủng.",0,1,0,1,0,0
"Mức giá cả ở đây nhìn chung cũng bình thường, vừa vặn như bao quán khác xung quanh thôi. Mỗi tội chất lượng thực phẩm món ăn chế biến hơi bị quá tay cho nhiều muối nên vị ăn hơi mặn chát chút xíu.",0,0,0,2,0,0
"Mấy set quà lưu niệm của shop thiết kế nhìn rất đẹp mắt, khâu gói quà bọc đồ decor xinh xắn cực kỳ, các bạn nhân viên tư vấn nhiệt tình chu đáo mà tốc độ giao hàng ship đồ lại nhanh chóng nữa. Nhất định mình sẽ chọn đây làm địa chỉ ruột để ủng hộ shop lâu dài luôn nhé.",0,0,0,0,0,5
"Món chả giò cuốn chiên ăn vị không được ngon cho lắm lại còn dính khá là nhiều dầu mỡ ngấy ngán. Bù lại tô phở nấu nướng vị ngon ngọt đỉnh chóp và thực đơn đồ uống giá cả rẻ rúng phải chăng vô cùng.",0,0,0,3,0,0
"Bản thân mình nghe theo lời người quen nhiệt tình giới thiệu nên mới lặn lội mò đến đây ăn uống, cơ mà khi đến nơi trải nghiệm thực tế rồi thì mình thất vọng tràn trề luôn á, dàn nhân viên phục vụ thái độ khinh khỉnh xem thường coi nhẹ khách hàng, đồ ăn thức uống mang ra thì đĩa nào đĩa nấy lèo tèo vài ba miếng nhìn chẳng ra cái hệ thống gì hết trơn, cắn vào là biết ngay toàn dùng đồ đông lạnh bảo quản lâu ngày thôi, đã vậy mức giá bán lại còn chém cao chót vót một cách phi lý nếu đem so sánh với các nhà hàng khác kinh doanh trong cùng khu vực đó. Thất vọng toàn tập luôn",0,0,0,1,0,0
"Địa chỉ này chuyên kinh doanh các dòng mặt hàng hải sản đa dạng như các loại ốc, sò, nghêu, xìa, vẹm xanh, hàu, tôm, ghẹ đem chế biến theo hình thức hấp hoặc nướng. Bên cạnh đó thực đơn quán còn phục vụ thêm cả trứng tan, nem nướng, chả ram, kem caramel flan, rượu nếp, bia rượu cùng vô số mặt hàng nước giải khát các loại. View không gian quán hơi bị nhỏ hẹp và bố trí tương đối ít bàn ghế ngồi, nhìn lướt qua cái là đã cảm thấy không mấy ưng ý hài lòng cho lắm rồi. Mức giá cả đồ ăn ở đây nhìn chung đánh giá là đắt đỏ cao hơn hẳn so với mặt bằng chung thị trường. Giá bán cứ dao động tầm từ 15k-30k một phần ăn, một số món hải sản đặc thù thì sẽ tính tiền dựa theo mức thời giá dao động mỗi ngày. Món ốc trộn chế biến hương vị ăn không được ngon cho lắm. Phần càng cúm núm thu tiền 40k một suất ăn vị ngon đấy cơ mà lượng đồ ăn cho hơi bị ít ỏi",0,0,0,3,0,0
"Chẳng thể nào hiểu nổi cái hệ thống mạng internet tại siêu thị BigC bị lỗi kiểu gì mà lúc cần lôi điện thoại ra quẹt mã PC Covid cứ quay đều quay đều tịt ngóm không thèm hiển thị mã luôn á, còn xét về mọi phương diện mua sắm khác khi đi siêu thị thì chất lượng nhìn chung tạm ổn thỏa, à nhắc mới nhớ, mình có nhu cầu muốn mua lẻ vài quả chuối thôi cơ mà ở đây họ nhất quyết không chịu tách ra bán lẻ như bên hệ thống Coopmart (bắt mua nguyên cả nải bự chảng nhiều quá mình ăn không thể nào hết nổi để lâu lại bị thối hỏng uổng phí tiền bạc ra) haiz",0,0,0,0,0,3
"Đúng kiểu làm ăn chộp giật, mình đặt mua bánh tổng cộng 2 lần liên tiếp trong vòng 2 ngày thì phía cửa hàng lại ship đến cho mình tận 2 loại bánh hoàn toàn khác biệt nhau, sai lệch hoàn toàn cả về mặt chất lượng mặt hàng lẫn mẫu mã thiết kế bao bì bên ngoài. Cái hôm đầu tiên nhận hàng thì bánh được gói bọc bằng lá chuối cẩn thận, ăn vị rất ngon, dẻo dai và phần nhân nhét bên trong ê hề nhiều. Thế mà sang ngay ngày hôm sau họ lại giao đến loại bánh gói bằng giấy, cốt bánh thì nhão nhẹt ra, lượng nhân bên trong lèo tèo ít ỏi, hỏi người giao hàng thì anh ta đứng lấp liếm bảo là do mẻ bánh này vừa mới làm xong còn nóng nên kết cấu nó bị như vậy, cứ để qua ngày hôm sau là bánh tự khắc dẻo ngon lại liền. Cơ mà sự thật kiểm chứng sau đó hoàn toàn không như lời dối trá đó. Bánh để sang hôm sau ăn vẫn nhão nhoẹt chán đời. Mọi người nên hết sức cẩn thận, đề phòng khi quyết định mua sắm ở địa chỉ này nhé.",0,0,0,3,0,3
"Cái khu resort này đúng kiểu tự phong tự dán mác đẳng cấp 5 sao, mức giá phòng thu của khách thì chém đắt đỏ chuẩn phân khúc 5 sao thật đấy cơ mà giá trị chất lượng trải nghiệm mang lại thực tế chỉ xứng đáng xếp tầm 3 sao là cùng, riêng về phần xây dựng hạ tầng với các dịch vụ tiện ích đi kèm thì lèo tèo chấm được đúng 2 sao. Khâu xây dựng cơ sở vật chất đã có dấu hiệu xuống cấp nghiêm trọng, trần nhà dọc khu hành lang đi lại bị bong tróc rơi rụng thành từng mảng nhếch nhác, mỗi bận trời mưa là nước chảy thấm dột thành vệt hở hoác chình ình, mảng tường thì lem nhem lồi lõm nhìn rất mất thẩm mỹ, lớp sơn tường bạc màu bong tróc hết cả ra mà chẳng thấy phía quản lý cho người tu sửa chữa gì cả, hệ thống cửa phòng từ cửa chính cho đến cửa thông phòng bên trong đều bị mốc meo ố đen bẩn thỉu, cửa kính ra ban công lô gia thì thiết kế kẹt cứng ngắc phải dùng sức kéo gãy cả tay mới mở ra nổi, không gian phòng wc thì khâu bố trí ổ cắm điện chỉ thiết kế độc nhất dành riêng cho dao cạo râu chứ hoàn toàn không chịu tải nổi để cắm máy sấy tóc, phần nền nhà thì lại dùng chất liệu nhựa nhựa đi chân đất vào cảm giác rít rít rất bẩn thỉu, phong cách thiết kế nội thất tổng thể nhìn chẳng thấy chút sang trọng đẳng cấp nào. Đoạn hành lang nối liền từ khu vực sảnh lễ tân di chuyển sang bên khu nhà kính dùng bữa thì lại bị họ cắt bớt hệ thống điều hòa đi làm không khí hầm hập nóng nực khó chịu kinh khủng. Thực đơn buffet ăn sáng thì phải gọi là siêu cấp tệ hại, đồ ăn chuẩn bị ít ỏi nghèo nàn, mình lưu trú ở đây suốt 5 ngày trời thì thấy có đến 90% số lượng các món ăn là bê nguyên xi giống hệt nhau từ ngày này qua ngày khác, duy nhất chỉ có ngày đầu tiên với ngày cuối cùng là thấy có thay đổi đổi mới được đúng 1 món. Mang tiếng là khu resort nghỉ dưỡng ngay sát biển cơ mà quanh đi quẩn lại chỉ có đúng ngày đầu tiên là xuất hiện được 1 món cá gọi là đồ hải sản biển, còn lại toàn bộ thực đơn toàn bày ra mấy món đồ ăn nhanh công nghiệp y chang như trên thành phố vậy. Khu vực bể bơi tiếp tục lại là một điểm trừ lớn khó châm chước, nước hồ bơi lúc nào cũng đục ngầu nhờ nhờ chắc phải cả tháng trời rồi chưa thèm thay nước mới, phòng wc công cộng bố trí giữa bể bơi nhìn diện mạo bên ngoài bẩn thỉu nhếch nhác không được lau chùi dọn dẹp thường xuyên, phần cửa kính dán decal lung tung beng nhìn luộm thuộm, hệ thống đèn chiếu sáng thì tối tăm không có, biển chỉ dẫn hướng đi cũng mất hút nên hành khách chẳng ai dám bén mảng bước chân vào bên trong làm gì. Vị trí resort tọa lạc ở khoảng cách quá xa xôi so với khu trung tâm Quy Nhơn nên nếu khách có nhu cầu di chuyển vào thành phố dạo chơi ăn uống thì tốn một mớ tiền chi phí thuê xe taxi đắt đỏ lắm. View bãi biển nằm ngay sát vách một làng chài dân sinh nên môi trường không được trong sạch cho lắm, hôm xuống tắm biển mình còn vớt được nguyên một đống vỏ bao bì gói mì tôm trôi lề bề trên mặt nước nữa cơ, hãi hùng thật chứ.",1,1,0,1,0,0
"Mình cùng đứa bạn thân vừa qua đã có một chuyến hành trình đi du lịch trải nghiệm tại mảnh đất Nha Trang và hệ thống nơi lưu trú Apus chính là địa điểm đầu tiên mà tụi mình tin tưởng lựa chọn để đặt phòng ở lại. Dẫu cho nhóm mình chỉ là những du khách phương xa lần đầu tiên đặt chân đến đây trải nghiệm dịch vụ thôi cơ mà đội ngũ các bạn nhân viên ở đây lúc nào cũng chủ động hỗ trợ, giúp đỡ tụi mình cực kỳ nhiều điều, nhiệt tình giới thiệu cho tụi mình biết thêm vô số địa danh tham quan view đẹp lung linh. Hoàn toàn không có một lý do gì để mình từ chối việc quay trở lại đặt phòng lưu trú tại Apus Hotel vào những chuyến đi kế tiếp sau này cả.",0,1,0,0,0,0
"Tôi vừa mới bị lừa phỉnh một vố đau đớn từ gã tài xế lái một chiếc xe taxi dù, gã đã giở trò gian lận đánh tráo tờ tiền mệnh giá 500.000đ của tôi để thối lại thành tờ 20.000đ, khuyên mọi người tuyệt đối đừng bao giờ dại dột mà nhảy lên ngồi một chiếc xe taxi đón khách từ khu phố vui chơi giải trí đó nhé. Đúng nghĩa là một bọn cướp cạn trắng trợn. Trong khi thực tế một chuyến đi taxi thông thường chỉ tốn chi phí tầm khoảng 22.000đ mà thôi,",1,0,0,0,1,0
"Hệ thống thiết bị âm thanh loa đài làm dở tệ hại kinh khủng, đội ngũ nhân viên phục vụ thì cung cách làm việc thiếu chuyên nghiệp hết chỗ nói",2,0,0,0,0,0
"Vị trí tọa lạc phải nói là siêu cấp đắc địa luôn, nằm ngay sát vách bãi biển và gần khu vực quảng trường trung tâm sầm uất. Cơ mà điểm trừ lớn là chất lượng dịch vụ của khách sạn quá kém cỏi, không gian nhà vệ sinh lẫn hệ thống máy lạnh liên tục gặp hỏng hóc có vấn đề. Bước chân vào lưu trú mà mang lại cảm giác chán đời như đang ở trong mấy cái nhà trọ bình dân vậy.",0,3,0,0,0,0
"Mặt hàng hóa sắm sửa ở đây đa dạng phong phú vô cùng, mức giá cả mua bán lại rất hợp lý phải chăng vừa túi tiền, đội ngũ nhân viên tư vấn nhiệt tình chu đáo và đặc biệt nhất là bên hệ thống siêu thị Vinmart có triển khai dịch vụ đi chợ hộ cực kỳ tiện lợi, cứu cánh cho khách hàng suốt mùa dịch bệnh này luôn nhé 🙂",0,0,0,0,0,5
"Đội ngũ nhân viên tiếp khách nhìn chung lịch sự, nhã nhặn cơ mà khi hành khách xuống xe để chuẩn bị chuyển sang đi xe trung chuyển di chuyển vào trong khu vực nội thành thì chiếc xe trung chuyển đó lại bắt khách phải ngồi chôn chân chờ đợi dài cổ suốt hơn 30 phút đồng hồ (bên nhà xe đưa ra quy định kiểu ai có việc vội vã cần đi gấp thì tự túc mà bắt xe khác ngoài đi nhé?), cách vận hành dịch vụ quá chán đời",0,0,0,0,2,0
"Bày bán cực kỳ đa dạng phong phú các chủng loại mặt hàng đặc sản đặc trưng của vùng miền Trung, tạo không gian mua sắm lý tưởng cho du khách tha hồ lựa chọn. Mức giá cả phân bổ đa dạng từ phân khúc thấp lên tới cao, cực kỳ phù hợp với túi tiền và nhu cầu chi tiêu của từng đối tượng khách hàng khác nhau. Không gian cửa hàng rộng rãi thênh thang, thoáng đãng và lau chùi sạch sẽ gọn gàng. Cung cách bán hàng nhã nhặn không hề có tình trạng nài ép hay chèo kéo khách mua, các bạn nhân viên tính tình dễ thương mến khách lắm.",0,0,0,0,0,4
"Quy mô sân bay hơi nhỏ, lượng hành khách vắng vẻ nên khâu làm thủ tục diễn ra nhanh chóng gọn lẹ, xung quanh bố trí khá nhiều hàng quán kinh doanh đồ ăn thức uống với mức giá cả tương đối dễ chịu, phải chăng,",0,0,0,0,3,3
"Mình lướt mạng thấy toàn là những lời bài viết review khen ngợi tốt đẹp và chấm rate điểm cao tận 9.2 làm mình thấy ngạc nhiên vô cùng, có lẽ phía họ đã dùng tiểu xảo chiêu trò gì để seeding rồi. Hôm hai vợ chồng mình ghé vào ăn uống, ngó quanh tổng cộng cả cái quán chỉ có độc nhất mỗi một bàn khách là đang ngồi ăn thôi, nhìn ra khu vực bể chứa bên ngoài thì lèo tèo có khoảng 3 ký ngao, 2 ký sò lông, 4 con ghẹ, 2 con tôm hùm với 1 con cá song lội nước, ngoài ra tịnh không còn mặt hàng hải sản nào khác nữa cả. Thành ra tụi mình đành phải bấm bụng gọi món cơm chiên trứng với thịt lợn ăn tạm qua bữa dẫu mức giá tính tiền chẳng hề rẻ rúng gì cho cam. Ở đây làm khâu so sánh giá nhanh là món tôm hùm quán hét giá tận 1,8 triệu trong khi bên nhà hàng Hoàng Thao người ta bán có 1,3 triệu/kg thôi hà. Không gian quán thiết kế thuộc diện bình dân thông thường, vớt vát lại được điểm cộng duy nhất là dàn nhân viên phục vụ tận tình, chu đáo.",0,0,0,1,0,0
"Mọi người đi mua sắm ở đây nhớ phải biết cách chọn lựa hàng hóa và chủ động trả giá mặc cả thật mạnh tay nhé, như đợt mình đi mua sạp bên này hét giá tận 180k cho phần ghẹ loại to mà chạy qua chỗ khác hỏi giá có 120k thôi hà. Đã vậy đồ mua mang về nhà bỏ vào nồi luộc lên mới ngã ngửa thấy bị thối rữa hỏng mất tiêu tận 2 con, bực cả mình",0,0,0,0,0,1
"Địa chỉ này chuyên bày bán các mặt hàng quà lưu niệm đặc sản đặc trưng của vùng đất Bình Định. Sản phẩm đa dạng phong phú, giá cả mua sắm lại rất phải chăng phù hợp túi tiền.",0,0,0,0,0,5
"Mỗi ngày nhà tàu chỉ triển khai chạy có vỏn vẹn 2 chuyến cố định thôi, tốc độ tàu vận hành di chuyển chậm rì rì, lết mất tận 2 tiếng đồng hồ mới tới nơi, cơ sở vật chất tàu bè thì cũ kỹ đời sâu quá rồi, phía quản lý cần sớm đầu tư cải thiện nâng cấp để người dân có phương tiện đi lại thuận tiện, dễ dàng hơn",0,0,0,0,3,0
"Sân bay nhìn chung tạm ổn, lần đầu tiên ghé qua thấy mọi thứ đều bình thường",0,0,0,0,3,0
"Địa điểm này rất dễ tìm theo bản đồ hướng dẫn nhé mọi người, mình đã ghé mua đặc sản làm quà với giá cả cực kỳ hợp lý",0,0,0,0,0,5
"Trải nghiệm siêu tệ hại, đi xe lên rồi lại về mà chẳng được việc gì. Bảo vệ thì đòi tiền bồi dưỡng, không chịu bán vé cho khách đi lẻ mà bắt phải liên hệ để ghép đoàn, thông tin bán vé thì mập mờ và không có bãi đỗ xe.",2,0,0,0,0,0
"Đồ uống dở tệ, thêm combo nhạc bật to đùng không hề hợp với quán chút nào. Phục vụ thì chậm chạp.",0,0,0,2,0,0
"Không gian sạch sẽ, các bạn nhân viên nhiệt tình, mức giá ở tầm trung bình chứ không rẻ. Riêng món lẩu hải sản thì ăn không được ngon cho lắm.",0,0,0,3,0,0
"Nên né gấp chỗ này ra nhé! Bánh tráng cuốn gì mà sờ vào cứng ngắc lại còn mùi vị lạ hoắc. Đã vậy họ còn bật hệ thống phun nước tưới cây trên tường ngay phía trên đầu làm nước nhỏ hết vào đồ ăn thức uống của khách.",0,0,0,2,0,0
"Đi ăn nhóm 5 người gồm cả khách nước ngoài và VN. Chờ món dài cổ, nhân viên thì lề mề mà chẳng biết tư vấn gì cho khách cả",1,0,0,0,0,0
"Nhà hàng Bảo Nam ngay cạnh FLC có không gian sân vườn rộng rãi, thoáng đãng và hồ chọn hải sản tươi sống rất lớn. Đồ ăn nêm nếm vừa miệng, giá cả bình dân hợp ví và nhân viên phục vụ chu đáo, gia đình mình đi nghỉ dưỡng ghé vào ăn rất hài lòng và đánh giá 3 sao",0,0,5,5,0,0
"Vốn dĩ mình cực thích Quán ăn ngon ở Phan Đình Phùng vì view đẹp, không gian yên tĩnh và thường chấm điểm khá tốt. Thế nhưng vừa rồi nhân viên phục vụ chán kinh khủng, bắt đợi rõ lâu mới có người ra nhận order, thái độ với khách lại còn thiếu lịch sự.",1,0,0,4,0,0
"Khu này dịch vụ mang tính tự phát, quy mô chưa bài bản nên chủ yếu chỉ mở dịp cuối tuần hay lễ Tết, ngày thường hầu như đóng cửa. Bù lại đây là chỗ tốt nhất Quy Nhơn để dắt trẻ nhỏ đi chơi ngày lễ với nhiều trò vận động, tư duy như nhà banh, tô tượng, tàu siêu tốc, vòng quay... Dù vẫn là trò cũ và chỉ thêm mỗi nhà nhún nhưng giá khá mềm tầm 20-25k một trò khoảng vài phút, chơi loáng cái là hết 100k rất nhẹ nhàng.",3,0,0,0,0,0
"Không gian quá chật hẹp, phòng ốc bài trí lỗi thời và xuống cấp rồi.",0,1,0,0,0,0
"Big C đồ đạc siêu đa dạng và đầy đủ. Tầng 3 đang sửa lại nhìn rất rộng rãi, đẹp đẽ và có rạp CGV rất ổn, dù hiện tại hơi khó tìm đồ do đang sắp xếp. Khu vực tầng 1 thay đổi liên tục, có mấy quán cà phê view khá xinh. Tầng 2 là khu game mình ít đi nên không rõ lắm. Điểm cộng lớn là nhà vệ sinh tầng nào cũng có, đông người mà cực kỳ sạch sẽ.",0,0,0,0,0,4
"Chi phí ra sân bay tầm 60k tính đến tháng 5/2022, chiều từ sân bay về cũng vậy. Do không có bảng giờ chạy nên mình không rõ lắm, thấy xe chạy lúc đúng 3 giờ, chắc cứ mỗi tiếng có một chuyến vào phút thứ 0? Đi mất 1 tiếng mới tới sân bay nên mọi người nhớ chuẩn bị dư dả thời gian nhé.",0,0,0,0,3,0
"Làm ăn quá tệ! Không nhận giữ xe cho khách vãng lai mà chỉ nhận vé tháng. Nghỉ bán hàng đi mà làm bãi trông xe tháng cho rồi",0,0,0,0,0,1
"View quán rộng và đẹp nhưng phục vụ làm mình chưa hài lòng lắm. Lên món lâu lại còn đưa nhầm bàn, ly uống trà sữa nhìn còn bẩn chưa rửa sạch làm chẳng buồn uống nữa :3 Góp ý chân thành để quán cải thiện tốt hơn chứ không có ý chê bai gì đâu.",0,0,0,2,0,0
"Kinh doanh kiểu chộp giật, quảng cáo giá một đường đến nơi tính tiền một nẻo. Làm ăn hai mặt thế này thì không xứng đáng để khách du lịch ghé qua đâu.",0,0,0,1,0,0
"Các bạn nhân viên ở đây rất có tâm, thấy túi rau xà lách của mình có lá héo là chủ động nhặt bỏ ra rồi mới đem cân. Rất tuyệt vời, hãy tiếp tục duy trì nhé.",0,0,5,0,0,0
"Quán nằm trong một khoảng sân cổ kính cực kỳ xinh xắn. Chúng tôi thấy đồ ăn ở đây siêu ngon, nếu không tính tiền rượu thì giá thức ăn hợp lý hơn nhiều so với ở Singapore hay London. Chắc chắn sẽ quay lại đây nếu có dịp! Rất thích món vịt hầm và cá ngừ đại dương",0,0,5,5,0,0
"Món ăn làm theo khẩu vị Âu nên người Việt ăn thấy không hợp miệng chút nào. Thêm nữa là nhân viên phục vụ mặt cứ hầm hầm, chẳng thân thiện với khách gì cả",0,0,0,2,0,0
"Tiệm kem tự chọn này cứ múc kem rồi ra cân ký, chẳng rõ bao nhiêu tiền một gam nữa.. Vị kem ăn bình thường không ngon lắm, bù lại có nhiều loại topping... Mình thấy ăn trong Sài Gòn vẫn ngon hơn. Quán kem mà bày đặt bán thêm cả bánh nữa thành ra làm bánh cũng chẳng ngon luôn, kỳ cục ghê. Giá cả thì ở mức trung bình. Được cái không gian sạch đẹp, tha hồ sống ảo. Nhân viên nhìn mặt cứ khó ưa kiểu gì ấy, không có thiện cảm. Vô tình ghé ăn thử thôi chứ không có ấn tượng gì với quán này cả..hihi",0,0,0,3,0,0
"Gia đình và bạn bè chúng tôi đã có một buổi tối tuyệt vời tại đây. Đồ ăn cực kỳ đầy đặn, nhân viên phục vụ rất niềm nở, nhiệt tình và quan trọng nhất là món nào cũng ngon xuất sắc!",5,0,5,5,0,0
"Vừa nhận phòng đã ngửi thấy mùi khó chịu.. Máy lạnh thì kêu bần bật ồn ào không tài nào ngủ được.. Bể bơi trên tầng thượng chắc cả chục năm rồi chưa thèm thay nước.",0,1,0,0,0,0
"Vị trí nằm trong ngõ sâu lại ngay đoạn đường một chiều nên đoàn nào đi ô tô sẽ thấy cực kỳ bất tiện.",0,2,0,0,0,0
"Phòng ốc có phần hơi chật chội, nhưng điều làm mình khó chịu nhất là xung quanh quá ồn ào.",0,1,0,0,0,0
"Trạm xe buýt trung chuyển hành khách từ trung tâm TP Quy Nhơn ra đến sân bay Phù Cát, giá vé dao động khoảng 50k-100k một người.",0,0,0,0,3,0
"Mấy bận gọi lên tổng đài đặt xe xong xuôi, hệ thống đã nhắn số tài xế qua máy rồi mà ngồi đợi dài cổ không thấy xe đâu... Gọi lại hỏi thì bảo hủy chuyến rồi mà chẳng thèm thông báo cho khách một tiếng, đặt lại cuốc khác vẫn bị y hệt. Thật sự bất đắc dĩ lắm mình mới phải đi Vinasun",0,0,0,0,1,0
"Hôm trước công ty mình có tổ chức ăn trưa team building ở nhà hàng này. Các món ăn khoảng 5-6 món cho bàn 10 người được bày sẵn từ trước. Món cá chiên nhiều thịt nhưng do dọn sẵn nên bị nguội, nếu được ăn lúc nóng chắc sẽ giòn ngon hơn. Tôm rim thịt và mướp xào tôm ăn ở mức tạm ổn. Được nhất là bát canh cua rau đay bưng ra còn nóng hổi, nhiều cua và nêm nếm vừa miệng. Nhà hàng có view hướng biển khá đẹp nhưng góc đó chủ yếu là của quán cà phê, còn không gian sảnh ăn bên trong thì hơi nóng.",0,0,3,3,0,0
"Sau đó, người tự nhận là quản lý đã chuyển tôi sang một xe khác. Tài xế thứ hai này dọn hành lý của tôi lên xe của ông ta (nhìn không giống xe của hãng Vinasun và cũng không bật đồng hồ tính mét). Người lái xe đầu tiên thì báo số tiền cần thu cho ông ta.",1,0,0,0,1,0
"Cứ mỗi lần có dịp về Quy Nhơn là mình phải đi ăn món ngon xứ Nẫu liền. Bánh xèo ở đây chiên giòn rụm, tôm ăn kèm cực kỳ tươi ngon. Giá 30k một cái hoàn toàn xứng đáng đồng tiền bát gạo vì siêu nhiều tôm với thịt bò. Ăn bao đã, mọi người nhớ ghé ủng hộ quán nha.",0,0,4,4,0,0
"Chẳng hiểu sao quán này lại được đánh giá cao chót vót luôn á. Mình đi du lịch tình cờ vào ăn, lúc đến sớm quán chưa đông khách mà phục vụ lề mề kinh khủng. Giá thì chát chúa so với mặt bằng chung ở Quy Nhơn, nói thật đây là bữa sáng lãng phí nhất mình từng ăn ở Bình Định! Giá menu ghi 35-50k một phần nhưng lúc dọn ra lại gộp chung hết vào một đĩa mà đồ ăn thì ít thảm thương. Chưa kể nhóm mình đi 4 người gọi 3 phần (do 1 bạn không ăn được lòng nên chỉ ngồi ăn ké bánh hỏi thôi) nhưng lúc tính tiền vẫn bị đè ra thu đủ 4 phần. Vì họ để chung một đĩa rồi bảo dọn ra 4 phần nên mình cũng lười đôi co. Tóm lại ai đi du lịch thì né gấp quán này ra giùm cái!",0,0,0,1,0,0
"Nhà hàng chế biến đồ ăn khá ngon và hợp khẩu vị người Việt chứ không bị chua cay gắt kiểu Thái. Mình có thử món cua sốt thấy thịt cua rất chắc, điểm trừ duy nhất là sốt chưa được ngấm sâu vào thịt lắm",0,0,4,4,0,0
"Thề luôn, quán này có không gian mát mẻ để ngồi trò chuyện, hẹn hò yêu đương thì khá ổn. Nhưng điểm trừ bự nhất là bao nhiêu năm trời không chịu cải thiện chất lượng đồ uống. Phải nói là menu nước ở đây dở tệ, chẳng được món nào ra hồn, ngay đến cốc nước chanh cũng pha loãng toẹt như nước đường bỏ thêm lát chanh cho có mùi vậy.",0,0,0,3,0,0
"Chăn ga gối đệm không chịu thay mới sau mỗi chuyến đi nhìn hôi hám kinh khủng! Lúc mình phản ánh với tiếp viên để xin đổi thì họ bảo không có đồ thay, bảo đổi là đổi thế nào? Đồ đạc mất vệ sinh từ người đi trước thế này rất dễ lây bệnh cho người khác! Trải nghiệm lần đầu tiên và cũng là lần cuối cùng luôn! ",0,0,0,0,1,0
"Quán nhìn decor khá xinh, món kem tuyết ăn cũng ngon, nhưng lý do khiến mình một đi không trở lại là không gian quán bí bách cực kỳ. Quán không bật điều hòa mà cửa sổ lại đóng chặt, có mỗi cái quạt máy quay qua quay lại nhìn bần chịu không nổi ^^ Ngồi một lúc mà nóng phát điên nhất là giữa mùa hè, đã vậy 2 cái wifi hiện đầy vạch mà mạng chậm hơn rùa bò (vào Facebook với xem Youtube 144p còn load không nổi), giá tiền hoàn toàn không xứng với chất lượng, tóm gọn lại là như thế.",0,0,0,3,0,0
"Khu vực hồ bơi hơi mất vệ sinh, cứ bỏ hoang không dùng đến nhìn lãng phí quá.",1,0,0,0,0,0
"Nhìn qua các lượt bình luận thì thấy khá hỗn hợp, có những lời khen từ thực khách ăn thấy ngon miệng, vài ba đánh giá ở mức trung bình trung dung và cả những nhận xét từ khách quen cảm thấy chưa thực sự hài lòng.",0,3,0,0,0,0
"Quán phục vụ cả cơm gà và cơm gọi món. Nhóm mình đi 6 người có gọi dạ trường luộc, tôm rim, cá kho, gà chua ngọt với canh cá. Đồ ăn nhìn chung ở mức tạm ổn. Riêng đĩa gà chua ngọt làm theo kiểu gỏi gà ăn không ngon mà giá lại đắt. Đánh giá tổng thể thì cũng chấp nhận được.",0,0,0,3,0,0
"Một địa điểm ăn uống dở tệ hại !",0,1,1,0,0,0
"Do đi công tác nên mình ưu tiên tìm một nơi ở ngay trung tâm Đà Lạt cho thuận tiện đi lại, yêu cầu phòng ốc phải thoáng đãng một tí chứ cực ghét kiểu khách sạn hộp đóng kín không cửa sổ, không có chút ánh sáng tự nhiên nào. Lần đầu đặt ở đây thấy đáp ứng đúng nhu cầu của mình. Chắc chắn chuyến công tác sau sẽ lại chọn nơi này. Hẹn gặp lại các bạn vào tháng tới nhé.",0,3,0,0,0,0
"Mấy phòng ở tầng thấp vẫn có muỗi vo ve nha",0,1,0,0,0,0
"Đồ ăn của Nhà Hàng siêu ngon và chất lượng, mọi thứ đều rất tốt, view ngắm cảnh thì đỉnh chóp, đặc biệt là bạn nhân viên tên Truyền phục vụ cực kỳ chu đáo, nhiệt tình luôn",5,0,5,5,0,0
"Shop giao hàng chuẩn thời gian ghê, đồ ăn thức uống ngon lành cành đào mà bạn nhân viên nói chuyện với khách cũng vui vẻ, dễ mến nữa! 👍",0,0,5,5,0,5
"Nước uống ở quán này cũng bình thường thôi, không gian thì thấy được mỗi một góc trên lầu là tạm ổn. Còn lại mọi thứ đều đều, chẳng biết có phải do cách bài trí decor không mà buổi tối khách đi đông là ồn kinh khủng, chẳng thể nói chuyện nổi, đi cà phê mà xung quanh toàn tiếng người nói oang oang y như mấy quán karaoke Nice ngày xưa vậy.",0,0,0,3,0,0
"Chất lượng đồ mua ở đây rất tốt, nhân viên lại còn tư vấn nhiệt tình với khách hàng nữa",0,0,0,0,0,4
"Nghe đám bạn kháo nhau quán này nổi tiếng lắm nên mình cũng ghé ăn thử, ai dè chất lượng chẳng có gì đặc sắc, nói chung là khá thất vọng. Điểm cộng là quán nhìn sạch sẽ, còn phục vụ thì cứ lầm lũi bê đồ ra chứ chẳng mở miệng nói với khách lời nào. Tô bún thì lèo tèo được vài cọng, ít xỉn, cũng có mấy loại chả cá, giò, hành lá, đậu phộng, giá đỗ... nói chung giống bún cá ngoài mình nhưng tuyệt nhiên không thấy miếng cá nào cả. Nước lèo thì bị ngọt quá, không hợp khẩu vị mình lắm, chắc tại mình không ăn quen đồ miền Trung. Cơ mà đi đến nơi khác thì cứ trải nghiệm món mới thôi nên cũng chẳng tiếc gì, ăn cho biết để lần sau né ra.",0,0,0,2,0,0
"Mọi thứ từ khâu dịch vụ, không gian không khí trong lành cho đến chính sách hậu mãi đều rất tuyệt vời. Mong cửa hàng tiếp tục phát huy tốt hơn nữa nhé",0,0,0,0,0,5
"Khách sạn siêu bẩn, dọn dẹp chẳng có tâm gì cả, mặt kính thì bám đầy cặn bẩn, bình đun nước nóng thì mốc meo, mấy cái review khen chắc toàn tự vào đánh giá quá. Nói thêm là ảnh mình chụp là thời điểm SAU KHI đã yêu cầu lễ tân cho người lên lau dọn lại phòng rồi đấy nhé, mà kết quả vẫn bôi bác như thế này đây.",0,1,0,0,0,0
"Chất lượng dịch vụ chán đời vô cùng. Vé VIP mà rốt cuộc cũng chỉ là massage như bình thường thôi. Chưa kể giá cả thì chém trên trời, trong khi quản lý vận hành thì quá nghiệp dư. Nói chung là phí tiền, dàn đào thì tệ hại hết chỗ nói",2,0,0,0,0,0
"Mình với bạn có chuyến dừng chân 2 ngày ở Quy Nhơn và suốt thời gian đó hai đứa chỉ trung thành ăn đúng ở mỗi quán này thôi.",0,0,0,3,0,0
"Ghé qua vào mùa thấp điểm (đợt sau dịch Covid) nên cả phòng tập gym lẫn quầy bar đều đóng cửa không hoạt động.",0,2,0,0,0,0
"Hệ thống điều hòa ở đây đôi khi hơi khó chỉnh, cách bố trí máy lạnh trong phòng chưa tối ưu nên không thể làm mát toàn bộ không gian một cách nhanh chóng được.",0,2,0,0,0,0
"Bỏ ra 50k mua vé vào cổng mà rốt cuộc... chẳng có gì ngoài đi bộ tham quan. Toàn bộ khuôn viên rộng thênh thang nhưng trống rỗng, ít khu chụp ảnh check-in, nghèo nàn chỗ ngắm cảnh và cũng chẳng có mấy hoạt động vui chơi hay trò chơi gì cả. Đã vậy vé chơi mấy trò lẻ còn đắt đỏ. Nghĩ bụng nếu đi kiểu teambuilding mua trọn gói trò chơi thì may ra đỡ chán, chứ còn bảo đi tham quan thưởng ngoạn mà kỳ vọng hoành tráng như Đầm Sen hay Suối Tiên thì... thôi dẹp đi cho lành.",3,0,0,0,0,0
"Mỗi lần có dịp qua đây là mình lại ghé vào mua bánh tráng dừa mang vào Sài Gòn làm quà cho mọi người.",0,0,0,0,0,5
"Cánh cửa phòng tắm đóng không được khít, còn hệ thống nước nóng thì phải xả cho chảy mất vài phút thì mới bắt đầu ấm lên. Diện tích phòng nhìn chung hơi chật hẹp.",0,3,0,0,0,0
"Tuy không gian nhà hàng hơi nhỏ nhưng lại đem đến cảm giác rất dễ chịu, thoải mái. Món ăn nêm nếm cực kỳ hợp khẩu vị của mình, ấn tượng nhất là phần nước chấm pha rất ngon. Menu đồ uống cũng nhiều sự lựa chọn đa dạng.",0,0,5,5,0,0
"Đường sá lối đi quanh chợ đông đúc không thể di chuyển nổi. Môi trường thì siêu bẩn thỉu, cảnh mua bán thì lộn xộn, nháo nhào.!!!!",0,0,0,0,0,2
"Rất hài lòng với phong cách phục vụ đẳng cấp 5 sao ở đây. Cảm ơn hai bạn Truyền và Yến đã luôn nhiệt tình hỗ trợ gia đình mình hết mình",5,0,5,0,0,0
"Mình mới order một con gà thả vườn bên nhà hàng Mộc Viên, họ làm nửa nướng nửa hấp kèm thêm bộ lòng xào mướp. Đặt tầm 1 tiếng là có đồ rồi, lúc xách về tới nơi con gà vẫn còn nóng hổi. Cả nhà ăn ai cũng khen thịt gà ngon, vị vừa vặn. Thích nhất là khoản đồ ăn kèm cực kỳ xông xênh nào là dưa chua, dưa leo, cà chua cùng đủ loại nước chấm cho ai thích vị gì thì chấm vị đó. So với giá cả ở Quy Nhơn thì 195k cho một con gà thế này là hợp túi tiền, không đắt cũng không rẻ, chốt lại là đồ ăn ngon, giá hợp lý, duyệt!",0,0,5,5,0,0
"Mức giá cho các gói dịch vụ ở đây khá hợp lý và vừa vặn túi tiền",0,3,0,0,0,0
"Đồ đạc ở shop nhiều dã man! Toàn là hàng mới với mẫu hot hit cập nhật liên tục mà giá lại rẻ bèo, mua một chiếc váy maxi xịn sò có 100k mà còn được tặng thêm cả nón rộng vành với túi xách đi kèm. Dịch vụ chăm sóc khách hàng tốt, thủ tục thuê mua nhanh gọn lẹ, lại còn được miễn phí ship đến tận khách sạn nữa... Đỉnh thực sự! 🥰",0,0,0,0,0,5
"Mấy bạn nhân viên người Việt thái độ có vẻ hơi láo xược, mất dạy, còn lại các bộ phận nhân viên khác thì phục vụ khá ổn.",0,2,0,0,0,0
"Chất lượng quán siêu tệ, trời mưa là dột tứ tung, chuột gián thì bò ngang dọc mất vệ sinh kinh khủng, đèn thắp sáng thì thiếu, tường vách rỉ sét bám đầy phân chuột bừa bãi. Nói chung là cạch mặt, không bao giờ thèm quay lại quán này nữa",0,0,1,0,0,0
"Ở đây không có chế độ tặng kèm nước suối miễn phí cho khách đâu nhé",0,3,0,0,0,3
"Vừa có một trải nghiệm tồi tệ khi đi taxi của hãng này cùng công ty. Tôi đã bị chính gã tài xế lừa đảo tiền bạc ngay trong lúc thối tiền thừa.",1,0,0,0,1,0
"Anh Thông đã hỗ trợ mình cực kỳ nhiệt tình trong chuyến nghỉ dưỡng vừa qua. Mình có lỡ quên đồ ở lại và anh ấy đã giúp mình tìm kiếm, nhận lại hành lý thất lạc.",0,3,0,0,0,0
"Mình ghé uống ở cơ sở Chất 2 và thấy nhân viên ở đây mặt mày cứ lầm lì, chẳng thân thiện với khách chút nào. Lúc mình tự ra quầy lấy đồ, hai tay phải bê khay nước vướng víu không mở cửa được, rõ ràng có mấy bạn nhân viên đứng ngay gần đó nhưng tuyệt nhiên không một ai ra mở hộ, họ chỉ cắm mặt lướt điện thoại hoặc buôn chuyện với nhau. Đến lúc mình hỏi han về menu thì trả lời cực kỳ qua loa, kiểu thái độ như muốn đuổi khéo khách đi vậy 😒",0,0,0,1,0,0
"Gọi món cả tiếng đồng hồ chẳng thấy bê ra, đến lúc bực mình gọi tính tiền để về thì nhân viên lại bảo ""bếp đang làm rồi"" rồi nhất quyết không chịu hủy hóa đơn, bắt phải nhận đồ nhưng chờ mãi vẫn không thấy món đâu. Dùng dằng thêm nửa tiếng nữa đồ vẫn không lên nổi, cuối cùng quán đành phải trừ tiền món đó ra khỏi bill, lúc ấy mặt đứa nhân viên sưng xỉa lên trông phát ghét. Phục vụ kiểu trịnh thượng bề trên như thế thì một lần là tởn tới già, không bao giờ quay lại!",0,0,0,1,0,0
"Cả đoàn mình đã thử qua tất cả các vị bánh xèo của quán, riêng vị bánh xèo trứng thì không ấn tượng lắm, còn lại các loại khác đều ngon, đỉnh nhất là bánh xèo tôm đất. Quán có góc bồn rửa tay nhìn rất thích. Nhân viên phục vụ nhiệt tình, dễ mến, cơ mà lần sau khách có xin thêm rau sống thì vui vẻ tí chứ đừng cằn nhằn nha tại đoàn mình ăn kèm nhiều rau lắm :)))))",0,0,0,3,0,0
"Khu vực đậu đỗ xe không được thuận tiện cho lắm",0,2,0,0,0,0
"Nhà xe này làm ăn vô trách nhiệm và chạy cực ẩu. Nhận lịch hẹn bắt khách đứng chờ dài cổ xong rốt cuộc bỏ khách không đón, gọi điện lên thì không thèm bắt máy. Tài xế thì phóng nhanh vượt ẩu bất chấp cả tính mạng của hành khách trên xe, cảm giác nguy hiểm vô cùng.",0,0,0,0,2,0
"Cực kỳ ấn tượng với thiết kế không gian ở đây, tuy làm bằng nhà gỗ nhưng nhìn sang trọng và ấm cúng dã man. Tha hồ góc đẹp để chụp hình check-in sống ảo. Giá cả thì siêu hạt dẻ, một ly cà phê rẻ bèo chỉ tầm 9k đến 10k thôi, ngoài ra còn có trà lipton, nước ép các thứ.. Điểm trừ nhỏ là menu đồ uống hơi nghèo nàn, ít món hơn các quán khác. Chỗ này có bán cả cơm trưa với cơm tối nữa, toàn mấy món bình dị quê nhà như cơm niêu, canh riêu, cá kho.. cực kỳ hợp cho mấy buổi liên hoan công ty, gia đình hay các đoàn khách du lịch đến Quy Nhơn. Thích nhất là mẹt gà quay kèm xôi ở đây, vị đậm đà ngon tuyệt cú mèo. Giá thì rẻ bất ngờ, nhóm đi 4-5 người kêu 1 con gà quay với gọi thêm vài món lặt vặt, uống mấy lon bia mà tính ra chưa tới 500k nữa. Nhìn cái hóa đơn ghi con gà có 195k mà cả đám ngơ ngác tưởng nhà hàng tính thiếu tiền luôn á :)). Nói chung mọi thứ đều rất ok 👍👍",0,0,5,5,0,0
"Không gian yên tĩnh, sạch sẽ, đi lại thuận tiện, lại có khu vực ngồi nhâm nhi cà phê và thái độ phục vụ của nhân viên rất tốt",0,0,5,0,0,0
"Hồi trước mình là fan ruột của phở 10 Lý Quốc Sư, cơ mà đợt tháng 7/2014 vừa rồi có ghé ăn lại thì cảm thấy hơi thất vọng nhẹ.",0,0,0,2,0,0
"Nhóm 4 người tụi mình có dịp ghé qua Quy Nhơn, thấy quán này được review chấm điểm cao nên vào ăn thử xem sao. Mình gọi một bát bún thập cẩm có cả sứa cơ mà vị khá lạ và khó nuốt, nước dùng thì cứ nhạt nhẽo kiểu gì ấy. Bên trong quán thì bày biện bán đủ thứ hàng hóa trông chẳng khác gì mấy trạm dừng chân cho xe khách đường dài cả. Đã vậy giá tiền lại đắt đỏ, không xứng với chất lượng món ăn.",0,0,0,2,0,0
"Vị đồ ăn không còn giữ được phong độ như ngày trước, có vẻ từ khi đông khách đoàn là quán chẳng còn chăm chút cho món ăn nữa, nhân viên giữ xe thì thái độ chảnh chọe.",0,0,0,2,0,0
"Nhà xe cần phải thay thế dàn xe cũ kỹ, xuống cấp bằng đội hình xe mới chất lượng hơn. Đồng thời nên tăng tần suất các chuyến chạy trong ngày để người dân đi lại đỡ tốn thời gian chờ đợi.",0,0,0,0,2,0
"Giá vé 15.000 VND một lượt nhìn chung là rẻ và hợp lý. Hôm mình đi thời tiết khá đẹp, tiếc là tàu trông hơi lỗi thời chứ không được hiện đại cho lắm.",0,0,0,0,3,0
"Hải sản ở khu này ăn ngon, mức giá lại bình dân và kinh tế hơn hẳn so với việc mua trong siêu thị.",0,0,0,5,0,5
"Mặt bằng quán ổn nhưng dàn âm thanh cần phải nâng cấp thêm. Cách bài trí nội thất cũng nên thiết kế sao cho bắt mắt, thú vị hơn. Nhìn chung mọi thứ ở mức khá tốt.",0,0,3,3,0,0
"Vị trí quán nằm ngay sát biển nên không gian cực kỳ thoáng mát, lộng gió, đi trốn nóng ngày hè là chuẩn bài. Decor xinh xắn, rất hợp gu giới trẻ. Menu đồ uống ở mức tạm ổn.",5,0,5,4,0,0
"Chất lượng quán này ở mức bình thường, nếu chấm điểm thì mình thấy chỉ đạt mức trung bình thôi chứ món ăn không có gì đặc sắc cả, từ bò né cho đến mì cay. Điểm cộng duy nhất là một thố mì siêu nhiều, ú ụ đồ, ai sức ăn yếu là đảm bảo no căng không lết nổi luôn. Có điều phần bò né thì ít quá, được vài ba miếng thịt còn đâu toàn trứng là chính. Còn mì cay thì lèo tèo vài cọng nấm kim châm với tí hải sản. Nước chấm pha vị khá nhạt, tóm lại là ăn tạm được chứ không khen ngon được.",0,0,0,3,0,0
"Bữa trưa đầu tiên đặt chân đến đây tụi mình có gọi khá nhiều món. Nghe nói cơm gà là món nhất định phải thử nhg mình ăn thấy cũng thường thôi, hạt cơm làm kiểu nửa cơm nửa xôi ăn hơi lạ miệng tí, còn gà xối mỡ vị không có gì nổi bật. Quán siêu đông khách, chủ yếu toàn dân du lịch ghé ăn. Mức giá này so với Hà Nội thì bình thường nhg đem so với mặt bằng chung ở Quy Nhơn thì là đắt nha.",0,0,0,3,0,0
"Diện tích sân bay khá nhỏ và chỉ phục vụ nội địa là chính. Lên khu vực tầng 2 thấy có nhiều quầy hàng bày bán đủ loại đặc sản như mực khô, cá ngừ, nem, các món bánh và hải sản khô. Có điều mức giá ở đây đắt đỏ hơn nhiều so với mua ở ngoài.",0,0,0,3,3,0
"Khuôn viên vườn hoa rộng rãi, sạch sẽ và thoáng đãng ngay cạnh biển, nằm sát bên khách sạn Hải Âu. Khu vui chơi dành cho trẻ nhỏ mở cửa suốt các buổi tối và cả ngày thứ 7, chủ nhật với đủ trò như xe điện, nhà bóng, đu quay, bể câu cá...",3,0,0,0,0,0
"Mình thấy khâu phục vụ và chế độ chăm sóc khách hàng ở đây siêu tệ.",0,2,0,0,0,0
" - Các thiết bị giải trí tại chỗ trên cả hai chuyến xe buýt đều hỏng hóc và hoàn toàn không hoạt động, vậy nên đừng kỳ vọng sẽ có trải nghiệm giải trí xịn sò như trên máy bay nhé",0,0,0,0,2,0
"Hương vị món ăn không có gì xuất sắc, thiếu đi sự tinh tế và đặc trưng vốn có như bún chả Huế. Một suất ăn cho quá nhiều đồ, cảm giác ăn cố cho hết giống như kiểu ăn để lấy số lượng chứ không phải thưởng thức. Nghệ thuật ẩm thực là phải khiến người ta ăn xong vẫn thấy thèm thuồng cơ",0,0,0,2,0,0
"Được người quen ở đây dắt tới quán này ăn thử. Điểm trừ là không gian hơi chật nên mùi khói dầu mỡ nồng nặc, quán chịu khó làm cho thông thoáng hơn thì tốt. Món bánh xèo tôm đất với bánh xèo thịt bò ăn đều ổn. Vì chiên giòn rụm nên hơi ngập dầu, không giống kiểu bánh xèo trong Nam. Nước chấm pha hơi ngọt, bạn nào không ăn quen vị ngọt thì nhớ xin thêm nước mắm mặn nhé. Giá tầm 50k-60k một người cho bữa sáng thì không hề rẻ nhưng bù lại ăn bao no tới tận chiều muộn luôn! Khách địa phương ghé ăn rất đông. Ngay bên cạnh cũng có một quán y hệt mà vắng hoe khách. Chắc chắn sẽ quay lại quán này.",0,0,0,3,0,0
"Hồ bơi nằm ở tầng 7 nước nhìn hơi bẩn, tận 3 ngày liền chẳng thấy thay nước gì cả.",2,2,0,0,0,0
"Nhà xe này làm ăn lừa đảo kinh khủng, mình đặt vé xe giường phòng giá 450k mà lúc đến nơi bắt đi xe giường nằm thường trị giá 400k, đã vậy còn không thèm báo trước cho khách một lời nào cả",0,0,0,0,1,0
"Nơi này là một tổ hợp trung tâm thương mại tích hợp một đại siêu thị lớn bên trong. Ngoài ra còn có khu vui chơi cho trẻ em, các quán cà phê, máy rút tiền ATM và một số nhà hàng ăn uống.",0,0,0,0,0,4
"Có nhiều mẫu mã để lựa chọn thật đấy nhưng mấy bạn nhân viên bán hàng thái độ thô lỗ, cộc lốc quá",1,0,0,0,0,0
"Phải đỗ xe ở ngay lề đường nên thấy hơi bất tiện chút xíu",0,0,0,0,2,0
"Món ăn ở đây đỉnh lắm nha, hải sản tươi rói mà vị lại dễ ăn nữa. Không gian mở lộng gió siêu thoải mái, buổi tối còn thắp nến nhìn lãng mạn dã man, cặp đôi nào dắt nhau đến đây hẹn hò là hết sảy. Chắc chắn sẽ ủng hộ quán lâu dài",0,0,5,5,0,0
"Nhà xe làm ăn chán đời kinh khủng, rõ ràng đặt vé giường buồng vip limousine mà cuối cùng lại nhồi mình lên xe giường nằm thường, đã vậy còn thái độ kiểu thách thức không đi thì thôi ở lại",0,0,0,0,2,0
"Khu chợ này bán đồ hải sản cực kỳ đa dạng, tươi rói mà giá lại rẻ nữa. Mọi người nên lựa đi chợ vào tầm buổi chiều là chuẩn nhất.",0,0,0,0,0,4
"Vị trí nằm cách trung tâm không xa lắm, cứ chạy qua hết cầu Nhơn Hội là tới nơi. Khâu di chuyển bằng xe điện từ bãi đỗ ra đến cổng làm mình không hài lòng chút nào. Bù lại khuôn viên bên trong siêu đẹp, các bạn trẻ vào đây tha hồ chụp choẹt check-in sống ảo, trò chơi cũng phong phú đa dạng cơ mà giá vé hơi bất hợp lý, đồ ăn thức uống bán bên trong thì giá đắt cắt cổ... nếu có ghé cửa biển chơi thì tốt nhất mọi người nên tự chuẩn bị nước uống với trái cây mang theo rồi ngồi dọc bờ biển tận hưởng là phê nhất. Điểm cộng duy nhất là khuôn viên rộng rãi, view đẹp để sống ảo thôi, chứ đi bộ tham quan cho hết khu này chắc cũng mất nguyên cả buổi",4,0,0,0,3,0
"Một nhà hàng gia đình tuyệt vời, sự chu đáo của họ làm tôi cảm thấy hạnh phúc mỗi ngày. Đồ ăn thì tươi ngon, giá cả lại rẻ. Nhìn cách vận hành là thấy rõ họ có tâm huyết muốn phát triển cửa hàng.",0,0,5,5,0,0
"Tặng bó hoa hồng giờ xưa rồi, giờ phải tặng Bó thịt mới là hot trend nhé cả nhà. Bên mình có nhận làm Bó thịt thiết kế riêng cho dịp lễ 20/10 sắp tới với các mức giá dao động từ 100k-150k-200k và có mix đồ theo yêu cầu luôn ạ. Các anh soái ca nhanh tay đặt hàng để làm quà tặng cho các chị em soái tỷ đi nào. Hihi Ảnh này là do tiệm tự chụp, mọi người vui lòng không sao chép nha xin cảm ơn.",0,0,0,0,0,5
"Mang tiếng là công viên thiếu nhi mà vào toàn thấy người lớn là chính. Buổi đêm ở đây lộng gió mát mẻ lắm, bày bán nhiều hàng quán ăn vặt với mức giá siêu hạt dẻ. Tầm sau 17:00 chiều là người dân quanh đây đổ ra tắm biển đông nghịt, ở đây không có dịch vụ trông giữ xe nên mọi người cứ tự dựng xe trên bờ rồi đi bộ xuống bãi tắm thôi. Bãi cát ở đây bằng phẳng, mịn màng, bờ biển cực kỳ sạch sẽ, không hề có tình trạng chèo kéo kinh doanh ô dù hay bán hàng rong... hy vọng thành phố Quy Nhơn sẽ tiếp tục duy trì và phát huy để giữ gìn môi trường biển sạch đẹp như bây giờ.",3,0,0,0,2,0
"Nói thật thì gia đình mình cũng đang kinh doanh khách sạn và có hợp tác với Booking, bên mình lúc nào cũng cưng chiều khách hết mức chứ chưa bao giờ dám có thái độ nạt nộ khách hàng như bên Arise cả. Hơn thế nữa, khi xảy ra tình trạng overbook thì phía khách sạn phải có trách nhiệm đứng ra giải quyết ổn thỏa cho khách, chứ không phải dùng cái giọng trịnh thượng ""hết phòng rồi đó"" để vứt bỏ khách như vậy.",0,1,0,0,0,0
"Quán decor đẹp, đồ hải sản chế biến khá ngon và giữ đúng hương vị biển, tôm mực tươi roi rói ăn ngọt thịt dã man, giá cả lại cực kỳ phải chăng so với các nhà hàng trên thành phố. Các bạn nhân viên phục vụ nhanh nhẹn, dễ thương, thái độ lịch sự và thân thiện vô cùng, khâu lên món siêu nhanh bất kể lúc quán đông hay vắng khách. Không gian cửa hàng sáng sủa, trang trí theo phong cách hiện đại, đến ăn một lần là chỉ muốn quay lại mãi thôi. Chất lượng món ăn đạt chuẩn không cần chỉnh, nhất định mình sẽ ghé lại nhiều lần nữa vì đồ ăn quá ngon luôn",0,0,5,5,0,0
"Ở đây có bán nhiều món ăn nhìn khá thú vị (dành cho loại cá sấu chúa), cơ mà mức giá thực sự đắt đỏ trong khi lượng đồ ăn mang ra chẳng được bao nhiêu. Mình không khuyến khích mọi người thử trải nghiệm này.",0,0,0,2,0,0
"Đây là siêu thị Big C đầu tiên xuất hiện tại Bình Định. Tòa nhà có thiết kế kiến trúc rất đẹp, bên trong bày bán đầy đủ các mặt hàng không khác gì các chi nhánh Big C ở TP.HCM nên mình cực thích mỗi khi có dịp về quê mua sắm đồ đạc.",0,0,0,0,0,4
"Trong phòng thì hết sạch cả sữa tắm lẫn dầu gội, đáng nói là lúc mở lọ ra ngửi thấy mùi hôi rất kinh. Bồn cầu thì không thèm dội nước khai rình, vòi chậu rửa mặt thì bám đầy các vết dầu mỡ bết dính. Thất vọng toàn tập",0,1,0,0,0,0
"Cửa hàng bày bán đầy đủ các loại sản phẩm mặt hàng, giá cả lại rất mềm và hợp lý",0,0,0,0,0,5
"Chị nhân viên thu ngân bảo mình đứng đợi để chị ấy đi lấy túi giấy đựng rượu, thế mà đứng chờ tận 10 phút chẳng thấy tăm hơi đâu, hỏi lại thì cứ bắt chờ tiếp, qua 30 phút vẫn bảo chờ, rốt cuộc bắt mình đứng đợi hẳn 1 tiếng đồng hồ thì có một anh đi tìm túi giấy quay lại báo là hết túi rồi!? Bắt khách hàng chờ đợi cả tiếng trời chỉ để nhận lại thái độ thờ ơ, ngơ lác coi như không có chuyện gì xảy ra. Cách làm việc máy móc, vô cảm, không một nụ cười nở trên môi và ngay cả một lời xin lỗi hay cảm ơn tối thiểu cũng không có. Thật sự ngán ngẩm vô cùng.",0,0,0,0,0,1
"Món ăn ở đây chế biến siêu ngon và rất vừa miệng. Hai anh chị nhân viên phục vụ (chị Huyền và anh Quân) nhiệt tình dã man lại còn dễ mến nữa! Chắc chắn gia đình mình sẽ quay lại nhà hàng ủng hộ tiếp!!",5,0,5,5,0,0
"Vị trí nằm ngay sát khu vực trung tâm nên xung quanh tiện ích gì cũng có sẵn, không gian sầm uất và nhộn nhịp vô cùng",0,3,0,0,0,0
"Tốt nhất là không nên mua sắm ở địa điểm này làm gì. Giá cả thì đắt đỏ trên trời mà chất lượng đồ ăn thì lại không được tươi ngon. Đúng là một sự lựa chọn tồi tệ khi tiêu tiền tại đây!",0,0,0,0,0,2
"Mình đã có 3 lần ghé ăn tại chi nhánh Tom Thai ở Takashimaya, bắt đầu từ hồi quán mới khai trương luôn. Nhìn chung đồ ăn Thái ở đây làm rất chuẩn vị và mang đặc trưng sắc Thái đậm nét hơn nhiều quán khác ở Sài Gòn, điểm nhấn là vị rất Cay (nhiều món mình toàn phải dặn nhân viên làm giảm độ cay lại!!). Dạo này thấy quán lúc nào cũng tấp nập đông khách nên cũng chúc mừng quán kinh doanh tốt, có điều một số món lên hơi lâu chắc do lượng khách đông hơn trước nhiều! Mình vẫn sẽ tiếp tục quay lại!",2,0,4,4,0,0
"Món ăn ở đây đa dạng và mang hương vị riêng, mỗi tội mức giá chát chúa quá! Để không bị hớ tiền thì tốt nhất các bạn ghé chợ chỉ nên tập trung ăn uống thôi, đừng mua sắm gì nha!",0,0,0,3,0,0
"Nhân viên tổng đài mà còn đôi co, cãi vã với khách hàng là thấy dịch vụ siêu tệ hại rồi. Chẳng bằng một góc của Mai Linh. Cả nhà mình cạch mặt Vinasun luôn chỉ vì gặp phải một bạn nữ trực tổng đài ở TP.HCM nói chuyện cực kỳ vô văn hóa.",1,0,0,0,1,0
"Mình là khách từ Bắc vào du lịch, nghe dân tình đồn quán bún cá này hot lắm lại ngay gần nơi lưu trú nên ghé thử. Đặt nhiều kỳ vọng nên khi ăn xong mình thấy hơi hụt hẫng một chút, có lẽ do phở bún ngoài Bắc ngon đậm đà quen rồi nên vào đây ăn vị miền Trung thấy hơi lạ lẫm. Mình gọi bát bánh canh chả cá thu tầm 30k. Nước dùng ngọt lịm kiểu bỏ nhiều đường. Sợi bánh canh thì giống loại mì ăn liền đóng gói, lúc bưng ra vẫn dính chặt thành khối và nhai thấy cứng ngắc rất bực mình... (quán làm ăn nên chần sơ qua nước sôi trước chứ :() Điểm gỡ gạc là chả cá ăn ổn, không gian quán rộng rãi, thoáng mát, trang bị đủ quạt và wifi, ngoài ra còn bày bán mấy hộp mực khô ăn vặt khá đưa miệng (60k/hộp).",0,0,0,3,0,0
"Con hẻm hơi chật hẹp nên nhiều khi ô tô chẳng thể vào được do vướng các hàng quán buôn bán của người dân, cơ mà đi bộ vào trong cũng không quá xa đâu.",0,3,0,0,3,0
"Thời gian chạy xe quá cao su, lệch tận 1 tiếng rưỡi đồng hồ khi đặt vé lúc 16h30 mà mãi đến 18h xe mới bắt đầu lăn bánh",0,0,0,0,3,0
"Sân bay vừa mới được cải tạo nâng cấp mà khu nhà chờ lại bị che khuất chẳng nhìn thấy máy bay đâu, hơi chán, đã vậy nguyên cả sảnh chờ ra cửa máy bay lại bố trí đúng một phòng vệ sinh dùng chung, khách phải đi bộ một quãng xa bất tiện kinh khủng. Mình không có mấy thiện cảm với sân bay này.",0,0,0,0,2,0
"Một buổi trải nghiệm ăn uống và mua sắm cực kỳ tuyệt vời, ở đây quy tụ nhiều quán bar, nhà hàng và cửa tiệm rất xinh xắn, tuy nhiên cần chuẩn bị sẵn tâm lý xếp hàng dài dằng dặc ở khu cầu thang để đợi đi thang máy nhé",0,0,0,0,0,4
"Thực đơn ở đây chủ yếu ưu tiên các món chế biến từ hải sản và đây cũng chính là thứ mà bạn bắt buộc phải gọi khi tới quán.",0,0,0,3,0,0
"Thêm vào đó, mình ngửi thấy mùi vị hơi kỳ lạ từ món lươn nướng unagi, cảm giác như khâu sơ chế lươn làm chưa được sạch xảo dẫu cho mùi khói nướng đã che bớt đi phần nào. Bạn trai mình thì không nghĩ vậy, anh ấy một mình xử lý sạch sẽ đống maki và temaki lươn, còn mình thì chịu chết không dám đụng vào một miếng.",0,0,0,2,0,0
"Tụi mình có ghé qua quán Ngon để dùng bữa. Đồ ăn làm ăn tạm được chứ thái độ phục vụ của nhân viên ở đây khiến tụi mình không thể nào hài lòng nổi.",0,0,0,3,0,0
"Mong rằng lối đi ra vào ngay khu vực cổng sẽ được sửa sang cải thiện lại để tránh tình trạng trơn trượt nguy hiểm mỗi khi trời đổ mưa.",0,2,0,0,0,0
"Chuyến đầu tiên ghé thăm thành phố Nha Trang để tận hưởng tuần trăng mật, hai vợ chồng đã đặt ngay được một phòng khách sạn sạch sẽ, các bạn nhân viên siêu dễ thương và khâu dọn phòng cực kỳ có tâm, chắc chắn dịp tới bọn mình sẽ tiếp tục quay lại đây!",0,5,5,0,0,0
"Không gian rạp chật hẹp, lại nằm ở vị trí khó tìm. Phòng chiếu số 3 thì ghế ngồi bốc mùi ẩm mốc khó chịu. Suất chiếu lúc 10h10 sáng thứ 4 mà lèo tèo đúng 6 mạng xem phim. Bỏng ngô mang ra thì nguội ngắt.",3,0,0,3,0,0
"Hệ thống wifi ở đây yếu sinh lý thật sự, đề nghị bên quản lý nhanh chóng tìm cách khắc phục ạ",3,0,0,0,0,0
"Kiến trúc thiết kế nhìn khá đẹp mắt, dịch vụ tặng kèm miễn phí cũng ổn. Thế nhưng đồ ăn nấu nướng gì mà mặn chát. Đáng nói là khi góp ý, người quản lý lại đổ tại khẩu vị của mình khó tính. Sẽ không bao giờ có chuyện mình quay lại đây lần nữa!",0,1,0,0,0,0
"Sàn nhà lau chùi vẫn chưa được kỹ càng, đi bộ cứ thấy rít rít dưới chân",0,1,0,0,0,0
"Thiết kế phòng có trang bị tủ lạnh nhưng cứ hễ bước chân ra khỏi phòng là hệ thống điện tự động ngắt sạch sành sanh thành ra cái tủ lạnh cũng vứt xó, vô dụng.",0,1,0,0,0,0
"Mình cực kỳ bực mình với thái độ phục vụ của bạn nhân viên đứng quầy thu ngân. Mặt mũi lúc nào cũng hầm hầm như đâm lê, nói năng với khách thì cứ oang oang như quát vào mặt người ta vậy. Khách đến quầy tính tiền đàng hoàng còn hỏi giọng kiểu có tiền trả không, nghe khinh người không chịu được. Đề nghị ban quản lý quán xem xét và chấn chỉnh lại tác phong làm việc của nhân viên.",0,0,1,0,0,0
"Bao năm mới có dịp về lại quê hương nên mình nhất định phải đi tìm ăn bún cá cho bằng được. Bình thường mình hay ăn bên quán Quê Hương cơ mà sáng nay lỡ dậy muộn nên đành ghé đại chỗ khác. Chạy xe một vòng thì thấy tiệm bún cá Phượng Tèo, chỗ này vừa mới sửa sang lại chứ ngày xưa PT chỉ là cái quán cóc nhỏ xíu thôi. Giờ đây không gian quán nhìn rộng rãi và thoáng đãng ghê vị trí ngồi thoải mái. Một bát bún chả cá có giá 25k, theo sức ăn của mình thì thấy hơi ít, ăn xong chẳng bõ dính răng nên phải kêu thêm một chén chả cá không để ăn thêm cho no. Vị bún chả cá ăn tạm ổn, nước lèo ngọt thanh và dậy mùi thơm. Tiện tay mình gọi thêm một phần cuốn chả cá nhưng khuyên chân thành là mọi người né món này ra nhé. Ăn chán đời lắm, cuốn lỏng tay mà phần nhân bên trong lại bị khô khốc, ăn nhanh ngán vô cùng. Điểm vớt vát duy nhất là cô phục vụ nhiệt tình, vui vẻ.",0,0,0,3,0,0
"Cực kỳ ưng ý luôn. Nhất định sẽ lại ghé qua đây mỗi khi có dịp vào Nha Trang du lịch",5,5,5,0,0,0
"Khu vực bể bơi cần được tiến hành cọ rửa vệ sinh và thay nước mới đều đặn mỗi ngày.",1,0,0,0,0,0
"Vị trí ngay cạnh bờ biển, view ngắm cảnh khá ổn nhưng menu đồ uống làm chưa thực sự ngon sắc sảo. Theo mình chấm điểm thì vị chỉ đạt mức trung bình thôi. Các bạn nhân viên làm việc rất linh hoạt và năng nổ",5,0,0,3,0,0
"Dịch vụ siêu tệ hại, thái độ của nhân viên hãm không chịu được, nhất là cái cậu nhân viên nam người cao to đứng ở đó, khách gọi gọi order món mà mặt cứ trơ ra lơ đi coi như không nghe thấy, thậm chí một cái liếc mắt nhìn cũng không thèm. Cạch mặt không bao giờ quay lại đây nữa :)) Đã vậy, nhân viên quán còn bỏ mặc cho mấy đứa trẻ con nghịch ngợm hất cát tung tóe vào người khác, mình ra tiếng nhắc nhở thì lại quay sang tỏ thái độ khó chịu với mình",1,0,0,0,0,0
"Nói thật là không đâu ăn ốc rẻ như ở Quy Nhơn luôn á. Ngày trước quán này vắng vẻ không mấy ai biết đâu, cơ mà từ hồi mình đi học đại học trong Sài Gòn về là thấy quán nổi rần rần luôn. Giá ốc ở đây siêu hạt dẻ!! Đợt Tết mình ghé ăn có 10k một đĩa, hè này vật giá leo thang tăng lên chút thành 12k/đĩa, riêng đĩa hàu nướng là 15k. Thịt ốc tươi ngon cơ mà mình nghĩ quán cần cải tiến lại khâu sơ chế, rửa ráy chứ làm như hiện tại làm mất hết vị ngon tự nhiên của ốc rồi. Khách kéo đến ăn đông chủ yếu cũng vì ham rẻ thôi. Nước chấm với muối tiêu ăn cũng tạm ổn. Do lượng khách ra vào nườm nượp nên nhân viên dọn dẹp không xuể, nhìn quán khá bẩn thỉu.",0,0,0,3,0,0
"Không gian sảnh rộng rãi, hoành tráng thật đấy nhưng bên trong bày bán còn nghèo nàn, quá ít gian hàng",0,0,0,2,0,0
"Nói góc độ khách quan thì chỗ này không hẳn là nhà hàng sang trọng đâu mà chỉ là một quán ăn hải sản bình dân thôi, vì kiến trúc của họ không được xây dựng cầu kỳ, xa hoa như những nhà hàng lớn mình từng ghé. Thế nhưng phải công nhận quán sở hữu vị trí đắc địa ngay mặt tiền gần khu resort FLC nên lượng khách du lịch đổ về đây đông nghịt luôn. Đồ hải sản ở đây dư sức chiều lòng kể cả những thực khách khó tính nhất vì con nào con nấy tươi rói, thịt ngọt tự nhiên, khâu chế biến lại cực kỳ nhanh nhẹn và nêm nếm rất vừa miệng. Chấm cho quán 1 like liền.",0,0,5,5,0,0
"Mức giá bán thì đắt đỏ ngang ngửa trong Sài Gòn mà chất lượng đồ ăn mang ra chẳng có cái gì ra hồn, con tôm bé tí tẹo nhìn như con tép, kim chi thì cho được vài cọng lèo tèo, cải thảo thì thiếu thốn không có... Nhân viên phục vụ thì mặt mày lạnh lùng, thiếu thân thiện. Hình ảnh minh họa trong thực đơn nhìn cũng không được đẹp mắt lắm (góp ý chân thành để quán biết đường khắc phục chứ không có ý chê bai đâu). Chúc tiệm ngày càng buôn bán đắt hàng nhé.",0,0,0,2,0,0
"Phòng ốc chỗ nghỉ ngơi thì khá ok, cơ mà khuyên anh em tuyệt đối đừng dại gì mà ghé vào ăn ở cái quán ngay phía đối diện bên đường nhé. Giá cả đắt đỏ mà đồ ăn nấu nướng cũng chẳng ngon lành gì đâu",0,4,0,2,0,0
"Khu vực bãi tắm nhìn chung sạch sẽ, có điều mấy khu ghềnh đá nhô ra trông khá nguy hiểm. Mọi người khi đến đây vui chơi nhớ phải chú ý cẩn thận nhé",3,0,0,0,0,0
"Thông tin địa chỉ hiển thị trên trang booking cần phải ghi rõ ràng, cụ thể hơn. Mình đã phải tốn bao nhiêu thời gian chạy lòng vòng chỉ để tìm ra cái khách sạn này. Số nhà ở khu này có tình trạng trùng lặp nhau nên mọi người đi tìm nhớ lưu ý kỹ nhé",0,3,0,0,0,0
"Mình bỏ ra 85k để mua một hộp mực rim me mang về, ai dè vừa khui ra đã thấy mực bên trong bị mốc meo hết cả rồi. Cứ nghĩ vào hẳn cửa hàng lớn mua thì chất lượng đồ sẽ đảm bảo hơn ngoài chợ, hóa ra cũng cá mè một lứa chẳng khá khẩm hơn là bao.",0,0,0,1,0,0
"Đã đặt chân đến Quy Nhơn thì bạn nhất định không được bỏ qua một tọa độ vừa có thể nhâm nhi ly cà phê nước mát, vừa được phóng tầm mắt ngắm trọn vẹn view biển thành phố, đó chính là Surf Bar. Quán này sở hữu view đỉnh chóp, không gian rộng rãi thoáng đãng, tha hồ góc chụp ảnh check-in sống ảo siêu lung linh luôn!",5,0,5,5,0,0
"Món ăn nấu rất ngon và mình cực kỳ ấn tượng với chất lượng các món hải sản tại đây. Tác phong phục vụ của nhân viên cũng rất nhiệt tình, niềm nở. Vì chuyến này đi cùng gia đình nên mình cực kỳ thích không gian ấm cúng của nhà hàng này",0,0,5,5,0,0
"Đồ hải sản ở đây toàn là hàng tươi sống roi rói. Kinh nghiệm là nên đi mua vào tầm buổi chiều lúc các ghe thuyền chở cá mực tươi vừa lên bờ. Vào khu này là chỉ muốn khuân hết cả cái chợ mang về thôi. Có điều mấy gian hàng ở đây nói thách giá hơi cao nên mọi người nhớ phải mặc cả, trả giá nhiệt tình vào nhé. Ghẹ loại lớn dao động tầm 160k-180k, ghẹ nhỏ thì khoảng 130k. Ốc móng tay giá tầm 70k-80k, còn cua thịt thì cỡ 120k-150k. Đó là mấy món quen thuộc mình hay mua nên nhớ giá, còn những loại khác thì mình chịu ko rõ lắm. ^^ Chúc mọi người có một buổi đi chợ trải nghiệm thật thú vị tại đây nhé.",0,0,0,0,0,5
"Quầy hàng không chịu niêm yết giá cả rõ ràng, khâu tính tiền thanh toán thì lề mề chậm chạp, nền nhà thì bày bừa bẩn thỉu, cửa hàng cần phải chấn chỉnh và cải thiện thêm nhiều.",0,0,0,0,0,2
"Hương vị món ăn ở quán này khá ngon, bánh xèo có lớp vỏ bột dày dặn, rau mầm ăn kèm tươi xanh rói, kết hợp cùng topping xoài băm và dưa chuột ăn rất hợp rơ. Chả cá làm cũng ngon. Giá cả 30k một cái, một đĩa dọn ra gồm 2 cái. Cơ mà về thái độ nhân viên thì chán: Hôm mình ghé ăn quán cũng không đến nỗi quá đông khách nhưng mỗi lần gọi phục vụ xin thêm đồ ăn kèm là cực kỳ gian nan. Mình phải rã họng nhắc đi nhắc lại tận 3-4 bận thì nhân viên mới thèm bê ra dù lượng người làm ở đó rất đông.. Cảm thấy khá bực mình và hụt hẫng",0,0,0,3,0,0
"Chính vì thế, vào lần tới khi có dịp quay trở lại thành phố Hồ Chí Minh, mình sẽ chỉ trung thành sử dụng dịch vụ của Grab và Vinasun thôi, chắc chắn luôn!",0,0,0,0,3,0
"Vừa rồi nhân dịp đám cưới của con mình, mình có đặt mâm quả và trầu cau bên Tinh Hoa và họ làm nhìn rất đẹp mắt :) Bên cạnh bánh kem thì món đông sương với bánh su kem ở Tinh Hoa cả nhà mình ai cũng ghiền ăn. Góp ý nhỏ cho tiệm là đôi khi khách đông nên khâu chuẩn bị có hơi lẫn lộn một chút xíu. Nhưng xét về mặt chất lượng chung thì vẫn rất ok nhé.",0,0,0,5,0,5
"Địa điểm nhìn nhếch nhác, tối tăm và cũ kỹ vô cùng. Ở đây chỉ bố trí dạng phòng đơn cho 1 người, bên trong lắp bồn tắm, kiểu dịch vụ ""thư giãn"" sau mấy chầu nhậu nhẹt say sưa của các ông thôi. Giá rổ lại còn đắt đỏ hơn hẳn các trung tâm spa cao cấp có dịch vụ massage bài bản khác. Nếu bạn là nữ giới hoặc là nam giới muốn tìm nơi massage lành mạnh để phục hồi sức khỏe, đi theo nhóm đông... thì tốt nhất đừng bao giờ đặt chân đến đây nhé.",2,0,0,0,0,0
"Chất lượng sản phẩm tuyệt vời, giá thành lại rất hợp lý, các bạn nhân viên phục vụ nhiệt tình và thân thiện dã man, nhất định mình sẽ quay lại đây mua sắm tiếp.",0,0,0,0,0,5
"Bầu không khí xung quanh và chất lượng dịch vụ ở mức dễ chịu, tuy nhiên món ăn chế biến chỉ đạt mức trung bình thôi. Đĩa mì hải sản thì lèo tèo chẳng thấy có mấy đồ hải sản bên trong cả. Phần sườn heo tuy tẩm ướp có hương vị cơ mà thịt bị dai quá.",0,0,0,3,0,0
"Quán ăn này hoàn toàn không thèm để bảng giá, đến lúc mình mở lời hỏi giá rổ thế nào thì chủ tiệm trả lời qua loa là từ 30k-60k tùy thuộc từng loại. ĐIỀU ĐÁNG NÓI Ở ĐÂY LÀ BÁN SIÊU ĐẮT MÀ ĐĨA ỐC THÌ ÍT THẢM THƯƠNG, lúc tính tiền mình cứ đinh ninh là họ tính đồng giá suất 30k không thôi vì đợt trước mình từng đi ăn với bạn một lần rồi. Đến khi mình thắc mắc sao bill cao thế thì đổ tại đủ thứ lý do nào là giá xăng tăng, giá ốc nhập vào tăng… không còn như ngày xưa nữa. Quá thất vọng, kiểu làm ăn chộp giật, bập bõm thế này thì chắc chắn không bao giờ có lần thứ hai mình quay lại.",0,0,0,1,0,0
"Cả đoàn tụi mình ghé ăn ở đây và ai cũng ấn tượng với không gian rộng rãi dã man. Mấy bạn nhân viên làm việc chuyên nghiệp mà nhiệt tình hết nấc. Đồ ăn thì ngon đỉnh chóp, cảm ơn cả nhà nhiều nhé.",5,0,5,5,0,0
"Khu này bày bán sách cho thiếu nhi nhiều vô kể, còn mảng sách kỹ năng sống với tâm lý học tìm mỏi mắt mới thấy vì đầu sách thật khá khan hiếm, cơ mà bù lại chất lượng sách tuyển chọn ở đây rất ổn áp.",0,0,0,0,0,4
"Nấu ăn vừa dở tệ lại còn chém giá trên trời. Nhà mình đi 3 người gồm 2 người lớn với 1 bé nhỏ, vào gọi món trầy trật mãi không xong vì quán phân biệt đối xử, chê đoàn ít người không muốn đón tiếp. Đồ ăn mang ra nêm nếm toàn muối, nhạt nhẽo chẳng có tí hương vị đặc trưng nào. Đĩa gà kho gừng được vài miếng lèo tèo như trên hình mà tính tận 115k, bát canh rau tập tàng nấu tôm chắc được mỗi một con tôm đập dập mà chém 95k ôi trời đất ơi! Thêm đĩa dưa giá nhìn mất thẩm mỹ phát gớm chẳng buồn đụng đũa. Bán đắt cắt cổ lại còn nấu dở, đã vậy đến bát cơm trắng cũng đè ra tính thêm tiền. Nghĩ cảnh cạch mặt không bao giờ quay lại!",0,0,0,1,0,0
"Nói về khoản làm bánh kem thì tiệm này có tiếng từ lâu và siêu hot luôn. Đây là lần thứ 5 mình đặt bánh sinh nhật ở đây rồi, lớp kem của tiệm ăn ngon thanh chứ không hề bị ngấy nên ăn bao nhiêu cũng được. À hiện tại quán mới ra thêm món bánh su kem ngon nhức nách nữa nha, mọi người ra trực tiếp cửa hàng mua hoặc gọi hotline là có người ship tận nơi liền. Tiệm nằm ngay ngã tư đường lớn nên cực kỳ dễ tìm thấy nhé> Nhìn chung cứ có dịp lễ tết hay sinh nhật là mình lại trung thành đặt bánh ở đây vì vô cùng tin tưởng chất lượng.",0,0,0,5,0,5
"Món ăn nấu nướng bình thường thôi cơ mà điều làm mình ức chế nhất chính là thái độ KÉM VĂN MINH. Lúc mình yêu cầu quẹt thẻ tín dụng để thanh toán thì quán lại đòi thu thêm phí, bill ăn hết 970k mà bắt trả thêm 35k tiền phí cà thẻ. Mình thắc mắc sao quán to thế mà lại đi thu tiền phí này của khách, thế là ăn ngay một tràng nói chuyện vô văn hóa từ chủ quán. Còn giở giọng bảo mình ít tuổi mà... Ủa liên quan gì, nhỏ tuổi mà thấy làm ăn sai trái thì có quyền lên tiếng chứ. Làm chủ một cơ sở lớn mà không biết tiếp thu, học hỏi, chỉ giỏi hạch sách, thái độ với khách hàng.",0,0,0,1,0,0
"Tuy nhiên, điểm trừ lớn của khu này là mức giá các mặt hàng bán ra hơi chát so với những chợ khác, cộng thêm lối đi lại bị các sạp hàng chiếm dụng lấn chiếm nhiều gây cản trở di chuyển khó khăn vô cùng.",0,0,0,0,2,0
"Khuôn viên siêu rộng lớn và sạch sẽ, hàng hóa bày bán phong phú, mẫu mã đa dạng dã man, phong cách decor lại sang xịn mịn nhìn rất hợp thị hiếu khách hàng luôn",0,0,0,0,0,4
"Lúc đi đến khu vực gửi đồ thì tịnh không thấy một bóng dáng nhân viên nào trực, ngó quanh thì thấy mấy bạn đang bận tụ tập buôn chuyện. Mình lại gần hỏi thì bị đốp chát ngay câu: ""Chỗ này không nhận giữ đồ đâu, đi sang phía bên kia chứ trời""",0,0,0,0,0,1
"Tính về quê ăn Tết trốn dịch mà gặp ngay lũ ăn cướp cạn... từ chất lượng dịch vụ cho đến phương tiện xe cộ đều kém cỏi kinh khủng",0,0,0,0,1,0
"Ở đây bán hải sản khá là tươi ngon, đồ quần áo thời trang hay đồ ăn thức uống mức giá cũng phải chăng, hợp túi tiền.",0,0,0,0,0,5
"Dịch vụ hãm tài từ cấp quản lý cho tới nhân viên phục vụ, mua cái nồi chiên không dầu thì khâu tư vấn mập mờ không kỹ, đến lúc khách mang ra phản hồi thì lật lọng bảo tư vấn rồi tại khách không nghe, tay quản lý nói chuyện thì cứ thích nhảy vào họng chặn lời khách rồi bỏ ngang đi làm việc riêng. Còn dàn nhân viên thì ôi thôi, thái độ lồi lõm, nói năng trống không thiếu tôn trọng khách hàng, khách nói 1 câu là cãi lại 10 câu, mặt mày lúc nào cũng nhăn nhó, hậm hực. Ví dụ như cái nồi chiên mua về chạy kêu ồn như máy cày, gọi phản ánh thì cửa hàng phải check xem khách mua dòng nào, nếu mã đó vốn dĩ ồn thì phải giải thích rõ ràng cho khách hiểu chứ, đây bắt người ta bưng nguyên cái thùng to tướng lên cho tụi nó ngó, (đi bảo hành lỗi gì cũng bắt khách tự vác đồ lên cho tụi nó sửa, chắc mai mốt mua cái tủ lạnh bị hỏng cũng bắt khách khênh nguyên cái tủ lên tế tụi nó luôn quá). Đến lúc khênh được cái nồi lên xin đổi sang mã khác thì giao giảng bảo không hỗ trợ đổi mẫu vì nồi không lỗi kỹ thuật mà bản chất nó ồn sẵn.. Ủa alo.. trong khi cam kết bảo hành ghi rõ cho đổi trả trong vòng 35 ngày. Tóm lại đây là lần cuối cùng tôi tiêu tiền ở chỗ này. Mọi người né gấp cái trung tâm “ĐIỆN MÁY CHỢ LỚN” này ra nhé!",0,0,0,0,0,1
"Trải nghiệm khá là hụt hẫng và thất vọng. Chắc chắn không bao giờ quay lại! Nhóm mình có gọi nộm bò, thịt heo nướng với bò nướng bbq.. Đồ ăn vị dở tệ, nhân viên lên món thì chậm chạp. Chất lượng hoàn toàn không xứng đáng với số tiền bỏ ra.",0,0,1,1,0,0
"Nhà hàng Mộc Viên hoàn toàn đáp ứng tốt tiêu chuẩn phục vụ các đoàn khách du lịch nhờ sở hữu không gian rộng rãi, thoáng đãng, món ăn được đầu bếp nêm nếm linh hoạt theo yêu cầu và tác phong phục vụ rất tận tình. Kể cả quý khách đi theo nhóm lẻ hay gia đình thì quán vẫn bố trí được không gian riêng tư phù hợp. Nếu có cơ hội ghé thăm Quy Nhơn, bạn rất nên tới Mộc Viên để thưởng thức trọn vẹn nét ẩm thực của miền Trung nói chung và hương vị đất võ Bình Định nói riêng nhé",0,0,5,5,0,0
"Mình đã trực tiếp ghé qua cửa hàng và thấy hàng hóa ở đây cực kỳ đa dạng, mức giá bán ra rất phải chăng hợp lý, đồ ăn nấu nướng ăn ổn áp. Quán có cả dịch vụ giao hàng tận nơi nữa nha.",0,0,5,0,0,0
"Mấy ông bảo vệ ở đây bị ảo tưởng sức mạnh hay sao á, cứ nghĩ khách hàng nữ nào cũng thèm khát mình rồi giở trò nháy mắt đưa tình nhìn phát tởm. Còn mở miệng trêu ghẹo kiểu: ""Sao hai đứa chạy nhanh thế, bộ say anh rồi hả"" Nhân viên kiểu gì mà làm khách muốn sang chấn tâm lý :)) Đừng để tôi gặp lại lần nữa, gặp lại là tôi xả bực tức banh chành cái siêu thị này luôn quá =))))😏",0,0,0,0,0,1
"Uhmmm mình nghĩ điểm cần cải thiện là thông tin địa chỉ khách sạn á. Trên giấy tờ ghi là số 44 Trần Khánh Dư, nhưng thực tế trên con đường này có tới tận hai nhà số 44 lận, thành ra ai mới đi lần đầu sẽ thấy hơi lú và khó tìm đường. Cơ mà không sao hết, cứ gọi điện hotline là được nhân viên hướng dẫn nhiệt tình ngay. Khi đã quen đường rồi thì thấy vị trí khách sạn nằm rất ổn, ngay gần siêu thị, nhà thuốc tiện ích, xung quanh ngập tràn quán ăn ngon và di chuyển ra hồ Xuân Hương cũng chưa đầy 2km nữa.",0,4,0,4,3,0
"Mọi thứ ở đây đều tạm ổn, duy chỉ có mỗi khâu khăn tắm là gây ức chế nặng. Mình thuê phòng trọn 1 ngày 1 đêm mà khách sạn phát đúng duy nhất 1 cái khăn tắm. Mặc kệ khách tắm rửa sinh hoạt bao nhiêu lần, khăn có bẩn thỉu hay không thì vẫn bắt dùng tiếp, xuống hỏi lễ tân thì chỉ nhận được câu trả lời ráo hoảnh: ""Bên em đã cấp lúc nhận phòng rồi nên phải chờ đến sáng mai mới được đổi khăn mới ạ"". Thậm chí đến trưa ngày mai 12h bạn trả phòng mà sáng đó khăn bị bẩn xuống xin đổi thì họ lại bảo: ""Khách trả phòng trong ngày bên em không hỗ trợ thay khăn mới được ạ"", hic, đúng là khóc thét, có mỗi cái khăn tắm mà bắt tui xài đi xài lại từ lúc nhận phòng: sáng - trưa - chiều - tối - rồi đến tận sáng hôm sau - trưa hôm sau lúc chuẩn bị check-out, xuống xin một chiếc khăn sạch để tắm rửa phát cuối trước khi ra về mà lễ tân vẫn khăng khăng từ chối cho bằng được, hic",0,3,0,0,0,0
"Menu đồ uống pha chế khá là ngon miệng, giá cả cũng hợp ví tiền, duy chỉ có món bánh gạo làm bị nát quá, ăn vào thấy bở bùng bục mất hết cả vị ngon. Chắc do vị trí mặt bằng nằm ở đoạn không được thuận lợi lắm nên dù là tối thứ 7 cuối tuần mà không gian quán vẫn vắng vẻ đìu hiu ghê.",0,0,0,3,0,0
"Thái độ làm việc của một vài bạn nhân viên lễ tân cả nam lẫn nữ ở đây cần phải xem xét lại",0,2,0,0,0,0
"Chỗ này đi được nha bà con ơi, bên trong các hàng quán ăn uống mọc lên nhiều vô kể, bạt ngàn quán ngon luôn, riêng về mảng bánh ngọt thì mình thấy thương hiệu Breadtalk ăn ổn áp hơn cả, ngoài ra thì ở đây không tổ chức hoạt động vui chơi giải trí gì đâu, khách ghé qua chủ yếu là để ăn uống sương sương kết hợp mua sắm quần áo, mỹ phẩm là chính thôi nhé",3,0,0,0,0,0
"Theo như mình tìm hiểu thì đây là khu chợ dân sinh tập trung phục vụ nhu cầu chủ yếu cho người dân quanh vùng (khu tái định cư thuộc phường Trần Quang Diệu). Chợ này mới thành lập được tầm khoảng 10 năm trở lại đây thôi, quy mô diện tích không quá lớn nhưng nhờ được ban quản lý quy hoạch bài bản nên các sạp hàng, gian hàng nhìn rất gọn gàng và sạch sẽ. Mức giá cả đồ đạc ở chợ này theo kinh nghiệm đi chợ của mình thấy khá ổn áp, không bị chênh lệch cao hơn các chợ khác là bao. Chợ chỉ họp duy nhất vào buổi sáng thôi nha, tầm buổi chiều là đóng cửa nghỉ hết rồi.",0,0,0,0,0,5
"Góc review chuyến đi Quy Nhơn lịch trình 4 ngày 3 đêm tự túc. Ăn chơi xả láng tẹt ga ở Quy Nhơn tính ra hết tầm 5tr5 một người. Trong đó chi phí combo vé máy bay kèm phòng resort 4 sao cho 4n3đ mất khoảng 3tr. Khu resort nằm ngay sát mặt biển luôn nên view đỉnh chóp, tha hồ góc sống ảo check-in chụp hình lung linh. 🛑Khởi hành từ Hà Nội đi Quy Nhơn bay mất tầm 1 tiếng 30 phút là hạ cánh xuống sân bay Phù Cát. Bắt taxi di chuyển vào trung tâm thành phố Quy Nhơn tốn tầm 500k 🚖 cho quãng đường 33km. 🛑 Đợt này ở resort 4 sao Royal thấy rất ưng cái bụng vì bên trong tích hợp đầy đủ tổ hợp ăn chơi giải trí từ nhà hàng, quầy bar, quán cafe cho đến khu nghỉ dưỡng. Cực kỳ duyệt luôn nha mọi người. Ngoài ra ai đi thì có thể lên trang Travelkola để đặt trước phòng cho chủ động. 🚖🚖🚖 Về lịch trình di chuyển tham quan cụ thể: ⭐️⭐️Ngày đầu tiên: Do bay chuyến sớm nên tầm 9h sáng nhóm mình đã có mặt check-in tại resort Royal. Tranh thủ đi dạo chụp choẹt vài kiểu ảnh xung quanh rồi về phòng nghỉ ngơi. View ở resort này góc nào lên hình cũng bao đẹp nên tụi mình săn được kha khá ảnh xinh. Sau khi nhận phòng và ăn uống nghỉ ngơi buổi trưa, tầm chiều bọn mình di chuyển xuống khu ghềnh đá nằm cách resort Royal tầm 300m (chỗ này chính là nơi đặt phần mộ của nhà thơ Hàn Mặc Tử). Kế tiếp là thuê xe máy chạy qua tham quan Tháp Đôi vì vị trí cũng khá gần trung tâm TP Quy Nhơn (mỗi tội đen cái là lúc đi bị lạc đường nhầm hướng xíu :)) Buổi tối tụi mình ra quán Surf Bar ngồi, view ngắm biển đêm ở đây đẹp xuất sắc luôn nhé",0,0,4,0,0,0
"Mình chỉ chấm 2 sao cho sân bay này vì gặp phải trải nghiệm dịch vụ mặt đất của hãng hàng không CỰC TỆ, cụ thể là thái độ của dàn nhân viên trực tại quầy check-in của Vietnam Airlines vào ngày 19/02/2021 trong khung giờ từ 14h50 đến 16h50. Nhân viên ở đây làm việc mặt lầm lì, kiệm lời và thiếu chuyên nghiệp vô cùng. Khách đã cất công đến xếp hàng từ trước giờ mở quầy làm thủ tục, thế mà đến lượt check-in lại bị đẩy xuống tận hàng ghế cuối cùng với lý do hết chỗ ngồi đẹp. Trong khi đó, sân bay này lại không hỗ trợ hình thức làm thủ tục trực tuyến (online check-in) để hành khách có quyền tự lựa chọn chỗ ngồi trước trên hệ thống. Nói chung cả hành trình đi du lịch ăn chơi vui vẻ bao nhiêu, thì đến lúc bay về lại bị rước bực vào người ngay đoạn này. Hy vọng ban quản lý Cảng hàng không sẽ có biện pháp chấn chỉnh và can thiệp đến chất lượng nghiệp vụ của CON NGƯỜI ở đây. Xét về cơ sở vật chất thì sân bay mới xây nhìn đẹp đẽ, mức giá cho các dịch vụ bên trong ở mức chấp nhận được (giá đồ ăn, nước uống, đồ lưu niệm,... đều được niêm yết bằng với mức giá bán tại các cửa hàng ngoài sân bay nên ai ngại xách đồ cồng kềnh thì cứ vào hẳn trong này mua giá cũng y chang bên ngoài thôi).",0,0,0,0,2,0
"Khu di tích có tổ chức bán vé thu tiền đàng hoàng mà chất lượng dịch vụ vệ sinh thì bôi bác quá tệ, phòng vệ sinh không có giọt nước nào, cũng chẳng thấy có người đứng ra quản lý. Sẽ không bao giờ có chuyện quay lại đây lần hai",1,0,0,0,0,0
"Nhà hàng thiết kế nhìn rất lịch sự, đồ ăn chế biến siêu ngon, hải sản toàn hàng tươi sống khách có thể tự tay ra tận hồ bơi lựa chọn con mình thích rồi mới mang xuống bếp làm món, giá cả lại cực kỳ phải chăng hợp lý, các bạn nhân viên phục vụ chu đáo hết nấc. Ở đây còn có cả xe đưa đón khách tận nơi nữa nhé.",0,0,5,0,5,0
"Quán lúc nào cũng đông nghịt khách ra vào nhưng chất lượng món ăn theo mình thấy chỉ ở mức bình thường thôi. Giá cả thì không đắt, hải sản tươi ngon thật đấy cơ mà ai kỳ vọng khâu chế biến hải sản xuất sắc đậm đà như ở Đà Nẵng thì chắc chắn sẽ hụt hẫng nha. Mình đi ăn thử mấy quán quanh đây thì thấy hải sản làm ngon nhất là kiểu hấp thường hoặc nướng mỡ hành thôi. Riêng ở Quy Nhơn mấy món sốt nướng phô mai họ toàn chơi phô mai con bò cười nên ăn vị dở tệ lắm. Ghé quán hải sản Hải Sỹ này món mình ưng ý nhất lại là đĩa rau muống xào với bát canh ngao. Điểm trừ là dù nhân viên đông đảo nhưng tác phong lóng ngóng, hay bị quên order hoặc lên nhầm đồ của khách",3,0,3,3,0,0
"Mình đi dạo loanh quanh quanh khu này rồi ghé bừa vào để ăn trưa. Chất lượng dịch vụ ở đây thực sự tệ hại. Mình ngồi đợi mất mười phút mới thấy nhân viên mang menu ra hỏi muốn dùng gì. Mình gọi một suất thịt bò nướng kèm khoai tây chiên với một lon coca, tính ra tiền tầm khoảng 7 euro. Thế mà phải mốc mồm chờ hơn nửa tiếng đồng hồ đồ ăn mới được bưng ra, lúc ăn thì miếng thịt bò đã nguội ngắt rồi. Mình chấm cho 2 sao vì vớt vát được hương vị nêm nếm khá ngon miệng dù đồ ăn bị nguội lạnh. Đoán là xung quanh chắc chắn sẽ có nhiều địa điểm khác ăn trưa ổn áp hơn chỗ này.",0,0,0,2,0,0
"Hôm qua bố mình có chuyến về quê nên thay mặt cả nhà đi dự tiệc đám cưới con nhà cô hàng xóm. Chỗ này rất dễ bị nhầm lẫn với khách sạn Sài Gòn Quy Nhơn nên bà con đi nhớ chú ý nhìn kỹ bảng hiệu nha. Nhà hàng bố trí không gian tiệc cưới ở cả khu vực tầng hai lẫn tầng ba luôn. Diện tích sảnh khá rộng rãi cơ mà phần trần nhà thiết kế hơi thấp nên tạo cảm giác hơi bí bách, ngột ngạt. Bù lại khâu trang trí nhìn rất đẹp mắt, lung linh ánh đèn, hệ thống âm thanh ánh sáng phối hợp ổn, đoàn vũ công biểu diễn cũng rất chuyên nghiệp. Đồ ăn nấu nếm ăn ngon miệng, duy chỉ có vài món nướng làm chưa được ok lắm. Món thịt bò nướng giấy bạc bị khô khốc, còn món gà nướng mật ong thì gia vị chưa được thấm đều vào thịt. Đội ngũ nhân viên phục vụ thì không được nhiệt tình cho lắm, tác phong làm việc cứ lơ là, thiếu tập trung",0,3,0,3,0,0
"Khu chợ này bán đồ hải sản tươi ngon roi rói mà mức giá lại thuộc hàng mềm nhất ở Quy Nhơn luôn á. Có bạt ngàn các loại hải sản phong phú cho bạn tha hồ lựa chọn mua về chế biến.",0,0,0,0,0,5
"Tiếng động cơ xe máy gầm rú mỗi khi leo lên đoạn dốc nhìn chung hơi ồn ào một chút",0,2,0,0,0,0
"Các anh chị nhân viên lễ tân nhiệt tình hết nấc, nói chuyện lúc nào cũng vui vẻ, hay cười niềm nở tạo cảm giác cực kỳ thoải mái và thân thiện cho khách lưu trú, phòng ốc decor đẹp hết nước chấm luôn, không gian nhà vệ sinh dọn dẹp sạch sẽ láng bóng",0,5,5,0,0,0
"Hệ thống âm thanh của quán dở tệ hại, dàn nhân viên phục vụ thì tác phong làm việc thiếu chuyên nghiệp",1,0,0,0,0,0
"Nhà hàng hải sản Dương Râu được biết đến là một trong những địa điểm ẩm thực gu ruột cực kỳ được lòng khách du lịch mỗi khi có dịp đặt chân đến thành phố biển Quy Nhơn. Thực đơn của quán phải nói là siêu phong phú với bạt ngàn các món chế biến từ hải sản tươi ngon, chất lượng tuyệt hảo. Nhờ đội ngũ đầu bếp tài năng và giàu kinh nghiệm nên các món ăn mang ra đều mang hương vị tinh tế, hấp dẫn vô cùng. Đặc biệt, món cua tại Dương Râu luôn thuộc hàng best-seller được thực khách săn đón nhiệt tình, tiêu biểu như cua sốt trứng muối, cua rang me, miến cua, cho đến lẩu riêu cua… Các món hải sản khác ở đây cũng nhiều vô số kể luôn nha, gần như tất cả những loại hải sản phổ biến nhất đều có mặt đầy đủ trong menu. Nguồn nguyên liệu hải sản ở đây luôn đảm bảo độ tươi rói, ngọt thịt. Thích nhất là bạn có thể tận mắt nhìn thấy chúng đang tung tăng bơi lội ngay bên trong các bể nuôi của nhà hàng. Khi đến ăn, bạn chỉ cần chỉ tay lựa chọn xem muốn ăn con nào, chế biến theo vị gì là đầu bếp sẽ tiếp nhận và thực hiện nấu nướng ngay tại chỗ theo đúng yêu cầu của bạn luôn nè. Không gian quán thì siêu rộng rãi, thoáng đãng với kết cấu thiết kế chia làm 3 tầng lầu khác nhau, cực kỳ thích hợp để tổ chức các buổi tiệc tùng, liên hoan công ty hay hội họp gia đình. Đội ngũ nhân viên phục vụ ở đây thì siêu cấp thân thiện, dễ gần, tác phong chu đáo và nhiệt tình hết mình với khách. Mức giá cả của các món ăn đều được nhà hàng niêm yết công khai, minh bạch trên menu nên không bao giờ có tình trạng chặt chém khách du lịch. Xứng đáng nhận điểm 10 cho chất lượng món ăn và điểm 10 cho chất lượng phục vụ luôn bạn nhé.",0,0,5,5,0,0
"Trung tâm thương mại này bạt ngàn đồ xinh xẻo, mỗi tội giá hơi chát một tí, mình thích nhất là ghé đây để dạo bộ hóng mát và ăn uống sương sương",0,0,0,4,0,3
"Chủ quán ở đây cứ nhìn mặt khách du lịch là đè ra chặt chém dữ thần, hai đứa mình vào hỏi giá mà họ hét tận 50k một suất được đúng 2 cái bánh. Mình có thắc mắc sao bánh xèo ở đây đắt đỏ vậy vì mình cũng là người miền Trung, thế là người bán vừa cười nhạt vừa bảo bán mức giá này 2 năm nay rồi, thái độ trịnh thượng làm mình thấy không được tôn trọng nên đứng dậy bỏ đi luôn. Nói chung mọi người đi ăn nên cẩn thận củi lửa.",0,0,0,1,0,0
"Khu vực gửi xe máy chật chội bất tiện dã man vì có mỗi cái bãi nhỏ mà tận 3 khách sạn dùng chung, xe ai để sâu bên trong là phải tự thân vận động dắt ra, nón bảo hiểm treo ở ngoài không cất vào cốp là mất như chơi.",0,3,0,0,0,0
"Sân bay nằm cách xa trung tâm thành phố tầm 45 phút chạy xe, thuộc khu vực xã An Nhơn. Khuôn viên rộng rãi thoáng đãng, sảnh đi lại có hơi lộn xộn các hàng quán một chút nhưng tổng thể nhìn chung khá ổn. Điểm cộng là sân bay nhỏ, vắng vẻ nên làm thủ tục nhanh gọn lẹ, chẳng phải xếp hàng chờ đợi lâu kể cả vào dịp cuối tuần.",0,0,0,0,3,0
"Mua sắm online trên mạng có nhiều mức giá lựa chọn thì rất tiện rồi, cơ mà mình đã tốn bao nhiêu công sức mới mò ra được vị trí cửa hàng này. Mọi người đi nhớ chú ý đừng để bị lạc đường nhé!",0,0,0,0,3,0
"Chưa có gì thực sự bứt phá hay nổi trội, cơ mà mình thấy địa điểm này đang có những bước chuyển mình phát triển mới. Hy vọng thời gian tới ghé lại sẽ không làm mình thất vọng.",0,0,0,0,0,3
"Trong vòng một tuần tụi mình đã ghé ăn ở đây tận 2 lần gồm 1 bữa trưa và 1 bữa tối, chủ yếu vì vị trí thuận tiện cho khách lưu trú tại mấy khách sạn quanh đây. Cả hai lần ăn đều chung một thực đơn và định lượng như nhau chứ nhà hàng không thiết kế set ăn đặc biệt riêng cho buổi trưa hay buổi tối gì cả. Các món ăn cũng không hẳn là chuẩn vị ẩm thực Việt Nam truyền thống vì có sự pha trộn của một vài món nấu nướng ăn không được ngon.",0,4,0,2,0,0
"Đúng là một chuyến xe bão táp kinh hoàng. Tài xế phóng nhanh vượt ẩu kinh khủng làm mình ngồi trên xe mà run cầm cập. Phương tiện thì xuống cấp tồi tàn cũ kỹ, lúc hoảng quá nhắn tin khẩn cấp vào số hotline của hãng thì chẳng được phản hồi gì. Mình đang phải hạ mình năn nỉ tài xế chạy chậm lại đây. Ngồi ở băng ghế sau mà xe nó dằn xóc, rung lắc lộn nhào cả người. Chỉ cầu mong cho chuyến đi này nhanh chóng kết thúc an toàn.",0,0,0,0,2,0
"Khu vui chơi cho trẻ nhỏ làm ăn chán đời, máy móc trò chơi cái thì hỏng hóc, cái thì thả xu vào xong nằm im re không thèm hoạt động.",3,0,0,0,0,0
"Chuẩn địa chỉ rồi nha, siêu thị này có bày bán đầy đủ bánh mì và các loại thực phẩm tươi sống như thịt, cá, trái cây tươi cùng nhiều mặt hàng đồ gia dụng thiết yếu khác. (Vị trí ngay mặt tiền đường 31 tháng 3, nằm ở tầng 1 TTTM An Phú Thịnh nhé)",0,0,0,0,0,5
"Nhà hàng sở hữu không gian mở lộng gió kèm thực đơn món ăn khá phong phú. Cơ mà tụi mình gọi đồ ra thì nhà bếp lại làm sai món. Món tôm nướng BBQ vị không có gì đặc sắc và món thịt bò cũng chung số phận. Mang tiếng là một cơ sở chuyên về các món thịt bò mà chất lượng chẳng có gì nổi bật hay ho để khen ngợi cả. Đồ ăn chế biến cẩu thả, khâu decor trình bày món thì xấu xí, bôi bác. Hoàn toàn không để lại ấn tượng gì. Buồn cười nhất là bạn nhân viên phục vụ cứ tự ái cá nhân, thái độ ra mặt khi khách hỏi han góp ý về cách nấu nướng của anh ta. Ở đây bố trí nhân viên đứng nấu đồ ăn trực tiếp cho khách nhé.",0,0,2,2,0,0
"Nói một cách nhẹ nhàng nhất thì đồ ăn ở đây nhạt nhẽo vô vị, thực đơn nhàm chán mà giá rổ lại đắt đỏ quá đáng. Cách decor trình bày món nhìn ngớ ngẩn, kỳ cục hết sức. Thậm chí nhìn vào đĩa đồ ăn còn chẳng thể phân biệt nổi món đó gồm những nguyên liệu gì, chưa kể nhìn là biết ngay đồ ăn toàn chuẩn bị sẵn từ trước rồi đem hâm lại. Né gấp ra nhé mọi người!!!!",0,0,0,1,0,0
"Các bạn nhân viên phục vụ siêu nhiệt tình, hỗ trợ khách hàng hết mình luôn",0,0,5,0,0,0
"Ý tưởng concept của quán nhìn khá hay ho, mức giá cả cũng hợp lý. Thế nhưng hương vị của món ăn đã kéo tụi chất lượng dịch vụ lẫn trải nghiệm tổng thể của bữa ăn đi xuống hoàn toàn, đây là bữa ăn tồi tệ nhất của tụi mình từ trước đến nay. Nhớ đợt trước tụi mình bắt đầu hành trình tại Meat & Meet, cũng là kiểu quán buffet tự nướng đồ ăn cho mình, cơ mà hương vị món ăn lẫn chất lượng phục vụ ở bên đó tốt hơn gấp 1000 lần. Không gian bầu không khí tại Nhà hàng Bar Grill Garden này thì công nhận rất đẹp thật, cơ mà chỉ được mỗi cái mã thế thôi. Nếu bạn đam mê mô hình đồ nướng này thì thực sự nên tìm thử các địa điểm khác trong thành phố nhé :)",0,0,2,2,0,0
"Vị trí hơi xa trung tâm thành phố một chút nhưng mọi thứ ở đây đều rất tuyệt. Chất lượng dịch vụ ổn áp. Ngay tại chỗ có bày bán sẵn nhiều loại đặc sản tươi ngon của vùng Bình Định cho hành khách tiện mua mang lên máy bay. Không gian nhà chờ rộng rãi và mát mẻ lắm.",0,0,0,0,4,4
"Sân bay Phù Cát nằm cách trung tâm Quy Nhơn tầm 30km. Hồi trước đây là sân bay quân sự, sau này mới chuyển công năng sang phục vụ thương mại. Cách đây vài năm quy mô cảng khá nhỏ, chỉ khai thác các chặng bay nội địa. Còn hiện tại diện tích sân bay đã được mở rộng hoành tráng hơn, phục vụ thêm cả các chuyến bay quốc tế nữa. Khu vực cảng nhìn rất đẹp mắt, khang trang hơn hẳn sau khi được đầu tư xây dựng và trùng tu lại. Các quầy hàng bán đồ đặc sản niêm yết mức giá chấp nhận được, mà đồ ăn thì siêu ngon. Phải công nhận ẩm thực Bình Định cực kỳ đa dạng, ăn ngon tuyệt cú mèo luôn.",0,0,0,4,3,3
"Anh chủ tiệm tư vấn bán hàng nhiệt tình hết nấc. Món bánh hồng với bánh ít lá gai ở đây ăn ngon đỉnh chóp luôn. Anh chủ tư vấn có tâm dã man: bảo nếu chiều tối mai em mới bay thì trưa mai hãy ghé qua lấy bánh ít cho đảm bảo hàng mới ra lò ăn mới ngon, mẻ bánh đó sáng mai anh mới làm. Và đúng như lời anh nói, mang về bánh ăn mềm dẻo ai cũng khen nức nở. Chỉ tiếc là đợt này vác ít bánh hồng về quá. Bánh hồng vị ngọt thanh nhẹ nhàng, lớp bột trắng phủ bên ngoài ăn dẻo dẻo vui miệng thú vị lắm.",0,0,0,0,0,5
"Mọi người nên cân nhắc kỹ trước khi quyết định đến đây nhé. Mang tiếng là quán bar mà menu đồ uống pha chế chán đời chẳng khác gì mấy quán cafe bình thường, nhạc nhẽo thì tẻ nhạt và hoàn toàn không có ban nhạc biểu diễn nhạc sống. Điểm gỡ gạc duy nhất là có khu vực chỗ ngồi view sát rạt mặt biển thôi.",3,0,0,2,0,0
"Một tọa độ dừng chân ngắm cảnh check-in siêu đẹp luôn nha mọi người. - Điểm trừ là từ khu vực cổng vào bạn sẽ phải đi bộ leo cuốc bộ qua các bậc thang lên xuống tầm 200m thì mới tới được khu vực chính là quán cafe ngắm cảnh. Giá vé vào cổng là 40k một người lớn, trẻ nhỏ dưới 1m thì được miễn phí. - Quán cà phê bố trí ngay sát biển sở hữu view đỉnh chóp ngắm trọn làn nước trong xanh ngắt, kết hợp hài hòa với không gian núi non bộ đá cực kỳ hợp lý để chụp hình sống ảo. Mức giá đồ uống dao động tầm 50k một ly. - Ngay phía đầu cổng vào có thiết kế nhà hàng cho khách nghỉ ngơi ăn trưa, phục vụ theo kiểu gọi món lẻ hoặc cơm phần. Set cơm phần có giá 250k một khách, theo cá nhân mình thấy mức này khá đắt so với chất lượng đồ ăn mang ra, đĩa cá kho bé tẹo teo mà bắt chia cho tận 3 người ăn. Đi ngắm cảnh tầm buổi trưa nắng gắt chiếu thẳng vào đầu và leo bậc thang khá tốn sức mệt nhoài, lựa đi tầm buổi chiều mát mẻ chắc chắn sẽ ổn áp hơn nhiều.",5,0,3,4,0,0
"Mức giá rẻ rúng, hương vị món ăn nấu nếm ở mức chấp nhận được. Nếu bạn muốn ghé ăn thử cho biết hương vị ẩm thực địa phương thì có thể đến đây. Còn nếu đang tìm kiếm một cái gì đó thực sự xuất sắc để thỏa mãn vị giác của mình thì đây hoàn toàn không phải là địa điểm phù hợp đâu.",0,0,3,3,0,0
"Mình vào quán này ăn xong lúc ra tính tiền bị chém tận 105k cho 2 đĩa đồ ăn. Lát sau ra xe kể lại câu chuyện cho anh tài xế taxi nghe thì ảnh bảo do thấy là khách du lịch nên họ đè ra chặt chém đấy, nhiều người đi du lịch cũng phản ánh tình trạng y hệt vậy rồi 🙅🏻‍♀️🙅🏻‍♀️🙅🏻‍♀️ Sẽ không bao giờ có chuyện mình quay lại quán này lần thứ hai. Các bạn đi sau nên cẩn thận nhìn trước ngó sau nhé.",0,0,0,1,0,0
"Nhà hàng hải sản Hoàng Thao chất lượng dịch vụ rất là ok và không gian view đẹp nhé. Đúng là tọa độ dừng chân lý tưởng cho các bạn mỗi khi có dịp ghé thăm Eo Gió",0,0,5,0,0,0
"Đây là khu vực mua sắm và ăn uống gu ruột yêu thích nhất của mình tại Việt Nam, đợt này mình chọn lưu trú ngay phía đối diện bên kia đường tại khách sạn Ly Ly luôn cho tiện. Ở đây tập trung rất nhiều nhà hàng chất lượng với bạt ngàn sự lựa chọn ăn uống tuyệt vời luôn",0,0,4,0,0,0
"Mấy bạn nhân viên giỡn hớt đùa nghịch nhau rồi lỡ tay hất thẳng nước vào đầu và tay của khách. Đáng nói là nhân viên không thèm mở miệng xin lỗi khách hàng một câu, cũng chẳng thèm chủ động mang khăn lau hay bất cứ thứ gì ra để lau chùi dọn dẹp cho khách cả.",1,0,1,0,0,0
"Sau vài năm không ghé qua dùng bữa tại nhà hàng này thì hôm nay mình mới có dịp quay lại ăn trưa cùng một người bạn. Thật đáng buồn là chất lượng món ăn ở đây đã xuống dốc không phanh. Trong khi suất cá hồi của bạn mình chế biến ăn ngon miệng, thì đĩa thịt lợn cốt lết với món bánh creme brulee của tụi mình lại dở tệ. Thịt heo nấu quá lửa nên bị chín quá và khô khốc. Món bánh creme brulee thì kết cấu nát bét trông chẳng khác gì món trứng chưng, dẫu cho lớp đường caramel phủ phía trên làm khá ngon. Đĩa phô mai mang ra chất lượng cũng chỉ ở mức trung bình vì các loại phô mai ăn vị cứ na ná giống nhau, không có nét đặc trưng.",0,0,2,3,0,0
"Không gian buổi tối lộng gió mát mẻ, view thoáng đãng và decor đẹp lắm, dàn nhân viên phục vụ nhiệt tình. Mình đi đúng tối mùng 3 Tết lượng khách đông nghịt cơ mà các bạn vẫn thao tác nhanh nhẹn, linh hoạt. Điểm trừ duy nhất là đồ uống dở tệ không ngon chút nào, mức giá này chủ yếu là mua cái view sống ảo thôi chứ không phù hợp cho ai muốn đến thưởng thức nước uống ngon lành đâu :)",0,0,0,3,0,0
"Cửa hàng chuyên bày bán các loại đặc sản Bình Định, có đầy đủ từ bánh hồng, bánh ít lá gai, nem chua, chả lụa, tré cho đến bánh tráng dừa cùng đủ loại hải sản khô, tươi, hàng một nắng. Mẫu mã hàng hóa cực kỳ đa dạng mà giá cả lại phải chăng hợp túi tiền.",0,0,0,5,0,5
"Thấy trên mấy trang web review giới thiệu quán chè này ở Quy Nhơn là tọa độ nhất định phải thử một lần. Mình có gọi chè khúc bạch với sữa chua hạt đác về ăn thử thì kết quả thất vọng tràn trề hic. Cả hai món vị đều dở tệ, chẳng ngon lành gì cả. Thêm nữa không gian quán nhìn cũng chẳng có gì đẹp đẽ nên tụi mình quyết định xách đồ mang ra bờ biển ngồi ăn cho thoáng. Mấy bé nhân viên phục vụ nói chuyện thái độ cũng không được thân thiện cho lắm. Ăn thử một lần cho biết trải nghiệm vậy thôi chứ chắc chắn không bao giờ có chuyện quay lại ạ",0,0,0,2,0,0
"Chất lượng dịch vụ quá tồi tệ. Không bao giờ thèm bước chân lên xe của nhà xe Chơn Mỹ lần nào nữa",0,0,0,0,1,0
"Bước chân vào nhà hàng mà chẳng thấy có bóng dáng nhân viên nào ra đón tiếp, khâu phục vụ lên đồ thì chậm chạp lề mề, món ăn nấu nướng vị bình thường, không gian decor kiểu Nhật Bản thật đấy nhưng các món ăn mang ra chẳng có chút phong thái hay hương vị đặc trưng nào của ẩm thực Nhật cả. Nói chung là trải nghiệm chán ngán vô cùng",1,0,1,1,0,0
"Suất ăn buổi sáng theo đánh giá cá nhân của mình thì làm không được ngon miệng cho lắm",0,0,0,2,0,0
"Cơ sở vật chất phòng ốc hoàn toàn chưa xứng tầm chất lượng tiêu chuẩn 4 sao: phòng khách thiếu hẳn hộp đựng khăn giấy, không trang bị áo choàng tắm, quầy bar chỉ có độc 2 gói trà chứ không hề có sẵn cafe, hệ thống cách âm làm chưa tốt và bồn tắm cũng không thiết kế chỗ để đặt xà bông tiện lợi cho khách.",0,2,0,0,0,0
"Bày bán ngập tràn các loại đặc sản vùng miền địa phương. Mức giá bán ra tuy hơi cao một chút nhưng chất lượng đồ ăn nhận lại nhìn chung là ổn ổn chấp nhận được",0,0,0,0,0,5
"Nhà xe này làm ăn lươn lẹo, hoàn toàn không có chút uy tín nào, mọi người ai có ý định đặt vé xe bên đây thì nên cân nhắc suy nghĩ thật kỹ nhé. Mình có gọi điện đặt lịch xe đi Đà Lạt chuyến 12h trưa, tổng đài báo là 11h30 sẽ cho xe trung chuyển qua đón tận nơi, thế rồi tầm tầm 11h30 nhà xe lại gọi điện báo xe xuất phát trễ nên hẹn lùi lại tầm 12h30 xe mới qua rước. Rốt cuộc mình và người nhà ngồi ôm đồ chờ đợi mốc mồm đến tận 12h45 vẫn tịnh không thấy bóng dáng xe đâu, hoảng quá gọi lại vào số hotline của nhà xe thì cứ đổ chuông miết chứ tuyệt nhiên không một ai thèm bắt máy nghe lời giải thích. Bắt cả gia đình người ta ngồi chờ trực trong sự ức chế, bực bội tột cùng mà không nhận được một câu trả lời thỏa đáng, làm lỡ hết sạch sành sanh các kế hoạch dự định công việc ban đầu của cả nhà. Lần đầu tiên trong đời mình mới va phải một nhà xe có cách cư xử vô văn hóa, coi thường khách hàng như cái rẻ rách, kinh doanh vô trách nhiệm không xem khách ra gì. Giả sử phương tiện xe cộ hay tài xế có gặp trục trặc vấn đề gì đột xuất dọc đường thì cũng phải chủ động gọi điện thông báo một tiếng để khách hàng còn biết đường xoay xở xử lý, đằng này mất hút con mẹ hàng lươn, khách gọi cháy máy thì không thèm bắt máy nghe, chẳng có lấy một lời giải thích phân trần. Mọi người đặt xe đi lại thì nhớ né gấp cái tên nhà xe Lạc Hồng này ra nhé.",0,0,0,0,2,0
"Ngay từ đầu chuyến đi xe buýt đã bỏ sót điểm đón tại khách sạn của chúng tôi, làm hành trình bị chậm mất 20 phút",0,0,0,0,1,0
"Mấy người ở phòng khác ý thức kém dã man, thức muộn rồi mà vẫn oang oang buôn chuyện với cười đùa ầm ĩ, làm nhóm mình khó chịu không ngủ nổi.",0,1,0,0,0,0
"Xét về mặt bằng chung của thị trường đồ Mẹ và Bé tại Quy Nhơn thì cửa hàng này bán giá hạt dẻ hơn hẳn, nhân viên lại tư vấn rất có tâm, duyệt nhé.",0,0,0,0,0,4
"Một tọa độ tham quan, nghỉ mát cực kỳ lý tưởng ở Quy Nhơn thời điểm này. Bạn chỉ việc chạy xe qua hết cầu Thị Nại (hướng từ thành phố sang khu kinh tế Nhơn Hội) là sẽ bắt gặp khu du lịch nằm ngay phía tay phải luôn. Kinh nghiệm là nên lựa những ngày thường chứ đừng đi dịp lễ Tết để săn được những góc ảnh lung linh nhất mà không phải chật vật né người do quá đông đúc. Vé vào cổng ngày thường để đi dạo, ngắm cảnh siêu rẻ (chỉ 50k một người thôi), còn ai muốn chơi trò chơi bên trong thì mua thêm vé lẻ tùy nhu cầu. Ở đây tích hợp sẵn cả nhà hàng lẫn khu ăn uống nên mọi người không cần lo chuyện đi tìm chỗ ăn hay phải lỉnh kỉnh tay xách nách mang cả mớ đồ ăn theo làm gì. Chỗ này đảm bảo các cặp đôi đi du lịch sẽ mê mệt vì có bạt ngàn homestay lưu trú qua đêm mà view sống ảo thì đẹp miễn bàn luôn nhé!",5,5,5,5,0,0
"Ly Mojito ở đây uống chẳng khác gì nước chanh không đường. Vị nồng của rượu Rhum gần như mất hút, chỉ thoang thoảng chút xíu gọi là cho có. Chắc do thợ pha chế lắc không đều tay hay sao á, chỗ thì toàn mùi rượu, chỗ thì chua loét chua lơ. Đã vậy quán không đưa kèm muỗng, dùng cái ống hút khuấy mãi không đều nên đành bất lực chịu trói, vì nhân viên vừa bưng nước ra là đưa bill bắt thanh toán tiền luôn rồi. Mình lại ngồi ở góc khá xa quầy bar nên thôi lười chẳng buồn đổi nữa. Sang đến ly sinh tố xoài thì ôi thôi... chua điên đảo luôn 🤣 Vớt vát lại được đúng cái view biển lộng gió với đèn trang trí lung linh. Khuyên mọi người vào đây cứ chọn mấy món an toàn như nước ngọt đóng lon mà gọi cho chắc ăn nha :))))",0,0,0,1,0,0
"Mặt hàng gì cũng có, đầy đủ đồ đạc mà mức giá lại rất phải chăng, hợp túi tiền",0,0,0,0,0,5
"Bạn nam lễ tân tiếp đón khá vui vẻ, cơ mà khâu hướng dẫn đỗ xe thì chưa được chuẩn xác. Đáng nói là một người khác hình như trực ca đêm lại có thái độ thiếu thân thiện, nói năng cộc lốc khi thấy mình đậu xe chưa đúng vị trí (trong khi thực chất là mình đang đỗ theo đúng chỉ dẫn của bạn nam lễ tân ca trước), mỗi người bảo một kiểu làm khách quay như chong chóng. Điểm bất tiện là không gian bãi đỗ xe không có, cơ mà cái này đã thông báo rõ trên trang booking từ trước rồi nên mình không trừ điểm.",0,3,0,0,0,0
"Không gian rộng lớn, thoáng đãng, hệ thống xử lý chất thải vận hành tốt, quy tụ tương đối nhiều gian hàng mua sắm, có cả khu vui chơi giải trí và rạp chiếu phim hiện đại, riêng khu ẩm thực ăn uống thì hơi nghèo nàn tí. Trung tâm thương mại nằm ngay vị trí đắc địa giữa lòng thành phố nên rất thuận tiện đi lại, bãi đậu xe cũng rộng rãi thoải mái. Cực kỳ ưng ý luôn",0,0,0,0,0,4
"Hoàn toàn không đáng đồng tiền bát gạo chút nào, đi ngắm san hô ngồi thuyền có 15 phút mà đè ra thu thêm 50k một người, ai thần kinh yếu là say sóng lộn nhào luôn á",2,0,0,0,0,0
"Đợt cuối tháng 6 vừa rồi, gia đình mình có chuyến nghỉ hè tại Quy Nhơn và chọn lưu trú ở Flora Hotel. Nhìn từ bên ngoài quán khá khang trang, mới mẻ, khu vực tầng trệt rộng rãi dư sức chứa các dòng xe du lịch gia đình từ 4 đến 16 chỗ ngồi. Do nhà mình đã đặt phòng trước qua mạng nên khâu làm thủ tục check-in diễn ra nhanh chóng, gọn lẹ. Mình book tổng cộng 2 phòng gồm 1 phòng bốn người và 1 phòng đôi, cảm quan ban đầu là phòng ốc mới tinh, dọn dẹp sạch đẹp và ngăn nắp. Có điều sàn các phòng đều lát bằng gỗ nên khi đi chân trần cứ thấy có cảm giác ẩm ẩm, dính dính hơi khó chịu chút. Phòng 4 người mà bố trí có độc 2 ổ cắm điện, hơi thiếu thốn vì đi chơi cả ngày về ai cũng có nhu cầu sạc thiết bị. Mình còn gặp sự cố bực mình với cái vòi xịt nước trong nhà vệ sinh, vừa bấm xài phát là nó bị kẹt cứng ngắc làm nước chảy xối xả liên tục, phải tận hai người vừa đè vừa đẩy mạnh mới chịu ngắt. Khâu ăn uống buffet sáng thì chất lượng ở mức tạm ổn chứ không khen ngon được, nước mắm pha vị sai quá sai, chắc tại khẩu vị của người dân Quy Nhơn họ chuộng thế. Món duy nhất mình nuốt trôi và thấy ngon là bánh ít trần vì món này ăn trực tiếp không cần chấm nước mắm. Bữa sáng ngày đầu mình chọn uống nước cam cơ mà nói trắng ra nó là nước đường pha phẩm màu cam. Sang sáng ngày thứ hai đổi qua nước chanh thì rót ra chẳng dám đụng môi vì thấy lẫn đầy cặn sữa đậu nành bên trong, kiểu như nhân viên chỉ tráng qua cái bình đựng nước chứ không thèm cọ rửa cái vòi nên mảng bám sữa cũ nó đóng đóng lại rồi trôi ra. Dàn nhân viên ở đây phục vụ rất thân thiện và nhiệt tình, mỗi tội mình thấy số lượng người làm bị thiếu hụt nên cứ đến giờ ăn buffet là các bạn chạy đôn chạy đáo bay điên cuồng nhìn mà phát mệt. Hy vọng phía Flora sẽ tiếp thu xem xét lại các vấn đề trên để dịch vụ ngày một hoàn thiện và phát triển hơn, dẫu sao cũng cảm ơn khách sạn đã góp phần cho chuyến đi của nhà mình có thêm trải nghiệm thú vị.",0,3,0,2,0,0
"Cửa hàng cập nhật mẫu mã cực kỳ đa dạng, bạt ngàn chủng loại, các bạn nhân viên tư vấn chi tiết dã man lại rất đúng nhu cầu của khách, mình đã chốt đơn đồ ở đây và ưng ý hết nấc, chắc chắn sẽ ủng hộ shop lâu dài.",0,0,0,0,0,5
"Một trung tâm mua sắm trên cả tuyệt vời! Ở đây thậm chí còn phục vụ cả mấy món ăn chuẩn vị Tây như mì Ý pasta thực thụ các thứ luôn nữa cơ.",0,0,0,0,0,5
"Tìm đến ăn thử vào ngay ngày đầu tiên đặt chân đến Hà Nội. Vị không xuất sắc ngon lành như lời đồn thổi đâu. Nói chung chất lượng ăn cũng tạm ổn. Đem so với mặt bằng các quán xá khác ở Hà Nội thì không có gì nổi trội lắm. Bù lại có món nem cua bể làm khá là ngon miệng.",0,0,0,3,0,0
"Hàng hóa muôn hình vạn trạng, bạt ngàn mẫu mã, cơ mà mức giá thành sản phẩm ở đây bị đẩy lên Cao quá, thế nên mọi người cần phải có sẵn kinh nghiệm mặc cả, trả giá nhiệt tình thì mới mua được đồ tốt đúng giá nhé",0,0,0,0,0,3
"Mặc dù mình vẫn chưa chốt đơn đặt bánh ở đây bận nào cơ mà shop đã tư vấn hỗ trợ cực kỳ nhiệt tình rồi, mình rất thích cách làm việc này",0,0,5,0,0,0
"Mong cho tiệm ngày một phát triển mạnh mẽ và buôn bán thật phát đạt nhé. Hẹn một ngày không xa sẽ ghé lại quán ủng hộ tiếp.",0,0,5,0,0,0
"Bán chém giá chát chúa trên trời mà chất lượng trà sữa lại tầm thường vô cùng, vị nhạt nhẽo thua xa mấy quán trà sữa khác ở Quy Nhơn như bên Bobo chẳng hạn, mức giá thì đắt đỏ hơn cả Gong Cha hay Phúc Long trong khi hai thương hiệu lớn đó uống ly nào là chất lượng ly đó đáng đồng tiền bát gạo liền, còn quán này uống xong mà tiếc tiền đứt cả ruột vì chất lượng hoàn toàn không xứng đáng",0,0,0,1,0,0
"Hệ thống thang máy cần phải được tiến hành kiểm định lại ngay đi (mình ngó thấy giấy chứng nhận kiểm định đã hết sạch hạn dùng rồi).",0,2,0,0,0,0
"Cảnh báo cho ai đi công tác mà có ý định đặt phòng lưu trú tại khách sạn này thì xác định tinh thần là không bao giờ được họ xuất hóa đơn đúng với số tiền thực tế đã chi trả đâu. Gửi email phản hồi cho khách sạn thì bặt vô âm tín không thèm trả lời, gọi vào cả 3 số điện thoại đường dây nóng thì thuê bao chẳng được số nào hết.",0,1,0,0,0,0
"Mấy cô buồng phòng qua dọn dẹp phòng ốc buổi sáng cho mình làm thao tác rất nhanh nhẹn, cơ mà mình thấy lau chùi quét dọn vẫn chưa được sạch sẽ cho lắm",0,3,0,0,0,0
"Khách sạn này mức giá thuê phòng khá ok, nhân viên phục vụ cũng thân thiện, dễ mến cơ mà mình cực kỳ ức chế một điều là: trước giờ trả phòng mình đã chủ động gom góp hành lý kỹ càng không sót một thứ gì, chỉ để lại mỗi cái điện thoại ở quầy đang cắm sạc và luôn tự dặn lòng tí ra về phải rút mang theo (do tính mình hay quên), ấy thế mà lúc ra về vẫn quên thật. Chạy xe đi được tầm 3km thì mới sực nhớ ra nên liền gọi điện về nhờ khách sạn kiểm tra lấy giùm, vậy mà bên lễ tân check đi check lại báo 2 bận đều bảo tìm không thấy trong khi mình khẳng định 100% bộ sạc vẫn nằm nguyên ở góc đó. Bực dọc găm trong lòng đến tận bây giờ dù sự việc đã qua hơn 1 năm trời, mình vẫn chưa tìm mua lại được cục sạc zin theo máy. Cứ mỗi lần cắm sạc điện thoại vào pin lâu là lại nghĩ đến chuyện cũ rồi thấy giận lây (tính mình gì mà thù dai dẳng quá). Thế nên vừa rồi có dịp đi chơi chung với một nhóm bạn đông người, mình quyết tâm bàn ra bằng được để cả đám quay xe chọn khách sạn khác luôn. Đúng là một trải nghiệm nhớ đời của mình.",0,3,0,0,0,0
"Bạt ngàn các loại đồ đạc vật dụng có thể tìm mua ở chỗ này, mức giá cả lại phải chăng hợp ví tiền",0,0,0,0,0,5
"Mình mới ghé ăn thử mấy món bánh xèo nhân thịt bò, bánh xèo tôm đất với cả bánh ít, bánh hồng ở đây",0,0,0,3,0,0
"Chém giá chát chúa kinh khủng, một combo gồm 4 món: cái chuông gió nhỏ, 2 miếng lót cốc mây size nhỏ, cái quạt đan tay nhỏ với cái phin pha cafe bằng sứ có in chữ Sai Gon mà mụ bán hàng hét giá tận 1.200.000đ. Mình thấy đắt đỏ quá đáng nên bảo thôi không mua nữa, bảo em lấy độc cái quạt đan thôi thì mụ báo giá 100.000đ. Mình đưa tờ 200.000đ, mụ bán hàng nhất quyết găm tiền không chịu thối lại tiền thừa, cũng chẳng cho mình bước chân đi luôn. Kiểu thái độ ăn cướp, bắt chẹt khách bằng được là phải mua hết đống đó thì mới cho đi ấy.",0,0,0,0,0,2
"Có vẻ như ban quản lý ở cơ sở này làm việc không sao sát, bỏ bê khâu giám sát nên dàn nhân viên phục vụ tác phong không được chu đáo, tận tình với khách gì cả.",2,0,0,0,0,0
"Ghé quán vào dịp nghỉ lễ lượng khách đông nghịt, vào ngồi mốc mồm cả tiếng đồng hồ mà tịnh không có một bóng dáng nhân viên nào ra ngó ngàng hỏi thăm. Mình có chủ động gọi gọi order vài bận thì họ cũng vâng dạ cho qua chuyện rồi lặn mất tăm mất tích luôn. Bực quá đi thẳng vào trong khu vực quầy pha chế để mượn menu thì tay quản lý mới ngớ người ra hỏi nhân viên menu đâu hết rồi, đứa nhân viên thì bảo hết sạch rồi. Khâu quản lý vận hành của quán quá tệ hại dẫu cho số lượng nhân viên phục vụ đứng ở đó rất đông.",0,0,0,1,0,0
"Bị trễ mất giờ nhận phòng lưu trú do khâu dọn dẹp phòng ốc của nhân viên làm quá lề mề. Đến cái khăn tắm xin từ đời tám hoánh nào mà bắt khách đợi rõ lâu mới thấy mang lên",0,3,0,0,0,0
"Đồ ăn ở đây vị chỉ ở mức tạm ổn thôi, cân 1kg ghẹ tươi tính giá 400k, đĩa mực bưng ra nhai dai nhách mà lại chẳng có vị ngọt tự nhiên gì hết giá 200k, món sứa nước lèo ăn dở tệ mà cái nồi thì bé tí tẹo giá tận 320k tính ra nhà mình đi 5 người chia nhau mỗi người được đúng một chén là hết sạch, đĩa nghêu con nào con nấy to đùng thì chém 150k một tô. Bát canh cải ngọt thôi cũng tính giá 80k rồi. Xét về khẩu vị món ăn thì chẳng có gì nổi bật hay sắc sảo cả, đã vậy thực đơn lại không thèm niêm yết giá rõ ràng nên khuyên chân thành các bạn vào ăn phải hỏi giá kỹ trước khi gọi món nha. Chứ theo cảm nhận của mình thì mức giá ở đây chát chúa quá trời.",0,0,0,1,0,0
"Điểm trừ là ở đây không thiết kế phòng chờ lắp máy lạnh nên không gian hơi ngột ngạt, nóng bức. Bù lại xe chạy chuẩn giờ giấc, giúp hành khách căn chuẩn thời gian để kịp lên máy bay. Giá vé xe dao động tầm 50k một khách, tính ra nếu đi nhóm nhỏ lẻ tầm 2-3 người thì khá ok, chứ nếu đi đoàn đông người thì tốt nhất nên chủ động bắt taxi di chuyển cho thoải mái, tiện lợi hơn nhiều.",0,0,0,0,3,0
"Đồ hải sản tại nhà hàng ăn tươi rói dã man và mang đậm hương vị đặc trưng của vùng biển Quy Nhơn. Món thịt bò nhập khẩu chế biến cũng rất ổn áp. Mình cực kỳ kết gu vị ẩm thực ở đây và nhất định sẽ quay lại quán ủng hộ nếu có dịp ghé qua Quy Nhơn nhé :) Hương vị tuyệt vời!",0,0,5,5,0,0
"Cửa tiệm này hồi trước có thiết kế một lối đi cửa sau thông thẳng sang bên trung tâm thương mại cơ mà hiện tại đã bị bít lại rồi, thành ra cảm giác không gian có phần hơi chật chội hơn một chút, thế nhưng số lượng đầu sách bày bán ở đây vẫn bạt ngàn vô kể nha nên mọi người cứ yên tâm ghé qua lựa chọn nhé.",0,3,0,0,0,0
"Nhóm mình có ghé vào dùng bữa tại nhà hàng này trên đường di chuyển ra sân bay. Do đi theo đoàn đông người nên tụi mình sử dụng set menu cố định đặt trước, cơ mà mình có ngó qua quyển thực đơn của quán thấy thiết kế rất đẹp mắt, chỉn chu. Menu đồ rượu cũng nhiều sự lựa chọn chất lượng. Các món ăn dọn ra món nào món nấy đều ăn ngon miệng, chất lượng dịch vụ tốt, đặc biệt là ly cà phê pha chế cực kỳ đậm đà. Tiếc là đợt này không có nhiều thời gian dư dả để nếm thử thêm các món khác trong menu.",0,0,5,5,0,0
"Lần đầu tiên đặt chân vào siêu thị này thấy không gian rộng rãi dã man, bạt ngàn đồ đạc hàng hóa mà giá cả lại rẻ nữa. Cơ mà có chút bực mình là lúc thanh toán bạn nhân viên thối thiếu mất của mình 100k tiền thừa do lúc đó mình chủ quan không đứng đếm lại. Bước chân ra khỏi cửa siêu thị rồi mới sực nhận ra. Số tiền thì chẳng đáng là bao đâu cơ mà tự dưng vẫn thấy có chút hụt hẫng, mất vui 😂",0,0,0,0,0,3
"Không gian phòng ốc hơi bí bách và thiếu ánh sáng, khu vực hồ bơi thì diện tích quá chật hẹp cảm giác xây ra chắc chỉ để cho trẻ con nghịch nước hoặc chụp hình check-in sống ảo thôi chứ không có giá trị sử dụng thực tế là bao, nhà hàng ăn uống trong khuôn viên thì đóng cửa không hoạt động... Nhìn chung với mức giá tiền bỏ ra như vậy thì chất lượng nhận lại thế này là hoàn toàn phù hợp rồi.",0,3,0,0,0,0
"Chất lượng dịch vụ siêu tệ hại. Tối hôm qua xe mình bị xịt lốp ghé vào tiệm vá, lúc chưa làm thì bánh vẫn còn chút hơi gượng chạy tiếp được, thế mà lão thợ luống cuống vá víu xong làm hỏng bét bắt mình phải thay luôn cả vỏ lẫn ruột mới. Đã vậy khâu vá xe thì làm cẩu thả qua loa, trong khi xe mình mang đi sửa mà lão cứ mở miệng nài ép bảo mình lên mạng đánh giá 5 sao cho dịch vụ cho thuê xe của lão mới chịu. Kết quả sửa xong đi làm được một đoạn lại hỏng tiếp, làm mình phải dắt bộ con xe hơn 7 cây số giữa trời nắng chang chang buổi trưa. Mong chú làm nghề thì có cái tâm một xíu đi.",0,0,0,0,2,0
"Sân bay Phù Cát được biết đến là một cảng hàng không lưỡng dụng tọa lạc tại địa bàn huyện Phù Cát, tỉnh Bình Định, thuộc khu vực miền Trung Việt Nam. Cảng hàng không này hiện do Tổng công ty cảng hàng không Việt Nam quản lý dưới sự giám sát của Cục Hàng không Dân dụng Việt Nam. Tính riêng trong năm 2019, nơi đây đã phục vụ đón tiếp khoảng 1.6 triệu lượt hành khách ra vào. Hiện tại, sân bay đã mở rộng khai thác thêm nhiều tuyến đường bay thẳng nội địa và dư sức tiếp nhận hạ cánh cho các dòng máy bay tầm trung như Airbus A321.",0,0,0,0,3,0
"Món ăn ở đây nấu ngon miệng lắm nha, mình có thử bánh xèo nhân thịt bò với nhân tôm thấy cực ưng bụng. Các món đều được đầu bếp chế biến nóng hổi tại chỗ từ nguồn nguyên liệu chất lượng tốt. Nhân viên giao tiếp bằng tiếng Anh tuy chưa mượt mà lắm nhưng nhìn chung vẫn hiểu ý khách, không gặp vấn đề gì lớn. Mức giá cả có thể hơi nhỉnh hơn một chút so với mặt bằng những nơi khác cơ mà mình thực sự khuyến khích mọi người nên ghé qua đây ăn thử nhé",0,0,5,5,0,0
"Trải nghiệm đi dạo mua sắm đồ đạc quanh khu chợ này thực sự rất tuyệt vời. Bạn hãy thử nán lại vài giây ghé vào xem để có một buổi trải nghiệm thú vị nhé.",0,0,0,0,0,5
"Không gian quán mát mẻ, dễ chịu, chất lượng dịch vụ cũng tốt. Cơ mà có một điểm vô lý đùng đùng là khách vào quán uống nước đã trả tiền nước sòng phẳng rồi, thế mà lúc ra về lấy xe lại bắt đè ra thu thêm tiền giữ xe ngay trước cửa quán nữa. Hazz... khó hiểu thực sự.",0,0,0,2,0,0
"Mình cực kỳ thích không gian kiến trúc của cơ sở này và các món ăn ở đây làm thực sự rất ngon miệng. Chất lượng dịch vụ nhìn chung tốt và nhân viên phục vụ rất chu đáo, tận tình. Mặc dù mức giá cả có hơi đắt đỏ thật nhưng chất lượng đồ ăn nhận lại hoàn toàn xứng đáng đồng tiền bát gạo. Tuy nhiên, điểm trừ bự nhất khiến mình lấn cấn với nơi này là không gian quán quá ồn ào một cách vô lý. Mình hoàn toàn không có định kiến gì với các vũ công múa bụng, thậm chí điều đó còn tạo nên nét độc đáo riêng cho quán, cơ mà âm lượng dàn nhạc bật vào buổi tối to đùng một cách kinh khủng chịu không thấu. Mình sẽ chọn quay lại địa điểm này vào khung giờ ăn trưa thôi, chứ thực lòng mong quán xem xét hạ bớt âm lượng loa đài trong lúc biểu diễn múa bụng đi, vì lý do cốt lõi khách hàng đặt chân đến đây là để thưởng thức đồ ăn ngon và tận hưởng một bữa tối vui vẻ ấm cúng, chứ bật nhạc to tổ bố thế này chỉ khổ cho màng nhĩ của khách thôi.",5,0,1,4,0,0
"Hôm làm thủ tục nhận phòng xong tụi mình di chuyển lên tầng để vào phòng thì đập vào mắt là một nhóm nhân viên nam đang ngồi tụ tập ngay trước cửa phòng bọn mình, chưa kể có một cậu nam còn vừa lững thững bước ra từ bên trong phòng của tụi mình (nhìn kiểu như vừa mới đi vệ sinh ké ở trong đó ra), thấy khách đến nhận phòng mới lật đật đứng dậy giải tán sang phòng khác để nhường chỗ cho bọn mình vào. Nói thật nếu va phải những vị khách khó tính là họ đã làm ầm lên đòi đổi phòng mới ngay lập tức rồi, vì phòng ốc bàn giao cho khách rõ ràng là chưa được quét dọn dẹp sạch sẽ đúng tiêu chuẩn yêu cầu. Cơ mà thôi, đợt này đang mùa dịch dã vắng vẻ khách khứa nên tụi mình cũng mắt nhắm mắt mở cho qua, không khắt khe làm khó dễ làm gì.",0,3,0,0,0,0
"Điều đầu tiên cần lưu ý, đây là tọa độ dừng chân tập trung chủ yếu dành cho dân du lịch bụi phượt ba lô là chính. Thế nên nếu bạn không thích không gian náo nhiệt hay tụ tập cùng hội khách Tây ba lô thì tốt nhất đừng nên chọn đến nơi này làm gì.",1,0,0,0,0,0
"Món bánh bèo ở đây bày bán mức giá quá đắt đỏ so với giá trị thực tế nhận lại. Ở Quy Nhơn bạt ngàn các hàng quán ăn bình dân vỉa hè lề đường mà chất lượng nấu nướng ăn ngon nuốt lưỡi luôn, chẳng việc gì phải tốn tiền ghé vào chỗ này làm chi cho phí tiền.",0,0,0,2,0,0
"Do đang trong giai đoạn mùa dịch dã nên phía khách sạn có chủ động cắt giảm bớt nhiều hạng mục dịch vụ tiện ích, đối với cá nhân mình thì điều này hoàn toàn ok chấp nhận được vì phần lớn thời gian mình đi chơi suốt chứ không ở lại phòng khách sạn quá nhiều.",0,3,0,0,0,0
"Mình đã từng đi du lịch trải nghiệm qua rất nhiều vùng miền dọc khắp Việt Nam, đối với mình thì cảnh sắc thiên nhiên và lòng hiếu khách của con người luôn là hai yếu tố cốt lõi quyết định ấn tượng sâu đậm để du khách nhớ mãi về mảnh đất họ từng bước chân qua. Thế mà cái nhà hàng này lại đem đến cho mình một ấn tượng cực kỳ tồi tệ với cung cách làm việc vô trách nhiệm không thể nào chấp nhận nổi. Mình đã cẩn thận liên hệ đặt bàn trước theo đúng menu thực đơn cho đoàn đi gồm 7 mâm cỗ chu đáo từ tối hôm trước, thế rồi tầm 9h sáng hôm sau gọi điện lại để check lại cho chắc ăn (vì mình thừa biết đợt này Quy Nhơn đang đông nghịt khách du lịch nên rất dễ xảy ra sơ suất hụt phòng) thì bên nhà hàng thản nhiên báo một câu xanh rờn là em hủy không nhận đoàn của chị nữa. Nghe xong mà sốc toàn tập, đứng hình luôn!",0,0,0,1,0,0
"Chất lượng đồ uống nếu đem so sánh với mặt bằng chung các thương hiệu trà sữa quy mô nhỏ lẻ tại Quy Nhơn thì cơ sở này làm khá tốt. Phần lớn mấy quán cỏ quanh đây toàn nồng nặc mùi hương liệu hóa chất cơ mà trà sữa ở đây uống thấy vị khá tự nhiên, không bị tình trạng đó. Tất nhiên nếu bảo mang đi cân đo đong đếm với mấy hãng trà sữa nhượng quyền lớn của Đài Loan thì không cửa nào so lại rồi. Không gian quán diện tích hơi nhỏ chật một chút cơ mà khâu trang trí nhìn sạch sẽ, bố trí chỗ ngồi ổn áp. Duy chỉ có thiết kế lối cửa ra vào bị hẹp quá, mỗi lần đi lại mà đụng phải nhóm khách đang đứng xếp hàng order nước là thấy rất khó chịu, vướng víu. Thêm một điểm mình muốn góp ý thẳng thắn cho quán là lượng đá bỏ vào ly quá nhiều so với giá tiền, dẫu biết mức giá cho size lớn nhìn qua thì hợp lý thật đấy cơ mà hút được vài ngụm là hết sạch do toàn đá là đá, tính ra thành ra chẳng rẻ rúng tí nào, thà rằng quán chủ động làm size ly nhỏ lại mà chất lượng nước cốt đậm đặc đầy đặn hơn thì khách còn thấy dễ chịu, thoải mái hơn.",0,0,0,2,0,0
"Mình chỉ mua đồ ở đây đúng một lần duy nhất và thề không bao giờ có chuyện quay lại lần thứ hai. Giá cả bán đắt đỏ ở Quy Nhơn thì mình tạm bỏ qua không thèm chấp đi. Vấn đề cốt lõi là bạn nhân viên đứng quầy không thèm giải thích giải trình rõ ràng cho khách biết quán đang sử dụng loại trân châu nào, làm mình xách nước về nhà uống xong cứ thắc mắc mãi với bạn admin trang fanpage là sao topping không phải loại trân châu truyền thống như bình thường. Đáng nói là bạn admin còn nhắn tin giọng mỉa mai, kháy đểu mình kiểu đáng lẽ ra khách hàng phải tự đi mà mở miệng hỏi quán xem đó là trân châu gì chứ. Ủa alo vậy sinh ra vị trí nhân viên thu ngân đứng order với bạn làm trực tiếp giao nước uống cho khách để làm cảnh à? Sao phía cửa hàng không tự động mở lời giới thiệu menu cho khách biết để tránh tình trạng nhầm lẫn đáng tiếc. Hoặc biết đâu góc độ khách hàng họ hiểu đúng nhưng cách đặt tên gọi các loại thạch giữa quán và khách có sự khác nhau thì sao chứ??? Chất lượng nước uống pha chế thì ở mức tạm ổn, ngoại trừ khâu chăm sóc hậu mãi của quán quá dở tệ hại. Vớt vát lại được điểm cộng không gian quán nhìn được, khu vực ngồi chờ rộng rãi thoáng mát, nhân viên làm việc khá dễ thương và chú bảo vệ thì hiền lành. Chỉ có thế thôi!!!",0,0,0,2,0,0
"Khu vực phòng chơi bi-a không khí hơi ngột ngạt và nóng bức, chắc tại do lâu ngày không có ai lên chơi nên khâu dọn dẹp vệ sinh, chăm chút phòng ốc bị bỏ bê không được quan tâm chu đáo.",0,0,0,2,0,0
"Mình có đặt một chiếc pizza nhân xúc xích size 26cm cơ mà lúc nhận hàng ship đến lại là cái bánh pizza bé tí size 20cm, đã vậy phía trên còn rải vài miếng thịt màu xám ngoét ăn thử vị dở tệ hại kinh khủng. Sẽ không bao giờ có chuyện mình phí tiền quay lại đây thêm một bận nào nữa. Thực sự thất vọng toàn tập về cách làm ăn của nhà hàng này.",0,0,0,1,0,0
"Chất lượng nước uống dở tệ, dàn nhân viên phục vụ nghiệp vụ quá kém cỏi. Khách hàng ra tiếng phản ánh thắc mắc vì sao phải dùng ly nhựa uống tại quán thì nhân viên lại thái độ bướng bỉnh, cãi cùn với khách thay vì giải thích một cách hòa nhã, lịch sự. Mình bỏ tận 100k để uống ly cocktail cho lần đầu ghé quán, rồi lần thứ hai gọi 2 ly yaourt mang ra chất lượng đúng kiểu hàng cỏ lề đường. Đi trải nghiệm 2 bận mà bể mộng hoàn toàn, ghét cái kiểu làm việc này dã man. Chắc chắn sẽ không bao giờ có chuyện mình quay lại đây thêm một lần nào nữa hết.",0,0,0,1,0,0
"Vị trí nằm ngay sát trục đường đại lộ An Dương Vương, sở hữu view phía ngoài hướng thẳng ra biển lộng gió, còn nhìn xa xa ra là khu vực trường Đại học Quy Nhơn. Không gian thoáng đãng mát mẻ, có bố trí bạt ngàn các trò chơi từ miễn phí cho đến có thu phí dành riêng cho trẻ em thỏa sức nghịch ngợm...",3,0,0,0,0,0
"Trong chuyến dừng chân tham quan tại thành phố Quy Nhơn, tụi mình đã vô tình tìm thấy một nhà hàng sở hữu không gian decor nội thất thuộc hàng đẹp đỉnh chóp, mang đậm không khí lịch sử trầm mặc cổ kính mà lại rất thư thái, tự nhiên. Cuốn thực đơn của quán quy tụ bạt ngàn sự lựa chọn phong phú với các món ăn được chính tay những đầu bếp giàu kinh nghiệm chế biến theo chuẩn vị ẩm thực Việt Nam, ăn ngon nuốt lưỡi luôn á. Tác phong phục vụ của nhân viên cực kỳ thân thiện, chào đón khách niềm nở và trên hết là mức giá cả vô cùng hợp lý, phải chăng cho cả người dân bản địa lẫn khách du lịch vãng lai. Chúng mình nhiệt liệt đề xuất nhà hàng này tới tất cả mọi người nha.",0,0,5,0,0,0
"Nguồn mẫu mã chủng loại hàng hóa ở đây cực kỳ phong phú, mang đến bạt ngàn sự lựa chọn tuyệt vời cho khách hàng",0,0,0,0,0,4
"Không gian quán ăn nhìn sạch sẽ, ngăn nắp và đem lại cảm giác ấm cúng dã man, menu bày trí nhiều món nhìn bắt mắt cực kỳ. Món hàu né trên đĩa sắt nóng hổi ăn vị béo ngậy, thơm lừng rất hợp khẩu vị của mình luôn",0,0,5,5,0,0
"Dọc hành trình di chuyển, phương tiện sẽ chủ động dừng đỗ vài ba lần tại các trạm dừng chân để hành khách tiện đi vệ sinh và ăn uống giải lao sương sương. Còn nếu trong xe tịnh không một ai có nhu cầu nghỉ ngơi thì bác tài sẽ tiếp tục nhấn ga chạy thẳng mạch luôn.",0,0,0,0,3,0
"Khách đi du lịch rất nên ghé qua đây ăn thử một lần vì vị trí nằm ngay khu trung tâm sầm uất mà không gian nhà hàng lại cực kỳ sạch sẽ, decor sang chảnh dã man. Thiết kế có hẳn một khu vực tầng trong nhà dùng làm bãi đỗ xe rộng rãi, còn hai tầng lầu phía trên là không gian ngồi dùng bữa. Hình như kết cấu tòa nhà này tích hợp chung cả mô hình khách sạn Hotel bên trong thì phải. Mức giá cả đồ ăn ở đây thì siêu hạt dẻ, rẻ bèo chỉ tầm 15-20k cho một món thôi. Thực đơn quán chủ yếu phục vụ bánh xèo và bánh căn, hiện tại thấy đã bỏ không bán món nem lụi nữa rồi. Chất lượng bột làm bánh đổ ở đây ăn ngon đỉnh chóp, lớp nhân bên trong thì đầy đặn ngập ngụa luôn. Vị nhân thịt bò ăn ngon xuất sắc nhất, nhân tôm thì làm chưa được ấn tượng lắm còn nhân mực vị ăn bình thường. Cơ mà đem so sánh với mức giá rẻ rúng như vậy thì chất lượng ăn khá bõ công, dẫu cho kích thước cái bánh không được to lắm. Dàn nhân viên phục vụ tác phong ở mức bình thường, khâu lên bánh khá nhanh nhẹn nóng hổi. Ly trà đá uống kèm thơm thơm thích cực.",0,0,5,5,0,0
"Khách sạn hiện tại vẫn chưa mở lại dịch vụ giặt là ủi đồ cho khách, hệ thống tivi trong phòng thì bị hỏng hóc trục trặc không tài nào bật lên được.",0,1,0,0,0,0
"Món ăn nấu ngon đỉnh chóp, menu đa dạng bạt ngàn món, không gian quán mang lại cảm giác ấm cúng dã man, dàn nhân viên phục vụ chu đáo hết nấc. Điểm cộng bự là anh quản lý nhìn đẹp trai ngời ngời cùng chị chủ tiệm thì siêu cấp dễ thương, luôn sẵn lòng đứng ra hỗ trợ khách hàng mọi lúc. Mình được đứa bạn giới thiệu qua đây ăn tận 3 lần rồi và lần nào cũng đem lại một buổi trải nghiệm cực kỳ thú vị, ưng ý.",5,0,5,5,0,0
"Quán tọa lạc ngay đoạn cuối trục đường Nguyễn Huệ, đối tượng khách hàng lui tới chủ yếu toàn là dân bản địa quanh vùng. Mức giá đồ hải sản ở đây rẻ bèo và kinh tế hơn rất nhiều nếu đem cân đo đong đếm với mấy nhà hàng nằm dọc con đường Xuân Diệu sầm uất. Do lượng khách ghé ăn lúc nào cũng đông nghịt nên khâu phục vụ lên món không được nhanh nhẹn cho lắm.",0,0,3,4,0,0
"Mọi người khi di chuyển nhớ lưu tâm chú ý cẩn thận nhé, hiện tại đang xuất hiện những kẻ lừa đảo chuyên đóng giả làm tổng đài hoặc mạo danh nhân viên của hãng để tìm cách quẹt thẻ Vinasun của bạn nhằm chiếm đoạt tài sản của khách du lịch đấy. Bản thân tôi đã bị bọn chúng giở trò cuỗm mất sạch 500 đô la rồi.",0,0,0,0,1,0
"Nhà xe chạy chặng từ Quảng Ngãi đi vào Bình Dương mà ôm đồ chạy ròng rã suốt 3 tiếng đồng hồ vẫn chưa thoát nổi địa phận tỉnh Quảng Ngãi, trên xe thì nhồi nhét, chất đống hàng hóa chật chội kinh khủng, làm trễ nải hết sạch lịch trình công việc của hành khách, đã vậy còn tham lam nhận thêm khách vô tội vạ bắt người ta phải ngồi bệt cả xuống sàn xe!!! Làm ăn quá tệ hại!",0,0,0,0,1,0
"Đồ ăn thức uống ở đây chế biến khá là ngon miệng, nêm nếm hợp khẩu vị, cực kỳ thích hợp cho những ai đang theo chế độ ăn kiêng, view ngắm cảnh đẹp, không gian thoáng đãng mát mẻ mà giá rổ lại phải chăng, hợp túi tiền lắm.",0,0,5,5,0,0
"Theo cảm quan cá nhân mình thấy diện tích quán hơi chật hẹp cơ mà lượng khách ra vào lúc nào cũng đông nghịt, chắc phần lớn toàn là người đọc review trên mạng rồi tìm đến ăn thôi, món bánh xèo nhân tôm đất ăn vị không được ngon lắm. Bánh xèo nhân thịt bò thì làm ăn ổn áp hơn một chút. Cơ mà nhìn nhận một cách tổng thể thì chất lượng đổ bánh ở đây vẫn không cửa nào ngon bằng bên bánh xèo Diên Hồng được.",0,0,3,3,0,0
"Mình đã chốt đặt vé qua app Vexere và nộp tiền trực tiếp tại đại lý rồi, thế mà đến tận sáng ngày đi lại bị hủy chuyến vô cớ, lúc gọi điện chất vấn thì họ bảo chỗ của mình đã bán cho khách khác. Cách làm ăn vô trách nhiệm không thể ngửi nổi. Lúc đến bến thì nhà xe Thanh Thủy gạt phăng đi bảo không biết gì hết, lỗi do bên Vexere tự làm chứ nhà xe không can thiệp. Ủa vậy hai bên bắt tay liên kết với nhau để đem khách hàng ra làm trò đùa đấy à?",0,0,0,0,2,0
"Chuyến đi dọc sông mất 45 phút với tầm bốn hoặc năm điểm dừng, rồi họ thả khách xuống một khu vực ở vùng ngoại ô hoang vu, bắt ngồi đợi mốc mồm ở đó cả tiếng đồng hồ mới có chính con thuyền cũ quay lại đón để đi thêm 45 phút ngược dòng về vị trí ban đầu.",0,0,0,0,3,0
"Các loại hình dịch vụ rất đa dạng, dàn nhân viên Co.opmart lúc nào cũng hỗ trợ nhiệt tình, hàng hóa bày bán thì bạt ngàn phong phú dã man.",0,0,0,0,0,5
"Không gian phòng ốc dọn dẹp sạch sẽ, thoáng mát và trang bị đầy đủ các trang thiết bị tiện nghi thiết yếu.",0,3,0,0,0,0
"Bộ phận lễ tân nên tập trung chú ý thời gian nhận - trả phòng thực tế của khách để khâu tính tiền thanh toán được nhanh chóng, gọn lẹ hơn.",0,3,0,0,0,0
"Quy mô chợ hơi nhỏ chút cơ mà bù lại đồ hải sản tươi sống roi rói. Kinh nghiệm là khi mua sắm ở đây mọi người cứ chủ động mặc cả, trả giá bớt đi tầm 20-30% là vừa xinh.",0,0,0,0,0,5
"Bầu không khí của quán thoáng đãng mát mẻ cực kỳ, nhân viên phục vụ nhiệt tình hết nấc và cô chủ tiệm thì siêu cấp dễ thương, tiếp đón chúng mình chu đáo, ân cần dã man.",0,0,5,0,0,0
"Cái thời còn đi học sinh viên nghèo mình chẳng bao giờ dám bén mảng đến đây ăn bận nào vì giá chát chúa quá. Thấy dân tình đồn đại quán này nổi tiếng lắm cơ mà giờ có điều kiện đi ăn thử thì thấy chất lượng cũng bình thường, mức giá ở mức ổn áp chứ không đến nỗi quá cao. Từ hình thức trang trí cho đến nội dung món ăn đều đều, ăn tạm được chứ mình không đánh giá cao lắm, vị nấu hơi bị ngọt quá. Điểm cộng là thực đơn đa dạng bạt ngàn món, thứ gì cũng có sẵn và không gian quán vừa mới được xây sửa lại nhìn khang trang, rộng rãi, mát mẻ hẳn. Mấy bạn phục vụ thì tác phong làm việc hơi lề mề, chưa được nhanh nhẹn cho lắm. Chắc do nghe người ta ca tụng dữ quá nên khi trải nghiệm thực tế mình thấy hơi hụt hẫng nhẹ.",0,0,0,3,0,0
"Khách lưu trú ở phòng 501 lưu ý là khu nhà tắm bị tình trạng đọng nước lênh láng cả ngày, đã vậy cửa phòng vệ sinh còn không thiết kế khóa chốt bên trong nữa.",0,2,0,0,0,0
"Hệ thống cách âm của phòng dở tệ, không gian quá ồn ào làm mình không tài nào chợp mắt nghỉ ngơi nổi, bất kể là sáng trưa hay chiều tối đều bị tra tấn bởi những tạp âm từ bên ngoài dội vào! Trang thiết bị cơ sở vật chất thì thiếu thốn đủ đường, phòng khách không trang bị hộp khăn giấy, vòi hoa sen trong tắm thì nước chảy yếu xìu! Nút bấm xả bồn cầu thỉnh thoảng lại bị kẹt cứng không tài nào ấn nổi! Tóm lại khách sạn cần phải nhanh chóng đầu tư cải thiện lại toàn bộ cơ sở vật chất ngay đi, chứ đem so với số tiền bỏ ra thì chất lượng nhận lại chưa tốt tí nào!",0,1,0,0,0,0
"Mẫu mã hàng hóa bày bán ở đây hơi nghèo nàn, quy mô nhỏ gọn, mình tính ghé tìm vài món đồ làm bếp mà ngó quanh chỉ thấy có độc một con dao với một cái kéo, vớt vát lại được điểm cộng là dàn nhân viên nói chuyện khá thân thiện, dễ gần.",0,0,0,0,0,3
"Góc view ngắm cảnh ở đây nhìn chung rất tuyệt vời. Cơ mà dàn nhân viên phục vụ thì vô tích sự dã man. Cậu nhân viên đứng đó có vẻ không muốn thừa nhận việc hình ảnh minh họa trên cuốn menu trông hoành tráng, to lớn hơn thực tế ngoài đời rất nhiều. Tụi mình có đặt vài món phụ size nhỏ cơ mà ngay cả khi gọi hẳn loại size ""lớn"" thì đĩa đồ ăn bưng ra nhìn vẫn bé tẹo teo, dọn trên cái đĩa nhỏ xíu. Khi tụi mình thắc mắc liệu có cần phải gọi thêm món kèm với món chính hay không thì họ bảo không cần và khẳng định món chính đã được dọn kèm sẵn rau rồi. Ai dè lúc bưng ra chỉ kèm theo độc một lát bánh nướng tròn lèo tèo. Tiện tay tụi mình gọi thêm một set menu lập sẵn cơ mà định lượng mang ra cũng chỉ bé bằng một đĩa món khai vị bình thường mà thôi. Được cái toàn bộ đồ ăn nêm nếm vị khá ngon miệng, cơ mà xét về kích thước tổng thể và giá cả chát chúa của các món chính thì hoàn toàn không xứng đáng tiền chút nào. Đáng nói là một người bạn khác trong nhóm mình chỉ gọi đĩa khai vị chả giò thôi mà nhìn kích cỡ của nó còn to bự hơn cả đĩa món chính của tụi mình cộng lại nữa cơ. Chốt lại là chỗ này chỉ hợp để lên khu vực sân thượng ngắm view ngắm cảnh sương sương và nhâm nhi ly bia thôi, còn khâu ăn uống thì dẹp đi đừng bận tâm làm gì cho bực mình.",0,2,0,2,0,0
"Khách sạn quy mô nhỏ, vị trí nằm sâu trong ngõ hẻm, các dịch vụ tiện ích đi kèm hoàn toàn không xứng tầm chất lượng tiêu chuẩn 4 sao tí nào. Không gian bài trí chật hẹp, góc view hướng biển thì công nhận đẹp thật, chứ phòng nào dính phải view thành phố city thì xấu xí kinh khủng luôn.",0,2,0,0,0,0
"Món bánh xèo tôm nhảy ở đây sở hữu hương vị thơm ngon mang đặc trưng riêng biệt, mức giá cả lại bình dân hợp lý vừa túi tiền, nhân viên phục vụ nhanh nhẹn. Nhà hàng còn tinh tế bày thêm mấy chiếc bánh hồng với bánh gai size bé xíu ngay trên bàn để thực khách trải nghiệm ăn thêm trong lúc chờ đợi cũng rất thú vị.",0,0,5,5,0,0
"Vị trí nhà hàng này nằm khá gần với khách sạn nơi mình lưu trú, tầm 6h chiều đi ngang qua thấy quán vắng vẻ không có nhiều người ăn nên mình quyết định ghé vào ăn tối nhẹ sương sương. Chất lượng món ăn ổn áp, khâu phục vụ lên đồ khá nhanh nhẹn.",0,0,4,0,0,0
"Mình có ghé mua một cái nam châm kỷ niệm ở đây. Ngó sang phía đối diện bờ biển thấy có một cửa hàng lưu niệm khác bày bán đồ rẻ hơn bên này tận 10.000đ so với giá nhân viên đưa ra, cơ mà xét mặt bằng chung thì vẫn đắt đỏ hơn nhiều so với trong Hội An. Có điều tìm mỏi mắt ở Hội An thì không có bán loại nam châm in hình Đà Nẵng đâu.",0,0,0,0,0,2
"Chị nhân viên lao công ở đây làm việc nói chuyện cũng rất thân thiện, dễ mến.",0,3,0,0,0,0
"Tiếng ồn ào gầm rú phát ra từ hệ thống máy móc của mấy công trình nhà cao tầng xung quanh làm ảnh hưởng nghiêm trọng đến không gian yên bình, tĩnh lặng của chỗ nghỉ.",0,2,0,0,0,0
"Hôm nay dịp cuối tuần mình mới có cơ hội dắt đứa em ghé qua quán dùng bữa. Công nhận hình như mấy đứa trẻ con đứa nào cũng ghiền ăn món gà rán thì phải. Không gian quán hôm nay đông nghịt khách, ngó quanh toàn thấy các bậc phụ huynh dắt con nhỏ tới ăn uống. Điển hình như đứa em đi cùng mình cũng cuồng gà rán không kém, mình kêu hẳn một combo trị giá 99k mà một mình nó xử lý sạch sẽ không chừa miếng nào. Chắc do rơi vào ngày chủ nhật lượng khách đổ về quá đông nên khâu xếp hàng chờ order với đợi lên món mất khá nhiều thời gian, cơ mà lúc ăn thấy vị ngon miệng nên thôi cũng tạm chấp nhận bỏ qua được. Mình thấy dàn nhân viên phục vụ ở đây thái độ ở mức bình thường, cũng giống như tác phong ở các hệ thống cửa hàng bán gà rán khác thôi, không có hành động gì làm khách phải khó chịu cả.",0,0,0,3,0,0
"Mình có đặt lịch hẹn xe chạy chuyến 11h trưa ngày 10/2/2022, thế mà đợi mốc mồm đến tận 2h chiều sau 7749 cuộc điện thoại gọi qua gọi lại chất vấn thì họ lươn lẹo đổ tại đủ thứ lý do, lúc thì bảo xe bị hỏng bố thắng, lúc lại bảo lỗi camera hành trình, tiếp theo đòi đổi điều xe của hãng khác sang đón mình, rồi cứ thế hẹn lần hẹn lượt hoãn tới hoãn lui… rốt cuộc mãi vẫn tịnh không thấy bóng dáng cái xe nào thèm qua rước khách cả.",0,0,0,0,2,0
"Điểm trừ là khách sạn không thiết kế bãi đậu đỗ xe riêng biệt, menu phục vụ đồ ăn sáng cũng hơi nghèo nàn ít sự lựa chọn, bù lại chất lượng các món ăn làm khá ổn áp.",0,1,0,3,0,0
"Cơ sở chuyên phục vụ các mặt hàng hải sản tươi sống roi rói, dẫu cho rơi vào mấy ngày nghỉ lễ lượng khách kéo đến đông nghịt thì quán vẫn điều phối đủ nhân lực để phục vụ thực khách đến tham quan mua sắm hoặc đóng gói mua mang về chu đáo! Chất lượng xứng đáng tặng 5 sao tốt!",0,0,0,5,0,5
"Nói thật là hí hửng đến ăn thử để rồi chuốc lấy thất vọng tràn trề, đĩa bánh hỏi với lòng heo lúc nhân viên bưng ra đã nguội ngắt nguội ngơ rồi (trong khi gu mình là thích ăn lòng phải được chần nóng hổi cơ). Mức giá cả thì chát chúa kinh khủng, chém tận 40k cho một suất lèo tèo như trong hình, mình thấy mức giá này tính ra còn đắt đỏ hơn cả ngoài Hà Nội nữa cơ á. Chắc chắn cạch mặt không bao giờ quay lại quán này lần hai.",0,0,0,1,0,0
"Quy mô sân bay nhìn nhỏ nhỏ, xinh xinh, duy chỉ có điểm trừ là quãng đường di chuyển đi vào bên trong hơi xa xôi chút.",0,0,0,0,3,0
"Theo cảm quan đánh giá cá nhân mình thì mức giá thuê phòng ở đây tương đối cao hơn so với những địa điểm khác nếu mang lên bàn cân so sánh về tổng thể mức độ đầu tư, quy mô khu resort cũng như diện tích hồ bơi... Cơ mà bù lại, họ sở hữu không gian bãi biển cực kỳ riêng tư Private. Phòng mình đặt lúc đầu theo lịch là hạng Deluxe (mức giá 3.5 triệu) thôi cơ mà lúc đến làm thủ tục họ đã chủ động nâng cấp miễn phí upgrade lên thẳng hạng Suite cho mình luôn. Hạng Suite này bình thường giá thuê chắc chắn phải trên 4 triệu rồi. Hệ thống nội thất bên trong tuy nhìn có vẻ không được đầu tư trang trí cầu kỳ, xa hoa như các khu resort lớn khác (ở đây họ chọn theo đuổi phong cách mộc mạc) nhưng không gian mang lại cảm giác cực kỳ thoải mái comfort, dọn dẹp rất sạch sẽ clean, đặc biệt toàn bộ các phòng đều thiết kế hướng biển và bám sát ngay mặt biển luôn, chứ không giống nhiều resort khác bắt khách phải cuốc bộ một quãng xa xuyên qua khu sân vườn, bể bơi... còn ở đây chỉ cần bước vài bước chân là chân chạm ngay xuống làn nước biển rồi. Chính nhờ vị trí sát rạt biển như vậy nên đem lại cảm giác đúng chất là đi nghỉ dưỡng ở biển thực thụ, đứng ở bất kỳ tọa độ nào bên trong resort cũng có thể phóng tầm mắt ngắm nhìn biển cả. Có một dịch vụ trải nghiệm thú vị nữa là họ hỗ trợ cho khách mượn thuyền kayak hoàn toàn free, đợt này thấy một số vị khách Tây thích thú chèo thuyền ra tận hòn đảo nhỏ đối diện để vui chơi và tắm biển luôn. Hòn đảo này thuộc dạng hoang sơ, hoàn toàn không có người sinh sống, cứ thoải mái chèo tầm 20 phút là ra tới nơi rồi. Khâu ẩm thực buffet sáng phục vụ ở mức ok, các món ăn nêm nếm đều ngon miệng cơ mà thực đơn không được đa dạng cho lắm, hơi ít món, nguyên nhân có thể do mình lựa đi vào đúng mùa thấp điểm nên lượng đồ chuẩn bị giảm bớt. Đội ngũ nhân viên phục vụ ở đây cực kỳ dễ mến và nice, nói chuyện với khách lúc nào cũng nhẹ nhàng, rõ ràng và từ tốn. Bữa sáng buffet họ kiên nhẫn chờ cho đến khi tịnh không còn một bóng dáng vị khách nào dùng bữa nữa thì mới bắt đầu dọn dẹp thu bàn (chứ không làm ăn kiểu chộp giật khách đang ăn cũng đè ra dọn như một số chỗ khác) lúc làm thủ tục check-out trả phòng thì tụi mình còn được nhân viên tặng kèm thêm 2 chai nước suối lạnh với một hộp mứt gừng để ăn dọc đường đi, tất cả được bọc gọn gàng trong túi giấy nhìn rất lịch sự lịch thiệp --> cái chi tiết chăm sóc nhỏ này thực sự mình chưa từng thấy có khu resort nào làm được cả. Đối với các cặp đôi đi hưởng tuần trăng mật Honeymoon thì sẽ được nhà xe tặng thêm 1 chai champagne kèm decor trang trí phòng ốc lung linh. Buổi tối ra nằm võng đôi đặt ngoài khu vực hồ bơi, phóng tầm mắt ngắm nhìn cảnh sắc biển đêm đẹp xuất sắc luôn. Do người dân quanh đây họ thả bè nuôi bắt tôm hùm, bật đèn đốm đốm sáng rực cả một vùng biển nhìn lấp lánh chẳng khác gì muôn vàn ngôi sao trên trời đêm í. Điểm trừ nhược điểm cần lưu ý: - Vị trí nằm cách khá xa trung tâm thành phố, tầm khoảng 15km, hành khách lưu trú ở đây muốn đi lại chủ yếu toàn phải gọi taxi, chờ tầm 15 phút là xe tới bến. Nghe dân tình bảo hồi trước khách sạn có hỗ trợ xe đưa đón tận nơi cơ mà không hiểu vì lý do vận hành sao đó nên hiện tại đã hủy bỏ dịch vụ này rồi. - Tọa độ nằm ngay giữa đoạn đường đèo cửa ngõ đi vào thành phố nên lưu lượng xe tải lớn và xe khách chạy qua lại khá nhiều, tầm ban đêm có những khúc đường hoàn toàn không có hệ thống đèn đường chiếu sáng nên di chuyển đi lại có thể hơi nguy hiểm, khuyên mọi người không nên tự chạy xe máy qua đoạn này. - Các loại phòng khai thác hiện tại chỉ đơn thuần là dạng phòng room như khách sạn KS thông thường thôi, chưa xây dựng các căn villa bungalow đúng chất resort (nghe nhân viên bảo đang trong quá trình xây dựng thêm) thế nên theo quan điểm của mình mức giá thuê như vậy là khá cao. Kinh nghiệm là nếu mọi người lựa chọn đi du lịch vào mùa thấp điểm (giai đoạn sau Tết và trước tầm tháng 6) thì mức giá phòng có thể sẽ được chiết khấu rẻ hơn tầm 10% đó.",0,5,0,4,3,0
"Tuy nhiên, xét về khía cạnh giá cả thì đồ đạc ở đây tương đối cao hơn so với mặt bằng chung và tình trạng mỗi sạp hàng hét một mức giá khác nhau diễn ra phổ biến. Đặc biệt, các tiểu thương cho đến những người bán hàng rong quanh khu chợ này đều có thói quen nói thách giá cao gấp nhiều lần so với giá trị thực tế của món đồ, chính vì thế bạn luôn phải giữ một cái ""đầu lạnh"" tỉnh táo để cân nhắc, suy nghĩ và đưa ra mức giá mặc cả phù hợp. Bản thân mình cực kỳ dị ứng với nạn nói thách chặt chém ở đây nên rất hiếm khi lựa chọn đi mua sắm tại khu chợ này. Thêm một lưu ý nữa là mọi người không nên đi chợ vào thời điểm sáng sớm tinh mơ vì tầm đó rất khó mua đồ cũng như mặc cả đúng giá do tâm lý các chủ sạp kiêng kỵ chuyện trả giá của ""người mở hàng"" đầu ngày.",0,0,0,0,0,3
"Lúc tư vấn cho thuê xe thì tỏ thái độ vồ vập, nhiệt tình hết nấc. Thế mà đến khi tính tiền thanh toán lại tìm cách tính gian lận, gây thiệt hại cho khách hàng. Mình lại ký hợp đồng thuê xe từ lúc 11h kém 10 nhưng họ lại đè ra tính tiền giá bắt đầu từ tận 10h30. Lúc bàn giao cho thuê thì đưa xe tới nơi nhanh trong vòng một nốt nhạc, còn đến khi mình qua trả xe thì bắt ngồi chờ chực mất hơn 30 phút đồng hồ mới thấy người ra tiếp nhận. Thấy trên mạng có bạt ngàn lượt review khen ngợi tốt đẹp dã man cơ mà đến khi bản thân trực tiếp trải nghiệm sử dụng dịch vụ thì thất vọng, hụt hẫng bấy nhiêu. Trải nghiệm lần đầu tiên và cũng xin chừa, thề không bao giờ có lần thứ hai quay lại!",0,0,0,0,2,0
"Chất lượng dịch vụ quá tồi tệ. Địa điểm này chẳng có nét gì đặc sắc hay ho để thu hút mọi người ghé thăm cả. Cách vận hành quản lý kiểu: cứ thấy người ta làm bôi bác bẩn thỉu ở khu vực nào là mình cũng bắt chước làm ăn cẩu thả theo chỗ đó vậy.",0,1,0,0,0,0
"Do vốn tiếng Việt của tôi không được tốt lắm, nên khi tôi cố gắng mở lời hỏi một trong những tài xế lý do vì sao anh ta không chủ động thông báo cho tôi biết việc trả tiền theo chỉ số đồng hồ đo mét sẽ rẻ hơn rất nhiều so với việc đứng thỏa thuận trả giá trực tiếp, thì gã tài xế đó lại quay sang quát mắng tôi dữ dội. Thái độ phục vụ như vậy là cực kỳ thô lỗ, thiếu văn minh và không thể nào chấp nhận nổi.",1,0,0,0,1,0
"Chất lượng dịch vụ ổn áp. Quản lý thân thiện, dễ mến, dàn nhân viên phục vụ chu đáo chuẩn không cần chỉnh, không gian cơ sở vật chất dọn dẹp sạch sẽ ngăn nắp, có mỗi điểm trừ nhỏ là vị trí nằm hơi cách xa khu trung tâm một chút... còn lại mọi thứ đều rất good. Chấm hẳn 5 sao cho chất lượng dịch vụ ở đây luôn",0,0,0,0,0,5
"Mình thật sự không hiểu nổi họ lấy đâu ra bạt ngàn những dòng đánh giá review tốt đẹp trên mạng về chỗ này nữa cơ. Thực tế trải nghiệm cho thấy địa điểm này hoàn toàn không đáng để mọi người phí thời gian ghé thăm đâu. Dàn nhân viên phục vụ ở đây, đặc biệt là cái cậu con trai đứng đó làm việc ngơ ngác cứ như thể chưa từng đặt chân làm việc trong nhà hàng bận nào trước đây vậy. Họ bưng đồ ăn của bàn tụi mình sang giao lộn cho bàn hàng xóm bên cạnh, thế mà lúc tính tiền lại vẫn đè ra ghi món đó vào hóa đơn bill của tụi mình. Gần như khách gọi cái gì là họ quên sạch cái đó. Đã vậy chất lượng món ăn chế biến cũng chẳng ngon lành gì cho cam. Chắc chắn không bao giờ có chuyện mình đặt chân đến đây lần thứ hai đâu.",1,0,1,1,0,0
"Phòng ốc khách sạn dơ hầy, không thèm quét dọn vệ sinh cẩn thận gì cả, các mặt tấm kính thì bám đầy cặn bẩn bợn dính, bình đun nước nóng thì mốc meo phát gớm, mấy cái dòng review khen ngợi trên mạng chắc toàn là do chủ quán tự tạo acc vào đánh giá ảo thôi quá. Nói thêm cho rõ là mấy bức ảnh mình chụp lại này là thời điểm SAU KHI đã trực tiếp xuống yêu cầu lễ tân cho người lên lau chùi dọn dẹp lại phòng cho mình rồi đấy nhé, thế mà kết quả nhận lại vẫn bôi bác, bẩn thỉu y nguyên như hình đây.",0,1,0,0,0,0
"Thực đơn bữa sáng phục vụ ăn ngon miệng, các món ăn lại còn đa dạng bạt ngàn sự lựa chọn nữa cơ",0,5,5,4,0,0
"Thật sự không tài nào hiểu nổi cái kiểu chạy xe của tài xế Vinasun, người ta đang đứng sát lề đường để nghe điện thoại đàng hoàng mà cũng bị xe của hãng quẹt trúng, đáng nói là gây tai nạn xong gã tài xế không thèm dừng phương tiện lại kiểm tra mà nhấn ga bỏ chạy mất hút luôn. Không biết ý thức đạo đức nghề nghiệp vứt đi đâu hết nữa rồi. Giành làn đường chạy lấn sang làn xe máy rồi phóng bạt mạng như kiểu ông nội thiên hạ vậy á. Sẵn tiện nói luôn không biết dàn tài xế của hãng xe này có mắc cái chứng bệnh gì không nữa. Đường cứ hễ kẹt xe ùn ứ một tí là bắt đầu đè còi ra bấm liên khúc bấm liên tục nghe nhức hết cả đầu, chưa kể còn có cái thói cực kỳ thích chạy chèn ép chặn đầu xe người khác nữa cơ chứ. Ôi ngày trước nghe danh tiếng hãng xe taxi truyền thống của Việt Nam thì cứ tưởng tự hào lắm, ai dè trải nghiệm thực tế xong thất vọng tràn trề. Thôi tốt nhất né gấp ra cho lành thân. Nghĩ lại tác phong chạy xe của họ mà phát khiếp luôn á.",0,0,0,0,1,0
"Mình thấy thất vọng và ức chế với địa điểm này nhất luôn, mang tiếng có trang bị hệ thống máy lạnh điều hòa mà bật lên không đủ mát gì cả, không gian nóng bức ngột ngạt kinh khủng, lượng người đổ về thì đông nghịt, nhất là khách du lịch Trung Quốc chiếm phần lớn, bãi đậu đỗ xe thì không bố trí có sẵn, làm khách đi dạo bộ mua sắm chẳng thấy thoải mái chút nào. Chắc chắn lần sau có đi chơi mình sẽ chọn địa điểm khác chứ quyết không bao giờ đặt chân đến đây thêm bận nào nữa",0,1,0,0,0,0
"Khâu phục vụ: Có mấy bạn nhân viên trẻ làm việc ở đây thái độ mình nhìn hoàn toàn không ưng một tẹo nào cả, hôm nào ghé quán ngồi ở khu vực tầng 1 mà may mắn gặp được bác già đứng tuổi phục vụ thì thấy cách nói chuyện thân thiện, dễ mến hơn hẳn luôn.",1,0,0,0,0,0
"Khu chợ này quy mô lớn cái gì cũng có, mỗi tội mấy chủ sạp ở đây chèo kéo, ép khách mua đồ kinh khủng chỉ để moi tiền từ túi bạn. Họ đè khách du lịch ra hét giá cao gấp 5-6 lần giá trị thực của món đồ, thành ra dù bạn có ra sức mặc cả bớt đi một chút thì vẫn bị mua hớ quá nhiều tiền. Mình thấy cực kỳ hối hận vì mấy lần mua sắm ở đây do bị các chủ cửa hàng tạo áp lực quá mức.",0,0,0,0,0,2
"Hệ thống cách âm của phòng dở tệ, không gian quá ồn ào làm mình không tài nào chợp mắt nghỉ ngơi nổi, bất kể là sáng trưa hay chiều tối đều bị tra tấn bởi những tạp âm từ bên ngoài dội vào! Trang thiết bị cơ sở vật chất thì thiếu thốn đủ đường, phòng khách không trang bị hộp khăn giấy, vòi hoa sen trong tắm thì nước chảy yếu xìu! Nút bấm xả bồn cầu thỉnh thoảng lại bị kẹt cứng không tài nào ấn nổi! Tóm lại khách sạn cần phải nhanh chóng đầu tư cải thiện lại toàn bộ cơ sở vật chất ngay đi, chứ đem so với số tiền bỏ ra thì chất lượng nhận lại chưa tốt tí nào!",0,1,0,0,0,0
"Ở đây quy tụ gần như không thiếu một loại đặc sản Bình Định nào luôn. Riêng mình thì ghiền nhất là món rượu Bàu Đá, vị uống vào cực kỳ mạnh mẽ bốc lửa mà lại nhanh tỉnh táo nữa cơ",0,0,0,0,0,5
"Lúc đầu mình khá ưng ý bầu không khí tại quán cà phê này. Cơ mà chất lượng đồ ăn với cà phê pha chế ở đây thì tầm thường vô cùng. Thêm điểm trừ bự là quán thiết kế hệ thống cầu thang lên xuống rộng thênh thang rất tốn sức! Mình đi một mình mang theo bạt ngàn đồ đạc lỉnh kỉnh nên chủ động lựa chọn ngồi vào chiếc bàn dành cho bốn người, lúc đó quán cũng vắng vẻ đìu hiu chứ chẳng đông đúc gì cho cam. Thế mà bạn nhân viên phục vụ đi lại chỗ mình rồi hạch sách bảo mình không được ngồi chỗ đó vì đi lẻ có một mình chứ không phải đi theo nhóm bốn người. Mình ngó nghiêng xung quanh thì rõ ràng thấy một anh chàng khác cũng đang ngồi một mình một cái bàn bốn chỗ y hệt mà có thấy nhân viên nào ra tiếng đuổi đi đâu. Cảm giác bản thân bị đối xử bất công, phân biệt đối xử dã man. Bực mình quá mình đành khênh đồ lên khu vực tầng lầu ngồi cho khuất mắt, trên đó tịnh không có một bóng người nào. Thật sự không tài nào nuốt trôi được thái độ phục vụ trịnh thượng của bạn nhân viên đó, làm hỏng bét toàn bộ ấn tượng tốt ban đầu của mình về quán. Chưa kể, dàn nhân viên còn lại làm việc cũng lơ là, chẳng thèm chú ý ngó ngàng xem khách có nhu cầu gọi thêm món ăn hay thức uống gì không. Đến lúc mình cần thanh toán hóa đơn bill tiền mà ngóng mỏi mắt chẳng thấy bóng dáng người nào đi qua. Tiếc thay, đây là trải nghiệm đầu tiên và chắc chắn cũng là lần cuối cùng mình đặt chân đến quán cà phê M2C này.",0,0,0,2,0,0
"Rõ ràng nhìn trên kệ thấy niêm yết giá cánh gà có 54k thôi mà lúc in hóa đơn xuất ra lại thành 72k. Mình ra tiếng yêu cầu được trả lại hàng thì bạn nhân viên đứng đó mặt lạnh tanh, quắc mắt nạt nộ mình: ""Sao không chịu nói sớm, giờ xuất hóa đơn thanh toán xong rồi mới nói"" rồi nhất quyết không cho mình trả đồ. Ủa alo không in hóa đơn ra tiền trước thì làm sao khách biết được mình đang bị cửa hàng lừa đảo ăn chặn vậy =)))) Xin cảm ơn Vinmart Quy Nhơn đã tặng cho mình một buổi trải nghiệm mua sắm tuyệt vời ông mặt trời này nhé",0,0,0,0,0,2
"Chạy xe kiểu gì mà cuốc đi lẻ có vài ngàn bạc, khách đưa tiền chẵn thì giở giọng bảo không có tiền lẻ thối lại rồi xin khách lấy luôn số tiền thừa đó coi như tiền mở hàng đầu ngày, thái độ phục vụ kiểu bố đời ăn cướp vậy á, đi chuyến xe mà ôm bực vào người, khuyên thật lòng mọi người tốt nhất né gấp cái nhà xe này ra đừng đi làm gì.",1,0,0,0,1,0
"Mang tiếng là khách sạn đẳng cấp tiêu chuẩn 4 sao sang chảnh mà khu vực nhà hàng lại không thèm phục vụ ăn trưa cho khách, đến lúc mình hỏi gọi món lẻ thì nhân viên ráo hoảnh thông báo không nhận phục vụ bất cứ thứ gì cho tới tận trước 4h chiều.",0,1,0,0,0,0
"Bạt ngàn các chủng loại mặt hàng được bày bán đa dạng ở chỗ này, mức giá bán ra có hơi nhỉnh hơn một chút so với mặt bằng chung của thị trường, cơ mà vì đây là mô hình cửa hàng tiện ích tích hợp tất cả trong một 1-stop nên mức giá đó hoàn toàn chấp nhận được, hợp lý.",0,0,0,0,0,5
"Đồ ăn nêm nếm mặn chát, khâu lên món thì lề mề chậm chạp kinh khủng, có người trong bàn đã ăn xong xuôi từ đời tám hoánh nào rồi mà người đi cùng vẫn ngồi mốc mồm chưa thấy đồ ăn đâu, dàn nhân viên phục vụ thì thiếu nhiệt tình, tác phong làm việc thờ ơ với khách dã man",1,0,0,1,0,0
"Quy mô sân bay khá là nhỏ chật, khu vực cổng an ninh bố trí có độc một người đứng soát vé thành ra hành khách phải xếp hàng dài dằng dặc chờ đợi làm thủ tục mất bao nhiêu thời gian",0,0,0,0,2,0
"Thương hiệu quán này ngày xửa ngày xưa nổi tiếng rần rần ở Quy Nhơn luôn á (cứ mỗi lần tổ chức tiệc tùng liên hoan hay tụ tập ăn uống cùng hội bạn là kiểu gì cũng ghé quán này). Cơ mà thời thế đổi thay, hiện tại thì: Món ăn chế biến chất lượng chỉ ở mức tạm được, dàn nhân viên phục vụ mặt cứ trơ ra tỉnh bơ, còn thời gian ngồi ôm hận chờ đợi lên món lâu đến mức tưởng chừng như muốn mượn tạm quán cái gối ôm để đánh một giấc luôn cho rồi.",0,0,0,3,0,0
"Trung tâm quy tụ bạt ngàn thương hiệu lớn, có rất nhiều cửa hàng mua sắm nếu bạn muốn săn được những món đồ deal hời thực sự, cùng với vô số quán ăn uống cơ mà chủ yếu toàn phục vụ ẩm thực châu Á chứ tìm mỏi mắt chẳng thấy có món đồ Tây phương nào cả nhưng thôi cái này cũng không nên kỳ vọng nhiều làm gì. Đợt này mình có mua một vài món đồ bên trong một cửa hàng cửa tiệm (Mumuso), ai dè lúc quay trở về phòng khách sạn kiểm kê lại thì mới phát hiện ra bị thiếu mất tiêu món đồ có giá trị đắt đỏ nhất. Đúng là một bài học kinh nghiệm nhớ đời, mọi người mua sắm xong nhớ phải kiểm tra rà soát lại thật kỹ túi đồ trước khi bước chân ra khỏi cửa hàng xem nhân viên đã bỏ đầy đủ các mặt hàng vào chưa nhé.",0,0,0,0,0,2
"Khu chợ này bán đồ hải sản mức giá rẻ rèo, bạt ngàn chủng loại lựa chọn mà con nào con nấy tươi roi rói. Kinh nghiệm là mọi người nên lựa đi chợ vào tầm buổi chiều là chuẩn bài nhất luôn.",0,0,0,0,0,5
"Không gian phòng bốc mùi hôi khó chịu mỗi khi mình đi chơi ở ngoài rồi trở quay lại phòng. Do phòng bố trí tận trên tầng 4 nên hệ thống nước nóng lạnh vận hành không được ổn định cho lắm, bắt khách phải đứng đợi rõ lâu nước mới ấm. Thùng rác đặt trong nhà vệ sinh thì bôi bác không thiết kế nắp đậy kín đáo gì cả",0,1,0,0,0,0
"Định lượng món ăn mang ra thì ít thảm thương được có một chút xíu hà, hương vị nêm nếm cũng chẳng có cái nét gì gọi là đặc sắc độc đáo cả. Được mỗi điểm cộng là không gian quán thoáng đãng mát mẻ, cơ mà mô hình này chủ yếu mở ra để phục vụ cho đối tượng khách nước ngoài là chính thôi, chất lượng phục vụ của nhân viên ở mức bình thường.",0,0,0,2,0,0
"Món ăn ở đây nấu vừa ngon miệng, vừa đảm bảo vệ sinh sạch sẽ, chưa kể mức giá cả lại cực kỳ mềm mại vừa vặn túi tiền thích hợp cho các bạn sinh viên học sinh ghé ăn. Bản thân mình đi mấy quán nhậu ăn uống, cực kỳ để ý sát sao đến tác phong phục vụ của dàn nhân viên, dù món ăn có nấu ngon xuất sắc cỡ nào đi chăng nữa mà phục vụ láo xược hay thiếu nhiệt tình là mình cạch mặt không bao giờ quay lại bận hai. Thế mà khi đặt chân đến Vị Cua, không những dàn nhân viên phục vụ nhiệt tình hết nấc mà ngay cả anh chủ quán nhìn cũng cực kỳ dễ thương, mến khách nữa hihi Mình đi học xa nhà cơ mà lâu lâu có dịp về quê lại rủ rê bạn bè qua Vị Cua tụ tập và dần dà nơi đây trở thành thói quen gu ruột của cả đám luôn. Nguồn đồ ăn hải sản ở đây thì mọi người cứ yên tâm tuyệt đối về khía cạnh chất lượng nhé, vì chính bản thân mình đã từng mua hải sản tại Vị Cua rất nhiều lần đóng gói gửi đi xa làm quà cho họ hàng dưới xuôi, ai ăn xong cũng khen nức nở đồ tươi rói và ngon đỉnh chóp, chưa bận nào làm mình thất vọng cả. Trong hình là đĩa món Cua Singapore nè !! Trời đất ơi vị ngon bá cháy, ngon hết phần thiên hạ luôn á. Ai có dịp ghé Vị Cua thì nhất định đừng quên thử món này nha. Vị Cua chuẩn bài is the best rồi 🙆🏻🙆🏻🙆🏻",0,0,5,5,0,0
"Chất lượng quán siêu tệ hại, làm ăn chán đời vô cùng. Được mỗi cái mã trang trí decor nhìn đẹp đẽ vớt vát lại, chứ đồ ăn thức uống nấu nướng dở tệ dở hại, ngay đến mấy người đồng nghiệp trong công ty mình đến từ cả 3 vùng miền Bắc - Trung - Nam ăn xong ai cũng phải lắc đầu chê bai, đầu bếp nấu chẳng có món nào ra hồn món nào cả. Dàn nhân viên phục vụ thì thái độ khinh khỉnh coi thường khách hàng, toàn tuyển một lũ làm việc thiếu chuyên nghiệp, mặt mũi cứ ngơ ngơ ngác ngác ra nhìn phát bực như kiểu bị thiểu năng ý. Không gian nhà hàng thì chật chội, bí bách, công ty mình đi tour đặt gói giá cao mà rốt cuộc bị lừa bịp nhồi nhét vào cái quán này, làm cả đoàn cty bức xúc phản ánh khiếu nại bên công ty tour quá trời trời. Làm ơn đi, mấy công ty lữ hành đừng có trò bắt tay móc nối với bên tour để ép hành khách vào ăn ở cái quán này nữa. Kinh doanh buôn bán thì làm ơn làm ăn có cái tâm giùm một tí đi, để đức lại cho hai đứa con nhỏ nữa nhé chủ quán ạ.",0,0,0,1,0,0
"Các mặt hàng bày bán chủ yếu tại cửa hàng lưu niệm này toàn là đồ thực phẩm thiết yếu như bánh kẹo, trà cà phê, các loại hoa quả sấy khô. Ở đây không nhập các mẫu túi vải hay mặt hàng thủ công thêu thùa nghệ thuật đâu, cơ mà trong trường hợp bạn lười không muốn tốn quá nhiều thời gian chạy lòng vòng mua quà cáp lưu niệm cho mọi người thì ghé cái cửa hàng tiện lợi này cũng gom được một lượng sản phẩm nhất định khá tiện lợi.",0,0,0,0,0,4
"Có một điểm lưu ý là chỗ này hoàn toàn không trang bị sẵn các vật dụng sinh hoạt gia đình thiết yếu như bếp từ, bếp ga, muỗng đũa hay chén đĩa… gì đâu mà chỉ bố trí độc một cái bồn rửa lavabo thôi nhé. Có trang bị một cái ấm đun nước siêu tốc bằng điện cơ mà cảm quan nhìn không được sạch sẽ vệ sinh cho lắm. Bù lại, các thiết bị gồm tủ lạnh, tivi, quạt máy, điều hòa, giường ngủ cùng hệ thống nước nóng lạnh đều được cung cấp đầy đủ cả, tính ra chi phí thuê trọn 2 đêm chỉ mất khoảng tầm 500.000 đồng thôi nên xét về mặt kinh tế thì cực kỳ tiết kiệm chi phí. Khoản phí dịch vụ thuê một chiếc xe máy đi lại hàng ngày là 140.000 VND. Vị trí nằm khá gần bãi biển nên rất tốt, tiện lợi.",0,3,0,0,4,0
"Nơi đây bày bán bạt ngàn các loại mặt hàng hóa, từ đồ ăn thức uống truyền thống cho đến các món quà tặng lưu niệm đều có mức giá rất tốt, thế nên cá nhân mình vẫn ưu ái lựa chọn Big C hơn nếu có nhu cầu muốn mua sắm cái gì đó mỗi khi về thành phố Quy Nhơn.",0,0,0,0,0,4
"Cục diện chắc là do chịu ảnh hưởng nặng nề bởi đợt dịch bệnh covid vừa qua nên phía khách sạn bị thiếu hụt nghiêm trọng số lượng nhân viên buồng phòng dọn dẹp vệ sinh phòng ốc.",0,3,0,0,0,0
"Mô hình quán bar tọa lạc ngay bên cạnh bờ biển, không gian thiết kế nhìn khá đẹp mắt và mang phong cách độc lạ. Tuy nhiên menu đồ uống pha chế chất lượng chỉ ở mức bình thường thôi, không có gì mấy nổi bật hay sắc sảo cả. Buổi tối thì công nhận không gian view lung linh, đẹp đẽ dã man. Cực kỳ thích hợp cho các thánh đam mê sống ảo check-in chụp hình chụp ảnh.",4,0,4,3,0,0
"Kiến trúc không gian nhà hàng thiết kế rất đẹp, diện tích rộng rãi và thoáng đãng, mát mẻ vô cùng. Góc view phóng tầm mắt nhìn ra phía biển bao đẹp và sạch sẽ. Đồ ăn thức uống ở đây được đầu bếp chế biến ăn rất ngon miệng và cực kỳ hợp khẩu vị của mình luôn. Nguồn rau cải dọn kèm tươi rói xanh mướt, nước chấm pha vị đậm đà ngon lành, món cá chiên thì thịt béo ngậy và lớp vỏ giòn rụm thích cực. Đội ngũ nhân viên phục vụ thái độ rất lịch sự và nhiệt tình với khách, mỗi lần cần xin thêm đồ ăn kèm gì là thấy các bạn nhanh nhẹn bưng lên liền ngay lập tức. Nói tóm lại thì đây là nhà hàng ăn uống ưng ý và tốt nhất trong suốt chuyến đi du lịch 3 ngày tại Quy Nhơn vừa qua của cả công ty mình. Tuy nhiên, chẳng hiểu sao ngay trên bàn ăn của nhóm mình lại đặt chỏng chơ một cái hộp gì đó nhìn không rõ ràng lắm. Mong rằng nếu có cơ hội dịp tới ghé thăm, mình sẽ lại chọn nơi này để thưởng thức thêm nhiều món ăn hấp dẫn khác của nhà hàng nữa.",0,0,5,5,0,0
"Hệ thống cách âm của phòng khách sạn làm chưa được tốt cho lắm, nằm trong phòng mà mình vẫn nghe thấy mồn một tiếng gõ cửa từ bên phòng hàng xóm dội sang cộng thêm một ít tạp âm xe cộ ồn ào dưới đường phố lọt vào nữa.",0,2,0,0,0,0
"Chia sẻ chút kinh nghiệm xương máu cho bản thân và cho mọi người khi có dịp ghé thăm khu vực Nhơn Lý để trải nghiệm các gói dịch vụ tham quan du lịch Kỳ Co Eo Gió. Khoản ăn uống thưởng thức hải sản tại nhà hàng bên khu Nhơn Lý thì riêng bản thân mình đã trực tiếp đi trải nghiệm qua rất nhiều nhà hàng lớn nhỏ quanh đây rồi, và mình thấy bên Bảo Nam sở hữu rất nhiều ưu điểm vượt trội để bạn tin tưởng lựa chọn dịch vụ ăn uống bên này. Chất lượng dịch vụ hoàn toàn xứng đáng đồng tiền bát gạo luôn nha mọi người.",0,0,5,5,0,0
"Mình cực kỳ ưng ý góc view từ phòng phóng tầm mắt nhìn thẳng ra biển lộng gió, không gian phòng ốc dọn dẹp sạch sẽ, tác phong làm việc chu đáo nhiệt tình hết nấc của dàn nhân viên lễ tân cho đến chú bảo vệ giữ xe. Có cơ hội dịp tới chắc chắn mình sẽ lựa chọn quay lại đây lưu trú tiếp.",2,0,0,0,0,0
"Duy chỉ có một điểm trừ nhỏ xíu là tầm buổi tối bên trong phòng vệ sinh WC có mùi cống hôi hám bốc ngược lên hơi khó chịu một chút, cơ mà chỉ cần chủ động mở hé cánh cửa sổ nhà WC ra là luồng gió lùa vào làm mùi hôi biến mất sạch sành sanh ngay.",0,2,0,0,0,0
"Chất lượng đồ ăn thức uống nấu nướng ở đây chỉ ở mức tạm chấp nhận được, nuốt trôi qua ngày thôi. Nhóm tụi mình ghé vào ăn tối ở chỗ này hoàn toàn là do đang muốn tìm kiếm một phương án ăn uống kinh tế, rẻ rúng hơn để tiết kiệm chi phí, cơ mà đúng là tiền nào của nấy chẳng sai đi đâu được. Xét một cách sòng phẳng thì gần như tất cả các nhà hàng quán ăn khác nằm trong khu làng chài Bãi Xép đều chế biến đồ ăn ngon miệng hơn chỗ này gấp vạn lần, cơ mà quán này mở ra cốt là để phục vụ cho phân khúc đối tượng khách hàng túi tiền eo hẹp, ít tiền mà thôi. Hầu hết các tiệm ăn quanh làng đều bày bán đồ hải sản tươi ngon xuất sắc dã man, cơ mà hải sản thì vốn dĩ là mặt hàng đắt đỏ bất kể bạn đang đi du lịch ở quốc gia nào rồi. Ghé vào đây bạn sẽ chỉ nhận được một suất ăn theo dạng công nghiệp tiêu chuẩn đại trà mà bạn có thể dễ dàng bắt gặp ở bất kỳ cái bẫy du lịch chặt chém khách vãng lai nào dọc khắp đất nước Việt Nam với một mức giá cả hợp lý. Nói chung chất lượng hoàn toàn mờ nhạt, không có gì đáng để lưu tâm hay khen ngợi.",0,0,4,0,0,0
"Gian nan lắm mình mới tìm kiếm ra được một trung tâm spa massage trị liệu gu ruột hợp ý với bản thân đến như vậy luôn á, dàn nhân viên phục vụ chu đáo, tinh tế chăm chút đến từng chi tiết nhỏ nhất cho khách... Thiết kế không gian bên trong thì siêu cấp ấm cúng mà lại không kém phần sang trọng, đẳng cấp nữa cơ. Chẳng hiểu có phép thuật gì mà cứ mỗi bận bước chân vào đây là toàn bộ cơ thể mình như được trút bỏ gánh nặng, nhẹ bẫng đi hẳn, hệ thống âm thanh tiếng nhạc du dương kết hợp mùi hương tinh dầu thoang thoảng mang lại cảm giác thoải mái, dễ chịu dã man. Gần như mình đã trực tiếp trải nghiệm qua sạch sành sanh tất cả các gói combo dịch vụ tại Tròn rồi, cơ mà món khoái khẩu gu ruột nhất của mình vẫn là gói massage body toàn thân... Cứ chốt hẳn gói liệu trình 90 phút lên phòng vừa tận hưởng xông hơi thư giãn vừa giải tỏa tận gốc các cơn đau nhức mỏi cơ khớp là chuẩn bài không cần chỉnh luôn nè ❤️",5,0,5,0,0,0
"Hệ thống xe trung chuyển chạy chặng ra sân bay vận hành rất chuẩn chỉnh, đúng giờ giấc, cơ mà hành khách đi lại nhớ chú ý cẩn thận đề phòng với vấn nạn dàn cò mồi xe ô tô con lừa đảo hay lảng vảng ngay trước khu vực cổng nhé.",0,0,0,0,3,0
"Mẫu mã quần áo thời trang cập nhật rất bắt mắt, dàn nhân viên bán hàng phục vụ nhiệt tình chu đáo, không gian cửa hàng đẹp đẽ sang sủa lại tích hợp bạt ngàn các hình thức thanh toán thẻ, chuyển khoản cực kỳ tiện lợi luôn",0,0,0,0,0,5
"Phía bên khách sạn đã gửi thông báo xác nhận lịch đặt phòng lưu trú của mình thành công rồi, thế mà đến khi mình chủ động gọi điện thoại cho bên khách sạn để hỏi han làm rõ về dòng trạng thái ghi ""hệ thống hồ bơi hiện đang tạm ngừng hoạt động"" hiển thị trên app, thì bên phía Arise có một chị nào đó bắt máy rồi thản nhiên báo giọng ráo hoảnh bảo là khách sạn hết sạch phòng rồi đó em. Mình có thắc mắc chất vấn lại là tại sao hệ thống đã báo hết phòng rồi mà bên khách sạn vẫn bấm duyệt xác nhận đặt phòng của mình trên hệ thống, thì chị nhân viên đó lại đổ vấy trách nhiệm bảo do thuật toán bên trang Booking nó tự động nhảy lên như vậy thôi chứ khách sạn không biết.",0,3,0,0,0,0
"Mình đã ghé ăn tại nhà hàng này cũng kha khá lần rồi, cơ mà đáng buồn là lần nào trải nghiệm xong cũng chuốc lấy thất vọng tràn trề. Chất lượng món ăn làm ăn cực kỳ thất thường, đĩa thì nêm nếm nhạt nhẽo vô vị, đĩa thì lại mặn chát như đổ cả hũ muối vào trong vậy. Lúc khách hàng ra tiếng góp ý chân thành với nhân viên phục vụ thì bị các bạn liếc xéo thái độ lồi lõm, hậm hực ra mặt. Đáng nói là ngay cả cấp quản lý đứng đó cũng ngó lơ, dung túng mặc kệ cho nhân viên muốn làm gì thì làm, khâu quản lý yếu kém nên nhân viên nào làm việc tác phong cũng bất cần đời, xem khinh khách hàng. Haiz, nói tóm lại đây là lần cuối cùng trong đời mình tốn tiền đi ăn ở hệ thống San Fu Lou này nha, cạch mặt luôn.",0,0,0,2,0,0
"Địa điểm này lúc nào cũng trong tình trạng đông nghịt khách ra vào nườm nượp. Chính vì thấy quán đông đúc kết hợp với lời giới thiệu khen ngợi từ một bạn hướng dẫn viên du lịch nên nhóm tụi mình mới quyết định ghé vào đây để dùng bữa tối. Ai dè chất lượng dịch vụ ở đây dở tệ hại kinh khủng. Dàn nhân viên phục vụ đứng đó gần như không biết một chữ tiếng Anh bẻ đôi nào cả (điều này có thể tạm châm chước bỏ qua nếu đây là một quán ăn cóc vỉa hè lề đường của người dân Việt Nam, chứ còn đối với một cơ sở quy mô lớn như thế này thì hoàn toàn không ổn chút nào). Chưa kể, khâu lên đồ uống uống của tụi mình (mấy chai bia) lại bị nhân viên bưng bê giao lộn sang cho bàn hàng xóm ngồi bên cạnh dùng mất. Sau khi tụi mình phát hiện ra và lên tiếng yêu cầu đòi lại đồ uống, thì phải ngồi mốc mồm đợi mất tầm 10 phút đồng hồ mới thấy họ mang nước ra.",0,0,0,2,0,0
"Mình vừa mới cùng gia đình đi tận hưởng chuyến nghỉ dưỡng tại FLC Quy Nhơn về. Được bạn nhân viên lễ tân nhiệt tình giới thiệu nên nhà mình quyết định tới đây ăn thử xem sao. Cảm quan thực tế cho thấy nhà hàng nấu nướng món ăn rất ngon miệng, nguồn nguyên liệu hải sản tươi sống roi rói với bạt ngàn chủng loại phong phú đa dạng, mức giá cả đều được niêm yết công khai rõ ràng trên thực đơn cực kỳ hợp lý. Đặc biệt khâu cân đo đong đếm khối lượng hải sản rất chuẩn xác bằng hệ thống cân điện tử đàng hoàng nha chứ không làm ăn gian lận đâu. Không gian quán xá thoáng đãng, lộng gió, dàn nhân viên phục vụ chu đáo nhiệt tình hết nấc, lại có thêm cả xe đưa đón hành khách tận nơi từ FLC qua nhà hàng nữa cơ. Toàn thể gia đình mình ai nấy đều vô cùng hài lòng với chuyến đi này. Xin cảm ơn nhà hàng rất nhiều nhé, nhất định sẽ ủng hộ dài dài",0,0,5,5,0,0
"Tôi bắt một chiếc xe taxi hãng Vinasun loại dòng 7 chỗ ngồi mang số hiệu xe là 5435. Tôi thông báo rõ ràng cho tài xế biết địa chỉ tọa độ nơi tôi cần di chuyển đến rồi mới bước lên xe ngồi đàng hoàng. Thế mà xe mới chỉ lăn bánh chạy được tầm chưa đầy 100 mét, thậm chí còn chưa chạy thoát ra khỏi khu vực phạm vi sân bay, gã tài xế đã quay ngoắt sang nhìn tôi rồi đòi thét giá thẳng thừng 150.000 đồng, tính ra tương đương tầm khoảng 7 USD. Tôi thắc mắc chất vấn anh ta lý do vì sao không chịu bật đồng hồ tính tiền theo chỉ số mét km hiển thị trên xe. Gã tài xế liền phân trần bảo do quãng đường bạn đi ngắn quá ở ngay gần đây thôi, chạy cuốc này tôi chẳng kiếm chác được bao nhiêu tiền cả. Trong khi rõ ràng cách đó 2 ngày trước, lúc tôi bắt một chiếc xe taxi cũng của hãng Vinasun từ ngoài chạy vào sân bay, chỉ số đồng hồ báo mét chỉ hiển thị tầm khoảng 100k thôi, tính ra chạy cuốc ngắn thế tài xế vẫn có tiền đút túi đàng hoàng chứ có phải chạy không công đâu. Bất kể lý do là gì đi chăng nữa, thì dàn tài xế taxi không được phép tự ý giở trò chọn lọc rồi ép khách trả tiền theo kiểu chộp giật sau khi đã nhẩm tính xem cuốc xe đó giúp bọn họ kiếm chác được bao nhiêu tiền như vậy.",1,0,0,0,1,0
"Tôi đã chủ động chỉ tay rõ ràng vào vị trí tọa độ địa điểm mình cần di chuyển đến hiển thị trên cả bản đồ giấy lẫn trên màn hình điện thoại thông minh, ấy thế mà rốt cuộc gã tài xế vẫn chở tôi đến sai vị trí hoàn toàn. Đáng nói là ngay cả khi xe chạy ngang qua khu vực Nhà thờ Đức Bà nổi tiếng của Sài Gòn, tôi đã ra tiếng nhắc nhở cơ mà gã tài xế vẫn lờ đi không thèm dừng phương tiện lại, rồi gạt phăng đi bảo rằng tôi đang muốn đi đến một địa điểm khác cơ. Gã nhất quyết găm ga không chịu dừng xe cho khách xuống mãi cho đến khi chở thẳng tôi đến cái nơi sai lệch đó mới chịu thôi. Thái độ gã tài xế lúc ấy cực kỳ hung hãn và CÁU KỈNH. Xin gửi lời cảm ơn sâu sắc vì đã mất tiền bắt xe mà rốt cuộc lại bị chở đến sai địa chỉ để rồi bản thân tôi phải tự cuốc bộ một quãng đường dài dằng dặc mệt nhoài người, biết thế ngay từ đầu tôi tự đi bộ cho xong chứ thèm bắt taxi làm gì cho rước bực vào người. Đúng là lũ LỪA ĐẢO chộp giật!",1,0,0,0,1,0
"Đoạn đường di chuyển đi vào quán khá lắt léo khó tìm, đã vậy bạn nhân viên trực quầy lễ tân làm việc cứ ngơ ngác, chưa nắm rõ thông tin lịch đặt phòng booking của khách gì cả",0,2,0,0,0,0
"Dù các bạn nhân viên nhiệt tình và phòng chiếu dọn dẹp sạch sẽ, nhưng quán vẫn bất lực trước việc khách vô tư dùng điện thoại làm ồn trong rạp. Mọi người nói chuyện oang oang gây mất trật tự ảnh hưởng đến xung quanh, chẳng thấy có ý thức xem phim văn minh gì cả mà toàn thấy đá vào ghế người khác thôi.",1,0,0,0,0,0
"Chất lượng siêu tệ hại. Phòng giường đôi mà cổng sạc lại bị hỏng mẻ. Xem video clip review trên mạng thấy lung linh mà thực tế ngoài đời khác hẳn một trời một vực. Lúc đầu đắn đo mãi giữa Nguyễn Kim với bên Phong Phú, ai dè chọn Phong Phú xong dính ngay trải nghiệm chán đời, đến cái xe trung chuyển cũng bắt khách ngồi đợi cả tiếng đồng hồ mới thấy tăm hơi. Sẽ không bao giờ có bận sau quay lại với nhà xe này.",0,0,0,0,1,0
"Không gian nhà hàng lộng gió, thoáng đãng cực kỳ luôn. Mấy bạn nhân viên phục vụ thì dễ thương hết nấc! Đồ ăn món nào món nấy ngon đỉnh chóp. Định review chi tiết chia sẻ cho anh em cơ mà tính mình viết văn không hay sợ làm mất thời gian đọc của mọi người. Nói chung các bạn cứ đến trực tiếp trải nghiệm là biết ngay. Giờ mình xin phép uống nốt lon bia rồi đi ngủ đây, thân ái chào tạm biệt cả nhà nhé",0,0,5,5,0,0
"Mô hình nhà hàng sân vườn có góc view bao đẹp và thoáng mát dã man, cực kỳ thích hợp cho cả các đoàn khách đông lẫn khách đi lẻ. Nguồn đồ hải sản ở đây phong phú vô kể, giúp thực khách dễ dàng lựa chọn được món ăn chuẩn bài hợp khẩu vị riêng của từng người và từng vùng miền, các bạn nhân viên thì phục vụ nhiệt tình lại còn lễ phép nữa chứ",0,0,5,5,0,0
"Quy tụ đủ các loại mặt hàng đặc sản của vùng Quy Nhơn, Bình Định. Từ các loại bánh tráng, cá mực khô cho đến các loại bánh kẹo, trái cây sấy khô...",0,0,0,0,0,4
"Thái độ ứng xử của nhân viên phục vụ quá tồi tệ",0,2,0,0,0,0
"Các bạn nhân viên phục vụ nhiệt tình hết nấc, góc độ khách hàng đến đây trải nghiệm khi thấy tác phong nhân viên như vậy thực sự cảm thấy bản thân được trân trọng rất nhiều. Xin cảm ơn đội ngũ nhân viên của quán rất nhiều nhé.",5,5,5,0,0,0
"Lúc mình nhận phòng lưu trú thì cả lọ dầu gội lẫn sữa tắm bên trong nhà vệ sinh đều đã bị xài hết sạch từ trước rồi",0,3,0,0,0,0
"Quầy thu ngân không hỗ trợ hình thức quẹt thẻ tín dụng để thanh toán tiền đâu nhé",0,0,0,0,0,2
"Thái độ phục vụ của dàn nhân viên ở đây chán đời kinh khủng, mấy bạn cứ tụ tập buôn chuyện rồi đùa giỡn cười nói to tiếng oang oang, lúc dọn dẹp thì quăng ly tách, đồ đạc sầm sập ầm ĩ nghe chướng tai gai mắt không chịu nổi.",0,0,0,2,0,0
"Cả nhà mình vừa có dịp ghé qua trải nghiệm chất lượng dịch vụ tại đây. Đáng đồng tiền bát gạo là tất cả các phòng ốc đều sở hữu view nhìn ra biển bao đẹp, đồ ăn nấu nếm rất ngon miệng, dàn nhân viên phục vụ thì chu đáo và niềm nở cực kỳ. Chắc chắn mình sẽ giới thiệu cho bạn bè biết đến địa điểm này. Khách sạn còn tích hợp cả khu Nhà hàng Hoa với quy mô lớn nhất Quy Nhơn, món ăn làm ngon đỉnh chóp luôn",0,5,5,0,0,0
"Lại có cơ hội lượn lờ qua khu con đường Ngọc Hân Công Chúa để thỏa mãn cơn thèm ăn ốc vật vã của mình. Thấy trên foody có bài review khen quán ốc Hảo Hảo ăn ổn áp, thế là mình quyết định ghé ăn thử xem sao. Bình thường mình chỉ trung thành ăn ở mấy quán quen thuộc thôi, cơ mà nay đổi gió thử nghiệm tí. Cô chủ quán ốc này tính tình khá là nhiệt tình mến khách, thấy khách đi ngang qua là đon đả gọi mời liền, chạy xe vào có người chủ động dắt và xếp xe chu đáo. Thực đơn của quán quy tụ khá đầy đủ các món, khách gọi món phát là nhân viên bưng lên bàn liền ngay lập tức. Khâu tra nêm nếm gia vị cho các món ốc ở đây làm khá đậm đà, đúng gu sở thích của mình luôn, vì nước ốc đậm vị ăn kèm rồi húp xì xụp dã man thích. Duy chỉ có đĩa món gỏi xoài của quán là mình không ưng cho lắm, bên bếp lựa quả xoài bị chín quá nên lúc trộn làm phần gỏi ăn bị nhũn sàu xuống, mất đi độ giòn ngon.",0,0,0,3,0,0
"Ghé mua rau cải bó xôi mà cửa hàng báo hết sạch, bạt ngàn các loại rau củ khác tuy vẫn cắm bảng tên hiển thị trên kệ cơ mà thực tế ngó vào chẳng thấy có đồ đâu cả",0,0,0,0,0,3
"Đây là hệ thống siêu thị có quy mô lớn nhất cái tỉnh này luôn, bên trong tích hợp đầy đủ cả rạp chiếu phim hiện đại lẫn khu ẩm thực ăn uống sầm uất",4,0,0,4,0,5
"Đoạn đường di chuyển hẹp quá, không bố trí được không gian bãi đỗ xe cho dòng xe cỡ 16 chỗ ngồi",0,0,0,0,2,0
"Khu chợ Tháp Đôi tuy chỉ là một ngôi chợ dân sinh quy mô nhỏ của phường Đống Đa thôi cơ mà bạt ngàn các mặt hàng hóa đều được bày bán đầy đủ, giúp người dân mua sắm đồ đạc vô cùng thuận lợi và dễ dàng",0,0,0,0,0,4
"Lượng người đổ về đông đúc và không gian ồn ào quá. Khâu xếp hàng chờ đợi để làm thủ tục check-out trả phòng mất bao nhiêu thời gian lề mề.",0,3,0,0,0,0
"Chất lượng các món ăn chính mang ra ăn tạm được thôi chứ không đến mức gọi là ngon miệng cho lắm. Nói thật đây chính là trải nghiệm ẩm thực ăn uống tồi tệ và thất vọng nhất trong suốt cả hành trình chuyến đi dài tận 3 tuần rưỡi vừa qua của tụi mình.",0,0,0,3,0,0
"Lúc tư vấn báo giá cho thuê xe máy rõ ràng bảo áp dụng mức giá cho sinh viên là 50k, thế mà đến khi mình tới nơi nhận xe để thuê thì họ lại lật lọng đòi thu tận 120k. Sốc toàn tập. Đáng nói là con xe mang ra chạy thì hỏng hóc, phải hì hục đạp mỏi cả chân mới chịu nổ máy. Đúng là cạn lời hết chỗ nói luôn. Từ nay xin chừa không bao giờ thèm dây dưa với lão chủ tên Trưởng này nữa.",0,0,0,0,2,0
"Bản thân tôi cảm thấy cực kỳ hụt hẫng và thất vọng trước thái độ phục vụ của hai gã tài xế lái xe ở cả 2 chuyến chạy trưa ngày hôm nay. Ban đầu tôi đã tự dặn lòng sẽ chủ động gửi thêm tiền tip thanh toán nhiều hơn so với chỉ số hiển thị trên đồng hồ đo mét vì quãng đường mình di chuyển ngắn và một phần vì hôm nay rơi đúng vào dịp Tết Dương Lịch, thế nhưng ngay khi xe chạy đến nơi là tôi lập tức thay đổi hẳn quyết định của mình, bởi chẳng có lý do gì tôi phải bỏ thêm tiền túi cho một chất lượng dịch vụ chán đời làm mình không hài lòng cả.",0,0,0,0,1,0
"Khu vực chợ búa đông nghịt người ra vào buôn bán, nguồn hải sản thì toàn hàng tươi sống roi rói. Điểm lưu ý là hiện tại hành khách muốn ra vào chợ mua sắm đều phải tiến hành khai báo y tế, phun nước sát khuẩn và đo kiểm tra thân nhiệt đầy đủ đàng hoàng nhé.",0,0,0,0,0,5
"Thương hiệu quán này mở ra từ đời tám hoánh lâu năm lắm rồi. Mình đã được mẹ dắt qua đây ăn uống từ hồi còn là đứa trẻ con bé xíu cơ. Thế nhưng thời thế đổi thay, chất lượng món ăn bây giờ đã xuống phong độ, không còn giữ được vị ngon như ngày trước nữa. Nước lèo nêm nếm bớt đi sự đậm đà, cảm giác bị pha loãng đi quá nhiều. Định lượng đĩa ăn thì ít đậu hũ, còn miếng sườn thì bé tí teo chứ không được to bự như ngày xưa :))). Giá bán 30k một suất. Nhìn chung chất lượng nấu nếm dở hơn hẳn so với hồi nhỏ mình được thưởng thức.",0,0,0,3,0,0
"Tôi hoàn toàn không khuyến khích mọi người lựa chọn di chuyển bằng phương tiện đường thuyền đâu, cơ mà đợt này do tình cờ tiện chuyến thuyền nên tôi mới tặc lưỡi bước lên đi thử xem sao. Đoạn đường di chuyển đi ra bãi biển gian nan, khó đi quá trời... cơ mà bù lại cảnh sắc thiên nhiên ở đây nhìn chung vẫn rất xứng đáng để bạn bỏ công sức ghé thăm một lần nhé",0,0,0,0,3,0
"Cái cửa hàng này làm ăn kiểu lừa đảo, mất dạy kinh khủng luôn nha mọi người, tốt nhất né gấp ra đừng dại dột mua đồ, họ bắt ép khách phải làm thủ tục chuyển khoản Ck trả tiền trước xong xuôi rồi đến lúc giao hàng bị lỗi hỏng hóc thì gạt phăng đi, hoàn toàn không có chính sách chế độ đổi trả bảo hành gì cho khách đâu",0,0,0,0,0,1
"Cứ mỗi bận mình ghé qua đây là lại thấy chất lượng của nhà hàng này bị sụt giảm đi một bậc. Nhớ tầm 5 năm trước đồ ăn thức uống nấu nướng ăn cũng chỉ ở mức trung bình tầm thường thôi. Thế mà lần này quay lại dùng bữa thì món ăn làm quá cẩu thả, chất lượng tụt dốc xuống dưới mức trung bình luôn, miếng thịt nướng thì dai nhách như bún bò kẹo cao su không tài nào nuốt nổi, định lượng suất ăn thì ít ỏi thảm thương trong khi mức giá cả chém chát chúa quá cao. Đáng nói hơn cả là khâu dịch vụ chăm sóc khách hàng dở tệ hại kinh khủng, dàn nhân viên phục vụ nói năng thiếu lễ phép, vô giáo dục, suốt ngày đứng đực mặt ra mơ mộng trên trời dưới biển chứ chẳng chịu nhiệt tình hỗ trợ hay tiếp nhận đơn order món của khách gì cả, dẫu cho không gian quán lúc ấy vắng vẻ đìu hiu chẳng có mấy bàn ăn. Nhóm mình có mở lời xin thêm chút bánh phồng tôm ăn kèm mà họ cũng lờ đi bảo không làm được, lười biếng đến thế là cùng! Khu vực nhà vệ sinh WC thì bẩn thỉu, kinh tởm phát gớm. Xét về khía cạnh nền móng kiến trúc thì ngày xưa tọa độ này từng là một không gian rất xinh xắn, dễ chịu, cơ mà giờ đây mọi thứ bôi bác kinh khủng, quán chỉ đang bấu víu vào cái danh tiếng ảo từ thời xa xưa cũ kỹ chứ chất lượng thực tế hoàn toàn không theo kịp nữa rồi.",0,0,1,0,0,0
"Nói thật, bản thân tôi hoàn toàn không phải là người nghiện hút thuốc lá thuốc lào gì. Thi thoảng có dịp tụ tập giao lưu đi chơi cùng hội bạn bè thân thiết thì mới châm một điếu cho vui cuộc vui thôi. Chẳng hiểu tay chủ nhà hàng này đầu óc có bị làm sao không nữa? Cách cư xử và thái độ phục vụ khách hàng kiểu trịnh thượng bề trên như vậy là hoàn toàn không thể nào chấp nhận nổi.",1,0,0,0,0,0
"Kinh nghiệm xương máu cho các bạn đi du lịch khởi hành từ Hà Nội vào Quy Nhơn nghỉ dưỡng giống như mình là nên tìm đến khu chợ Khu 2 nhé. Ghé qua đây mua sắm đồ hải sản là chuẩn bài luôn, bạt ngàn đồ đạc mà con nào con nấy tươi roi rói vào tầm khoảng thời gian buổi chiều nha. Tuy quy mô chỉ là một ngôi chợ dân sinh bình thường của người dân bản địa thôi cơ mà nguồn hải sản quy tụ về tương đối phong phú đa dạng, và điều cốt lõi nhất là giá cả bán ra cực kỳ hợp lý, phải chăng. Hoàn toàn không có chuyện bị đè ra chèo kéo, ""chặt chém"" hét giá cao chỉ vì mình là khách du lịch vãng lai đâu.",0,0,0,0,0,5
"Thích nhất góc view thiết kế của khu vực hồ bơi tọa lạc ngay trên tầng thượng tòa nhà",3,0,0,0,0,0
"Cực kỳ yêu quý anh nhân viên tên Viên cùng bạn lễ tân và cả chị nhân viên buồng phòng dọn dẹp phòng ốc nữa. Bước chân vào khách sạn là mình được đội ngũ đón tiếp cực kỳ nhiệt tình, các bạn hướng dẫn chu đáo hết nấc từ khâu mua vé vui chơi giải trí cho đến thủ tục thuê xe máy đi lại và các dịch vụ tiện nghi thiết yếu khác trong phòng. Menu buffet phục vụ ăn ngon miệng, các món làm nhẹ nhàng thanh vị rất thích hợp cho bữa sáng. Chất lượng nhận lại thực sự xứng đáng với số tiền túi mình đã bỏ ra. Đợt này có ấn tượng tốt với chị My, anh Viên, anh Sơn.... Hihj tự dưng trí nhớ cá vàng quên bẵng mất tiêu tên mấy người còn lại vì lỡ làm thất lạc cái tờ giấy ghi chú đâu mất rồi ý ạ. Xin cảm ơn tập thể mọi người rất nhiều vì đã giúp chuyến đi của mình thêm trọn vẹn nhé",0,0,0,2,0,0
"Địa điểm nhà sách có tuổi đời lâu năm truyền thống rồi. Nơi đây chuyên bày bán các loại đồ dùng văn phòng phẩm thiết yếu và bạt ngàn các đầu sách cũ chất lượng. Bác chủ tiệm làm việc chu đáo, tính tình nhẹ nhàng, dễ mến mà giá cả đồ đạc lại rất phải chăng, hợp lý.",0,0,0,0,0,5
"Lịch trình di chuyển chặng từ Nha Trang, bên nhà xe thông báo hẹn qua rước tụi mình tại sảnh khách sạn vào lúc 11h15, thế mà mới 10h50 họ đã đùng đùng cho xe đến đón làm cả đám luống cuống, cũng may là tụi mình đã chuẩn bị thu xếp đồ đạc xong xuôi từ trước nên vẫn kịp lên xe. Đến chiều ngược lại lúc di chuyển từ Đà Lạt trở về tầm 11h00, gã tài xế lái xe chạy trễ nải mất tận nửa tiếng đồng hồ, đáng nói là bắt khách leo cây chờ đợi mốc mồm như vậy mà gã không thèm gọi điện thoại thông báo một tiếng cho khách chủ động thời gian gì cả. Khâu chạy xe thì phóng nhanh vượt ẩu, chuyên môn giở trò vượt mặt chèn ép xe khác ngay tại mấy đoạn khúc cua khuất tầm nhìn blind vệt mù nguy hiểm kinh khủng. Khi xe về tới địa phận Nha Trang, gã thản nhiên đuổi tụi mình xuống lề đường rồi hất hàm bảo khách sạn của tụi mình nằm ngay ở góc phố phía trước mặt kìa tự đi bộ vào đi. Ai dè lúc cả đám lôi điện thoại ra check bản đồ thực tế thì vị trí khách sạn nằm cách đó tận 700 mét mà lại theo hướng ngược lại hoàn toàn. Báo hại tụi mình phải còng lưng cuốc bộ tay xách nách mang kéo đống vali hành lý cồng kềnh đi một quãng đường dài mệt nhoài người. Đúng là xui xẻo va phải một gã tài xế nghiệp vụ non kém, làm ăn chán đời trong ngày hôm nay mà.",0,0,0,0,2,0
"Bạn nhân viên làm việc cực kỳ có tâm, ngó thấy túi rau xà lách của khách chọn có lẫn vài ba cái lá bị héo úa là chủ động nhặt bỏ ra ngoài sạch sẽ rồi mới đặt lên bàn cân tính tiền. Hành động rất tuyệt vời, mong cửa hàng tiếp tục duy trì và phát huy tác phong này nhé.",0,0,0,0,0,5
"Lúc làm thủ tục đặt mua vé xe trên hệ thống thì giao diện bắt buộc hành khách phải điền chính xác thông tin địa điểm đi và điểm đến rõ ràng. Thế mà đến khi hành khách bước chân lên xe ngồi đàng hoàng rồi, gã tài xế lại lóng ngóng quay sang hỏi đi hỏi lại thông tin địa chỉ một cách cực kỳ thiếu chuyên nghiệp. Cách nói chuyện của tài xế thì cứ lí nhí như ngậm hột thị trong miệng chẳng ai nghe được câu gì, đến lúc xe ghé vào trạm dừng chân giải lao, hành khách không nắm được thời gian nên vào bàn ngồi gọi cơm ăn, thấy vậy gã liền chạy vào lớn tiếng quát tháo hối thúc bắt khách phải bỏ dở bát cơm đang ăn dở ra để lên xe chạy ngay lập tức, mặt mày thì nhăn nhó hầm hầm nhìn phát bực. Lúc xe chạy về tới địa phận Sài Gòn thì họ toàn tự ý vứt thả hành khách xuống ngay đầu đường (hoặc cuối đường lộ lớn) chứ tuyệt nhiên không thèm chạy vào trả khách tại vị trí gần địa chỉ người ta đã cung cấp từ trước, bất chấp việc quãng đường từ đó đi vào nhà xa xôi vất vả thế nào đi chăng nữa. Chất lượng dịch vụ quá tồi tệ, thề không bao giờ có chuyện thèm đi lại xe của hãng này lần thứ hai.",0,0,0,0,1,0
"Đợt vừa rồi mình có thuê phòng lưu trú tại phòng số 308 của hệ thống khách sạn Mường Thanh Quy Nhơn. Chất lượng khách sạn ở đây quá dở tệ hại. Chiếc đệm giường nằm thì lún sụt nát bét, chất vải chăn mền với nệm nằm giặt giũ không sạch bôi bác dã man, mình nằm xuống là người ngứa ngáy điên cuồng chịu không thấu. Hệ thống máy lạnh điều hòa trang bị trong phòng thì lắp cái dòng ReTech chạy phào phào yếu xìu chẳng khác gì mấy cái nhà nghỉ khách sạn bình dân cỏ vỉa hè vậy. Trong khi mức giá thuê phòng đắt đỏ tận 1560k một đêm chứ có rẻ rúng gì đâu. Mang tiếng danh xưng khách sạn đẳng cấp tiêu chuẩn 4 sao sang chảnh mà chất lượng bôi bác kiểu này thì thực sự cạn lời, không còn gì để bào chữa nổi nữa. Xin chính thức nói lời chia tay, cạch mặt cái tên Mường Thanh Quy Nhơn này luôn...",0,3,0,0,0,0
"Không gian chợ búa lúc nào cũng đông đúc, tấp nập người mua kẻ bán, nguồn hải sản bày sạp toàn là hàng tươi sống roi rói. Điểm cộng bự là hiện tại ở các lối ra vào chợ đều bố trí lực lượng kiểm tra, yêu cầu mọi người tiến hành khai báo y tế, phun nước sát khuẩn tay và đo thân nhiệt đầy đủ đàng hoàng rồi mới cho vào chợ mua sắm.",0,0,0,0,0,4
"Đây là một trong số ít những quán bar sở hữu vị trí đắc địa tọa lạc ngay bên cạnh bờ biển thuộc khu Quy Nhơn, nhờ thế nên quán luôn duy trì được một lượng khách hàng ra vào ổn định sầm uất. Xét một cách sòng phẳng thì không gian quán chẳng có lỗi lầm gì lớn cơ mà kiến trúc trang trí lẫn thực đơn đồ uống cũng bình thường đều đều chứ không có nét gì gọi là đặc sắc, độc đáo để khen ngợi cả. Điểm trừ là khâu dịch vụ phục vụ của nhân viên hơi lề mề, chậm chạp chút xíu.",3,0,3,3,0,0
"Góc view ngắm biển ở đây công nhận đẹp mắt thật đấy. Có điều hành khách muốn dùng bữa là phải tự thân vận động đi bộ leo một quãng đường khá xa xôi và dốc thì mới lên đến khu vực nhà hàng Cococamp được. Khuyên chân thành là nhà bạn nào có người lớn tuổi sức khỏe yếu thì tốt nhất không nên lựa chọn đi địa điểm này đâu nhé",0,3,0,0,0,0
"Nơi này bày bán rất phong phú các loại đồ đạc, dù mức giá có phần nhỉnh hơn mặt bằng chung một chút nhưng vì là mô hình mua sắm tiện lợi tích hợp nên chi phí đó hoàn toàn hợp lý.",0,0,0,0,0,3
"Chất lượng món ăn quá đỗi bình thường nếu so với số tiền bỏ ra. Sẽ không bao giờ có chuyện mình quay lại đây đâu, mà có khi quán cũng chẳng cần khách nên mới có kiểu hành xử như vậy.",0,0,2,2,0,0
"Tọa lạc ngay trên đỉnh một ngọn đồi bằng phẳng và được bao bọc bởi các dãy núi cao trùng điệp, điểm đến này thực sự mang lại một cảm giác vô cùng thiêng liêng và thanh tịnh.",3,0,0,0,0,0
"Diện tích phòng tương đối nhỏ lại không thiết kế cửa sổ nên lúc mới bước vào thấy ngột ngạt lắm, đồ nội thất thì cũ kỹ, hệ thống cách âm quá tệ nên phòng bên cạnh nói gì cũng nghe rõ mồn một, rất ồn ào.",0,2,0,0,0,0
"Phần nội thất của quán được thiết kế rất bắt mắt và có sự đầu tư cực kỳ bài bản, công phu.",0,0,4,0,0,0
"Quy mô chợ tuy nhỏ nhưng không thiếu một loại đặc sản Quy Nhơn nào cả. Về độ sạch sẽ thì cũng chỉ ở mức trung bình như phần lớn các khu chợ truyền thống khác tại Việt Nam thôi.",0,0,0,0,0,3
"Giá cả các món ăn ở đây khá đắt đỏ nhưng bù lại hương vị rất ngon. Định cư tại Việt Nam đã 8 năm, đây là lần đầu gia đình tôi tìm được một nhà hàng có hương vị ẩm thực Việt đặc sắc như tại TRE. Các bạn nhân viên phục vụ rất chu đáo, luôn chủ động giải thích rõ ràng về thành phần món ăn, định lượng cũng như phong cách chế biến khi chúng tôi gọi món. Đồ ăn được bày trí đẹp mắt và dọn lên rất đúng lúc. Cả nhà đã có một bữa tối tuyệt vời với chả ram tôm đất Bình Định, phi lê cá chẽm nướng, thịt ba chỉ kho tộ và món tráng miệng kẹo sô cô la ngọt ngào.",0,0,3,3,0,0
"Mô hình thiết kế của siêu thị này trông y hệt như một kho chứa hàng hóa vậy. Điểm cộng là không gian bên trong lẫn khu vực đỗ xe cực kỳ rộng rãi, tuy nhiên các dịch vụ tiện ích đi kèm thì lại không phong phú bằng các hệ thống siêu thị khác.",0,0,0,0,0,4
"Đội ngũ nhân viên ở đây phục vụ cực kỳ chu đáo, thái độ thân thiện và luôn hỗ trợ khách hàng hết mình.",0,5,5,0,0,0
"Tôi có đặt trước một bàn ngoài ban công cho bữa tối cùng đối tác để tiện thưởng thức xì gà và rượu vang. Tuy nhiên lúc đến đúng giờ hẹn thì mới ngã ngửa là nhà hàng cấm hút thuốc tại khu vực này. Dù đã trao đổi lại với bạn nhân viên phục vụ (bạn ấy nói chuyện rất lịch sự, nhẹ nhàng) nhưng chúng tôi vẫn quyết định rời đi vì không thể hút thuốc. Khi xuống lầu để giải thích lý do cho ông chủ người Ý, ông ta liền vặn hỏi: ""Vậy là các người định đi à?"". Tôi đáp: ""Vâng, rất tiếc vì chúng tôi cứ nghĩ ban công thì được hút thuốc"". Ngay lập tức, ông ta gắt lên: ""Đi luôn đi và đừng bao giờ quay lại đây nữa"". Tôi ngạc nhiên hỏi lý do thì nhận được câu trả lời: ""Kiểu khách hàng như các người thì chúng tôi không cần"".",1,0,0,0,0,0
"Gọi món xong đem ra mới thấy thất vọng tràn trề :( Hương vị đồ ăn chẳng có gì nổi bật mà giá cả thì đắt cắt cổ. Đến lúc tính tiền còn bị tính thêm 10% phí VAT ngoài giá niêm yết trên thực đơn nữa chứ.",0,0,0,2,0,0
"Tuy nhiên đến lần ghé quán thứ hai thì tôi lại thấy một con chuột khá to chạy ngay giữa nhà hàng rồi chui tọt vào góc khuất dưới khu vực quầy kệ.",0,0,0,1,0,0
"Thiết kế cửa kính phòng tắm bị mút chặt lại nên cực kỳ khó kéo ra nếu bật nước nóng vào những ngày trời lạnh.",0,2,0,0,0,0
"Tôi cùng gia đình vừa có dịp đến đây dùng bữa, các món ăn phải nói là cực kỳ ngon miệng. Không gian quán mang lại cảm giác rất ấm cúng, kết hợp với phong cách phục vụ chu đáo, nhiệt tình của nhân viên khiến ai trong nhà cũng tấm tắc khen. Nhất định tôi sẽ tiếp tục quay lại ủng hộ nhà hàng nếu có cơ hội.",0,0,5,5,0,0
"Các loại rau củ quả tươi ở đây không có nhiều sự lựa chọn cho khách. Dù quy mô siêu thị rất lớn nhưng mặt hàng bày bán chủ yếu lại là những thứ một người nước ngoài như tôi chẳng bao giờ đụng tới, chẳng hạn như các kệ dầu ăn và mì tôm chiếm diện tích khổng lồ. Vị trí nằm tận tầng trên cùng nên di chuyển khá bất tiện, phải đi qua hai lượt thang cuốn lớn mới tới nơi. Được cái là họ nướng bánh mì tươi liên tục cả ngày, mùi vị thơm ngon tuyệt hảo!",0,0,0,0,0,4
"Quán Ăn Ngon sở hữu một không gian vô cùng ấn tượng, vừa mang nét mộc mạc dân dã lại vừa ấm áp. Địa điểm này cực kỳ lý tưởng để tổ chức sum họp gia đình hoặc tiếp đón đối tác.",0,0,4,4,0,0
"Chẳng còn tâm trí đâu mà cảm nhận xem hải sản có tươi ngon hay không nữa, bởi vì vừa ăn xong là mình đã bị tức ngực với khó thở do đầu bếp nêm nếm quá tay nhiều mì chính.",0,0,0,3,0,0
"Chất lượng nhà hàng quá tệ, quyết định cạch mặt không bao giờ quay lại. Họ tự ý thu thêm 200k phí cho một đĩa đồ ăn còn nguyên vẹn dù chúng tôi không hề gọi thêm món đó. Đúng kiểu nhà hàng chộp giật, làm tiền, tẩy chay gấp. Đồ ăn thì dở tệ hại, thực sự không nuốt nổi.",0,0,2,0,0,0
"Tôi đánh giá rất cao sự trung thực cùng tinh thần hỗ trợ khách hàng hết mình trong khả năng của bạn nhân viên đó.",0,0,5,0,0,0
"Hệ thống Big C này bán giá thì rẻ thật đấy, nhưng riêng mấy món đồ khuyến mãi thì mua về toàn phải vứt đi không xài được. Nhất là đồ ăn giảm giá, rõ ràng xem hạn sử dụng thấy còn dài mà mua về khui ra mấy gói bị hỏng hết sạch. Mình đã dính phốt tận 2 lần rồi. Lần trước mua phải đồ hỏng mang đến bắt đền thì nhất quyết không chịu hoàn lại tiền mặt, cứ bắt mình phải chọn món khác đổi ngang cho đủ giá trị. Nghĩ mà chán chả buồn nói.",0,0,0,0,0,2
"Nghe dân địa phương khen nức nở nên mình cũng háo hức ghé thử dù trước đó đã nhắm được một quán khác có rating cao hơn. Đúng dịp Tết nên quán đông nghịt khách, mấy bạn phục vụ chạy đôn chạy đáo quá tải, gọi gì cũng vâng dạ cho qua chuyện chứ không tài nào làm kịp. Sốt ruột quá nên cuối cùng mình tự thân vận động luôn: tự lau dọn bàn, tự đi lấy bát đĩa, rồi chạy thẳng xuống quầy bê bia với nước ngọt... phía quán thấy vậy cũng mặc kệ cho khách tự biên tự diễn, thậm chí còn chỉ chỗ cho mình tự lấy đồ nữa! Về phần ăn uống thì nem nướng và bò nướng ăn khá ổn, vị hơi ngọt một chút. Nước chấm pha vừa miệng. Vấn đề vệ sinh thì tất nhiên không được sạch sẽ cho lắm, nhưng thôi ngày Tết đông đúc nên châm chước bỏ qua, ai kỹ tính thì chịu khó tự lau rửa lại chén đĩa là được! Nhìn mấy người phục vụ với đứng bếp nướng thịt không kịp thở thì cũng thấy đồng cảm phần nào. Vẫn sẽ quay lại quán.",0,0,0,3,0,0
"Địa điểm này luôn thu hút một lượng lớn du khách và người dân đến tham quan cũng như mua sắm đồ đạc.",0,0,0,0,0,4
"Sự phối hợp quản lý giữa FLC và khu Safari này lỏng lẻo quá, nhóm mình trước khi xuất phát đã cẩn thận hỏi lại lễ tân nhưng khi đến nơi vẫn bị bắt đóng tiền mua vé mới. Đã vậy sau khi đôi co giải thích thì phải ngồi đợi mất cả buổi để họ xác minh rồi mới được cho qua cửa. Không gian phía trong rộng rãi thật đấy nhưng số lượng muông thú chưa được phong phú lắm, mình chỉ thấy có chuồng công nuôi nhốt chung với vài loài khác, đà điểu, cừu, ấn tượng có 2 chú dê cứ đi theo đuôi nhìn khá dạn dĩ và đáng yêu, chuồng cọp thì nuôi 2 con, sư tử có đúng 1 con còn chuồng gấu cũng lèo tèo vài cá thể. Đi bốt tầm 30 phút là đã tham quan hết sạch rồi, nếu thuê xe điện hoặc xe ngựa di chuyển thì mức giá 70k/người là hơi chát. Nói chung đi trải nghiệm cho biết thôi chứ chẳng có điểm nhấn gì đặc sắc để thôi thúc mình quay lại lần sau.",3,0,0,0,0,0
"Thái độ của nhân viên quá tệ hại, họ cố tình tìm cách vòi vĩnh thêm tiền của khách bằng lý do làm mất dép của khách sạn, nhưng thực tế kiểm tra lại thì rõ ràng không hề có chuyện bị mất.",0,1,0,0,0,0
"Khu vực toilet vừa thiếu thốn trang thiết bị tiện nghi, quạt thông gió thì kêu o o rất ồn, lại còn không lắp chốt cửa phòng. Thùng rác thì không có nắp đậy, đặt ở vị trí vướng hết cả chân khi đi vệ sinh... tóm lại là một trải nghiệm nhà vệ sinh rất tồi tệ.",0,1,0,0,0,0
"Các món đặc sản ở đây rất ngon, mẫu mã phong phú và bắt mắt, cực kỳ thích hợp để mọi người ghé qua trải nghiệm cũng như lựa chọn mua quà lưu niệm khi có dịp du lịch Quy Nhơn.",0,0,0,0,0,4
"Đây là một ngôi chợ có tuổi đời từ rất lâu rồi. Hải sản bày bán ở đây lúc nào cũng tươi rói và ăn rất ngon miệng.",0,0,0,0,0,5
"QUÁN NÀY CHUYÊN CHẶT CHÉM KHÁCH DU LỊCH ĐẤY NHÉ Quán này bán hàng kiểu chộp giật lắm, bạn mình là người bản địa Quy Nhơn dẫn đi ăn thì bình thường chỉ tầm 30-40k một đĩa thôi, thế mà cứ thấy khách du lịch là quán tự động hét giá lên tới hơn 60k/đĩa, trong khi lượng đồ ăn thì ít ỏi, được có VÀI CON ỐC lèo tèo. Lúc mới vào gọi món có chủ động hỏi giá thì họ bảo chỉ tầm 30-40k thôi, ở đây không hề niêm yết menu hay bảng giá công khai gì cả. Các bạn đi du lịch có ăn ở đây thì nhớ mang đĩa nào ra phải hỏi rõ giá đĩa đó, chứ không đến lúc thanh toán tiền là sốc nặng luôn đấy. Hỏi mấy người dân sống quanh khu đó thì ai cũng bảo ""Cái quán đó bán đắt đỏ nhất cái xứ Quy Nhơn này rồi"", nghe thế là đủ hiểu uy tín ra sao rồi nhé. Đã vậy lúc về lướt mạng xem review mới thấy đầy rẫy đánh giá bóc phốt quán này chặt chém khách chứ chẳng phải mình mình bị, nên quá rõ bản chất rồi. Cứ giữ kiểu làm ăn chộp giật thế này thì sớm muộn gì cũng vắng bóng khách thôi. Bạn mình người Quy Nhơn dắt đi ăn mà còn bị chém đẹp như vậy thì chịu luôn rồi, KHUYÊN THẬT LÒNG CÁC BẠN DU LỊCH NÊN GẠCH TÊN QUÁN NÀY RA NHÉ.",0,0,0,1,0,0
"Ôi trời đất ơi, không hiểu sao một cái quán ăn có chất lượng tồi tệ như thế này mà bên tour du lịch lại dẫn cả đoàn công ty mình vào ăn được. Đến món tráng miệng bưng lên đĩa bánh ít đã bị ôi thiu bốc mùi, lúc phản ánh với nhân viên thì bị họ nạt nộ thẳng mặt, thái độ hách dịch y như muốn đuổi khách đi vậy. Đừng bao giờ dắt du khách nước ngoài vào những nơi thế này, làm bôi bác và mất hình ảnh Việt Nam quá.",0,0,0,1,0,0
"3 - Bản thân khá may mắn khi được một bác tài xế chạy xe VIP 1 hỗ trợ chở đuổi theo chiếc xe kia đến tận khu vực Suối Tiên để kịp lên xe hành trình.\n4 - Phần cửa kính ở tầng trên ngay vị trí giường số 14 cứ phát ra tiếng kêu két két rít tai suốt cả dọc đường (cảm giác như bị xô lệch hay va quẹt vào đâu đó).\n**** Mình có đặt tổng cộng 4 vé cả đi lẫn về cho dịp thứ 7 và chủ nhật để giải quyết công việc, vốn là khách hàng di chuyển cực kỳ thường xuyên của hãng nhưng sau sự cố lần này mình quyết định hủy luôn 2 vé khứ hồi còn lại để chuyển sang đi xe limousine của nhà xe khác. Càng ngày càng thấy chất lượng dịch vụ phục vụ của các hãng xe chạy tuyến miền Trung đi xuống trầm trọng. Rất mong ban quản lý nhà xe Sao Limousine xem xét và chấn chỉnh lại phong cách làm việc của bác tài xế nói riêng cũng như toàn bộ hệ thống nhà xe nói chung.",0,0,0,0,2,0
"Anh phụ xe liên tục hút thuốc lá phèo phèo ngay trên xe, mặc dù trên xe có rất nhiều trẻ nhỏ và hành khách đã lên tiếng nhắc nhở nhưng anh ta vẫn ngó lơ coi như không nghe thấy gì.",0,0,0,0,1,0
"Khách sạn hoàn toàn không hỗ trợ cho khách nhận phòng sớm cho dù thực tế vẫn còn phòng trống. Những ai đặt phòng qua booking thường bị sắp xếp ở các tầng thấp phía dưới để áp mức giá rẻ. Thêm nữa, bữa sáng ở đây không phải là tiệc buffet mà khách phải gọi món riêng rồi mang lên lầu ngồi ăn.",0,2,0,0,0,0
"Ngôi chợ này hay được gọi vui là chợ nhà giàu vì giá cả thực phẩm bán ở đây đắt đỏ hơn so với các khu vực lân cận. Tuy nhiên, tiền nào của nấy, đồ ăn lúc nào cũng đảm bảo độ tươi ngon tuyệt đối. Bạn sẽ chẳng bao giờ tìm thấy các loại cá ươn hay mực cũ ở đây đâu, vì nếu bán đồ như vậy thì xác định là không một ai thèm ngó ngàng tới.\nĐiểm cộng là mua bán rất thuận tiện, nhiều khi chẳng cần gửi xe vào trong chợ mà cứ mua ngay tại các sạp ven đường là xong.\nCòn về thái độ của các tiểu thương thì cực kỳ vui vẻ, hài hước nha, nhưng vì là phân khúc hàng cao cấp nên khi mặc cả giá các bạn cũng nên khéo léo một chút, kẻo các chị bán hàng lại nổi quạu lên đấy.\nTóm lại là đồ ăn cứ tươi rói, ngon lành là đã đúng gu của tôi rồi 😄😄",0,0,0,0,0,4
"Tự nhận thấy bản thân là một người mua hàng tương đối kỹ tính vì đồ mình dùng thì sao cũng được chứ riêng đồ đi biếu tặng là mình lựa chọn rất khắt khe. Ngoại trừ điểm trừ duy nhất là vị trí của shop nằm quá xa trung tâm ra thì mình hoàn toàn không có bất kỳ lời phàn nàn nào cả. Các bạn nhân viên tư vấn và chăm sóc khách hàng cực kỳ nhiệt tình, chu đáo. Hy vọng người bạn được tặng cũng sẽ thích mê món quà đó giống như cảm xúc của mình lúc vừa nhìn thấy nó lần đầu. Trông vô cùng sang trọng và mang nhiều ý nghĩa. Xin cảm ơn và chúc cửa hàng ngày càng làm ăn phát đạt nhé. Nếu shop mở thêm được chi nhánh ngoài Hà Nội nữa thì trên cả tuyệt vời luôn vị chi!!!!",0,0,0,0,0,4
"Chất lượng đồ ăn không được tươi, toàn là hàng đông lạnh lâu ngày. Cách chế biến món ăn cũng chẳng có gì ngon lành.",0,0,0,2,0,0
"Nơi này bản chất chính xác là một khu chợ truyền thống, các tiểu thương bán hàng ở đây rất khôn ngoan và lọc lõi. Không hề có bất kỳ mức giá cố định nào được niêm yết sẵn cả, thế nên nếu bạn ghé vào hỏi giá thì họ sẽ lập tức hét một mức giá trên trời, và nếu không biết cách mặc cả xuống mức rẻ hơn thì chắc chắn bạn sẽ bị hớ một khoản tiền lớn cho món đồ đó. Thậm chí ngay cả khi bạn biết giá thực tế của nó rẻ ra sao thì họ vẫn sẽ tìm cách chèo kéo để bán được giá cao. Lời khuyên chân thành là: đến đây chỉ nên đi dạo ngắm nhìn cho biết thôi, cứ tận hưởng không khí chứ đừng dại mà mua sắm gì ở đây cả.",0,0,0,0,0,4
"Món xúc xích ở đây thực chất chẳng phải xúc xích thật, chúng chỉ là mấy loại thịt cocktail chế biến sẵn có màu hồng nhạt. Thịt ba rọi thì bị thái vụn thành từng miếng nhỏ xíu. Phần trứng thì chiên quá lửa dẫn đến bị cháy sạm và ngả sang màu nâu. Món khoai tây chiên cũng chịu chung số phận cháy khét tương tự. Bữa sáng của tôi hoàn toàn không thấy xuất hiện đậu hạt hay cà chua rán giống như những gì đã quảng cáo trên thực đơn? Dù vậy, tôi cũng chẳng buồn đôi co làm gì vì thực sự không muốn họ bỏ thêm bất kỳ thứ gì vào cái đống hỗn hợp đồ ăn trông phát khiếp trên đĩa của mình nữa.",0,0,0,2,0,0
"Chất lượng tiện nghi phòng ốc không hề tốt như những lời quảng cáo, gia đình tôi lưu trú tận 2 đêm mà đến nước suối đặt trong phòng cũng bị tính tiền, két sắt an toàn thì khóa lại không cho khách sử dụng, hướng nhìn ra biển thì bị che khuất chỉ còn lại một góc nhìn rất hẹp... Thực sự cảm thấy thất vọng.",0,1,0,0,0,0
"Đánh giá tốt nha, không gian nhà ga sạch sẽ, tuy diện tích hơi nhỏ một chút nhưng được cái sắp xếp gọn gàng, các quầy hàng quán bên trong cũng rất ngăn nắp.",0,0,0,0,3,0
"Vị trí quán nằm ngay sát biển luôn, giá rổ lại rất hạt dẻ, nước nôi uống cũng ổn ổn chứ không đến nỗi dở. Không gian decor xinh xắn, đúng là một địa điểm ven biển lý tưởng cho mấy bạn mê chụp choẹt sống ảo.",5,0,5,3,0,0
"Thật sự ngỡ ngàng vì đây là lần đầu tiên mình đi xe taxi mà lại bị tài xế ngang nhiên vòi vĩnh, đòi thêm tiền đó các bạn ạ!!!😰😰😰😰",0,0,0,0,1,0
"Mặc dù hương vị các món ăn rất ngon miệng nhưng tôi thấy mức giá có phần hơi đắt đỏ. Chúng tôi có đặt dịch vụ giao hàng tận nơi và shipper giao đến rất đúng khung giờ đã hẹn. Tuy nhiên điểm trừ lớn là họ lại quên không chuẩn bị muỗng đũa, khăn giấy cũng như đĩa đựng đi kèm.",0,0,2,4,0,0
"Quán ngồi vỉa hè với bàn ghế gỗ dáng thấp, không gian xung quanh tương đối thoáng mát. Mấy bạn nhân viên ở đây có vẻ không được thân thiện cho lắm và thời gian chuẩn bị món ăn thì siêu lâu. Bù lại thực đơn có khá nhiều loại bánh độc lạ, phong phú. Mức giá nhìn chung là rẻ so với mặt bằng chung ở thành phố này. Chất lượng bánh ngon, vị ngọt thanh vừa phải chứ không hề bị ngấy béo. Điểm trừ duy nhất là món chè khúc bạch có giá 15k nhưng miếng khúc bạch bị nhão, phần nước dùng nhìn hơi đục màu. Món bánh tráng nướng ăn cũng ổn, có đầy đủ bò khô, pate, thịt băm... Nhai khá lạ miệng nhưng phải cái đợi mòn mỏi luôn 😂 có mỗi cái bánh tráng thôi mà mình phải chờ tận nửa tiếng đồng hồ.",0,0,0,3,0,0
"Mình có lên tầng 5 của trung tâm để chơi bowling kết hợp xem phim nhưng trải nghiệm nhận lại chỉ thấy thất vọng hoàn toàn. Hệ thống máy lạnh ở đây dường như không hoạt động, làm không gian vô cùng ngột ngạt và bí bách vì thiếu không khí.",1,1,0,0,0,0
"Không gian khách sạn rất thoáng đãng, các bạn nhân viên luôn nhiệt tình hỗ trợ khách, vị trí lại ngay trung tâm thành phố nên rất gần với mấy quán ăn như Gà Tuk tuk hay Mỳ nhà gỗ, di chuyển đi lại cực kỳ tiện lợi.",0,4,3,0,0,0
"Ở đây sở hữu số lượng đầu sách vô cùng phong phú... khách có thể thoải mái đọc nhưng diện tích nhà sách hơi nhỏ nên không thiết kế không gian cho mọi người ngồi lại xem sách... nghĩ cũng tiếc, giá như họ bố trí thêm ít bàn ghế ngồi đọc rồi tính phí theo giờ có phải hay không. Dù diện tích chật hẹp nhưng cách sắp xếp sách truyện, tập vở, văn phòng phẩm... lại cực kỳ khoa học nên rất dễ tìm kiếm và chọn lựa...",0,0,0,0,0,3
"Quán lên món cực kỳ nhanh nhẹn, đồ ăn ngon miệng kết hợp với không gian ấm cúng dễ chịu và dàn nhân viên siêu nhiệt tình, chắc chắn mình sẽ còn quay lại đây nhiều lần nữa.",5,0,5,5,0,0
"Dịch vụ của hãng này rất tốt nhưng chi phí đi lại khá đắt đỏ. Khuyên mọi người nên đặt xe qua ứng dụng GRAB vừa tiện lợi mà giá thành lại siêu rẻ. Hôm trước tụi mình di chuyển quãng đường đến khách sạn chỉ mất khoảng 13,000. Hôm sau do lười bật app nên vẫy đại xe Vinasun đi đúng lộ trình đó mà đồng hồ nhảy lên tận 330,000, họ bật đồng hồ đo đàng hoàng chứ không phải gian lận gì đâu, chỉ là do mình khờ nên phải chịu thôi. Tốt nhất cứ tải app về máy cho tiết kiệm chi phí nhé.",0,0,0,0,1,0
"Lúc đầu do mình không hề biết chìa khóa dự phòng đang để sẵn bên trong phòng nên các bạn nhân viên không thể vào dọn dẹp phòng được, tuy nhiên sau đó mình đã chủ động gửi lại chìa và có nhắn tin nhờ họ vệ sinh phòng giúp. Vậy mà đến tối lúc quay về phòng ốc vẫn y nguyên như cũ không hề được dọn, cảm thấy hơi thất vọng nhẹ!!!",0,2,0,0,0,0
"Phía khách sạn cần chú ý nhắc nhở nhân viên kiểm tra kỹ các hộc tủ trong quá trình dọn dẹp phòng hoặc khi khách làm thủ tục check-out. Lúc mình tự kiểm tra cái ngăn tủ trong phòng thì vẫn thấy đồ đạc quần áo của người thuê trước bỏ quên ở bên trong.",0,2,0,0,0,0
"Gia đình tôi đã thử ghé qua một vài quán ăn địa phương trong khu vực Phố Cổ và tình cờ tìm thấy một nhà hàng nhỏ xinh, mang phong cách lãng mạn trên tuyến phố Gia Ngư (đi bộ ra hồ Hoàn Kiếm chỉ mất tầm 5-10 phút). Chất lượng đồ ăn phải nói là tuyệt hảo và phong cách phục vụ của họ cũng vô cùng chuyên nghiệp. Các bạn nhân viên chăm sóc bàn rất chu đáo, còn tận tình hướng dẫn chúng tôi cách thưởng món ăn sao cho chuẩn vị nhất. Tôi thực sự rất hài lòng và nhiệt liệt đề xuất địa điểm này!",0,0,5,5,0,0
"Cái chỗ này vắng vẻ đìu hiu, chẳng thấy một bóng người nào cả, mình vào đứng đợi mãi cũng không có ai ra tiếp đón mà gọi vào số điện thoại hotline thì thuê bao không bắt máy. Thấy mất thời gian vô nghĩa thật sự.",0,2,0,0,0,0
"Khu chợ này bày bán cực kỳ đa dạng các loại mặt hàng và nếu bạn có kỹ năng thương lượng tốt thì hoàn toàn có thể ép giá xuống thấp hơn tới 60% so với mức giá họ nói thách lúc đầu. Nhớ là phải trả giá nhiệt tình vào nhé vì mức giá thách ban đầu ở đây rất cao.",0,0,0,0,0,4
"Dàn nhân viên cư xử rất lịch sự, chất lượng các mặt hàng bày bán ở đây cũng khá ổn áp!",0,0,0,0,0,4
"Lần đầu tiên đặt chân đến siêu thị này thấy không gian rộng rãi, nhiều mặt hàng phong phú mà giá cả lại rẻ nữa. Thế nhưng có chút buồn là lúc tính tiền bạn nhân viên thối thiếu cho mình 100k mà do mình chủ quan không kiểm tra lại. Bước chân ra khỏi siêu thị rồi mới phát hiện ra. Số tiền thì không quá lớn đâu, nhưng tự dưng thấy hơi hụt hẫng trong lòng 😂",0,0,0,0,0,3
"Thấy trên mạng mọi người thi nhau review khen lấy khen để nên mình mới đi thử quán cà phê này, nhưng sau khi trải nghiệm thực tế thì chắc chắn mình sẽ không bao giờ quay lại nữa, có vài điều muốn góp ý thẳng thắn để quán cải thiện: - Về đồ uống: Cách pha chế cực kỳ tệ, đặc biệt là ly Mojito ngọt gắt, hoàn toàn không nghe ra được chút hương vị Mojito đặc trưng nào mà cảm giác chẳng khác gì đang uống nước siro pha loãng. - Về không gian: Quán chỉ có một vài góc lên hình là tạm ổn, còn lại các khu vực khác decor nhìn rất chán, lối đi lên tầng trên phải đi ngang qua căn phòng chuẩn bị nguyên liệu trông khá bừa bộn và nhếch nhác. Khu vực sân thượng tầm gần trưa thì nắng nóng, hanh khô. Đi vào ngày Tết thì gặp ngay mấy nhóm tụ tập đánh bài lô tô hò hét ầm ĩ chói tai làm mất sạch cả không khí yên tĩnh. - Về nhân viên: Mình hiểu ngày Tết quán sẽ đông khách, nhưng khi lại hỏi nhẹ nhàng xem nước của mình có chưa thì bạn nhân viên lại gắt gỏng trả lời bộp chộp: ""Tết mà, phải đợi tí chứ, món nước ép làm lâu lắm, muốn nhanh thì anh gọi cà phê đi"", nghe xong đã thấy nóng mắt rồi nhưng vẫn nhịn cho qua, ai dè một lúc sau bạn ấy cầm cái hóa đơn đập thẳng xuống bàn rồi quay lưng đi thẳng trong khi nhóm mình còn chưa có nhu cầu thanh toán, gọi lại hỏi thì bạn nữ đó thái độ láo lếu bảo: ""Tết đông khách nên phải thu tiền trước"". Làm dịch vụ mà mở miệng ra là cãi tay đôi với khách, thái độ phục vụ quá trịch thượng. Muốn thu tiền trước thì cứ mở lời nói một tiếng lịch sự, chứ cái kiểu ném bill xuống bàn rồi bỏ đi như vậy là không thể chấp nhận nổi. Quán cần phải xem xét và đào tạo lại đội ngũ nhân viên cho chuyên nghiệp hơn.",0,0,0,1,0,0
"Mấy set quà bên shop thiết kế xinh xắn lắm, gói ghém cẩn thận đẹp mắt, bạn nhân viên tư vấn thì siêu nhiệt tình lại còn giao hàng nhanh chóng nữa chứ. Nhất định sẽ gắn bó ủng hộ shop dài lâu.",0,0,0,0,0,5
"Mặt hàng ở đây tương đối phong phú, bạn có thể tìm mua từ dừa quả tươi cho đến các loại đồ lưu niệm, đặc sản làm quà (như nem chả, mực khô, cá khô, tôm khô hay đủ loại mắm cốt) tại khu chợ này. Chợ thì hoạt động suốt cả ngày nhưng lưu ý là có một số khu vực chỉ họp vào lúc sáng sớm thôi. Nếu ghé chợ vào khoảng chiều muộn thì tiện đường có thể tạt qua ăn ốc Thúy Kiều ngay sát bên cạnh luôn.",0,0,4,0,0,0
"Hiệu sách Fahasa nằm trong khu TTTM Coop Mart sở hữu số lượng đầu sách vô cùng đa dạng dành cho các bạn nhỏ, đầy đủ sách giáo khoa, truyện thiếu nhi cùng các loại đồ dùng văn phòng phẩm, đồ chơi đa dạng. Còn nếu các bạn có nhu cầu tìm mua truyện tiểu thuyết hay mấy tựa sách dán nhãn 16+ trở lên thì khuyên nên ghé qua chi nhánh Fahasa ở Big C sẽ đầy đủ hơn nhé. Tại đây có hỗ trợ nhiều hình thức thanh toán tiện lợi như quẹt thẻ, quét mã QR hay dùng ví điện tử ZaloPay.",0,0,0,0,0,5
"Chất lượng dịch vụ hoàn toàn xứng đáng với túi tiền bỏ ra, các bạn rất nên ghé qua để tự mình trải nghiệm.",5,5,5,0,0,0
"Nằm ngay đối diện với khách sạn Saigon Quy Nhơn nên Surf Bar được xem là địa điểm nhất định phải check-in trong chuyến đi này của mình. Nếu ghé quán vào ban ngày thì view không có gì quá nổi bật vì thời tiết lúc nào cũng nắng gắt. Nhưng view tầm chiều tối khi quán bắt đầu lên đèn thì nhìn lung linh và cuốn hút hơn hẳn. Vị trí đắc địa vì quán thiết kế theo mô hình bar bãi biển, nằm ngay trên dải cát sát vách biển luôn. Chỗ này mà thả dáng sống ảo đăng lên mạng xã hội thì hết bài 😉 Tuy nhiên chất lượng đồ uống thì lại hoàn toàn tỷ lệ nghịch, vị nhạt nhẽo vô cùng. Lúc mình gọi kem thì nhân viên lại bưng ra một cây kem còn nguyên trong bao bì y hệt loại bán đại trà ngoài siêu thị 🤨, mang tiếng là một quán bar có tiếng mà làm ăn kiểu này khiến ai trong bàn cũng phải ngỡ ngàng 😅. Món sữa chua hay sinh tố uống cũng chán, nhạt vị. Quán thực sự cần phải cải thiện lại chất lượng pha chế đồ uống, chứ không thể chỉ dựa mãi vào mỗi cái view đẹp được đâu.",0,0,0,3,0,0
"Giá các loại rượu ở đây đắt hơn hẳn so với mặt bằng chung của những nhà hàng khác, bù lại thì thực đơn món ăn có mức giá khá hợp lý.",0,0,0,3,0,0
"Cảm quan ban đầu nhìn từ ngoài vào thì quán khá bề thế, trông giống kiểu mô hình cà phê biệt thự sân vườn, thế nhưng khi bước chân vào bên trong thì mình hơi ngỡ ngàng vì diện tích thực tế khá nhỏ hẹp, decor sơ sài và chưa được đầu tư bài bản, nhìn cứ như một quán mới mở tạm bợ vậy. Mình đến quán vào khoảng 7h30 tối mà không gian trống trơn không một bóng khách, mình chọn ngồi trên tầng 2 nhưng phòng khá kín, lại là quán mới nên vẫn còn nồng nặc mùi sơn tường cực kỳ khó chịu. Đã vậy, mấy bạn nhân viên phục vụ còn không chịu bật điều hòa cho khách làm không khí vừa nóng vừa ngột ngạt bí bách. Trước đó lướt Foody thấy mọi người khen món bánh mì ở đây ngon lắm nên có hỏi gọi món, nhưng bạn nhân viên lại báo là đã hết đồ ăn rồi, mình đoán chắc do quán vắng khách quá nên họ chẳng thèm chuẩn bị nguyên liệu nấu nướng luôn. Giá cả đồ uống thì thuộc dạng đắt đỏ mà chất lượng pha chế lại chẳng có gì đặc sắc. Một trải nghiệm khá là thất vọng.",0,0,0,2,0,0
"Nhìn từ phía ngoài, nhà hàng nổi bật với tông màu trắng kem nhìn cực kỳ sang trọng và thanh lịch, lối đi vào cũng rộng rãi thoải mái. Hình như ở đây họ làm mô hình phức tạp kết hợp giữa khách sạn, hồ bơi rồi kinh doanh luôn cả dịch vụ cà phê, điểm tâm sáng thì phải. Do mình đi theo đoàn đặt tiệc sẵn nên khi bước vào phòng ăn là các món đã được setup ngăn nắp trên bàn rồi, chỉ cần mở lớp màng bọc bảo quản ra là có thể dùng bữa được ngay. Điểm cộng là dù đồ ăn được chuẩn bị từ trước nhưng khi dọn ra vẫn giữ được độ ấm nóng vừa phải nên điểm này làm mình khá hài lòng. Vừa trải qua quãng đường dài di chuyển đến nơi để ăn trưa nên cảm giác ăn uống rất ngon miệng.",0,0,4,4,0,0
"Lúc mình đến làm thủ tục check-in thì mới ngã ngửa là hạng phòng mình đã đặt trước đó không còn phòng trống. Nhưng dù sao thì phía khách sạn cũng xử lý rất nhanh nhẹn khi đổi sang sắp xếp cho mình một căn phòng khác thay thế. Điểm trừ là vị trí lắp máy lạnh trong phòng hơi bất hợp lý, hơi lạnh cứ phả thẳng từ phía dưới chân lên mặt khiến mình cảm thấy khá khó chịu khi nằm ngủ. Nói chung tổng thể mọi thứ tạm ổn trong tầm giá.",0,3,0,0,0,0
"Đây là lần đầu tiên mình có cơ hội đi du lịch Quy Nhơn, được đoàn sắp xếp cho vào dùng bữa trưa ở một nhà hàng quy mô lớn thế này cảm giác thích thú lắm. Nhà hàng tọa lạc ngay cạnh bờ biển sở hữu tầm nhìn ngắm cảnh siêu đẹp, vị trí lại rất gần trung tâm thành phố Quy Nhơn. Bữa trưa được bày biện chu đáo theo từng bàn riêng biệt, có kèm sẵn thực đơn chi tiết để khách tiện theo dõi. Món ăn rất đa dạng từ các món mặn như thịt, cá cho đến các món rau xào và canh ngọt. Đội ngũ nhân viên phục vụ cực kỳ nhanh nhẹn, nhiệt tình và thể hiện phong cách làm việc rất chuyên nghiệp.",0,0,5,5,0,0
"Tôi đã có cơ hội trải nghiệm ẩm thực tại nhà hàng này trong chuyến du lịch đến Quy Nhơn. Đi cùng nhóm đông đủ 5 người nên chúng tôi đã gọi được khá nhiều món khác nhau để cùng ăn thử (từ tacos, chimichanga, cho đến burger mexican và salad cá ngừ). Phải công nhận chất lượng món nào món nấy đều vô cùng chất lượng và vừa vặn !! Nếu bạn đang muốn tìm kiếm một chiếc bánh mì kẹp thịt cao cấp hoặc bất chợt lên cơn thèm đồ ăn hương vị Mexico chuẩn chỉnh thì đây chính là điểm đến hoàn hảo dành cho bạn. Cá nhân tôi đặc biệt ấn tượng với món burger mexico và phần sốt salsa đi kèm, hương vị sốt salsa ở đây mang lại cảm giác thơm ngon đúng điệu ẩm thực Mexican đích thực vậy. HOÀN TOÀN XỨNG ĐÁNG ĐỂ TRẢI NGHIỆM!",0,0,5,5,0,0
"Ở đây bày bán khá nhiều mặt hàng đặc sản đa dạng, các bạn nhân viên cũng rất nhiệt tình tư vấn, giải thích rõ ràng khi khách hỏi han.",0,0,0,0,0,4
"Quán cà phê này sở hữu một vị trí cực kỳ đắc địa ngay tại tầng trệt của tòa nhà An Phú Thịnh, đợt Tết vừa rồi mình được ông anh rủ ra đây ngồi uống nước. Mặt tiền nằm ngay trung tâm, giáp tận hai mặt đường lớn luôn nên không gian nhìn rất rộng rãi, thoáng mát. Hôm đó thời tiết ngoài trời hơi có gió lùa mạnh nên nhóm tụi mình lựa chọn ngồi ở khu vực phía trong nhà. Mấy bạn nhân viên ở đây còn trẻ tuổi nhưng thái độ làm việc rất tận tình, niềm nở với khách. Tốc độ phục vụ lên đồ cực kỳ nhanh nhẹn, không bắt khách phải chờ đợi lâu. Về phần đồ uống (mình có gọi món hazelnut ice blended) thì đánh giá ở mức ổn thôi, chứ xét theo phân khúc tầm giá đó thì chưa thực sự gọi là xuất sắc hay có điểm nhấn gì nổi bật. Bù lại điểm trừ đó thì không gian quán và chất lượng dịch vụ chăm sóc khách hàng khá tốt. Tuy nhiên, nhìn nhận tổng quan thì mình thấy cách sắp xếp bàn ghế của quán vẫn có cảm giác hơi bị tham lam quá, nếu biết tiết chế bớt đồ đạc bày biện đi một chút thì không gian trông sẽ thoáng đãng và tinh tế hơn nhiều.",0,0,0,3,0,0
"Quán ăn này hoạt động được một thời gian khá dài rồi và luôn là địa điểm quen thuộc được nhiều đoàn khách du lịch ghé qua thưởng thức. Hiện tại quán mới mở rộng thêm một không gian diện tích ngay bên cạnh nữa nhằm đáp ứng tốt hơn nhu cầu đông đúc của thực khách. Không gian quán mang lại cảm giác tương đối yên tĩnh, mát mẻ, hệ thống đèn chiếu sáng thì thiết kế hơi mờ ảo, mập mờ một chút. Món pizza ở đây phải nói là siêu siêu ngon luôn, tuy nhiên món mì Ý thì vị hơi nhạt nhẽo và hơi khó ăn đối với khẩu vị của mình. Các loại nước uống kèm cũng chỉ ở mức bình thường chứ không có gì quá đặc sắc. Điểm cộng là dàn nhân viên phục vụ rất nhiệt tình chu đáo dù số lượng nhân sự của quán không có quá nhiều. Mức giá cả nhìn chung tạm ổn, riêng vào các dịp lễ Tết thì phía quán có áp dụng chính sách tăng thêm khoảng từ 10% đến 20% phí dịch vụ.",0,0,0,3,0,0
"Vị trí nằm ở khu vực quá xa xôi hẻo lánh mà ngặt nỗi lại không có bãi tắm biển riêng cho khách sử dụng. Chất lượng phòng ốc thì ở mức chấp nhận được, chỉ vừa vặn đạt tiêu chuẩn 3 sao thôi. Các dịch vụ đi kèm thì quá đỗi đơn sơ, nghèo nàn. Tầm nhìn view cảnh thì cũng chỉ dừng lại ở mức tạm ổn, còn cách xa tiêu chuẩn 5 sao một khoảng cách lớn không dễ gì san lấp được. Thái độ cư xử của nhân viên thì gọi là đạt mức ổn định ở một vài bộ phận nhỏ. Đặc biệt cá biệt có ông bảo vệ cứ vô tư gọi khách hàng bằng ""thằng"" này ""thằng"" nọ ầm ĩ hết cả lên, nghe rất khó chịu.",0,2,0,0,0,0
"Đồ mua về nhìn rất xinh xắn, chất liệu vải đẹp, mẫu mã thiết kế lại đa dạng phong phú mà giá cả lại cực kỳ phải chăng, chị chủ shop còn siêu nhiệt tình tư vấn cho khách nữa chứ <3",0,0,0,0,0,5
"Chất lượng món ăn cực kỳ ngon miệng, rất hợp khẩu vị của mình. Không gian quán thiết kế thông thoáng, rộng rãi tạo cảm giác thoải mái cho thực khách. Đội ngũ nhân viên phục vụ rất nhiệt tình, thân thiện và gần gũi. Ngồi ăn buổi tối gió thổi mát mẻ thích lắm. Mình cực kỳ thích nơi này!",5,0,5,5,0,0
"Sáng ngày 20/08 tôi có ghé qua Quán Ăn Ngon để dùng bữa sáng. Tôi có gọi một bát miến gà đi kèm một bát bún măng gà, quẩy ăn kèm và hai cốc nước uống. Thế nhưng hai bát bún miến đã được bưng lên và chúng tôi ăn gần xong rồi mà vẫn chẳng thấy bóng dáng đĩa quẩy lẫn nước uống đâu cả. Trong khi đó, lượng nhân viên của quán thì đông đúc như thế mà lại cứ đứng túm năm tụm ba buôn chuyện, tán gẫu ngay tại khu vực đang cắm hoa. Cho đến khi tôi phải lớn tiếng gọi nhắc nhở thì họ mới cuống cuồng bê đĩa quẩy ra, còn nước uống thì mãi tới lúc chúng tôi ăn xong xuôi hết cả rồi mới thấy mang lên, lúc bạn nhân viên đặt nước xuống bàn cũng chẳng thèm mở miệng buông một câu xin lỗi khách cho lịch sự. Phải chăng do quán tiếp đón nhiều khách nước ngoài quá nên khi thấy người Việt Nam vào ăn thì thái độ phục vụ liền thay đổi khác hẳn như vậy. Nói chung bản thân tôi là người Hà Nội gốc và đã từng ăn ở địa điểm này rất nhiều lần rồi nhưng chưa bao giờ gặp phải một lần trải nghiệm tồi tệ đến thế này. Khuyên chân thành các bạn nếu có ý định đến đây ăn uống thì nên tránh khoảng thời gian buổi sáng ra nhé.",1,0,1,0,0,0
"Cách thức làm việc của bộ phận bảo vệ ở đây thực sự rất tệ hại. Có những trường hợp người dân không hề đeo khẩu trang phòng dịch mà vẫn được thoải mái cho qua cửa vào trong, trong khi người khác thì lại bị họ hạch sách, đuổi ra ngoài không cho vào là kiểu gì. Đề nghị ban quản lý siêu thị cần phải kiểm tra, rà soát lại quy trình làm việc này của nhân viên. Cứ duy trì tình trạng thế này thì quá mức tồi tệ.",0,0,0,0,0,1
"Bạn nhân viên tư vấn bán hàng khá là nhiệt tình chu đáo, mẫu mã các mặt hàng lại đa dạng phong phú, mức giá cả đưa ra cũng rất hợp lý, chấp nhận được đối với du khách thập phương.",0,0,0,0,0,5
"Thật sự rất khó để tìm được một địa điểm có thể cân bằng hoàn hảo giữa khoảng thời gian sum họp gia đình, tụ tập vui chơi cùng bạn bè, mà lại vừa đảm bảo có đồ ăn lành mạnh tốt cho sức khỏe lẫn không gian thân thiện với trẻ nhỏ. Nhà hàng The Refinery hoàn toàn đáp ứng trọn vẹn được danh sách những yêu cầu khắt khe đó của tôi. Lựa chọn thực đơn brunch (bữa sáng muộn) rất bổ dưỡng, diện tích không gian lại vô cùng rộng rãi nên dễ dàng sắp xếp chỗ ngồi vừa vặn cho cả nhóm bạn 15 người chúng tôi. Tôi đặc biệt đánh giá cao việc họ thiết kế riêng một khu vui chơi dành cho trẻ em và có cả bảo mẫu tận tâm ngồi trông nom, chơi đùa cùng các bé. Thêm vào đó, danh mục các loại rượu ở đây cũng là một lựa chọn rất tốt.",0,0,5,0,0,0
"Đánh giá tổng quan mọi thứ thì ở mức tạm ổn nhưng bản thân mình sẽ chỉ đến đây đúng một lần duy nhất này thôi và không có ý định quay lại! Phong cách phục vụ của nhân viên thì rất tốt - tuy nhiên về phần chất lượng thì có lẽ do thời điểm này quán quá đông khách hoặc vì một lý do khách quan nào đó nên cảm giác đã bị giảm sút, không còn được tốt như ngày xưa nữa rồi!",0,0,0,3,0,0
"Không gian quán được trang trí nhìn rất bắt mắt. Khu vực trên lầu ngoại trừ có bố trí 2 chiếc bàn đặt ngoài ban công ra thì toàn bộ diện tích bên trong đều thiết kế theo kiểu ngồi bệt nên hầu như toàn các em tuổi teen ngồi tụ tập, còn người lớn tuổi thì thường ưu tiên lựa chọn không gian dưới lầu hơn. Đội ngũ nhân viên của quán làm việc rất nhiệt tình, chu đáo từ bác bảo vệ dắt giữ xe cho đến bạn nhân viên đứng mở cửa chào đón khi khách bước vào. Giá cả các món nước dao động trong khoảng 20-35k, đồ uống được đựng trong những chiếc chai hoặc ly có kiểu dáng decor khá lạ mắt. Quán có phục vụ thêm một vài món ăn vặt đi kèm, mình có gọi thử món Hồ Lô với giá 10k/3 viên thì thấy ăn rất ngon miệng, thịt dai giòn và có vị ngọt nhẹ giống như lạp xưởng vậy. Điểm trừ duy nhất là lúc nãy vào quán nhóm mình có gọi 3 ly nước đều có phần kem tươi phủ bên trên, kết quả là phần kem tươi đó bị chua, xuất hiện tình trạng vón cục làm ảnh hưởng, hỏng hết cả khẩu vị thưởng thức của cả nhóm.",0,0,0,3,0,0
"Vị trí nằm cách trung tâm thành phố Quy Nhơn khoảng tầm 40km. Khu vực sân bay có thiết kế bãi trông giữ xe dành cho cả xe máy lẫn ô tô, đây là một phương án hỗ trợ cực kỳ tiện lợi cho những bạn nào đang sinh sống tại Bình Định. Mức giá gửi xe ô tô được tính là 60k cho một ngày đêm, còn đối với xe máy là 20k/ngày đêm. Thêm vào đó, hành khách khi xuống sân bay hoàn toàn có thể lựa chọn di chuyển bằng tuyến xe Buýt đưa đón chạy thẳng từ sân bay về địa chỉ số 01 Nguyễn Tất Thành, Quy Nhơn với mức chi phí là 50k/lượt.",0,0,0,0,3,0
"Tại siêu thị này, mọi người hoàn toàn có thể tìm mua được kha khá các loại mặt hàng thực phẩm theo phong cách Tây phương.",0,0,0,4,0,4
"Cung cách phục vụ của đội ngũ nhân viên nhà hàng thiếu sự chuyên nghiệp trầm trọng, thiết nghĩ phía quản lý nên đào tạo lại nghiệp vụ cho họ.",0,0,1,1,0,0
"Nếu muốn tìm một địa điểm uy tín nhất để chọn mua đồ làm quà khi ghé Quy Nhơn thì mọi người hãy tới số 115 đường Tây Sơn, phường Nguyễn Văn Cừ nhé.",0,0,0,0,0,5
"Địa điểm này được người quen giới thiệu cho mình khi đi du lịch Quy Nhơn, đường đi khá dễ kiếm vì nằm ngay mặt tiền trục đường lớn sát bờ biển. Vào buổi tối, hệ thống đèn của quán được thắp sáng trưng trông cực kỳ lung linh và ảo diệu. Ngồi ở đây mát rượi chẳng cần đến quạt :)), vừa đón gió biển lồng lộng vừa lắng nghe tiếng sóng vỗ rì rào cảm giác rất thú vị. Lượng khách đổ về quán vào ban đêm rất đông đúc, loáng cái là hết sạch bàn. Điểm trừ là mấy khu vực bàn kê sát mép biển hơi thiếu ánh sáng. Tốc độ phục vụ của nhân viên tương đối nhanh nhẹn, thế nhưng đồ uống ở đây có mức giá khá đắt đỏ mà chất lượng pha chế lại hơi tệ. Mình có gọi món trà sữa nhưng uống vào cảm giác cứ ngang ngang thế nào ấy, vị trà không rõ ràng mà vị sữa cũng rất nhạt nhòa, nói chung là không vừa ý tí nào.",0,0,0,3,0,0
"Diện tích phòng ốc vừa chật hẹp lại vừa có mùi hôi hám khó chịu, khu toilet thiết kế bị trũng thấp nên nước cứ tràn lê láng ra khắp sàn nhà. Phát sinh quá nhiều bất tiện, làm mình phải yêu cầu đổi phòng qua lại mấy lần liền.",0,1,0,0,0,0
"Tốc độ xử lý thủ tục thanh toán quá lề mề, chậm chạp. Các bạn nhân viên làm việc với thái độ rất lơ mơ, thiếu tập trung.",0,0,0,0,0,1
"Cửa hàng bày bán đa dạng các loại mặt hàng đặc sản của vùng đất Bình Định như rượu bàu đá, bánh hồng, bánh ít lá gai... Nguồn hàng ở đây đều được tuyển chọn kỹ lưỡng nên đảm bảo chất lượng tốt. Đây xứng đáng là một trong những địa chỉ bỏ túi cho những ai muốn tìm mua quà cáp mang về khi ghé thăm Bình Định.",0,0,0,0,0,4
"Hôm đó cả gia đình mình có ghé vào siêu thị Big C Quy Nhơn để mua sắm, cất công lựa chọn ròng rã suốt 3 tiếng đồng hồ mới được một xe đầy ắp đồ đạc. Thấy sắp đến khung giờ siêu thị đóng cửa nên bố mình chủ động đẩy xe đồ lại dựng ở đầu dãy ngay sát khu vực quầy thu ngân để lát nữa tính tiền cho thuận tiện, còn mẹ, em gái và mình thì đang đứng xem ở quầy quần áo cách đó tầm 5 mét nên bố mới chạy lại gọi cả nhà sửa soạn ra về. Thế mà lúc hí hửng quay trở lại thì cái xe đồ đã biến mất tăm mất tích không còn ở đó nữa. Gặng hỏi mấy bạn nhân viên đứng ngay gần đấy thì họ cứ nhìn nhau cười cợt rồi bảo không biết gì, đến lúc hỏi sang bên bảo vệ thì nhận được câu trả lời dửng dưng là chắc do sắp đóng cửa nên nhân viên đẩy xe đi xả hàng trả về vị trí cũ luôn rồi. Trong khi rõ ràng thực khách vẫn đang tham quan mua sắm mà phía siêu thị không hề có một lời nhắc nhở, không hỏi xem xe đồ đó là của ai hay dùng loa phát thanh thông báo sắp hết giờ hoạt động — một việc mà ngay cả những hệ thống siêu thị quy mô nhỏ nhất cũng làm để khách chủ động ra về đúng giờ kinh doanh. Điều khiến mình bức xúc nhất là tuyệt nhiên không có một ai có trách nhiệm đứng ra tìm kiếm xem chiếc xe vừa bị đẩy đi đâu để hỗ trợ khách, tất cả cứ đứng trơ mắt ếch ra nhìn làm khách hàng có cảm giác bị coi thường vô cùng. Không một lời xin lỗi, không có sự hỗ trợ, trả lời một cách vô trách nhiệm. Giả sử khách hàng có thói quen để túi xách cá nhân trên xe rồi chỉ quay lưng đi lấy đồ cách đó vài mét, các người cũng tự ý đẩy xe đi không thèm hỏi han gì à, dù thấy rõ ràng cả gia đình người ta đang đứng lù lù ngay cạnh? Thời điểm đó là sắp đến giờ đóng cửa chứ siêu thị đã quá giờ hoạt động đâu mà lại có kiểu hành xử như vậy?",0,0,0,0,0,2
"Tiệm đặc sản này sở hữu danh mục mặt hàng rất phong phú, giá rổ lại phải chăng. Điểm cộng lớn nhất là nguồn gốc xuất xứ của hàng hóa cực kỳ uy tín và rõ ràng. Bản thân mình đã đặt mua ở đây nhiều lần để làm quà biếu người thân lẫn đối tác, ai dùng xong cũng phản hồi rất tốt nên mình luôn tin tưởng giới thiệu thương hiệu Út Châu mỗi khi có người quen hỏi địa chỉ mua quà Quy Nhơn. Thời buổi này du lịch phát triển mạnh, lượng khách đổ về Quy Nhơn đông đúc nên thị trường hàng hóa cũng thượng vàng hạ cám hơn xưa nhiều, mua bán không cẩn thận là dễ dính quả lừa như chơi. Thêm một tiện ích nữa là cửa hàng có hỗ trợ dịch vụ giao hàng tận nơi nha mọi người.",0,0,0,0,0,5
"Mình vừa mới ghé mua 10 cây tré với tổng số tiền là 280k, cùng với 2 đòn nem loại nửa kg có giá 75k/đòn, tính ra 2 đòn là 150k. Tổng hóa đơn cần thanh toán của mình là 430k. Mình có đưa một tờ 500k, bạn nhân viên thối lại 70k tiền thừa, lúc này mình mới bảo thôi lấy thêm nửa kg nem nữa cho tròn tiền đỡ phải thối lại, thế mà cô nhân viên nhất quyết không đồng ý và bắt mình phải đưa thêm bằng được 5k nữa, nếu không thì trả lại tiền mặt. Thực lòng mà nói thì 5k chẳng đáng là bao đối với mình cả, nhưng cái thái độ ứng xử và cách bán hàng của nhân viên làm khách thấy rất khó chịu, rất mong chủ cơ sở tiếp thu và chấn chỉnh lại phong cách làm việc của nhân sự cho tốt hơn.",0,0,0,3,0,0
"Chẳng tìm nổi một điểm gì để mà yêu thích cả. Đây là lần thứ hai mình lưu trú tại khách sạn này rồi nhưng chất lượng vẫn tệ hại như cũ. Sẽ không bao giờ có chuyện quay lại đây một lần nào nữa.",0,1,0,0,0,0
"Đội ngũ nhân viên chính là một điểm cộng cực kỳ lớn của nơi này, họ rất để ý và chu đáo chào hỏi mỗi khi thấy khách đi ra đi vào, thái độ nhiệt tình, khi khách hỏi han điều gì cũng giải thích bằng giọng nhẹ nhàng, lịch sự. Phòng ốc sạch sẽ, decor đẹp, nói chung rất hài lòng.",0,3,0,0,0,0
"Mấy món ốc hương rồi chip chip ăn không hề tươi chút nào, thịt ghẹ thì bị óp, chán hẳn.",0,0,0,2,0,0
"Lúc mình đến làm thủ tục check-in thì mới ngã ngửa là hạng phòng mình đã đặt trước đó không còn phòng trống. Nhưng dù sao thì phía khách sạn cũng xử lý rất nhanh nhẹn khi đổi sang sắp xếp cho mình một căn phòng khác thay thế. Điểm trừ là vị trí lắp máy lạnh trong phòng hơi bất hợp lý, hơi lạnh cứ phả thẳng từ phía dưới chân lên mặt khiến mình cảm thấy khá khó chịu khi nằm ngủ. Nói chung tổng thể mọi thứ tạm ổn trong tầm giá.",0,3,0,0,0,0
"Thực đơn dành cho bữa sáng ở đây nhìn chung chưa được phong phú cho lắm kể cả về mảng đồ ăn lẫn nước uống, nếu phía nhà xe bổ sung thêm nhiều lựa chọn đa dạng hơn cho hành khách giống như mình thì sẽ tuyệt vời hơn nhiều.",0,0,0,3,0,0
"Khu vực này bày bán tương đối đầy đủ các chủng loại mặt hàng từ đồ dùng gia đình cho đến trang sức, phụ kiện. Không gian rộng rãi và sạch sẽ, tuy nhiên xét về quy mô thì không thể lớn bằng hệ thống Big C ở ngoài Hà Nội được. :)",0,0,0,0,0,4
"Điểm nhấn độc đáo của nơi đây là những viên đá tròn trịa xếp chồng lên nhau trông y hệt như những quả trứng, bước đi lên cảm giác rất êm chân. Tuy nhiên, diện tích bãi đá khá nhỏ, chỉ thích hợp để đứng chụp hình check-in chứ không tắm biển được đâu.",3,0,0,0,0,0
"Trải nghiệm ăn uống cực kỳ tẻ nhạt và chán ngắt. Nhân viên phục vụ với thái độ hời hợt, bưng bê đồ ăn ra cho khách mà mặt mày lầm lì không một cảm xúc, chẳng thèm buông nổi một câu mời khách dùng bữa. Đã vậy lúc làm việc lại còn vô tư đeo tai nghe bluetooth nữa chứ. Chất lượng đồ ăn thì dở tệ hại, hạt cơm còn chưa chín kỹ, sượng sùng mà đã đem ra cho khách ăn rồi.",0,0,0,1,0,0
"Đây là tiệm bánh kem ruột của cả nhà mình luôn, mỗi lần trong gia đình có tiệc tùng cần đến bánh kem là đều qua đây đặt mua. Phần kem vị béo ngậy vừa phải chứ không bị ngọt gắt, lớp cốt bánh bông lan phía trong xốp mịn, ăn ngon lắm. Rất hợp khẩu vị của các thành viên trong nhà, sẽ tiếp tục ủng hộ tiệm dài lâu ❤",0,0,0,5,0,5
" - Hệ thống mạng WiFi hoàn toàn không hoạt động trên chuyến xe buýt chiều về của chúng tôi.",0,0,0,0,2,0
"Quy mô sân bay tuy nhỏ nhưng được quy hoạch, sắp xếp rất ngăn nắp và mang phong cách hiện đại. Khu vực trên tầng 1 tập trung khá nhiều gian hàng bày bán các loại đặc sản Bình Định với mức giá cả tương đối hợp lý.",0,0,0,0,4,4
"Được rồi, hôm nay là lần thứ ba tôi ghé lại quán này ăn vì hương vị đồ ăn ở đây thực sự rất ngon miệng. Chất lượng dịch vụ phục vụ cũng khá ổn. Tôi có gọi một phần masala cá ăn kèm với bánh mì nan phô mai, tandoori roti và một lon cola. Tổng giá trị hóa đơn là 204.000 VND — Tôi đã cẩn thận rút ra một tờ mệnh giá 500.000 VND và một tờ 5.000 VND để trả. Tôi cất ví vào người rồi đưa tiền cho bạn nhân viên bàn. Thế nhưng khi bạn ấy quay lại thối tiền thừa thì chỉ đưa cho tôi có 103.000 VND, trong khi đáng lẽ số tiền thừa tôi phải nhận lại phải là 301.000 VND! Dù sao thì tôi đã lập tức nhắc nhở bạn ấy, bạn ấy cũng nhanh chóng chạy lại chỗ ông chủ và ông ta đã đưa thêm 200.000 VND cho bạn ấy mang ra trả tôi, mọi chuyện coi như được giải quyết xong xuôi! Thế nhưng nhìn vào biểu cảm gương mặt của cậu phục vụ lúc đó, trông cậu ta cứ lấm lét như thể cố tình làm vậy cho đến khi bị tôi bóc mẽ ra cái phần chênh lệch ấy. Tôi có lời khuyên chân thành cho tất cả khách du lịch là nên cực kỳ để ý khi đưa tiền mặt cho những người này và nhớ kiểm tra kỹ xem mình đã nhận lại đúng số tiền thối hay chưa! Dù sao đây cũng là khu vực châu Á, và thật đáng buồn khi mấy gã người Ấn Độ này thẳng tay tính mức phí lên tới 10 đô cho mỗi bữa ăn rồi sau đó lại tìm cách giở trò giật tiền của khách ngay trên đất nước Việt Nam! Chẳng trách tại sao người Ấn Độ lại gặp nhiều khó khăn trong việc tìm kiếm việc làm ở quốc gia này đến vậy!",1,0,0,0,0,0
"Cái cửa hàng này làm ăn kiểu chộp giật, mất dạy lắm nha mọi người, tốt nhất nên né gấp ra chứ cứ bắt khách phải chuyển khoản thanh toán trước xong đến lúc giao hàng bị lỗi thì quay xe trốn tránh, hoàn toàn không có chế độ đổi trả gì hết đâu.",0,0,0,0,0,1
"Tôi tên là Đức Trường, hiện đang là phóng viên công tác tại báo điện tử Zing.vn. Tôi có đặt một vé xe di chuyển từ Quảng Ngãi vào Sài Gòn vào ngày 29.1 vừa qua. Tôi có chút ý kiến đóng góp là khi khách hàng tiến hành đặt chỗ qua hệ thống của Vexere thì nên bổ sung thêm mục điền thông tin số điện thoại của người thứ hai đi cùng. Tôi đề xuất điều này dựa trên trải nghiệm thực tế vì nhiều lý do. Cụ thể là ngày hôm qua, phía nhà xe có hẹn đón tôi vào lúc 19h00 tại khu vực BigC Quy Nhơn, bản thân tôi đã có mặt tại điểm hẹn từ trước đó 15 phút rồi. Tuy nhiên đến lúc xe tới nơi, họ có gọi điện cho tôi nhưng do điện thoại của tôi đột ngột bị hỏng hóc, không thể nhận cuộc gọi đến hay bấm gọi đi được, chính vì thế mà tôi đã bị lỡ mất chuyến xe đó. Rất may mắn là sự cố máy móc này đã sớm được xử lý ngay sau đó. Do vậy, tôi rất mong hệ thống lưu ý nhắc nhở các nhà xe khi gọi điện xác nhận hành khách lên xe thì nên chủ động thu thập thông tin liên lạc của cả hai người, nhằm hạn chế tối đa những trường hợp rủi ro đáng tiếc xảy ra như của tôi vừa rồi.",0,0,0,0,3,0
"Thật sự kinh tởm. Mang tiếng là bữa ăn sáng dành cho vua chúa gì mà chém tận 220k?! Có khi mấy người nông dân ăn sáng còn ngon lành, chất lượng hơn cái đống này.",0,0,0,1,0,0
" - Chuyến xe buýt chiều về của chúng tôi hoàn toàn không được dọn dẹp vệ sinh trước khi đón khách lên. Đống vỏ bao bì nilon cùng rác thải vứt bừa bãi khắp nơi xung quanh khu vực ghế ngồi của chúng tôi ngay khi vừa bước lên xe.",0,0,0,0,1,0
"Chất lượng dịch vụ của hãng xe càng ngày càng đi xuống một cách tệ hại, tôi vốn là một hành khách trung thành thường xuyên di chuyển bằng xe của bạn nhưng tôi nghĩ có lẽ đã đến lúc mình nên dừng sử dụng dịch vụ ở đây rồi, chúc may mắn.",0,0,0,0,1,0
"Trải nghiệm ăn uống thật kinh khủng. Chúng tôi có gọi hai phần gồm bánh mì kẹp xúc xích thuần chay và burger đậu lăng. Món sandwich xúc xích thực chất chỉ là 3 cây xúc xích cocktail chế biến sẵn được kẹp bừa vào trong một chiếc bánh mì cũ kỹ, khô khốc. Còn món ""burger"" đậu lăng thì nhìn y như một loại sốt đông tụ kỳ dị ăn vào chẳng có chút hương vị gì cả. Lúc vô tình ngó vào phía trong khu vực nhà bếp thì ôi thôi, không gian bẩn thỉu vô cùng, thậm chí người phụ nữ bưng bê đồ ăn ra cho chúng tôi còn sở hữu một đôi bàn tay nhem nhuốc nhất mà tôi từng thấy trong đời. Chưa hết, bạn nhân viên phục vụ bàn ăn của chúng tôi cũng có thái độ vô cùng thô lỗ, thô bạo, họ cứ tự ý quay lưng bỏ đi thẳng khi chúng tôi còn chưa kịp gọi xong món. Toàn bộ trải nghiệm lần này mang lại cảm giác rất kỳ quặc và tồi tệ. Hoàn toàn không muốn giới thiệu quán này cho bất kỳ ai.",0,0,0,1,0,0
"Không gian của đền cực kỳ rộng rãi và thoáng đãng với lối kết cấu thiết kế gồm 3 tầng tượng trưng: tầng trên cùng mang dáng tròn đại diện cho Thiên (trời), tầng thứ hai dáng vuông đại diện cho Địa (đất) và tầng thứ ba đại diện cho Nhân (con người). Khuôn viên xung quanh rất rộng và yên ắng, thanh tịnh.",3,0,0,0,0,0
"Địa điểm này hoạt động giống như một mô hình siêu thị thu nhỏ chứ không phải kiểu cửa hàng tiện lợi thông thường đâu nhé.\nỞ đây bày bán khá đa dạng các mặt hàng từ đồ nhu yếu phẩm hàng ngày, thực phẩm chế biến, đồ tươi sống cho đến các loại rau củ quả tươi.\nKhông gian siêu thị sạch sẽ, hàng hóa được sắp xếp rất ngăn nắp, khoa học.\nĐội ngũ nhân viên cư xử lịch sự, nhã nhặn với khách.\nLưu ý là cửa chính nằm ở mặt tiền trục đường 31 tháng 3, còn phần cửa hướng ra phía đường Tăng Bạt Hổ thì đã bị khóa trái rồi.",0,0,0,0,0,5
"Không gian sân bay tương đối thông thoáng, không xảy ra tình trạng kẹt xe hay ùn tắc chen lấn trong quá trình làm thủ tục check-in. Điểm hạn chế duy nhất là chất lượng khu vực nhà vệ sinh công cộng chưa được cao và không được sạch sẽ, thơm tho như ở sân bay Nội Bài.",0,0,0,0,3,0
"Mình có cho một ông bạn nhỏ mượn máy điện thoại để gọi giúp một chiếc xe taxi, nhờ bác tài xế của hãng VinaSun chở ông ấy ghé qua Bệnh viện An Bình.",0,0,0,0,3,0
"Chất lượng phòng ốc nhìn chung không được đẹp và sang trọng tương xứng với tiêu chuẩn 4 sao như quảng cáo, khu vực hồ bơi cũng hoàn toàn không có nhân viên túc trực để hỗ trợ hành khách khi cần.",0,2,0,0,0,0
"Bản thân tôi thực sự cực kỳ yêu thích nhà hàng này, đây có lẽ là quán ăn xuất sắc nhất tại vùng Quy Nhơn rồi. Mấy người dân địa phương ở đây có rỉ tai nhau là giá cả của quán tuy hơi cao một chút nhưng chất lượng món ăn mang lại thì thực sự tuyệt vời, khách hàng sẽ có cơ hội thưởng thức những món ăn đặc sản đậm chất địa phương. Món ăn làm nên thương hiệu ở đây chính là lẩu sứa, ăn ngon đỉnh cao luôn! Rất đáng để mọi người ghé qua ăn thử. Phần nước dùng súp phải nói là siêu ngon xuất sắc! ! ! ! Cứ mỗi lần có dịp ghé chơi Quy Nhơn là tôi đều phải tìm đến nhà hàng này bằng được.",0,0,5,5,0,0
"Chất lượng món ăn rất ngon miệng và tốc độ lên đồ phục vụ cực kỳ nhanh chóng, chỗ ngồi bày biện thoải mái, các bạn nhân viên phục vụ làm việc với tinh thần rất tích cực và thân thiện! Chắc chắn sẽ quay lại quán.",4,0,4,4,0,0
"Mức chi phí giá tiền phải bỏ ra đắt đỏ đến mức vô lý nếu đem cân đo đong đếm với mức độ hài lòng và tiện nghi nhận lại trong sự so sánh với các hệ thống khách sạn khác cùng tầm giá.",0,3,0,0,0,0
"Mấy bạn lễ tân ở chỗ chúng tôi nghỉ đã giới thiệu nơi này để mua sắm",0,3,0,0,0,0
"Chợ này tầm chiều có nhiều loại cá tươi rói luôn",0,0,0,0,0,5
"Cách âm của phòng hơi kém, bên ngoài hay phòng bên cạnh nói chuyện là nghe thấy hết",0,2,0,0,0,0
"Xe mang biển số 6898 chạy mà bác tài giấu tên nên mình chẳng biết ai để phản ánh",0,0,0,0,2,0
"Ở VHotel 4 đêm thì 2 ngày đầu khá ổn, nhưng 2 ngày sau nhân viên vệ sinh không châm thêm cafe miễn phí làm mình mất cả hứng thưởng thức sáng sớm",0,5,0,2,0,0
"Quán decor đẹp và thoáng nhưng đồ uống không đồng đều, chè khúc bạch rất chán còn chè đậu xanh sầu riêng thì lại ổn, giá 40k cho 2 món là hơi cao so với sinh viên",0,0,0,3,0,0
"Bữa ăn tuyệt nhất tại VN, chủ quán cực nhiệt tình hướng dẫn cách cuốn bánh xèo và cho xem đồ tươi trước khi chế biến, dù chỉ nói được chút tiếng Anh nhưng rất hiểu khách",0,0,5,5,0,0
"Phòng ốc chán quá, gối mền thì ngả màu vàng ố còn khăn trải rách bươm, nằm ngủ mà thấy ngứa ngáy khắp người như có bụi bẩn",0,1,0,0,0,0
"Chè ở đây chán thực sự, mua về bóc ra là thấy hỏng hết cả, mùi vị chua hỏng mà giá tận 20k/cái thì quá phí tiền",0,0,0,1,0,0
"Nhân viên nhiệt tình nhưng chi phí ăn hải sản ở đây đắt đỏ quá, cảm giác giá còn cao hơn cả trên rừng",0,0,0,3,0,0
"Siêu thị điện máy này tuy diện tích nhỏ nhưng hàng hóa rất cập nhật, phong cách phục vụ và website đều rất chỉn chu, chuyên nghiệp",0,0,0,0,0,4
"Chỗ mua vé chuyển qua số 5 Nguyễn Tất Thành rồi, đi lại mất khoảng 5 phút, giá vé tầm 200k-250k đắt hơn xe Phương Trang nhưng được cái tiện lợi hơn",0,0,0,0,3,0
"Đội ngũ nhân sự ở đây làm việc rất chuyên nghiệp, mọi yêu cầu của mình đều được xử lý cực nhanh",0,5,5,0,0,0
"Giá vé 400k mà không có cơm ăn kèm, giường nằm lại hẹp nên tính ra đắt hơn bên Phương Trang nhiều",0,0,0,0,2,0
"Trải nghiệm tệ hại, món ăn mang ra quá chậm, salad béo ngậy còn gà thì dai như cao su, bia lại phục vụ trong ly sứt mẻ mà nhân viên chẳng một lời giải thích",1,0,1,1,0,0
"Thực sự không hài lòng với thái độ của bạn thu ngân, nói chuyện với khách mà cứ như quát vào mặt, cực kỳ thiếu tôn trọng khách hàng",0,0,0,0,0,2
"Tài xế tự ý bỏ khách, ngắt liên lạc và chạy sớm hơn giờ xuất bến 30 phút mà không hề thông báo",0,0,0,0,1,0
"Nghe bạn giới thiệu qua quán 4Q ăn tôm hùm, công nhận đồ ăn tươi ngon mà giá lại rẻ bất ngờ, chắc do mình có đặt bàn trước",0,0,5,5,0,0
"Quán nóng và chật, nhân viên thì chậm chạp, đồ ăn dầu mỡ mà tương ớt lại hăng, chỉ được mỗi món kem là ngon và béo ngậy thôi",0,0,0,3,0,0
"Shop có nhiều mẫu đồ xinh, các bạn nhân viên lại rất tinh tế và lịch sự với khách hàng",0,0,0,0,0,4
"Lần đầu uống ly nước mà bực mình vậy, thạch chua loét mà nhân viên lại bảo do lên men tự nhiên, rõ ràng là đồ hỏng mà còn bao biện",0,0,0,1,0,0
"Đừng nên ghé quán này nếu không muốn rước bực vào thân, phục vụ chậm chạp gọi mãi không thấy đâu còn món ăn thì cũng bình thường",0,0,1,2,0,0
"Làm việc quá thiếu uy tín, nợ tiền hoàn trả cho đoàn cả 3 tháng nay vẫn chưa thấy giải quyết xong",0,1,0,0,0,0
"View ngắm cảnh và cafe ở đây rất đẹp nhưng nhà hàng ăn trưa thì giá quá chát, phần cơm 250k mà món ăn lèo tèo không xứng đáng",4,0,5,5,0,0
"Hơi thất vọng vì quán chỉ cho ngồi tầng dưới, nhân viên phục vụ cũng không niềm nở lắm dù đồ uống cũng tạm ổn",0,0,1,2,0,0
"Mới đầu năm mà gặp bác tài thái độ khó chịu khi đi từ sân bay về Cộng Hòa, thấy xui xẻo cả năm luôn",0,0,0,0,1,0
"Hải sản và đặc sản ở đây rất đa dạng, nhân viên lại tư vấn cực kỳ có tâm về việc mang đồ lên máy bay, giá cả cũng rất phải chăng",0,0,0,0,0,4
"Mắm ở đây làm theo kiểu truyền thống nên vị rất ngon, dù quán chẳng có biển hiệu gì rõ ràng",0,0,4,0,0,0
"Bánh xèo gì mà chiên lại nên cứng ngắc toàn dầu mỡ, nước chấm đậu phộng thì nhạt nhẽo chẳng có vị gì",0,0,0,2,0,0
"Chờ đợi nửa tiếng cho 2 ly trà sữa dù mình đến đầu tiên, nhân viên làm sai nhưng không hề biết xin lỗi khách, phục vụ quá kém",0,0,0,1,0,0
"Khách sạn ngay gần trung tâm và biển nên đi lại tiện lắm, nhân viên thì dễ mến, phòng tuy nhỏ nhưng tiện nghi đầy đủ",4,3,0,0,0,0
"Tô mỳ hải sản 90k là khá đắt nhưng bù lại lẩu sứa ở đây vị rất thanh và lạ miệng, view biển lại còn đẹp nữa",0,0,0,3,0,0
"Cảng hàng không nhìn chung ổn nhưng cần cập nhật lại biển chỉ dẫn vì phòng hút thuốc đã đổi vị trí rồi",0,0,0,0,3,0
"Quán trên cao nên view thoáng, đồ ăn ở mức chấp nhận được và nhân viên thân thiện, tuy nhiên giá hơi cao so với chất lượng",0,0,2,0,0,0
"Hải sản giá cao kinh khủng, tôm sú ướp đá mà lấy 750k/kg thì đúng là gấp đôi giá ở Sài Gòn luôn",0,0,0,2,0,0
"Vị trí đắc địa nhưng thái độ nhân viên quá tệ, khách tự ra gọi món mà nhận được câu trả lời hết ly nên phải chịu dùng ly nhựa vỉa hè",0,0,0,2,0,0
"Xe cho thuê mà thắng mòn kêu to, máy yếu xì trệ, chạy rung lắc khắp nơi, với chất lượng này mà lấy giá đó là quá đắt",0,0,0,0,2,0
"Nhà hàng có sân vườn mát mẻ, hải sản tươi sống bơi trong hồ mà giá lại rất hợp lý, dân địa phương ở đây cực kỳ hiếu khách",0,0,5,5,0,0
"Mình vô tình làm lem chút màu ra khăn tắm, vậy mà mấy chị buồng phòng vào kiểm tra liền bảo sẽ không đổi khăn mới cho phòng mình. Họ khăng khăng bắt mình phải bồi thường tiền cái khăn đó trong khi bản thân họ còn chưa đem đi giặt thử xem có sạch được hay không. Họ nói nếu mình tự tay giặt sạch được thì mới không phải đền, thay vì chủ động đem đi giặt giùm rồi phản hồi lại kết quả cho khách thì họ lại vứt ngược cái khăn lại bắt mình tự xử lý, và kết quả là mình đã tự vò giặt sạch bong.",0,2,0,0,0,0
"Đây là một shop quần áo thời trang nam có mức giá rất hạt dẻ, cực kỳ phù hợp cho các bạn sinh viên hoặc những người có mức thu nhập trung bình. Mẫu mã sản phẩm nhìn chung khá đẹp mắt, giá rổ lại hợp lý nên ai cũng có thể dễ dàng mua được.",0,0,0,0,0,5
"Mình đã có dịp ghé qua mua sắm ở địa điểm này rồi, hàng hóa bày bán không thiếu thứ gì mà giá cả lại siêu mềm luôn nhé 👍👍👍",0,0,5,0,0,0
"Nhóm mình đi tổng cộng 8 người tới quán, lúc gọi 6 tô bún rạm thì bạn nhân viên cụt ngủn bảo hết rạm rồi xong quay lưng đi thẳng luôn. Ngồi đợi một hồi lâu cũng chẳng thấy bóng dáng ai ra hỏi han hay tư vấn đổi món khác, mình gọi chính cái đứa nhân viên lúc nãy lại thì nó chỉ lẳng lặng liếc nhìn một phát rồi lại bỏ đi tiếp. Điên tiết quá nên mình đứng lên chửi cho một trận lôi đình rồi kéo cả nhà bỏ đi, bà chủ thấy om sòm mới chạy ra can ngăn. Mẹ mình đang lúc bực bội thái độ của con nhỏ nhân viên nên có lớn tiếng giải thích với bà chủ, ai dè bà ta chẳng thèm hỏi han đầu đuôi câu chuyện ra sao mà đã bênh nhân viên chằm chặp rồi trách ngược lại: ""Quán đang đông nên cô đừng có nói năng kiểu ngang ngược như vậy""... P/S: Các bạn khách du lịch nếu muốn ăn bún rạm ngon thì ghé qua quán bún rạm Thùy ở số 261 Tăng Bạt Hổ ấy, đang mang cục tức bên quán này chạy qua đó ăn một phát là thấy hết bực mình luôn.",0,0,0,1,0,0
"Món mì ống ở đây siêu tươi ngon kết hợp cùng những chiếc bánh pizza xuất sắc vô cùng! Danh mục các loại bia cũng rất đa dạng phong phú, có sẵn vài loại phục vụ ngay tại vòi. Chất lượng dịch vụ trên cả tuyệt vời và đội ngũ nhân viên thì cực kỳ thân thiện. Một không gian rất thoáng đãng với tầm nhìn ngắm cảnh phố xá phía bên dưới.",0,3,0,5,0,0
"Nước mắm pha vị không được ngon. Thái độ phục vụ của nhân viên thì chẳng mấy niềm nở, chu đáo với khách, trong khi giá cả đồ ăn thì lại hơi cao.",0,0,0,2,0,0
"Mình đi đến địa điểm này từ cách đây lâu lắm rồi nhưng mãi tới hôm nay mới có chút thời gian rảnh rỗi để ngồi viết review chia sẻ. Nhờ may mắn được tham gia chuyến đi do công ty tổ chức nên mình mới biết đến nhà hàng này, cảm nhận thì thực đơn các món cũng tương tự như ở mấy trung tâm hội nghị tiệc cưới khác thôi nhưng điểm cộng lớn là chất lượng phục vụ ở đây cực kỳ tốt, nhân viên phục vụ thân thiện, vui vẻ và vô cùng chu đáo. Về phần ẩm thực thì ăn khá là ổn áp nhe, có vài món nghe tên lạ hoắc vì ở dưới Cần Thơ mình chưa bao giờ được nếm thử, nay có dịp ra đây ăn thấy hương vị rất thích. Thêm vào đó, phong cách bài trí không gian của nhà hàng nhìn rất sang trọng, mang lại cảm giác đẳng cấp đúng chuẩn nhà hàng hơn hẳn những nơi khác ^^ Chưa kể nhà hàng còn sở hữu một tầm nhìn view biển siêu đẹp ngay sát bên cạnh nên làm mình thích thú lắm!",0,0,5,5,0,0
"Mình có đặt mua một bịch lạp xưởng ở đây nhưng mang về ăn thì thấy toàn sạn là sạn, cục nào cục nấy nhai cứ lạo xạo mà lại còn bị bốc mùi thối nữa chứ, mình đã mang tới trả lại siêu thị và họ cũng đã hoàn lại tiền mặt cho mình. Rất mong hệ thống Big C cần phải thắt chặt quy trình kiểm soát chất lượng hàng hóa bày bán hơn nữa.",0,0,0,0,0,2
"Hệ thống rèm chắn ánh sáng ở cửa sổ hoạt động chưa được tốt. Phía hành lang lại lắp đèn cảm ứng ngay gần cửa sổ nên cứ mỗi khi có người di chuyển qua lại là đèn lại tự động bật sáng trưng, hắt thẳng ánh sáng vào bên trong phòng ngủ.",0,2,0,0,0,0
"Thực sự là bị chết mê chết mệt với cái quán này luôn rồi á, đây đã là lần thứ 3 mình ghé quán uống nước rồi, mà cứ bước chân vào là lại chẳng muốn đứng dậy ra về, lần nào rời quán cũng trong tình trạng cái bụng căng tròn vì no nê :). Quán sở hữu tông màu decor nhìn siêu dễ thương nên chỉ cần đi ngang qua là nhận ra ngay lập tức nhé, đợt này quán còn bổ sung thêm menu đồ ăn vặt thơm ngon nức mũi nữa chứ. Mình có gọi một phần phô mai que với khoai tây chiên, món phô mai ở đây ăn vị béo ngậy vừa phải chứ không bị ngấy, lại dậy mùi thơm phức, mình nghĩ quán sẽ thu hút được lượng khách cực kỳ đông đảo các bạn tuổi teen khi kết hợp mô hình kinh doanh đồ uống với đồ ăn vặt thế này <3. Dàn nhân viên phục vụ thì siêu thân thiện, cởi mở. Chắc chắn có dịp mình sẽ còn quay lại quán nhiều lần nữa.",0,0,5,5,0,0
"Mình chỉ định bấm chụp một tấm ảnh chụp lại giá cả mặt hàng gửi cho người yêu xem để tiện lựa chọn đồ đạc thôi mà nhân viên cũng chạy ra cấm đoán không cho, trong khi rõ ràng quy định của siêu thị không hề cấm khách chụp hình, xung quanh cũng chẳng treo biển cảnh báo cấm quay phim hay chụp ảnh gì cả.",0,0,0,0,0,3
"Việc tự ý rắc thêm đậu phộng ngoài ý muốn lên trên món nghêu hấp thực sự là một vấn đề cực kỳ nguy hiểm đối với những khách hàng có cơ địa bị dị ứng.",0,0,0,3,0,0
"Thấy mọi người xung quanh truyền tai nhau những lời khen ngợi hết lời về địa điểm này nên mình cũng tò mò ghé qua ăn thử. Không gian quán đông đúc, bận rộn kinh khủng nên nhóm mình đã phải đứng chờ mất tận 30 phút mới sắp xếp được bàn ngồi. Mặc dù phải chờ đợi lâu như vậy nhưng tụi mình không hề khó chịu chút nào vì các bạn nhân viên cực kỳ tinh tế, luôn để mắt chăm sóc và chủ động cập nhật tình trạng bàn cho khách dù quán đang quá tải.\n\nNhóm mình có gọi chung một phần pasta napolina — sợi mì cực kỳ tươi ngon và vừa miệng. Tiếp đến là món pizza — mình đã cẩn thận dặn trước là làm bánh không bỏ phô mai rồi nhưng lúc chế biến họ lại quên mất thành phần phô mai có sẵn trong sốt pesto, và bản thân mình lúc đó cũng chủ quan không nghĩ tới điều này. Ngay khi đĩa bánh được bưng ra, nhìn thấy lớp phô mai là mình nhận ra ngay. Tuy nhiên, anh chủ quán đã xử lý tình huống rất vui vẻ, không hề hạch sách gì mà lập tức đổi lại và làm ngay cho mình một chiếc bánh pizza mới hoàn toàn.\n\nQuán có sẵn mấy loại bia vị uống ngon tuyệt cú mèo luôn!\n\nĐiểm trừ duy nhất và lớn nhất của nơi này có lẽ là giá cả khá đắt đỏ. Thời điểm đó quán có áp dụng thêm 15% phí dịch vụ dịp Tết thì tụi mình đã biết trước rồi, nhưng tính riêng hóa đơn gốc trước thuế đã lên tới 550k, đây là số tiền chi trả cho một bữa ăn lớn nhất mà tụi mình phải bỏ ra trong suốt hành trình 6 tháng du lịch khắp châu Á — tính cả khi ăn uống ở những thành phố lớn sầm uất.",0,0,4,4,0,0
"Bản thân mình tìm đến Jollibee chủ yếu chỉ là để thưởng thức món kem thôi các cậu ạ 😂 Không gian quán nhìn chung tương đối rộng rãi nhưng cách sắp xếp bàn ghế lại có phần hơi chật chội, tạo cảm giác như đang ngồi ăn mà cứ bị các bàn xung quanh nhìn ngó soi mói khó chịu lắm :(((. Thêm vào đó, tốc độ phục vụ của nhân viên có vẻ khá lề mề, chậm chạp. Dụng cụ dao nĩa chuẩn bị cho khách thì siêu ít. Có một lần mình đi lại quầy lấy đồ mà rước bực vào thân luôn ấy -.- Chất lượng đồ ăn (ngoại trừ món kem ra) thì thấy kém xa so với bên KFC hay Lotteria. Bù lại điểm trừ đó thì danh mục món ăn ở đây phong phú hơn nhiều và món kem vị ăn rất ngon miệng. ❤️",0,0,0,3,0,0
"Trường hợp này thực sự vô cùng kỳ quặc nếu xe taxi đó hoạt động theo hình thức tính tiền bằng đồng hồ mét. Rõ ràng trên màn hình hiển thị của ứng dụng có thông báo chi phí di chuyển ước tính chỉ rơi vào khoảng 63,000 MB.\nThế nhưng lúc xuống xe, ông tài xế lại ngang nhiên yêu cầu chúng tôi phải thanh toán số tiền tận 190,000 KL. Làm cách nào mà một chiếc taxi mét lại có thể tính toán ra mức phí đắt đỏ một cách phi lý như vậy được chứ? Nghĩ lại trải nghiệm đó vẫn thấy đáng sợ vô cùng.",0,0,0,0,1,0
"Nói tóm lại, đây chắc chắn sẽ là một nhà hàng luôn nằm vị trí ưu tiên trong danh sách những quán ăn ruột của bản thân mỗi khi có cơ hội quay trở lại mảnh đất Quy Nhơn thân yêu.",0,0,5,0,0,0
"Mẫu mã các mặt hàng sản phẩm cực kỳ phong phú đa dạng, đội ngũ nhân viên phục vụ nhiệt tình chu đáo và luôn hết lòng hỗ trợ khách hàng.",0,0,0,0,0,5
"Không gian cửa hàng rất thoáng đãng, sạch sẽ, hàng hóa bày bán được sắp xếp một cách khoa học, dàn nhân viên phục vụ tận tình, lịch sự.",0,0,0,0,0,5
" - Hệ thống ghế ngả lưng đều bị hỏng hóc trên cả hai chuyến xe buýt mà chúng tôi đã trải nghiệm, khiến hành khách phải chịu đựng suốt cả dọc hành trình dài trong tư thế bị nghiêng vẹo vô cùng khó chịu.",0,0,0,0,2,0
"Món cơm chiên được nhân viên dọn ra tương đối nhanh chóng, thế nhưng món cá mập nướng mà tôi mong chờ thì mãi chẳng thấy đem lên. Một lúc sau, bạn nhân viên lại bưng ra cho tôi một phần cơm chiên cá hoàn toàn xa lạ, dù tôi đã lập tức lên tiếng giải thích rằng mình không hề gọi món này nhưng họ vẫn cứ thế đặt đĩa đồ ăn lại trên bàn rồi bỏ đi.",3,0,0,0,0,0
"Phong cách thiết kế bài trí không gian ở đây nhìn rất đẹp mắt, phía trong có bố trí sẵn cả khu vực ghế ngồi nghỉ ngơi kèm nước uống miễn phí phục vụ cho thực khách, tuy nhiên mức giá cả hàng hóa thì hơi đắt hơn một chút so với mặt bằng chung bên ngoài.",0,0,0,3,0,3
"Địa điểm này được đánh giá rất cao trên trang TripAdvisor. Phong cách thiết kế nội thất của nhà hàng mang lại cảm giác khá dễ chịu, tuy nhiên định lượng các phần thức ăn dọn ra lại siêu ít và mức giá thì quá đắt đỏ so với chất lượng những gì bạn nhận được. Chi phí bỏ ra hoàn toàn không xứng đáng với số tiền và chúng tôi vẫn phải ra về với cái bụng đói meo sau khi rời khỏi nhà hàng.",0,0,4,1,0,0
"Mình vào quán dùng bữa vào khoảng 4 giờ chiều, thời điểm đó quán khá vắng vẻ, chỉ có lèo tèo vài ba vị khách ngồi ăn. Thấy diện tích quán rộng rãi lại có vẻ tương đối sạch sẽ nên mình mới quyết định vào ăn thử. Phần vỏ nem cuốn cùng các loại rau sống ăn kèm được chuẩn bị khá đầy đủ, thế nhưng cung cách phục vụ của nhân viên thì tệ hại thật sự. Họ cứ ngang nhiên đặt toẹt đĩa đồ ăn ngay trước mặt khách, đến cốc nước uống cũng đặt toẹt xuống bàn một cách cẩu thả, bưng đĩa bánh ra cũng giữ nguyên cái thái độ lồi lõm đó. Mãi đến lúc đứng lên tính tiền mình mới thực sự tá hỏa, những 60k cho một suất gồm 2 chiếc bánh. Chỉ là ăn bánh xèo bình dân thôi mà, có cần thiết phải chém đắt đỏ đến mức ấy không??? Cho dù phần nhân bánh làm ăn cũng tạm ổn đi chăng nữa thì mình vẫn cảm thấy bản thân vừa bị một vố chặt chém ngọt sớt.",0,0,0,2,0,0
"Thực đơn đồ ăn sáng được chuẩn bị hơi nghèo nàn, có quá ít sự lựa chọn cho thực khách.",0,0,0,2,0,0
"Do bản thân chỉ đặt phòng lưu trú lại duy nhất có một đêm ngắn ngủi nên chưa kịp nhận thấy điều gì bất tiện hay hỏng hóc cả.",0,3,0,0,0,0
"Quán sở hữu một không gian tương đối ổn áp, tốc độ chuẩn bị lên món của nhân viên khá nhanh chóng, và hương vị đồ ăn nếm thử thấy rất ngon miệng, dễ ăn. Đây chắc chắn sẽ là một địa điểm mà mình sẽ chủ động quay lại trong tương lai.",0,0,4,4,0,0
"Khu vực bến xe buýt hiện tại vẫn đang duy trì hoạt động bình thường, đội ngũ xe taxi đậu xung quanh khu vực cửa ga luôn sẵn sàng túc trực phục vụ cho những hành khách lỡ chuyến hoặc đi trễ tuyến buýt, mức giá hiện tại nếu bạn chọn hình thức đi ghép taxi chung là 70k/người, trong khi giá vé xe buýt cố định là 50k/người. Lời khuyên là nếu có ý định đón xe buýt thì bạn nên chủ động có mặt trước giờ bay tầm 2 tiếng rưỡi để đảm bảo lịch trình.",0,0,0,0,3,0
"Mình có ghé qua quán dùng bữa vào buổi tối. Thực lòng mà nói thì hương vị món ăn ăn cũng khá ngon lành cho đến khi mình tá hỏa phát hiện ra một cọng dây thun màu vàng nằm chình ình ngay trong tô bún cá của mình. Cảm giác lúc đó kinh tởm không tài nào nuốt nổi nữa. Mình vốn nghĩ làm ăn thì ai cũng có lúc xảy ra sai sót, quan trọng là biết tiếp thu và sửa sai là được. Vậy mà đến lúc mình phản ánh lại với quán thì bạn nhân viên lại cuống cuồng giật lấy cọng dây thun mang đi giấu nhẹm vì sợ mình dùng điện thoại chụp hình lại làm bằng chứng. Đã vậy họ còn tuyệt nhiên không hề buông nổi một lời xin lỗi tử tế nào với khách cả. Thất vọng tràn trề.",0,0,0,1,0,0
"Quy mô siêu thị rất lớn và đẹp mắt, đến đây bạn có thể tìm mua được bất cứ thứ gì mình mong muốn, đặc biệt là các mặt hàng thực phẩm ăn uống siêu phong phú :)",0,0,0,0,0,5
"Tôi được người quen mời đến đây dùng bữa và được họ quảng cáo trước là đồ ăn ở đây ngon lắm. Đến nơi trải nghiệm thực tế mới thấy món ăn quả thực rất ngon miệng, đậm đà. Thêm vào đó, phong cách thiết kế và bài trí không gian của quán nhìn cũng vô cùng đẹp mắt, tinh tế.",0,0,5,5,0,0
"Khi mình vào mua đồ ăn nhanh tại siêu thị, lúc đứng ở quầy thu ngân để thanh toán tiền, bạn nhân viên có hỏi mình về phần bánh hỏi, tô bún với đùi gà vào lúc 10:15 ngày 28/6, mình có trả lời lại rồi mà bạn nhân viên đó không nghe rõ nên mới hỏi vặn lại lần nữa, mình cũng lịch sự đáp lại là đồ của mình. Thế mà ngay lập tức bạn nhân viên đó lại tỏ thái độ cực kỳ khó chịu, nhăn nhó mặt mày rồi gắt gỏng nói với mình là hồi nãy hỏi thì bảo không phải. Lần đầu tiên đặt chân đến trải nghiệm tại hệ thống Big C Quy Nhơn mà đã dính ngay một ấn tượng tồi tệ thế này rồi. Sẽ không bao giờ có lần thứ hai mình thèm bước chân vào cái Big C này nữa.",0,0,0,0,0,2
"Tại địa điểm này có tổ chức các lớp dạy chơi đàn kiêm luôn việc kinh doanh các loại đàn piano, đàn organ đa dạng cùng đầy đủ các món phụ kiện đi kèm cho nhạc cụ. Bản thân mình có ghé qua đây để chọn mua đàn và tình cờ biết đến cửa hàng thông qua mạng xã hội Facebook trên trang Dũng piano Quy Nhơn. Không gian cửa hàng tuy hơi nhỏ gọn nhưng sạch sẽ và phong cách trang trí nhìn chung tạm ổn. Ở đây có nhận đào tạo, dạy đàn thêm cho cả đối tượng trẻ em lẫn người lớn. Thầy Dũng chủ tiệm tính tình khá vui vẻ, cởi mở và nhiệt tình với khách hàng.",0,0,0,0,0,5
"Bác tài xế phụ trách chở hành khách di chuyển từ khu vực Khách sạn Trầu Cau về tuyến đường Tô Hiến Thành vào khoảng 20h ngày 16/6/2022 có thái độ ăn nói với khách cực kỳ thiếu lịch sự, thô lỗ, thậm chí còn ngang nhiên cự cãi, đôi co tay đôi với khách suốt cả dọc đường đi. Bản thân tôi sẽ không bao giờ thèm thèm sử dụng dịch vụ di chuyển của hãng Mai Linh này thêm một lần nào nữa.",0,0,0,0,1,0
"Mô hình thiết kế của siêu thị này trông y hệt như một kho chứa hàng hóa vậy. Điểm cộng là không gian bên trong lẫn khu vực đỗ xe cực kỳ rộng rãi, tuy nhiên các dịch vụ tiện ích đi kèm thì lại không phong phú bằng các hệ thống siêu thị khác.",0,0,0,0,0,4
"Quán lúc nào cũng trong tình trạng đông nghịt khách nhưng cung cách phục vụ thì thiếu sự chuyên nghiệp cần thiết. Hương vị món ăn cũng chỉ dừng ở mức bình thường, dàn nhân viên phục vụ bàn làm việc khá chán!",0,0,0,3,0,0
"Cửa hàng kinh doanh phong phú các loại hàng hóa đa dạng, cực kỳ thích hợp để ghé lựa đồ làm quà lưu niệm. Chất lượng mặt hàng ở mức ổn ổn, tuy nhiên giá rổ có phần hơi đắt đỏ hơn so với thị trường bên ngoài.",0,0,0,0,0,3
"Đây là lần đầu tiên mình ghé qua mua sắm tại siêu thị này, không gian rộng rãi, mặt hàng gì cũng có mà giá thành lại rẻ nữa. Tuy nhiên có chút chạnh lòng vì bạn thu ngân thối thiếu cho mình gần 100k do lúc đó mình không chú ý kiểm tra lại. Bước chân ra khỏi cửa siêu thị rồi mới sực nhớ ra. Số tiền chẳng đáng là bao, nhưng tự dưng thấy hơi hụt hẫng nhẹ 😂",0,0,0,0,0,3
"Chất lượng đồ ăn ăn được, mức giá hợp lý, khu vực bàn ghế ngồi thoải mái và không gian quán rộng rãi, ổn áp. Trước đây mình từng ghé quán 2 lần rồi. Đợt này nghe ngóng quán có cập nhật món mới là mì bay, nhìn hình chụp quảng cáo thấy hấp dẫn quá nên cũng háo hức lết cái xác đến ăn thử xem sao. Vậy mà lặn lội đi vào buổi chiều thì quán lại báo không có món đó, hụt hẫng dễ sợ. Đành ngậm ngùi chuyển sang gọi món mì cay ăn tạm. Đến lúc chủ động đi lấy đũa với muỗng thì ôi thôi, đập vào mắt là một cảnh tượng bẩn thỉu kinh khủng khiếp. Thề luôn đấy ạ, 2 lần trước mình đi vào thời điểm quán mới khai trương thấy dọn dẹp rất sạch sẽ chứ đâu có như thế này. Không hiểu kiểu gì mà lần này quay lại, khâu vệ sinh bẩn đến mức phát hoảng. Mọi người cứ tưởng tượng là cầm cái muỗng lên mà vết dầu mỡ láng bóng vẫn còn bám dính lem nhem trên đó. Mà đâu phải một cái, rất nhiều muỗng trong ống đều chịu chung số phận dính mỡ bết bát như vậy ý. Chưa dừng lại ở đó, ngay cả mấy hũ tương ớt để trên bàn cũng không hiểu sao vết tương dính nhớp nháp ngay chỗ tay cầm từ bao đời nay vẫn chưa được lau chùi. Nghĩ lại vẫn thấy kinh tởm vô cùng. Lúc đó do bực bội quá nên mình cũng quên khuấy mất việc chụp hình lại làm bằng chứng. Rất mong chủ quán sẽ để tâm thắt chặt khâu vệ sinh chén đũa hơn nữa.",0,0,0,1,0,0
"Mọi người tốt nhất khuyên chân thành là đừng nên mua sắm đồ đạc gì ở cái chỗ này hết,......",0,0,0,0,0,1
"Mấy bạn nhân viên ở sân bay có hành vi ăn chặn, vòi vĩnh tiền bạc của hành khách. Tự ý nâng hạng vé của mình lên khoang thương gia nhưng lại cố tình không chịu add thêm thông tin em bé đi cùng vào hệ thống, đến lúc xuất vé thì ghi sai lệch hoàn toàn số tiền so với quy định nội quy hiện hành. Họ tuyệt nhiên không chịu xuất trình phiếu tính tiền minh bạch cho khách mà liên tục hạch sách, gây khó dễ đủ đường nhằm mục đích đút túi riêng. Thậm chí trên tấm vé giao cho mình còn không hề hiển thị số vé hợp lệ.",0,0,0,0,2,0
"Ngay tại địa điểm này có bố trí sẵn tuyến xe Buýt chuyên trách làm nhiệm vụ trung chuyển hành khách di chuyển ra Sân bay Phù Cát.",0,0,0,0,3,0
"Ông tài xế buông một câu xanh rờn là sẽ vứt tôi xuống ngay chỗ trạm thu phí ngoài rìa sân bay. Tất nhiên là tôi đã kịp nhảy xuống xe trước đó và không quên ghi lại chuẩn xác biển số xe của ông ta.\nSau đó tôi phải tự bắt xe ôm để di chuyển về nhà. Ngay khi về đến nơi, tôi liền gọi điện phản ánh lên tổng đài của hãng Vinasun để khiếu nại. Thế nhưng đầu dây bên kia tuyệt nhiên không một lời xin lỗi, cũng chẳng có lấy một chút thái độ đồng cảm hay thiện chí nào với khách hàng cả. Tôi có vặn hỏi xem phía công ty định xử lý tình huống này ra sao, thì cô nhân viên trực tổng đài thản nhiên đáp lại là cô ấy chỉ có nhiệm vụ ghi nhận thông tin lại thôi, còn quyền quyết định xử lý thế nào là việc của bên Vinasun. Khoảng 20 phút sau, tôi nhận được một cuộc gọi khác từ phía Vinasun hỏi han lại về nội dung khiếu nại của tôi. Lúc đó tôi đã thầm nghĩ: ""Ồ, hóa ra vẫn có người chịu để tâm giải quyết""! Thế nhưng ngay sau khi tôi thuật lại toàn bộ câu chuyện diễn ra ở trên, cô ta lại buông một câu: ""Tôi xin lỗi, nhưng hệ thống xe 7 chỗ bên em hiện tại không có chiếc nào đăng ký biển số gồm 4 chữ số đó cả"". Tôi liền chất vấn ngược lại là hóa ra ý cô đang muốn bảo có ai đó ngang nhiên ăn trộm một chiếc ô tô rồi sơn dán logo giả danh thương hiệu Vinasun, lắp đặt đồng hồ mét lậu, khoác lên mình bộ đồng phục của Vinasun rồi tự do chạy nhong nhong khắp phố để lừa đảo chặt chém hành khách à? Và kết quả là tôi lại nhận về một câu trả lời lặp lại y hệt như cũ. Thực sự không thể tin nổi cái cách hành xử của những người này. Thế nên mới thấy, ngay cả khi bạn tin tưởng lựa chọn một doanh nghiệp có tiếng tăm lớn như Vinasun thì đôi lúc bạn vẫn phải nhận về chất lượng dịch vụ tồi tệ và thiếu chuyên nghiệp vô cùng. Dường như khái niệm đạo đức nghề nghiệp là một thứ xa xỉ đối với phần lớn con người ở nơi đây, và điều này dù làm tôi vô cùng khó chịu nhưng nghĩ lại thì chẳng còn thấy bỡ ngỡ nữa rồi. Vinasun ơi, các bạn đang là một đại diện hình ảnh cực kỳ tồi tệ cho quốc gia Việt Nam đấy. Đây là lời chia sẻ thẳng thắn từ một người ngoại quốc đã sinh sống và làm việc ở đất nước này suốt 8 năm qua!",1,0,0,0,1,0
"Đây luôn là phương án lựa chọn cuối cùng bất khả kháng của mình mỗi khi có nhu cầu di chuyển bằng xe taxi, cung cách phục vụ lồi lõm, phong cách lái xe ẩu tả cùng thứ mùi hôi hám đặc trưng trên xe thực sự luôn là nỗi ám ảnh kinh hoàng đối với mình.",0,0,0,0,1,0
"Căn phòng thiết kế 2 giường có hướng nhìn ra biển tuy diện tích không được rộng rãi cho lắm, lối đi lại giữa các góc hơi chật hẹp một chút nhưng nhìn chung điều đó không thành vấn đề.",0,3,0,0,0,0
"Đây là một cửa hàng quần áo thời trang nam có mức giá rất hạt dẻ, cực kỳ phù hợp cho các bạn sinh viên hoặc những người có mức thu nhập trung bình. Mẫu mã sản phẩm nhìn chung khá đẹp mắt, giá rổ lại hợp lý nên ai cũng có thể dễ dàng mua được.",0,0,0,0,0,5
"Các loại hình dịch vụ ở đây rất đa dạng, đội ngũ nhân viên của hệ thống Co.opmart làm việc cực kỳ nhiệt tình, chu đáo và nguồn hàng hóa bày bán thì siêu phong phú.",0,0,0,0,0,5
"Một địa điểm mua sắm vô cùng lý tưởng ngay trong lòng thành phố. Hệ thống điều hòa nhiệt độ ở đây hoạt động rất tốt, mát rượi, ngoài ra khu vực tầng hầm tập trung rất nhiều món ăn ngon miệng, đặc biệt là món kem vị trà xanh matcha ăn ghiền luôn.",0,0,0,5,0,4
"Chính sách hỗ trợ khách hàng gián tiếp qua ứng dụng Zalo giúp hạn chế tối đa việc tiếp xúc trực tiếp, cá nhân tôi thấy phương án này cực kỳ phù hợp.",0,3,0,0,0,0
"Chị chủ shop phục vụ cực kỳ nhiệt tình, tính tình lại thân thiện, mến khách, đặc biệt là khả năng gói ghém các set quà tặng theo nhiều phong cách khác nhau nhìn siêu xuất sắc luôn.",0,0,0,0,0,5
"Đội ngũ nhân viên ở đây cư xử rất thân thiện, chu đáo với khách. Thực đơn quán phong phú và đa dạng các món ăn để lựa chọn. Giá cả lại vô cùng phải chăng, nhất định mình sẽ quay lại quán trong thời gian sớm nhất.",5,0,5,0,0,0
"Trải nghiệm đứng ngắm nhìn trọn vẹn cảnh sắc không gian thành phố từ khu vực hồ bơi vô cực tọa lạc trên tầng thượng của tòa nhà.",3,0,0,0,0,0
"Nhóm mình đi tổng cộng 2 người, chọn lựa mua sắm hóa đơn hết tận 1tr5 tiền hàng, thế mà đến lúc đứng ở quầy thanh toán mình có mở lời xin bạn nhân viên cho thêm duy nhất 1 chiếc túi nilon nhỏ để chủ động chia bớt đồ đạc ra xách cho đỡ nặng mà bạn ấy nhất quyết từ chối thẳng thừng. Bạn ấy còn hạch sách bảo đây là quy định của siêu thị, lượng hàng hóa bao nhiêu thì chỉ được cấp bấy nhiêu bọc thôi. Trong khi cái bọc đồ của siêu thị đưa thì to oành như cái bánh xe bò vậy á. Chả lẽ lần sau đi siêu thị sắm đồ lại phải tốn tiền mua thêm cái túi nilon để đựng đồ hay sao.",0,0,0,0,0,3
"Mình cũng hay ghé chỗ này ăn uống nhưng công nhận mức giá cả ở đây có phần đắt đỏ hơn so với những quán khác đôi chút, tận 25k cho một tô bánh canh mà chỉ lèo tèo vài ba miếng chả các loại, thậm chí hôm qua ăn thử còn thấy phần chả cá bốc mùi hơi khó chịu nữa chứ, bù lại thì món bánh cuốn chả cá ăn khá ngon miệng, tốc độ làm đồ của quán cũng nhanh nhẹn. Nói thật nhiều chỗ khác bán một tô bánh canh có 15k thôi mà chất lượng ăn đứt, ngon hơn ở đây nhiều.",0,0,0,3,0,0
"Hệ thống siêu thị chuyên bày bán và cung cấp các loại mặt hàng đặc sản đặc trưng của tỉnh Bình Định.",0,0,0,0,0,5
"Chất lượng quán thì chẳng có điểm gì nổi bật, đặc sắc cả mà mức giá cả đồ ăn thức uống thì lại hơi chát. Phong cách setup bài trí không gian nhìn cũng rất đỗi bình thường. Đội ngũ nhân viên phục vụ thì làm việc với cái thái độ kiểu như có khách vào ăn cũng được mà không có thì quán cũng chẳng cần luôn ấy. Nói tóm lại nếu định ghé qua Kiss thì khuyên chân thành các bạn nên lựa chọn ghé bên Idol hoặc mấy quán bình dân vỉa hè xung quanh xem chừng sẽ ổn áp hơn nhiều.",0,0,0,2,0,0
"Chi phí đắt đỏ vô cùng. Nhà hàng lại bưng ra phục vụ món thịt gà chưa được nấu chín kỹ (thực sự thấy may mắn vì sau khi ăn xong cái đống đó tôi không bị ngộ độc hay đau bụng). Không gian ăn uống thì vừa ồn ào náo nhiệt lại vừa nóng nực bí bách. Tuy nhiên, vớt vát lại được đúng một món ăn có hương vị ngon miệng, đó là món khai vị Atisô.",0,0,2,2,0,0
"Chỉ nhờ gửi hộ đúng một bì quà nhỏ xíu nhẹ hẫng như cái túi nilon không chứa đồ đạc gì bên trong mà họ dám thu mức phí tận 130k, xin thề danh dự là không bao giờ có chuyện có lần thứ hai mình thèm quay lại đây nữa.",0,0,0,0,1,0
"Mình có tạt vào quán để dùng bữa trưa, nghe mọi người truyền tai nhau món cơm gà ở đây thuộc hàng đặc sản nổi tiếng nên cũng gọi ăn thử xem sao dù menu của quán còn rất nhiều lựa chọn khác — Đĩa cơm lúc bưng ra nhìn miếng gà chiên giòn có kích thước to vật vã thật đấy, nhưng ăn thử thì thấy hương vị quá đỗi bình thường, thịt gà bị khô khốc, bữa đó nếu không có bát canh rau đi kèm để húp thì thú thật mình không tài nào nuốt nổi miếng cơm — Cảm giác cách chế biến cứ hao hao giống kiểu món cơm gà xối mỡ hay bán đại trà trong Sài Gòn, nói chung là không ngon nếm thử thấy nhanh ngán vô cùng — Còn về phần món cơm thịt bò thì thịt hơi bị dai một chút, bù lại phần nước sốt pha khá đậm đà — Mức giá cả đưa ra nhìn chung là cao so với mặt bằng giá cả chung ở vùng Quy Nhơn này.",0,0,0,2,0,0
"Mấy bạn nhân viên ở đây làm việc với tinh thần rất nhiệt tình, chu đáo, bản thân là một khách hàng khi chứng kiến cung cách phục vụ như vậy quả thực cảm thấy mình nhận được sự tôn trọng tuyệt đối. Chân thành cảm ơn đội ngũ nhân viên rất nhiều.",0,0,0,0,0,5
"Vị trí nằm rất gần khu vực trung tâm thành phố, ngay sát sát cạnh bãi biển nên hành khách có thể thoải mái xuống tắm biển bất cứ lúc nào. Phòng ốc lưu trú sạch sẽ, ngăn nắp, dàn nhân viên cư xử rất thân thiện, mến khách.",0,3,0,0,0,0
"Địa điểm này hoạt động giống như một mô hình siêu thị thu nhỏ chứ không phải kiểu cửa hàng tiện lợi thông thường đâu nhé.\nỞ đây bày bán khá đa dạng các mặt hàng từ đồ nhu yếu phẩm hàng ngày, thực phẩm chế biến, đồ tươi sống cho đến các loại rau củ quả tươi.\nKhông gian siêu thị sạch sẽ, hàng hóa được sắp xếp rất ngăn nắp, khoa học.\nĐội ngũ nhân viên cư xử lịch sự, nhã nhặn với khách.\nLưu ý là cửa chính nằm ở mặt tiền trục đường 31 tháng 3, còn phần cửa hướng ra phía đường Tăng Bạt Hổ thì đã bị khóa trái rồi.",0,0,0,0,0,5
"Hệ thống cách âm của phòng quá kém cỏi, lại thiết kế thêm một chiếc cửa thông phòng thông thẳng sang phòng bên cạnh nên mấy người phòng kế bên cứ vô tư đập phá làm ầm ầm vô cánh cửa gây ảnh hưởng nghiêm trọng đến giấc ngủ của mình. Họ đứng bên kia nói năng, bàn tán chuyện gì là phòng bên này nghe thấy mồn một không sót một từ.",0,1,0,0,0,0
"Không gian xung quanh tương đối thoáng đãng và mát mẻ, tuy nhiên điểm trừ lớn là đội ngũ tài xế xe taxi tập trung chèo kéo, bắt khách quá đông, nhìn rất nhốn nháo và làm mất đi mỹ quan đô thị.",0,0,0,0,3,0
"Tôi có bước chân vào quán và gọi một bát phở để dùng bữa. Thế nhưng vừa mới ngồi xuống đã bị một cô khách đứng tuổi lao ra quát tháo, mắng mỏ thẳng vào mặt vô cớ. Chắc chắn tôi sẽ không bao giờ thèm quay lại cái quán này một lần nào nữa. Sau hành trình 11 ngày dọc đường xuyên Việt, chúng tôi đã quyết định ghé ăn thử món phở vốn được review đề xuất rất nhiều này. Tuy nhiên thực tế trải nghiệm cho thấy tôi đã từng được thưởng thức những tô nước súp có hương vị ngon hơn thế này rất nhiều tại Việt Nam, và dàn nhân viên ở các nhà hàng khác cũng có thái độ thân thiện, hiếu khách hơn gấp bội. Đội ngũ nhân viên phục vụ ở đây cư xử hời hợt, lạnh lùng y hệt như phong cách ở phần lớn các thành phố phương Tây vậy. Địa điểm này thực sự đã bị thổi phồng, đánh giá quá cao so với năng lực thực tế.",1,0,0,3,0,0
"Thương hiệu này có thiết kế tận 2 cơ sở kinh doanh, tuy nhiên riêng bên cơ sở 2 thì chất lượng món ăn chế biến không ngon miệng chút nào, mình ăn thử xong thấy chán hẳn và quyết định từ nay sẽ gạch tên không ghé lại nữa.",0,0,0,1,0,0
"Dựa theo quan điểm đánh giá cá nhân của bản thân tôi, tôi xin phép được xếp hạng chất lượng phục vụ của nhà hàng này ở mức độ trung bình kém.",0,0,3,0,0,0
"Khu vực phòng ốc hoàn toàn không được dọn dẹp sạch sẽ, ngay trong ngày đầu tiên làm thủ tục nhận phòng mình bước chân trên sàn nhà đã cảm thấy có cảm giác khá rít và bám bụi, mấy chiếc ghế ngồi nghỉ thì vẫn còn cáu bẩn, dính nguyên vết đồ ăn thức uống do người thuê từ ngày hôm trước để lại, điều này khiến cho trải nghiệm lưu trú về phòng ốc của mình trong suốt cả kỳ nghỉ dưỡng trở nên rất tồi tệ. Căn phòng mình đặt trước theo gói Seaview, tuy nhiên trên thực tế không gian khung cảnh ngắm biển lại khá chật hẹp, bị che khuất tầm nhìn bởi rất nhiều tòa nhà cao tầng kiên cố xung quanh.",0,1,0,0,0,0
"Bản thân mình đã ghé qua quán dùng bữa khá nhiều lần rồi nhưng càng ngày càng cảm thấy cái thái độ phục vụ của quán nhìn chảnh choẹ, khinh khỉnh quá mức. Thật sự không hiểu nổi rốt cuộc là phía quán đang cần thực khách hay khách hàng phải đi cầu cạnh quán nữa. Chất lượng bánh trái hay nước nôi ở đây ăn uống cũng có phải thuộc dạng xuất sắc độc nhất vô nhị gì đâu đến mức quán phải giữ cái thói trịch thượng với khách như thế. Có lẽ sau lần này mình sẽ chủ động tìm kiếm một địa điểm khác phù hợp hơn, dẫu sao bỏ đồng tiền mồ hôi công sức của mình ra thì vừa muốn được ăn ngon lại vừa phải được nhận lại dịch vụ chăm sóc chu đáo, tử tế hơn.",0,0,0,1,0,0
"Mức giá cả đưa ra đắt đỏ hơn rất nhiều nếu đem đặt lên bàn cân so sánh với chất lượng thực tế của sản phẩm! Với cùng một phân khúc tầm giá đó, người tiêu dùng hoàn toàn có thể lựa chọn mua được một chiếc áo khác sở hữu những đường kim mũi chỉ tốt và chắc chắn hơn nhiều.",0,0,0,0,0,3
"Ngay khi chuyến bay của mình đáp xuống sân bay thì đập vào mắt là khu vực bãi đáp có diện tích khá lớn, chiếc máy bay phải mất một quãng thời gian di chuyển lăn bánh một đoạn dài mới vào tới khu vực nhà ga chính. Trong cả hai lượt bay đi và về của mình thì không gian nhà ga đều tương đối vắng vẻ, thưa thớt người di chuyển.\nTừ khu vực sân bay này nếu có nhu cầu di chuyển vào sâu trong trung tâm TP Quy Nhơn thì hành khách buộc phải chấp nhận đi một quãng đường khá dài tầm 30km. Lựa chọn đi bằng xe taxi thì thời gian di chuyển sẽ rơi vào đâu đó khoảng hơn 30 phút đồng hồ.",0,0,0,0,3,0
"Mức giá cả ở đây vô cùng phải chăng và hợp lý nhe, chấm hẳn 5 sao cho điểm này luôn.",0,0,0,0,0,5
"Tôi tìm đến đây ăn thử dựa theo các bài đánh giá trên mạng nhưng kết quả nhận lại chỉ thấy thất vọng tràn trề. Dù giá thành không đắt đỏ gì đâu nhưng món mì tôi gọi vị ăn rất chán, còn chiếc bánh mì thì mỏng dính và bên trong hầu như chẳng có chút nhân nào cả.",0,0,0,2,0,0
"Vị trí tọa lạc ngay sát trung tâm thành phố, lại rất gần biển nên việc đi lại di chuyển cực kỳ thuận lợi, không gian phòng ốc sạch đẹp và còn rất mới, dàn nhân viên phục vụ tận tình, chu đáo và luôn tạo điều kiện hỗ trợ tối đa cho thực khách. Nói chung mình cực kỳ ưng ý nhe. Lần tới nếu có dịp ghé thăm Nha Trang chắc chắn mình sẽ lại quay lại đây lưu trú.",0,5,5,0,0,0
"Thực đơn tiệc buffet được chuẩn bị hơi nghèo nàn, có ít sự lựa chọn cho thực khách, còn về mặt chất lượng các món ăn thì mình thấy nếm thử khá là ok.",0,0,3,4,0,0
"Chất lượng dịch vụ quá kém, hoàn toàn không chuẩn bị bữa sáng cho khách như thông tin phòng đã cam kết lúc đặt. Mình có book phòng dành cho 3 người lưu trú (gồm 1 giường đôi và 1 giường đơn) để nhà mình ở gồm 2 người lớn và 1 em bé, có ghi chú yêu cầu ghép hai giường sát lại với nhau. Thế nhưng khi đến nơi, phía khách sạn lại tự ý đổi sang xếp cho mình một căn phòng chỉ có 2 giường đơn ghép lại với lý do là thiết kế giường đơn và giường đôi không khớp để ghép được, trong khi thực tế diện tích căn phòng mình đang phải ở chỉ dành cho tiêu chuẩn 2 người ngủ, đã vậy họ vẫn ngang nhiên thu nguyên mức giá phòng lớn như cũ. Vì chuyến đi có con nhỏ mệt mỏi nên mình cũng không muốn đứng đôi co, cãi vã làm gì, đành tặc lưỡi nhận phòng để vào nghỉ ngơi cho xong.",0,2,0,1,0,0
"Khu vực này lúc nào cũng đông vui tấp nập, mình rất thích cảm giác cuối tuần được ghé qua đây để tha hồ lựa chọn mua sắm mấy loại hải sản tươi rói, ngon lành.",0,0,0,0,0,5
"Hệ thống Sân bay Phù Cát từ ngày được đầu tư tu sửa lại và xây mới toàn bộ khu nhà chờ nhìn vô cùng sạch sẽ, thể hiện phong cách làm việc rất chuyên nghiệp. Phía bên trong có bố trí nhiều gian hàng bày bán phong phú các món bánh trái, đặc sản quê hương Bình Định để du khách tiện mua sắm làm quà tặng.",0,0,0,0,4,4
"Hôm nay mình có ghé quán gọi đúng món lẩu mà bản thân hằng mong đợi, tuy nhiên hương vị khi ăn thử lại khá bình thường chứ không có nét gì đặc sắc độc đáo cả. Nước lẩu vị khá cay nồng. Điểm cộng là các bạn nhân viên cư xử lịch sự. Danh sách nhạc quán bật nghe rất hay. Hệ thống mạng Wifi chạy ổn định, mượt mà. Chỉ có một chuyện xui xẻo là mình dựng xe ở phần sân nhà đối diện bên kia đường, lúc quay ra thì thấy nước tạt làm ướt sũng hết sạch cả mũ bảo hiểm luôn :(",0,0,0,2,0,0
"Chỉ thị cách ly xã hội đã chính thức kết thúc từ lâu; mọi người dân cũng như các hoạt động kinh doanh đều đã quay trở lại trạng thái hoạt động bình thường, thế mà mấy ông nhân viên bảo vệ của Siêu thị vẫn cứng nhắc chặn khách hàng lại không cho vào trong chỉ với cái lý do là không đeo khẩu trang phòng dịch! Cách làm việc này liệu có bị quá cứng nhắc và phóng đại mức cần thiết hay không? Hôm nay là lần đầu tiên gia đình mình đặt chân đến đây! Kết quả là phải chấp nhận để vợ con vào mua sắm một mình còn bản thân thì lủi thủi ra quán nước vỉa hè ngồi chờ đợi! Lần đầu tiên và cũng xin thề là lần cuối cùng mình thèm bước chân đến cái siêu thị này!",0,0,0,0,0,1
"Hương vị các món thức ăn ở đây nếm thử thấy chẳng có nét gì đặc biệt, độc đáo cả mà giá cả thì lại không hề rẻ chút nào, bù lại điểm trừ đó thì quán nằm ở một vị trí tương đối thuận tiện cho việc di chuyển, không gian decor nhìn đẹp mắt và mang lại cảm giác rất ấm cúng, dễ chịu. Nếu hỏi có muốn đề xuất địa điểm này hay không thì tôi nghĩ chỉ nên ghé qua để uống cà phê, ngắm cảnh thôi nhé.",0,0,4,2,0,0
"Hệ thống cơ sở hạ tầng ở đây do phục vụ cho mục đích bán dân sự nên nhìn chung chất lượng vẫn chưa được quy hoạch ổn định lắm, tuy nhiên xét theo điều kiện thực tế thì mọi thứ được xây dựng như vậy đã là rất tuyệt vời rồi.",0,0,0,0,3,0
"Đây là một mô hình nhà hàng tọa lạc trên khu vực tầng mái mang đậm phong cách ẩm thực Việt Nam với định lượng các phần thức ăn dọn ra tương đối nhỏ, danh mục các loại bia khá phong phú và sở hữu tầm nhìn view ngắm toàn cảnh Sài Gòn rất đẹp mắt. Để mà nói có muốn quay lại đây lần nữa hay không thì câu trả lời là có, tuy nhiên có lẽ lần tới ghé quán tôi sẽ không lựa chọn thưởng thức món bia ở đây.",0,0,3,0,0,0
"Chất lượng thịt bò ăn vào thấy bở bùng bục y như kiểu đồ ăn đã được nấu chín sẵn từ lâu rồi cứ mỗi khi có khách gọi lại đem trụng đi trụng lại nhiều lần vậy, nhai cảm giác khô khốc và không còn giữ được chút chất dinh dưỡng tươi ngon nào cả.",0,0,0,2,0,0
"Nếu bản thân bạn đang mong muốn tìm kiếm một hành trình di chuyển thoải mái, dễ chịu cho chuyến đi của mình thì khuyên chân thành nên gạch tên, tránh xa hãng xe khách này ra nhé.",0,0,0,0,1,0
"Cung cách phục vụ của đội ngũ nhân viên ở đây tệ hại vô cùng, vớt vát lại được đúng mấy anh bảo vệ trông xe là tính tình tốt bụng, chu đáo với khách thôi.",0,2,0,0,0,0
"Bản thân mình vốn là một người dân gốc Quy Nhơn nên quá rành cái địa điểm này rồi, cũng đã từng đặt chân vào đây trải nghiệm và khuyên chân thành mọi người là tốt nhất đừng nên phí tiền bước vào làm gì. Quán này chỉ sở hữu một ưu điểm độc nhất vô nhị là ""vị trí nằm ngay sát cạnh biển"", ngoài cái đó ra thì hoàn toàn không có thêm bất kỳ điểm cộng nào khác cả. Giá cả đồ ăn thức uống thì đắt đỏ trên trời. Chất lượng pha chế đồ uống thì thuộc dạng dở tệ hại. Không gian quán thiết kế quá rộng lớn dẫn đến cảm giác bị loãng, thành ra dàn nhân viên phục vụ không thể nào bao quát và chăm sóc xuể cho khách được. Số lượng nhân sự phục vụ vừa mỏng lại vừa hay có thói quen quên trước quên sau, bắt thực khách phải ngồi chờ đợi mỏi mòn, nhiều khi phải cất tiếng gọi í ới, giục giã liên hồi thì một lúc lâu sau mới đến lượt mình được tiếp đón. Chưa kể do quán kê bàn ghế trực tiếp trên nền cát biển nên mỗi khi có gió lớn là cát rất dễ bị bay văng tung tóe lên hết cả vào đồ ăn thức uống của khách. Chính vì vậy, trừ khi ai đó chưa biết biển ngang dọc ra sao và hoàn toàn không bận tâm đến chuyện tiền nông giá cả thì có thể ghé vào một lần cho biết trải nghiệm thì được.",0,0,0,2,0,0
"Một không gian tuyệt vời đi kèm dịch vụ chăm sóc chu đáo cho đến tận khâu gọi món ăn! Cô vợ theo trường phái ăn chay thuần của tôi đã không nhịn được cười khi cô ấy mở lời hỏi xem nhân viên có thể quết thêm chút bơ lên miếng bánh mì nướng được hay không.\nPhần thực đơn dành cho trẻ em là món bánh kếp được chế biến khá ngon, các bạn nhỏ ăn uống rất vui vẻ, thế nhưng riêng phần tôi có gọi một suất ăn sáng đầy đủ theo kiểu truyền thống Anh quốc thì dọn ra vỏn vẹn đúng một miếng thịt xông khói mỏng dính kèm một quả trứng ốp la và một phần saveloy làm qua loa đại khái — đi kèm một đống muối đổ bừa trong cái bát — mức chất lượng hoàn toàn không tương xứng với số tiền 50 kVND bỏ ra chút nào. Nhà tôi tỏ thái độ không hài lòng ra mặt — bởi vì quán hoàn toàn không chuẩn bị bất kỳ một lựa chọn đồ ăn chay nào cho bữa sáng dù trước đó chúng tôi đã lưu ý ghi chú rất rõ ràng với nhân viên. Nói chung đây cũng không phải là vấn đề gì quá to tát vì đây mới là bữa ăn sáng theo phong cách Tây đầu tiên của chúng tôi sau suốt 3 tuần lễ lưu trú tại đất nước Việt Nam — điểm duy nhất mang lại chút cảm giác thân thuộc của quê nhà có lẽ là mấy bức tranh phong cảnh treo trên tường phòng ăn thôi.",0,0,5,5,0,0
"Một gói combo tham quan bao gồm bãi tắm hoàng hậu, bãi trứng kết hợp ghé thăm khu mộ thi sĩ Hàn Mặc Tử, nhìn nhận tổng quan thì địa điểm này chỉ phù hợp để đi cho biết trải nghiệm một lần trong đời thôi, chủ yếu ghé chụp vài kiểu ảnh kỷ niệm chứ không có hoạt động gì chơi bời thêm cả, diện tích bãi trứng thực tế cũng rất nhỏ hẹp, những lúc cao điểm đông đúc người qua lại là phải chen chúc, giẫm chân lên nhau mới chụp được một bức hình, thế nên lời khuyên là mọi người nên chủ động đi vào các ngày trong tuần tầm đó vắng vẻ sẽ thoải mái chụp choẹt hơn nhiều.",3,0,0,0,0,0
"Bản thân tôi thực sự yêu thích sự yên tĩnh cùng không gian ngồi ngắm nhìn phố xá với dòng người qua lại tấp nập tại địa điểm lưu trú này.",0,3,0,0,0,0
"Tuy nhiên, có một sự cố nhỏ là hệ thống bồn cầu bên trong căn phòng của mình gặp trục trặc một chút. Phần cần gạt xả nước bị kẹt không tự động đóng kín lại được, dẫn đến tình trạng nước bên trong bồn cứ thế chảy róc rách liên tục suốt ngày đêm. Sau đó mình phải tự tay mở nắp bồn cầu ra rồi chủ động đẩy cái cần gạt đóng khít lại thì mọi thứ mới hoạt động ổn định bình thường trở lại.",0,2,0,0,0,0
"Nhóm chúng tôi chủ động tìm đến nhà hàng này để dùng bữa vì thấy địa điểm này nhận được rất nhiều phản hồi, đánh giá tích cực trên các trang mạng, đồng thời phía khách sạn nơi chúng tôi lưu trú cũng nhiệt tình giới thiệu qua đây ăn thử. Bản thân tôi có gọi một phần món cá mập nướng còn nhà tôi thì lựa chọn một đĩa cơm chiên để thưởng thức.",0,0,3,0,0,0
"Thiết kế lối đi lại giữa các khu vực quá hẹp, không gian hành lang chung thì chưa được thông thoáng và nhìn hơi tối tăm, đã vậy khách sạn lại hoàn toàn không thiết kế lối đi thoải dốc dành riêng cho việc kéo vali hành lý, thành ra mỗi lần di chuyển tụi mình cứ phải tự dùng sức còng lưng xách tay đống vali nặng nề bước lên từng bậc cầu thang bộ bộ.",0,2,0,0,0,0
"Tôi có ghé vào nhà hàng dùng bữa đúng vào ngày rằm tháng 10 âm lịch nên không gian quán lúc đó cực kỳ đông đúc thực khách, bạn nữ nhân viên phục vụ có lẽ do bị rơi vào trạng thái quá tải, cuống cuồng nên phong cách làm việc nhìn khá lăng xăng, thậm chí còn có thái độ ăn nói trống không, sẵn giọng với khách hàng. Bản thân phải ngồi mỏi mòn đợi suốt 20 phút mới thấy bưng đồ ăn ra, đĩa hủ tiếu dọn lên ăn kèm mà tuyệt nhiên không hề có một cọng rau sống đi kèm nào cả, đến cuối giờ trưa lúc tôi muốn gọi thêm món ăn thì bạn ấy liền gạt đi báo là nhà bếp đã hết đồ rồi, tôi đành phải chuyển hướng sang gọi một món ăn khác có sẵn trong thực đơn nhưng yêu cầu làm với kích cỡ tô nhỏ hơn, ngay lập tức cô nhân viên gắt gỏng bảo: ""Ở đây bên em không bán loại tô nhỏ đâu chị nhé"", rồi quay ngoắt mặt đi thẳng ngay khi cuộc trò chuyện giữa tôi và cô ta còn chưa kịp kết thúc, trong khi thời điểm đó quán rõ ràng đã vãn bớt khách rồi chứ chẳng phải lúc đang cao điểm bận rộn gì cho cam. Chất lượng hương vị món ăn thì công nhận vẫn ngon miệng đấy, nhưng bản thân tôi sẽ quyết định không bao giờ thèm quay lại quán này nữa chỉ vì cái thái độ phục vụ lồi lõm cùng cách ăn nói trịch thượng đó.",0,0,1,4,0,0
"Hệ thống cách âm của phòng ốc làm quá kém cỏi, khiến không gian bị lẫn nhiều tạp âm bên ngoài làm mình bị mất đi sự tập trung cần thiết cũng như quyền riêng tư cá nhân tối thiểu.",0,1,0,0,0,0
"Hệ thống siêu thị chuyên bày bán và cung cấp đầy đủ các chủng loại mặt hàng đặc sản đặc trưng của vùng miền nơi đây, mức giá cả đưa ra nhìn chung rất hợp lý, phải chăng.",0,0,0,0,0,5
"Địa điểm khách sạn tọa lạc ngay trên một trục đường lớn sầm uất, vị trí khá gần với khu vực bãi biển. Điểm tiện lợi là khi đi ra bãi tắm có một tòa nhà cao tầng kiên cố che chắn phía trước nên cứ tầm chiều từ 16h trở đi là toàn bộ khu vực tắm biển đã có bóng râm mát rượi rồi. Một điểm cộng lớn là không gian khách sạn được dọn dẹp khá sạch sẽ, ngăn nắp. Còn về phần điểm trừ thì diện tích phòng ốc hơi nhỏ hẹp, các vật dụng phục vụ khách như khăn tắm, khăn lau mặt cho đến ga trải giường nhìn đều đã khá cũ kỹ, sờn màu. Khu vực phòng ăn phục vụ bữa sáng thiết kế quá chật chội so với mật độ lượng du khách lưu trú thực tế tại khách sạn, chất lượng đồ ăn thức uống nếm thử thấy rất đỗi bình thường.",0,3,0,3,0,0
"Lúc đầu làm việc phía khách sạn có báo giá chính xác cho mình là thuê xe Airblade sẽ có mức phí là 200k/ngày còn đối với xe Nouvo là 150k/ngày. Mình liền chốt phương án thuê chiếc Nouvo với giá 150k/ngày, thế nhưng đến lúc giao xe thì bên đơn vị cho thuê lại báo là đã hết sạch dòng Nouvo rồi và ép mình phải chuyển sang loại xe này với mức giá tận 180k. Cho đến khi mình trực tiếp nhận xe thì thực chất đó lại là một chiếc Liberty, nhưng vì nghĩ xe cộ nhìn cũng khá ổn không đến nỗi nào nên mình cũng gật đầu đồng ý thuê cho xong chuyện, ai dè đến lúc nổ máy chạy ra đường mới tá hỏa phát hiện ra chiếc xe này đã bị hỏng mất bộ phận CÒI, bóp mỏi tay cũng không phát ra một tiếng kêu nào, chưa kể phần chân chống bên của xe bị yếu, lỏng lẻo kinh khủng, có lúc dừng xe suýt chút nữa là cả người lẫn xe bị đổ kềnh ra đường. --> Chất lượng phương tiện quá tồi tệ, hoàn toàn không đủ tiêu chuẩn an toàn để mang cho khách thuê. Đến lúc quay về mình có thái độ kiên quyết đề nghị trả lại xe thì phía khách sạn mới chịu đứng ra thương lượng lại với bên chủ xe để giảm bớt chi phí thuê xuống còn 120k/ngày cho mình.",0,0,0,0,1,0
"Mình có đặt gói dịch vụ phòng đã bao gồm luôn cả suất ăn sáng kèm theo, thế mà đến lúc đến nơi làm thủ tục nhận phòng thì nhân viên khách sạn lại thản nhiên báo là bên hệ thống booking chuyển thông tin xuống không hề ghi nhận có suất ăn sáng nào cả, làm ăn tắc trách quá.",0,0,0,1,0,0
"Điểm trừ duy nhất và lớn nhất ở đây chính là quy định tính thời gian thuê xe nghiêm ngặt theo ngày, điều này gây ra khá nhiều thiệt thòi cho những hành khách làm thủ tục nhận xe vào tầm giữa trưa hoặc đầu giờ chiều, thiết nghĩ trong những khoảng thời gian mùa thấp điểm vắng khách nếu phía cửa hàng linh hoạt áp dụng cách tính thời gian trọn vẹn theo chu kỳ 24 tiếng thì sẽ hoàn hảo hơn rất nhiều (giúp hỗ trợ tối đa lợi ích cho người tiêu dùng). Tuy nhiên xét cho cùng thì vấn đề này cũng không gây ảnh hưởng quá lớn đến trải nghiệm chung.",0,0,0,0,3,0
"Cảm nhận từ 5 năm trước:\nKhu trung tâm thương mại Quy Nhơn tọa lạc tại địa chỉ số 07 Nguyễn Tất Thành, phường Lý Thường Kiệt, thành phố Quy Nhơn luôn khẳng định vị thế là một trong những địa điểm mua sắm uy tín, đáng tin cậy hàng đầu của đông đảo người dân thành phố Quy Nhơn. Ngay tại khu vực mặt tiền xung quanh tòa nhà tập trung rất nhiều hệ thống cửa hàng thời trang quần áo cùng các shop kinh doanh điện thoại di động sầm uất.",0,0,0,0,0,5
"Vào thời điểm hiện tại nhờ đã đưa vào vận hành tuyến đường bộ cao tốc kết nối trực tiếp giữa Sài Gòn và Vũng Tàu nên hành trình di chuyển bằng xe buýt sẽ được rút ngắn thời gian nhanh chóng và mang lại cảm giác thoải mái, dễ chịu hơn một chút so với giai đoạn trước đây, tuy nhiên đứng trên góc độ cá nhân của bản thân tôi thì tôi không muốn bàn luận sâu thêm về vấn đề đó.",0,0,0,0,3,0
"Danh mục thực đơn đồ ăn sáng được chuẩn bị không hề phong phú một chút nào, có quá ít món ăn để thực khách lựa chọn...",0,0,0,2,0,0
"Đây quả thực là cái hãng xe có thái độ phục vụ lừa đảo, bố láo nhất mà bản thân mình từng vô tình gặp phải trong đời, xin thề danh dự là không bao giờ có chuyện mình thèm bước chân lên xe của hãng này thêm một lần thứ hai nào nữa.",0,0,0,0,1,0
"Không hiểu cái kiểu gì mà cả một hệ thống siêu thị quy mô to đùng đoành như thế mà lại tiếc tiền không sắm nổi một bạn nhân viên đứng túc trực để canh chừng, hỗ trợ khách đẩy mấy cái giỏ hàng lên khu vực băng thang cuốn di chuyển, cứ để mặc cho giỏ xe chạy tự do rồi lật nhào, ngã đổ rầm rầm xuống dưới, trong khi mật độ khách khứa tham quan sắm sửa thì đông đúc chen chúc ra đó, tình trạng này thực sự vô cùng nguy hiểm cho các em nhỏ đi lại xung quanh. Cấp quản lý siêu thị nên chủ động kiểm tra và chấn chỉnh lại khâu này gấp.",0,0,0,0,0,1
"Nhóm tụi mình chủ động thức dậy từ rất sớm lúc 5h sáng để gọi điện hẹn giao xe máy trực tiếp đến tận sảnh khách sạn. Tại đây tụi mình đã nhận được sự tư vấn cực kỳ tận tình từ anh Hoài Bảo để đặt mua gói tour trọn gói trọn vẹn với mức giá chỉ #350k cho 1 người (Mức chi phí này đã bao gồm trọn gói dịch vụ xe điện đến đón tận nơi, di chuyển bằng cano cao tốc, tham gia trải nghiệm lặn biển ngắm san hô, tắm tráng nước ngọt, và dùng bữa tiệc hải sản phong phú với thực đơn 7 món gồm cả lẩu tại nhà hàng).\n\nĐịa điểm #EO #GIÓ: Nhóm mình đặt chân đến đây vào khoảng 7h sáng. Thời điểm này lượng khách du lịch còn khá thưa thớt, ánh nắng mặt trời chưa quá gay gắt nên tụi mình thỏa sức thả dáng chụp được siêu nhiều bức ảnh check-in lung linh đẹp mắt mà lại không bị mệt mỏi vì nắng nóng. Lời khuyên là mọi người nên ưu tiên sắp xếp lịch trình đi ghé thăm Eo Gió thật sớm và trước khi đi Kỳ Co thì sẽ hợp lý hơn nhiều.\n\nĐịa điểm #KỲ #CO: Làn nước biển ở đây cực kỳ trong vắt, xanh ngắt một màu nhìn siêu đẹp, nói chung là trải nghiệm vui chơi vô cùng đã đời. Các bác cứ nhìn vào mấy bức hình mình đăng tải là đủ tự hiểu rõ ngay rồi đúng không ạ.\n\nTrải nghiệm #LẶN #NGẮM #SAN #HÔ tại khu vực #ĐẢO #SAN #HÔ: Thực lòng mà nói thì số lượng rạn san hô ở đây hơi ít và màu sắc cũng không được rực rỡ, đẹp đẽ giống như mấy lời review thổi phồng trên mạng xã hội cho lắm, thế nhưng xét cho cùng thì đây vẫn là một trải nghiệm tham gia hoạt động dưới nước rất thú vị và đáng nhớ 😊\n\nGhé vào #NHÀ #HÀNG #HOÀNG #ĐẠT để dùng bữa: Chất lượng các món ăn ở đây chế biến rất ngon miệng, đảm bảo vệ sinh sạch sẽ, định lượng dọn ra ăn no nê cành hông luôn. Cảm giác vừa đi tắm biển mệt lử về mà được ngồi vào bàn thưởng thức bữa ăn ngon lành thế này thì không còn gì bằng.\n\n#DI #CHUYỂN #QUAY #VỀ #KHÁCH #SẠN: Cả nhóm về phòng nghỉ ngơi lấy lại sức để chiều tiếp tục hành trình khám phá.\n\nGhé quán #CHÈ #NHỚ (địa chỉ số 132 Ngô Mây): Nhóm mình có gọi vài ba loại khác nhau để ăn thử nhưng công nhận món chè thập cẩm vẫn là xuất sắc nhất, vị ngọt thanh mát lành, đúng chuẩn hương vị thương hiệu #nhớ mà ngặt nỗi mức giá lại rẻ nhất trong thực đơn luôn, rất xứng đáng để mọi người ghé qua ăn uống trong một không gian quán decor đẹp đẽ như vậy.\n\nMón #BÁNH #MÌ ngay khu vực #GÓC #ĐƯỜNG #NGUYỄN #LỮ #VÀ #NGÔ #MÂY: Chỉ cần đứng nhìn cái xe đẩy bánh mì thôi là đã thấy ưng bụng rồi, topping bày biện đầy ắp nhìn rất kích thích, mà cách kết hợp nguyên liệu ăn cũng rất lạ miệng. Điểm cộng lớn là giá SIÊU RẺ.",5,5,5,5,5,0
"Khu vực này lúc nào cũng đông vui tấp nập, mình rất thích cảm giác cuối tuần được ghé qua đây để tha hồ lựa chọn mua sắm mấy loại hải sản tươi rói, ngon lành.",0,0,0,0,0,5
"Lúc chuẩn bị đi xuống dưới nhà mình có lỡ quên không mang theo khẩu trang nên có chủ động ghé qua quầy lễ tân để xin một chiếc, nhưng nhân viên lại báo thẳng thừng là không có sẵn khẩu trang — thôi thì vấn đề nhỏ này mình hoàn toàn có thể vui vẻ xí xóa bỏ qua được. Thế nhưng đến lúc mình mở lời muốn mượn tạm một chiếc bàn ủi để là phẳng quần áo đồ đạc thì họ cũng thản nhiên trả lời là không có luôn, ủa nghĩ mà thấy kỳ cục lạ lùng thật sự, một hệ thống khách sạn quy mô xây dựng tận 8 tầng lầu to đẹp như thế này mà lại tuyệt nhiên không chuẩn bị nổi một cái bàn ủi đồ phục vụ nhu cầu tối thiểu cho hành khách hay sao",0,3,0,0,0,0
"Sau khi dành thời gian lướt đọc qua các bài bình luận, review về mấy địa điểm này, tôi đã từng ôm hy vọng rất lớn vào việc sẽ được thưởng thức một phần bít tết vừa ngon miệng mà giá cả lại rẻ. Thế nhưng thực tế đã chứng minh làm gì có cái chuyện vô lý không tồn tại như thế được. Bản thân tôi vốn không phải là kiểu người hay viết đánh giá đúng sai bình thường đâu, tuy nhiên đây thực sự là một trong những địa điểm được thổi phồng, tâng bốc rating cao nhất mà tôi từng vô tình ghé qua trong suốt thời gian qua. Tôi hoàn toàn hiểu rằng tiêu chuẩn chất lượng thực phẩm ở mỗi vùng miền là khác nhau, thế nhưng mức giá ở đây hoàn toàn không hề rẻ một chút nào nếu đem đặt lên bàn cân so sánh với giá trị thực của món ăn. Cùng với một số tiền tương đương như vậy, bạn hoàn toàn có thể lựa chọn mua được một suất ăn chất lượng và nhiều đặn hơn rất nhiều ngay tại nước Anh, điều đó đã đủ nói lên bản chất vấn đề rồi chứ. Phần thịt bít tết của tôi bị đầu bếp nấu chín quá lửa, khô khốc và thật khó để có thể tin nổi đây lại là phần thịt được cắt ra từ hậu môn. Toàn bộ các món bày trên đĩa đều không được nêm nếm chút gia vị nào cả, rau củ ăn kèm thì sơ sài, gần như còn sống nguyên và thuộc loại hàng rẻ tiền. Điểm vớt vát duy nhất là phần nước sốt chấm ăn kèm sau khi tôi chủ động dặm thêm chút muối vị ăn cũng tạm ổn, và các loại rượu đi kèm thì có mức giá bán khá đắt đỏ. Nói tóm lại, điều làm tôi cảm thấy thất vọng tràn trề ở đây không phải do bản thân cái nhà hàng này, mà chính là bởi những bài đánh giá, review dối trá trên mạng cứ ra sức tâng bốc xem nó được chế biến tuyệt vời ra sao. Nếu tiêu chí của bạn là muốn tìm kiếm những món ăn có mức giá rẻ thực sự thì tốt nhất hãy tìm đến mấy quán ăn bình dân của người địa phương mà ăn. Dưới góc nhìn của tôi, tôi thực sự không hiểu nổi bằng cách nào mà cái địa điểm này lại được mọi người đánh giá, xếp hạng cao ngất ngưởng đến thế.",0,0,0,3,0,0
"Mẫu mã các mặt hàng sản phẩm ở đây cực kỳ phong phú đa dạng và bắt mắt, giá cả lại rất hợp lý, các bạn nhân viên phục vụ thì siêu nhiệt tình, chấm hẳn điểm 10 tuyệt đối không có nhưng 😉",0,0,0,0,0,5
"Bày bán đủ loại từ đồ gia dụng, bánh kẹo đến thực phẩm tươi, trái cây... Cơ mà vừa rồi ghé mua mấy cốc hoa quả gọt sẵn về ăn xong cả nhà bị ngộ độc dã man, đau bụng muốn chết.",0,0,0,0,0,3
"Ở đây ưng cái là hàng hóa đa dạng, tích hợp cả chỗ uống cafe, khu vui chơi với mua sắm ăn uống rất tiện. Chỉ bực mỗi cái dịp Tết khách đông nghịt, đứng đợi tính tiền mỏi cả chân.",0,0,0,0,0,4
"Lúc checkout gặp đúng đợt khách đông nên đứng đợi thang máy dài cả cổ.",0,3,0,0,0,0
"Bể bơi của khách sạn vừa bẩn lại vừa lạnh buốt, chẳng tắm nổi.",2,0,0,0,0,0
"Ghé mua trà sữa mang về, gọi rõ ràng là thêm trân châu trắng với kem cheese hết tận 52k mà lúc về mở ra chả thấy trân châu đâu. Giá thì chát chúa mà vị tầm thường chẳng có gì đặc sắc, nhìn sang các quán khác ở Quy Nhơn vừa rẻ vừa ngon hơn nhiều. Bán buôn kiểu này hèn chi vắng khách là phải 👎🏻👎🏻👎🏻 😏😏😏",0,0,0,1,0,0
"Thiết kế phòng tắm kính toàn bộ nhìn hơi ghê, lỡ sẩy chân trượt ngã thì nguy hiểm.",0,3,0,0,0,0
"Nhân viên phục vụ thì hách dịch, đồ ăn lên thì chậm chạp.",1,0,0,0,0,0
"Muốn đầy đủ và tiện nhất cứ ra Big C. Cụm rạp CGV Kim Cúc Plaza ở đây cập nhật lịch chiếu với mua vé siêu nhanh chóng, chuẩn rạp Hollywood với hệ thống âm thanh Dolby 7.1 cùng màn hình cực nét. Hoạt động từ 2014, đây là rạp đầu tiên của CGV ở Bình Định, mang tới trải nghiệm giải trí cực đỉnh mà giá vé lại hợp lý. Nơi này đã tạo nên xu hướng giải trí mới cho giới trẻ và mở đường cho các rạp khác sau này.",3,0,0,0,0,3
"Giữa thời điểm dịch bệnh mà mức giá thế này là quá hợp lý, chất lượng ổn áp, chắc chắn sẽ ghé lại lần sau.",0,0,0,0,0,5
"Đồ đạc cực kỳ đa dạng và phong phú. Thích nhất là bãi giữ xe không thu phí.",0,0,0,0,0,4
"Không gian decor xinh xắn, ấm cúng, hợp đi nhóm ít người chứ đi đông là chật chội không có chỗ ngồi luôn. Kem giá rẻ tầm hai mươi mấy nghìn một lạng, nhiều vị với topping cơ mà ăn thấy bình thường không ngon lắm. Riêng các loại bánh ngọt (bánh matcha ngàn lớp, socola ngàn lớp, mousse chanh dây, pudding) ăn siêu dở, khuyên thật lòng không nên gọi kẻo phí tiền. Hôm ăn thử pudding socola take away cũng chán ngắt.",0,0,0,3,0,0
"Cực kỳ thiếu chuyên nghiệp, nhân viên giữ xe làm cầm nhầm hoặc mất thẻ xe của tôi rồi bắt chúng tôi phải đứng chờ một lúc lâu mới giải quyết xong xuôi.",1,0,0,0,0,0
"Hồ bơi vừa bé lại chẳng có tiện ích gì, tốt nhất nên đập đi cải tạo lại.",2,0,0,0,0,0
"Lúc book phòng đã điền rõ ràng độ tuổi của 2 bé, hệ thống cũng hiển thị phòng và tổng tiền cho 2 người lớn kèm 2 trẻ em rồi. Thế mà khi đến check-in lễ tân vẫn đè ra thu thêm tiền phụ phí trẻ em. Dù số tiền chẳng đáng là bao nhưng cách làm việc mập mờ giữa khách sạn và bên booking khiến khách rất khó chịu.",0,2,0,0,0,0
"Dân Sài Gòn ra chơi thấy quán nổi trên facebook nên ghé ăn trưa. Về không gian thì bài trí khá xinh, sạch sẽ, hợp bữa cơm gia đình. Về món ăn thì hơi thất vọng vì nghe khen cơm nướng ngon mà quán lại bỏ món rồi; mắm ruốc với mắm nêm mặn chát không nuốt nổi; sườn xào chua ngọt thì tầm thường như cơm nhà; kho quẹt chấm rau củ thì ngọt gắt. Gỡ gạc lại có gà chiên mắm ăn cuốn, canh mướp thịt bò mềm ngọt vừa vị, còn canh chua cá lóc thì nhạt nhẽo thiếu chua. Điểm trừ lớn nhất là lên món lâu và rải rác, ăn xong hết cả canh rồi 5 phút sau mới bưng đĩa rau củ kho quẹt ra. Thêm nữa là thái độ bất lịch sự của 2 đứa nhân viên phục vụ trên tầng, cứ đứng nhìn chằm chằm vào bàn khách rồi xì xào bàn tán làm cả nhà ăn uống mất ngon. Sẽ không bao giờ quay lại hay giới thiệu cho ai nữa.",0,0,0,2,0,0
"Bác nào lười lội nhiều tầng mệt mỏi mà thích kiểu đi siêu thị nhẹ nhàng, chill chill thì cứ VinMart mà triển. Không gian ở đây rộng rãi, thực phẩm đủ loại lại có khu ngồi nghỉ. Dẫn người yêu đi hẹn hò hay lượn lờ siêu thị ở đây cũng thấy dễ thương và vui vẻ lắm nhé.",0,0,4,0,0,4
"Chỗ đậu xe hơi chật hẹp, bữa sáng chuẩn bị sơ sài, vài món nấu chưa được ngon.",0,0,0,2,0,0
"Trải nghiệm lần đầu ở Kabin đỉnh thực sự, các bạn nhân viên tư vấn siêu nhiệt tình. Nhà mình đi đông nên được xếp phòng riêng tư rất thoải mái. Đánh giá cao sự tận tâm, chu đáo của bạn Thành Long và bạn Hiếu.",5,0,5,5,0,0
"Chán cái sóng mạng ở BigC ghê, quét mã PC Covid mãi không hiện nổi. Mọi thứ mua sắm khác thì tạm ổn, cơ mà có điểm trừ là không chịu bán lẻ chuối như bên Coopmart, mua cả nải to đùng về ăn không kịp là hư hết phí tiền.",0,0,0,0,0,2
"Công viên tuy diện tích hơi nhỏ nhưng view biển cực xịn, nằm đối diện đại học Quy Nhơn nên lúc nào cũng nhộn nhịp các hoạt động đá bóng, bóng chuyền, bóng rổ của các bạn trẻ từ sáng sớm tới chiều tà. Tắm biển ở khu này rất đã, trên bờ lại có mấy hàng rong bán mực rim, bánh tráng dừa nướng, xoài ổi siêu ngon mà giá rẻ giật mình, mua miếng xoài bự hay bánh tráng có 3k chứ mấy. Điểm trừ duy nhất là người dân vẫn vứt rác bừa bãi làm bãi biển đôi lúc nhìn hơi bẩn, mong nhà nước sớm xử lý.",3,0,0,0,0,0
"Đồng giá 20k một đĩa ốc đủ loại, bạch tuộc với cá nướng thì 50k một phần. Thấy quán khá đông khách và nhiều review khen ngợi nên ghé ăn thử, ai dè vị nêm nhạt nhẽo, nước mắm chấm cũng chán, không gian vỉa hè chật chội chẳng thấy có gì ấn tượng. Nói chung ăn không ngon bằng ốc cô xí.",0,0,0,3,0,0
"Đặt phòng gia đình mà lại xếp cho 2 phòng thông nhau với 4 giường đơn, không đúng ý tôi chút nào.",0,3,0,0,0,0
"Kêu mỗi ly latte đá mà uống chán không tả nổi, vị chua loét lại còn làm kiểu màu mè phô trương. Thử xong tự dưng thấy hoài nghi về chất lượng văn hóa cà phê của giới trẻ Việt Nam hiện nay luôn á!",0,0,0,1,0,0
"Lần đầu ghé Kabin ăn thử và thấy cực kỳ ấn tượng. Điểm cộng lớn nhất là view nhà hàng siêu đẹp, ngồi ăn rất thư thái. Thực đơn tuy không quá nhiều món nhưng món nào món nấy đều ngon miệng và decor bắt mắt, nhất định sẽ quay lại.",0,0,5,5,0,0
"Bảo mình đứng đợi lấy túi giấy đựng rượu mà bắt chờ tận 10 phút, hỏi lại bảo chờ tiếp, 30 phút rồi đến 1 tiếng sau thanh niên mới đi tìm túi quay lại bảo không có!? Bắt khách đợi ròng rã một tiếng đồng hồ rồi nhìn bằng ánh mắt thờ ơ như không có chuyện gì xảy ra. Nhân viên làm việc như robot vô cảm, không một nụ cười, đến một câu xin lỗi hay cảm ơn cũng không mở mồm ra nói được. Quá ngán ngẩm.",0,0,0,2,0,0
"Tôi là người đi xe buýt thường xuyên và muốn phản ánh thái độ của cô Vân thu ngân tuyến Nhơn Hải. Cô này thường xuyên chiếm ghế của hành khách, nhất là các em học sinh, lại còn hay quát mắng người đi xe. Hành vi chèn ép này xảy ra liên tục mà không hề có thái độ tiến bộ hay hối cải, làm mọi người vô cùng ức chế và bực bội. Đề nghị ban quản lý xí nghiệp kiểm tra và chấn chỉnh gấp.",0,0,0,0,2,0
"Dàn xe máy cho thuê ở đây còn rất mới và chạy mượt. Mỗi lần lên Đà Lạt mình đều ưu tiên tìm chỗ nào đi lại thuận tiện, không gian thoáng đãng như ở Raon, lần tới sẽ rủ bạn bè cùng quay lại.",0,0,0,0,0,2
"Một siêu thị Big C đúng chuẩn. Tuy quy mô không hoành tráng bằng mấy chi nhánh khác tôi từng đi nhưng hàng hóa thiết yếu như rau củ quả, đồ bếp, gia dụng, tạp hóa chẳng thiếu thứ gì. Tầng 3 có rạp CGV phim ảnh, tầng trệt thì ngập tràn quán cafe tiện lợi. Hiện tầng 1 đang sửa sang lại, còn khu mua sắm bách hóa tập trung ở tầng 2.",0,0,0,0,0,5
"Mọi thứ ở mức trung bình, nhà hàng đông đúc quá còn đồ ăn vị cũng bình thường, kiểu này chắc chỉ hợp cho mấy khách nước ngoài lần đầu đến Việt Nam trải nghiệm.",0,0,3,3,0,0
"Trạm xe buýt này hơi nhỏ. Có tuyến chạy ra sân bay nhưng giãn cách chuyến khá dài, mọi người nhớ check kỹ giờ chạy trước khi đi nhé. Vé xe buýt sân bay là 50k/người, còn nếu bắt taxi thì mất tầm 250k.",0,0,0,0,3,0
"Cửa hàng mẫu mã cực kỳ phong phú, nhiều chủng loại, nhân viên lại tư vấn tận tình đúng nhu cầu của khách. Mua đồ ở đây về dùng ưng ý hết nấc, sẽ trung thành ủng hộ shop dài dài.",0,0,0,0,0,5
"Sản phẩm đa dạng, nhiều sự lựa chọn, nhân viên thì phục vụ rất niềm nở, nhiệt tình.",0,0,0,0,0,4
"Khu mua sắm rộng rãi, bạt ngàn hàng hóa không thiếu thứ gì, mỗi tội... giá chát chúa quá.",0,0,0,0,0,2
"Chỗ này chuyên bán đồ đặc sản Bình Định như bánh ít, bánh hồng, chả ram, mực một nắng... Ăn siêu ngon mà giá lại cực hạt dẻ!",0,0,0,0,0,5
"Vị trí đắc địa, nhân viên phục vụ nhanh nhẹn, linh hoạt, cơ mà nên sửa sang lại cái bể bơi đi chứ bỏ hoang chẳng ai thèm xuống tắm cả.",0,3,0,0,0,0
"Hệ thống cách âm của phòng hơi kém, tôi ở ngoài hành lang mà vẫn nghe rõ mồn một tiếng hai cha con phòng bên cạnh nói chuyện.",0,2,0,0,0,0
"Đồ ăn vừa đắt đỏ lại chẳng có mấy món để chọn. Thêm nữa là các gian hàng mua sắm ở đây bán giá cao ngất ngưởng, đắt đỏ chẳng kém gì mức giá trên tàu mà chúng tôi biết.",0,0,0,1,0,0
"Từ chủ quán cho đến các bạn nhân viên đều có thái độ phục vụ rất dễ mến, lúc nào cũng niềm nở, chu đáo và vui vẻ với khách.",0,0,5,5,0,0
"Ga mới xây nhìn khang trang, rộng rãi đẹp đẽ thật đấy, nhưng thiết kế có mỗi 2 cái nhà vệ sinh nên lúc khách khứa đông đúc là thấy bất tiện vô cùng.",0,0,0,0,3,0
"Mình và người yêu muốn ăn thử món lẩu ếch giữ ấm bụng, tìm trên TripAdvisor thấy chỗ này được đánh giá tốt nhất nên ghé qua. Ai dè tới nơi họ báo không phục vụ món đó, thôi thì cũng chấp nhận đổi sang gọi đùi ếch thấy ghi giá 80k. Hóa ra menu dịch tiếng Anh sai bét, bạn phục vụ (không biết tiếng Anh) lại tính tiền đĩa đùi đó tận 160k, còn cái giá 80k kia là dành cho ếch nguyên con. Tụi mình đã lấy tay chỉ rõ vị trí món trong thực đơn nhưng cả nhân viên lẫn một người bạn biết tiếng Anh của anh ta đều khăng khăng là dù tụi mình có đúng thì vẫn phải trả theo mức giá cao hơn kia. Nhìn thái độ thờ ơ, chẳng một chút áy náy về lỗi sai thực đơn của nhân viên, mình nghi ngờ họ cố tình chặt chém khách du lịch. Nhất là lúc tụi mình muốn đứng lại phân trần rõ ràng thì anh phục vụ lại ngó lơ rồi bỏ đi một mạch không thèm giải quyết luôn?! Điểm gỡ gạc duy nhất là đồ ăn nấu vị khá ổn,",0,0,0,3,0,0
"Tôi là khách quen đi xe buýt hằng ngày mà thực sự không thể nuốt trôi thái độ làm việc của tuyến T13. Lịch trình rõ ràng là có mà lần nào đứng đợi xe cũng rước bực vào người, nhất là chuyến 7h10 xuất phát từ An Lão đi Bồng Sơn. Lúc nào xe cũng đến trễ tầm 20 phút làm tôi đợi mà phát sợ, hỏi nguyên do thì tài xế thản nhiên bảo bận ăn sáng, chẳng hiểu khâu giám sát quản lý kiểu gì nữa. Cứ tới ca của ông Lâm già lái là y như rằng chuyên gia đi muộn.",0,0,0,0,2,0
"Mọi thứ ở đây đều sạch sẽ, sang xịn mịn nhưng giá cả đắt đỏ lắm. Thậm chí có đôi chỗ nhìn còn đẹp hơn mấy mall bên Mỹ, cơ mà giá bán thì ngang ngửa hoặc có khi còn cao hơn nữa. Nói chung vào lượn lờ ngắm nghía cho biết một lần thì được.",0,0,0,0,0,3
"Hôm trước hai đứa có ghé quán này ăn thử mà thất vọng tràn trề. Đầu tiên là trên mạng PR rầm rộ đủ món, thế mà lúc tới nhìn vào tủ lạnh thấy lèo tèo vài ba cây xiên, nhìn không được tươi ngon chút nào (biết là đồ đông lạnh sẵn rồi cơ mà trông cứ như để từ đời nào ấy). Lúc đấy mới có hơn 7h tối chứ đâu phải muộn màng gì cho cam mà đã hết sạch đồ. Tủ đông nhìn cũng mất vệ sinh, dù có chia khay riêng nhưng trông cứ bẩn bẩn. Lỡ bước chân vào quán rồi với lại đi có 2 đứa nên thôi bấm bụng chọn đại vài thứ ăn cho xong, quán nằm ở góc khuất nên vắng vẻ đìu hiu, hương vị thì cũng đại trà y chang mấy hàng xiên que làm sẵn khác thôi... Nói chung là chẳng có ấn tượng gì tốt.",0,0,0,1,0,0
"Vừa vào hỏi mua hàng đã gặp ngay quả nhân viên thái độ hách dịch, khách hỏi câu nào là im lặng câu đấy, rõ ràng mình đứng chờ hỏi trước mà lại lờ đi rồi lấy đồ cho người đến sau.",0,0,0,0,0,1
"Về không gian: so với kiểu ngồi ghế nhựa vỉa hè truyền thống của các quán bún chả Hà Nội thì chỗ này nhìn lịch sự hơn hẳn, có máy lạnh mát mẻ, bàn ghế gỗ cao ráo sạch sẽ, rất thích hợp nếu muốn dẫn khách phương xa hoặc người nước ngoài đến ăn.",0,0,4,0,0,0
"Đi du lịch nhớ mua mấy món quà quê mộc mạc mà ý nghĩa này về làm quà cho mọi người ở thành phố nhé, chọn bánh hồng là hợp lý rồi đấy",0,0,0,3,0,0
"Khâu vệ sinh ở đây quá kém, ban quản lý cần phải đầu tư mạnh tay hơn nữa mới giải quyết triệt để vấn đề an toàn thực phẩm được. Thêm nữa là lượng người qua lại rất đông nhưng khu vực cổng vào lại quá chật hẹp... thành ra cứ đến giờ cao điểm là giao thông tắc nghẽn liên tục",0,0,0,0,2,0
"Một trung tâm mua sắm sầm uất và chất lượng của khu vực địa phương. Ghé vào đây thì hầu như cần tìm món đồ gì cũng đều có sẵn hết.",0,0,0,0,0,5
"Quay lại quán lần này quyết tâm phải ăn bằng được món mì bay. Điểm trừ là không gian quán vẫn bẩn thỉu, dù có đỡ hơn lần trước một xíu. Mì bay cho khá nhiều, trang trí nhìn bắt mắt, đẹp diện mạo. Cơ mà hương vị thì chẳng có gì đặc sắc cả, cho nhiều mì với gà ăn một lúc là thấy ngấy tận cổ. Giá 45k một phần, nói chung bỏ tiền ăn cho biết trend thế nào thôi chứ bảo quay lại lần hai thì xin kiếu.",0,0,0,2,0,0
"Review trải nghiệm hơi fail một chút cho mọi người tham khảo nha, không có ý PR đâu, ai không thích có thể lướt qua ạ, cảm ơn nhiều! Bữa sáng ngày thứ hai của tụi mình bắt đầu sau tầm 30 phút chạy xe máy từ LAB (chỗ này đỉnh chóp luôn) vào trung tâm thành phố, trên đường hướng ra Eo Gió (chỗ này thì nhạt nhẽo lắm). Quán bún này được mấy người đi trước chỉ cho, sau một hồi phân vân thì hai đứa quyết định gọi món nghe tên lạ hoắc xem sao :)) Phách thì chọn bún sứa không, còn mình gọi bát bún sứa ăn kèm chả cá ^^ Cảm nhận cá nhân là ăn bình thường, không đến nỗi dở tệ nhưng cũng chẳng gọi là ngon, mà giá thì chát quá tận 35k/bát ăn mãi mới hết. Phách còn phán một câu xanh rờn: Giờ mới biết sứa có vị y như nước lọc ^^ Nước lèo nấu tạm ổn, cơ mà món này phải có thêm hành phi với đậu phộng cứu cánh chứ không thì nhạt nhẽo lắm. Mình cực ghét cái văn văn 'ăn một lần cho biết', nhưng với món bún này thì chắc có ăn thêm vài lần nữa cũng chỉ dừng ở mức biết vị thế thôi, chứ hoàn toàn không có cảm giác thèm thuồng da diết như mấy món khác ^^",0,0,0,1,0,0
"Phòng ốc vừa nhỏ hẹp lại bài trí kiểu lỗi thời quê mùa, nhìn chẳng khác gì mấy cái nhà nghỉ rẻ tiền. Nhân viên trực ca đêm thì lười biếng, gọi việc gì cũng chậm chạp.",0,2,0,0,0,0
"Xếp phòng nằm ngay sát khu vực thang máy, hệ thống cách âm quá tệ nên mỗi lần cabin chạy lên chạy xuống là nghe tiếng ồn mồn một.",0,3,0,0,0,0
"Nhân viên đứng quầy thu ngân mặt mày lúc nào cũng sưng sỉa, nói năng hách dịch không một chút thân thiện với khách hàng.",0,0,0,0,0,2
"Bác tài xế chạy chuyến của mình tính tình nóng nảy lại còn lái xe cực ẩu. Đón khách ở hotel mà không chịu đánh xe lên sảnh, cứ đậu chình ình dưới lòng đường vừa gây nguy hiểm vừa làm tắc nghẽn giao thông. Ngồi trên xe mà lòng nơm nớp lo sợ, không thoải mái chút nào. Thiết nghĩ hãng xe muốn phát triển thì bác tài nên học cách cư xử lịch sự, thân thiện hơn với khách. Hiện tại với chất lượng thế này tôi sẽ không giới thiệu hãng Sao Limousine cho hành khách của mình nữa.",0,0,0,0,2,0
"Cái điều hòa ở đây thổi gió thẳng vào người lạnh buốt, cảm giác kinh hoàng thật sự",0,0,0,0,1,0
"Thực đơn các món ở đây vô cùng đa dạng, cách bày biện món ăn trông cực kỳ chuyên nghiệp và sang xịn, cảm giác đẳng cấp như đang đi ăn ở nhà hàng 5 sao vậy :D",0,0,5,0,0,0
"Thấy dân tình rầm rộ rủ nhau đi check-in quán BoBo nên mình cũng đua đòi đi theo. Lần đầu ghé chưa biết món nào signature nên mình gọi loại quốc dân là Black tea Macchiato. Chẳng biết mọi người khen ngon kiểu gì chứ riêng mình là thấy không hợp khẩu vị rồi. Trà thoang thoảng cái mùi rất khó chịu, cảm giác y như vị trà túi lọc rẻ tiền vậy. Còn phần bọt kem thì loãng toẹt, chẳng thấy vị béo hay thơm mùi sữa gì cả, uống tuột cảm xúc dã man. Điểm cộng là decor ổn cơ mà trần nhà thấp quá làm không gian bị bí bách, ngột ngạt. Bàn ghế ngồi một lúc là ê hết cả mông, không ngồi lâu được. Được cái giá cả phải chăng, nhân viên nhiệt tình dễ thương. Túm cái váy lại là không phải gu của mình.",0,0,0,2,0,0
"Mọi dịch vụ ở đây đều hoàn hảo, không có bất kỳ điểm nào để chê trách cả.",5,5,5,5,5,5
"Trải nghiệm lượt đi bằng tàu cánh ngầm đến Vũng Tàu thấy rất êm ái, nhẹ nhàng. Thế nhưng lúc về thì đúng là một thảm họa, tàu chạy rùa bò tầm 10km/h làm tôi bị trễ cả chuyến bay, bực không tả nổi!",3,0,0,0,1,0
"Xe buýt làm việc chán ghé, qua đón tụi mình đã trễ giờ mà lúc trả khách tới điểm đến cũng bị muộn theo luôn",0,0,0,0,1,0
"Ngày thường quán hơi vắng khách một chút nhưng bù lại chất lượng dịch vụ cực kỳ tốt. Đăng ký làm thẻ thành viên ở đây được hưởng nhiều ưu đãi giảm giá khi xem phim lắm.",3,0,0,0,0,0
"Tôi và bạn gái đã có một trải nghiệm ăn sáng tồi tệ tại đây, không gian thì vừa nóng nực vừa chật chội, đứng đợi dài cổ tận 10 phút mới có chỗ ngồi. Đã vậy còn phải đợi thêm 15 phút nữa mới bưng ra được bát phở với đĩa quẩy. Đáng trách nhất là thái độ làm việc hời hợt của nhân viên, chẳng thèm ngó ngàng gì đến khách, tôi không đếm nổi mình đã phải gọi 'Em ơi' bao nhiêu lần thì mới có người chịu lại phục vụ.",1,0,1,0,0,0
"Do chuyến bay đổi giờ cất cánh sang tận 7h30 tối nên mình đành phải ở lại khách sạn thêm từ 12h30 đến 16h30, bên họ thu thêm phụ phí 400k, tính ra hơi đắt so với mức chi tiêu dự tính của mình.",0,2,0,0,0,0
"Cũng giống như cơ sở surf bar 1, không gian ở đây lộng gió và bày trí rất xinh xắn, dễ trò chuyện, giá rổ hợp túi tiền, đồ uống tạm ổn, riêng nước ép trái cây thì nên bớt ngọt lại chút sẽ ngon hơn",4,0,4,3,0,0
"Phải công nhận phi trường Phù Cát giữ vệ sinh rất sạch sẽ, có bố trí nhiều quầy kệ bán các món đặc sản của Bình Định. Khu vực ghế ngồi chờ cũng có nhiều hàng quán ăn uống phong phú, đa dạng.",0,0,4,0,3,3
"Không gian ở đây cực kỳ thoáng đãng, mát mẻ, chọn làm địa điểm tổ chức tiệc tùng là chuẩn bài luôn",0,0,5,0,0,0
"Ở đây có kho tàng sách siêu nhiều... tha hồ đọc, cơ mà diện tích nhà sách hơi bé nên không có chỗ cho khách ngồi nán lại xem... Ước gì tiệm bố trí thêm vài bộ bàn ghế cho khách ngồi đọc tại chỗ (ai ngồi thì mình tính phí theo giờ cũng được á). Bù lại không gian chật nhưng đồ dùng, sách truyện, vở viết được sắp xếp cực kỳ khoa học, dễ tìm dễ chọn lắm.",0,0,0,0,0,5
"Ghé đây ăn thử vài lần rồi mà nói thật lòng là mấy món tủ của mình giờ nấu không còn ngon như hồi trước nữa (nhất là món canh chua nấu tôm với tép xào dừa...). Quán lúc nào cũng đông nghịt khách thành ra phục vụ chậm chạp làm mình rất thất vọng. Chắc chắn sẽ không quay lại lần nào nữa",0,0,0,2,0,0
"Lúc mua người bán bảo bánh ít bảo quản nhiệt độ phòng được 3 ngày, thế mà mới sang ngày thứ 3 đem ra ăn đã thấy mốc xanh mốc đỏ hết cả lên rồi 🤣",0,0,0,0,0,3
"Chất lượng dịch vụ chăm sóc khách hàng quá chán; từ thái độ của nhân viên cho đến tài xế đều cực kỳ tồi tệ. Làm việc vô trách nhiệm, bỏ mặc khách hàng.",0,2,0,0,0,0
"Tôi đã bấm bụng gọi xe Vinasun tận ba lần liền vì lúc đó chưa biết dùng ứng dụng Grab (giống như Uber hay Lyft bên Mỹ vậy) cho đến khi được người nhà hướng dẫn. Phải nói là một trải nghiệm tồi tệ kinh khủng! ! !",0,0,0,0,1,0
"Mình đã ghé ăn ở nhà hàng này khá nhiều lần vì thực đơn đa dạng nhiều món, có điều toàn là món bình dân mà giá tính ra hơi cao. Rất hy vọng quán điều chỉnh lại mức giá sao cho hợp lý, vừa túi tiền hơn với những khách quen hay tới ăn thường xuyên!",0,0,3,3,0,0
"Thái độ phục vụ của mấy bạn nhân viên ở đây tệ hại hết chỗ nói, đề nghị ban quản lý quán xem xét và chấn chỉnh lại đi nhé",0,0,0,0,0,1
"Siêu thị Big C bán nhiều mặt hàng tính ra còn rẻ hơn cả mấy tiệm tạp hóa bên ngoài nữa. Đồ ăn thì tươi ngon, giá cả lại rất vừa vặn với mức thu nhập chung của người dân địa phương nơi đây.",0,0,0,0,0,5
"Tầm từ 4h chiều là hải sản tươi rói đã được đánh bắt đưa thẳng về chợ rồi, đồ ăn bao tươi ngon mà giá cả lại cực kỳ phải chăng.",0,0,0,0,0,5
"Ở resort mà chẳng được trải nghiệm đi cáp treo làm mình mất cả hứng. Đã vậy vào khu vui chơi còn bị đè ra thu vé y như khách ngoài chứ chẳng được một chút ưu đãi nào.",1,0,0,0,0,0
"Đồ đạc ở đây chất lượng tốt lắm, các bạn nhân viên tư vấn cũng rất nhiệt tình với khách.",0,0,0,0,0,5
"Gặp đúng ông tài xế taxi làm ăn gian dối, hành xử chán đời. Cố tình chở tụi mình đi lòng vòng sai địa điểm tận hai lần liền chỉ để ăn gian thêm mấy đồng bạc. Từ giờ cạch mặt, cứ đặt Grab đi cho lành.",1,0,0,0,1,0
"Tụi mình mò đến đây ăn thử hoàn toàn là vì bài review của Anthony Bourdain với lịch sử từng đón tiếp Tổng thống Obama. Phải công nhận món phở nấu ngon xuất sắc, còn mấy món khác thì ăn tạm ổn. Điểm trừ lớn là không gian xung quanh chán ngắt, nhà vệ sinh thì bố trí ngay sát vách, ngồi ăn nhìn thẳng vào rất mất mỹ quan. Thực đơn thì nghèo nàn, khách du lịch Mỹ đến đây đông nghịt và ai cũng gọi đúng một combo mang tên 'Obama'. Dù sao thì cũng thỏa mãn được sự tò mò muốn check-in xem chỗ ngày xưa Bourdain ngồi, vì lý do đó thôi thì ghé cũng bõ công.",0,0,4,0,0,0
"Quán phở này nằm ở trung tâm gần hồ Hoàn Kiếm, mình thuê phòng bên Hàng Đào bắt taxi qua mất tầm 30k. Đến quán lúc 6h30 sáng mà người ta đã ăn đông nghịt, may mắn ngồi được cái bàn cuối cùng chứ bên ngoài khách đứng xếp hàng dài dằng dặc. Gọi bát phở giá 60k mà ăn thấy vị bình thường, lúc bước vào ngửi mùi nước dùng bò thơm lắm mà lúc bưng tô phở ra ăn lại thấy mùi vị nhạt nhòa. Cá nhân mình thấy quán nấu hơi nhạt, tương chấm đi kèm cũng không có gì đặc sắc nên đánh giá đây chỉ là một quán phở đại trà.",0,0,0,3,0,0
"Ai có ý định vào căng tin này mua đồ thì né gấp nhé, hoặc tốt nhất là phải hỏi giá trước khi mua. Hôm trước mình vừa mua cốc nước giá 20k, nay quay lại mua đúng loại đó mà không hỏi giá trước thì bị chém tận 50k. Làm ăn kiểu chộp giật phát bực 😡😡😡👎👎👎",0,0,0,0,0,1
"Phòng cách âm kém quá. Đêm nằm ngủ cứ bị làm phiền bởi tiếng động từ phòng bên cạnh với tiếng máy giặt chạy ồn ào.",0,2,0,0,0,0
"Nói chung là từ giờ tụi mình cứ trung thành đặt Grab cho lành, biết trước giá tiền chuyến đi chứ không muốn gặp phải mấy cú lừa bất ngờ nữa đâu!",0,0,0,0,1,0
"Cả nhà mình vừa có một chuyến đi bực mình với nhà xe Phong Phú Limousine. Mình đi nhóm 5 người, mua loại vé giá 390k/người. Lúc xe cập bến Đà Lạt, bên họ chẳng thèm thông báo hay hướng dẫn cho hành khách về việc có xe trung chuyển, làm bao nhiêu người cứ tưởng không có nên phải tự tốn tiền bắt taxi ngoài. Đến lúc mình chủ động lại hỏi thì lơ xe mới thản nhiên bảo ""để em gọi"". Lúc xe trung chuyển tới thì lại đỗ quay đuôi vào góc làm tụi mình với mấy nhóm khách cứ đứng đợi mà không hề hay biết, lơ xe cũng lặn mất tăm chẳng thèm ra báo một tiếng. Chờ mãi sốt ruột mình mới lại hỏi ""anh ơi thế xe trung chuyển đến chưa?"" thì lại bị ăn ngay cái giọng trách móc, khó chịu.",0,0,0,0,2,0
"Cái đảo Hòn Khô này nói thẳng ra chỉ hợp ra tắm biển, ăn uống với chụp ảnh sống ảo thôi chứ chẳng có cái vẹo gì đặc biệt cả. Ai xem TikTok nhiều là dễ ăn quả lừa như mình, ra tới nơi thất vọng tràn trề không giống như tưởng tượng. Vừa bước chân đến là có người bu vào chèo kéo, ép khách ra ngoài bè ăn hải sản với giá đắt đỏ, chủ yếu là để bào tiền đưa đón 100k/người lớn. Còn cái quán cafe CoCo gì đó ngoài đảo nghe đồn dữ lắm mà đi vào đụng ngay cái đường cụt, nhìn quán chán đời quá nên mình quay xe đi ra luôn. Nói chung review TikTok ảo ma lắm, thực tế không như mơ đâu. Ở đây nên học tập bên đảo Bình Hưng, khách đã chịu sang bè ăn uống thì nên miễn phí luôn tiền ghe đưa đón vì khoảng cách cũng khá gần, chứ chặt chém kiểu này ai mà ưa.",2,0,0,0,0,0
"Menu ngập tràn món ăn từ vị Việt, Trung, Hàn cho đến Thái đều đủ cả. Mỗi tội đầu bếp cho quá nhiều dầu mỡ vào món ăn, thử vài miếng là thấy ngấy tận cổ.",0,0,0,2,0,0
"Tầm 1 giờ chiều tụi mình ghé qua chợ thì thấy nơi này đông nghẹt, hầu như toàn là khách du lịch. Mấy mặt hàng túi xách ở đây 100% là đồ fake mà hét giá rõ cao, mua bán phải trả giá mệt cả người. Đi loanh quanh thấy có nhiều hàng quán bán đồ ăn bản địa nhìn cứ bẩn bẩn, mất vệ sinh nên tụi mình không dám bén mảng thử. Ai chưa biết đi đâu chơi thì ghé vào đây tạm cũng được.",0,0,0,0,2,0
"Quán này phục vụ hơi lề mề vào tầm giờ trưa, không gian thì hơi ồn ào và xô bồ một chút. Món cơm ăn tạm được, chất lượng tương xứng với giá tiền hiện tại.",0,0,0,3,0,0
"Cảng hàng không nội địa nên đương nhiên cơ sở vật chất không thể nào khang trang, đầy đủ bằng sân bay quốc tế được. Dù sao thì nơi này cũng đóng góp một phần rất lớn cho sự phát triển của du lịch và kinh tế nước nhà.",0,0,0,0,3,0
"Nghe nhiều người khen ngợi cái món bánh xèo tôm nhảy giòn rụm ở đây nên vừa tới Quy Nhơn là tụi mình phải phi ra quán ngay. Lúc gọi món, họ bưng ra một mâm đủ thứ loại rau bánh kèm theo làm hai đứa lóng ngóng không biết ăn sao cho đúng cách. May mà mấy bạn nhân viên tinh ý ra hướng dẫn tận tình cách cuộn bánh tráng chấm với nước mắm chuẩn vị. Ăn cuốn dã man, ngon miệng cực kỳ! Có điều món này hơi nhiều dầu mỡ một chút nên ăn nhanh bị ngấy, không ăn được nhiều.",0,0,5,5,0,0
"Thực đơn quảng cáo tận 600 món ăn nghe thì oai đấy nhưng thực chất chỉ được cái số lượng chứ chất lượng thì tệ hại.",0,0,0,1,0,0
"Vị trí của địa điểm này hơi lắt léo, đi tìm đường vào có chút khó khăn.",0,3,0,0,0,0
"Phòng ốc thiết kế kiểu gì lại đặt ngay cái bồn rửa mặt ở lối ra vào, đi lại không cẩn thận là rất dễ va quệt làm rơi mấy đồ gốm sứ nhỏ decor. Mình lỡ tay làm vỡ cái đĩa sứ bé tí tẹo mà bên họ đè ra bắt đền tận 80k. Giá chát chúa quá đáng.",0,2,0,0,0,0
"Nhà mình đặt phòng ở Mường Thanh, vừa xuống máy bay từ Hà Nội nên ai nấy đều mệt và đói rã rời. Thấy quán ngay gần đi bộ vài bước là tới cứ ngỡ bắt được vàng, định bụng vào gọi mấy món đơn giản ăn cho nhanh. Ai dè bưng ra đĩa rau muống luộc, bát canh chua cá bớp lèo tèo được vài miếng cá nhỏ, đĩa mực chiên được tầm hai chục miếng nhỏ kèm hai chai nước suối, lúc tính tiền hết tận 379k. Giá đắt đỏ đã đành, đằng này chất lượng món ăn quá chán, ngoài bát canh cá ăn tạm được ra thì cơm bưng lên là cơm cũ để nguội, mực thì chiên quá lửa dai ngoách. Chẳng hiểu sao chỗ này lại nhận được nhiều review tốt nữa??? Hay do khẩu vị người Bắc của mình khó tính quá??",0,0,1,1,0,0
"Điểm trừ duy nhất ở đây là giá cả đắt đỏ quá. Biết là có cộng thêm 15% phụ thu dịp Tết rồi nhưng hóa đơn bữa đó tính ra hết 550k, đây là số tiền đắt nhất mà tụi mình phải trả cho một bữa ăn suốt 6 tháng đi du lịch bụi khắp châu Á, kể cả ở mấy thành phố lớn sầm uất khác.",0,0,0,2,0,0
"Phía bên trái lối vào khách sạn có quán cafe cóc lấn chiếm hết cả vỉa hè của người đi bộ, còn bên phải thì biến thành bãi đỗ xe máy chình ình, thành ra lối đi ra đi vào chật hẹp như cái hẻm (nhìn cực kỳ mất an toàn nếu chẳng may xảy ra hỏa hoạn). Đã vậy cái lối đi này còn phải dùng chung cho tận 3 cái hotel khác nhau nữa chứ.",0,2,0,0,0,0
"Mức giá rẻ giật mình so với chất lượng dịch vụ nhận được",4,4,4,4,4,4
"Nhà hàng chất lượng tồi tệ, từ nhân viên cho đến chủ quán đều có thái độ nói năng hách dịch, thô lỗ với khách!",1,0,1,0,0,0
"Khu siêu thị này có rất nhiều gian hàng phong phú, cực kỳ thích hợp cho các gia đình hoặc hội bạn trẻ đến vui chơi, hay các bà nội trợ mua sắm đồ gia dụng. Ở đây có đủ cả từ khu ẩm thực, quầy trang sức xa xỉ, shop quần áo thời trang cho đến siêu thị tiêu dùng tiện lợi. Khu vui chơi giải trí thì siêu rộng, trò gì cũng có hợp với mọi lứa tuổi. Thêm cả cụm rạp chiếu phim luôn cập nhật những bom tấn mới và hot nhất của điện ảnh thế giới nữa. Chúc mọi người có những trải nghiệm vui vẻ tại đây nha.",5,0,0,0,0,5
"Mức giá ở đây tầm trung chứ không quá cao, quần áo mặc lên form khá ổn, chất vải các thứ đều duyệt được... Nói chung nhìn tổng thể không có điểm gì để chê trách nhiều. Nếu cửa hàng điều chỉnh giá mềm hơn chút nữa thì chắc chắn sẽ đông khách hơn, vì nhiều shop khác bán bằng giá hoặc đắt hơn tí nhưng chất lượng đồ nhìn vẫn xịn hơn hẳn. Tóm lại là ổn áp nhé anh em.",0,0,0,0,0,4
"Nhân viên nói chuyện với khách hàng bằng cái giọng chợ búa, côn đồ như dân xã hội. Lúc đầu lễ tân báo một giá, xong đến lúc tính tiền nhân viên lại ép giá lên gấp 4 lần, mình không chịu thỏa hiệp thì quay ra làm khùng làm điên, dọa dẫm khách. Đúng là tiền mất tật mang mà.",0,0,0,0,0,1
"Giá vé xe bên này đắt hơn hẳn mặt bằng chung của các hãng khác, mình không ăn tối mà họ vẫn thu đủ 300k. Bình thường đi mấy xe khác chỉ tầm 240k thôi, còn nếu đặt trực tiếp tại văn phòng vé tính cả tiền ăn luôn mới có 280k.",0,0,0,0,2,0
"Xét về cả không gian lẫn phong cách ẩm thực thì nơi đây đích thực là thiên đường cho các tín đồ mê đồ ăn Tây nha. Món súp bí đỏ kem béo ngậy ngon đỉnh cao, ăn một lần là lưu luyến mãi không quên. Điểm trừ nhẹ là không gian hơi nhỏ, ghé quán ăn trưa thì không tránh khỏi tiếng ồn ào một chút nhưng bù lại cảm giác rất ấm cúng.",0,0,3,3,0,0
"Chất lượng dịch vụ quá tồi tệ. Đây là lần thứ 3 mình ghé qua và cũng là lần cuối cùng cạch mặt quán này.",1,0,0,0,0,0
"Vị trí nằm ngay sát bãi biển Quy Nhơn sạch đẹp nên đây vốn là một địa điểm lý tưởng để các bé đến vui chơi, giải trí. Thế nhưng thực tế trải nghiệm lại làm mình thấy rất tiếc vì nơi này không còn dành cho trẻ em nữa: Thứ nhất là người lớn chiếm dụng hết toàn bộ không gian trong công viên từ sáng đến tối. Thứ hai là khu trò chơi cho trẻ nhỏ bị dồn cục lại một góc phía Tây, chiếm vỏn vẹn 1/4 diện tích công viên nên nhìn rất bức bối, xô bồ với đủ kiểu mời mọc, chèo kéo khách. Khách nhí đến đây cũng chỉ được chơi mấy trò đơn điệu như câu cá, tô tượng, đi tàu hỏa, cưỡi ngựa, thảm bay... và phải đợi sau 18h mới mở. Rất mong chính quyền sớm quan tâm quy hoạch để trả lại một không gian giải trí bổ ích đúng nghĩa cho các cháu.",2,0,0,0,0,0
"Sân bay tuy hơi nhỏ nhưng nhìn chung rất sạch sẽ, lượng khách không quá đông nên không gian khá thoáng đãng, bố trí nhiều hàng ghế chờ. Phòng chờ VIP diện tích cũng khiêm tốn nhưng bù lại quầy đồ ăn thức uống chuẩn bị đầy đủ. Có điều điểm trừ nặng là khu nhà vệ sinh không được sạch, bồn rửa tay thiết kế kiểu gì làm nước bắn tung tóe, sàn nhà lúc nào cũng lênh láng nước bẩn nhìn hãi hùng ghê.",0,0,0,4,3,0
"Mấy đồ dùng cơ bản như nước suối, kem đánh răng, bàn chải thì khách sạn nên cứ để loại phổ thông miễn phí trong phòng đi, khi nào khách có nhu cầu cao hơn yêu cầu thì hãy tính tiền sau.",0,3,0,0,0,0
"Không gian quán lộng gió và thoáng đãng, ngồi đây nhâm nhi tách cafe ngắm cảnh biển Quy Nhơn thì chill thôi rồi. Anh chủ quán là nghệ sĩ có tiếng về nhạc Trịnh, vào dịp cuối tuần còn tổ chức đêm nhạc sống chuyên biểu diễn các ca khúc của Trịnh Công Sơn nữa. Nơi này cực kỳ kén khách, chỉ hợp với những ai lớn tuổi hoặc mê gu âm nhạc trữ tình, sâu lắng.",3,0,0,0,0,0
"Mấy món đặc sản Bình Định bày bán ở cửa hàng này chuẩn vị và chất lượng lắm. Nhân viên tư vấn siêu nhiệt tình và chu đáo, chắc chắn mình sẽ còn quay lại mua đồ dài dài.",0,0,0,0,0,5
"Đồ ăn nấu ăn vị ổn áp, giá rổ cũng hợp lý nhưng cách phục vụ của nhân viên thì chán đời kinh khủng! Mình ăn KFC ở bao nhiêu cơ sở rồi mà thề là chưa thấy chỗ nào có quy trình phục vụ lạ đời, độc nhất vô nhị như ở đây. Bình thường ở các thành phố lớn hay nước ngoài, nhân viên sẽ nhận order, xác nhận món, thu tiền rồi phát số thứ tự cho khách về bàn đợi bưng ra. Nhưng riêng ở đây, khách phải đứng chen chúc tại quầy để order miệng, nhân viên đứng nhớ rồi làm món bên trong, khi nào đủ đồ thì bưng ra quầy, sau đó mới xuất hóa đơn tính tiền rồi cho khách tự bê về bàn. Cảnh tượng bên trong thì nhốn nháo, chen lấn xô đẩy nhau vì nhân viên không kiểm soát nổi ai đến trước đến sau, thế là khách cứ thi nhau giành lượt. Quá bức xúc với cách làm việc của KFC Quy Nhơn, không bao giờ muốn quay lại lần hai!",0,0,0,2,0,0
"Đến Quy Nhơn được dân tình mách đây là quán đặc sản nên dẫn cả nhà qua ăn thử. Nhận xét về không gian: nhìn từ bên ngoài quán bé tí tẹo mà lội sâu vào trong thì cực rộng, có cả gian trong nhà lẫn khoảng sân ngoài trời. Khuyên mọi người nên ngồi ngoài sân cho thoáng mát vì quán không lắp điều hòa đâu. Về đồ ăn: thực đơn gồm nem nướng và bò miếng nướng cuốn kèm bánh tráng, rau sống rồi chấm nước sốt, ngoài ra còn có bún trộn, nem chua với giò lá nữa. Mình người Hà Nội nên ăn thấy vị hơi ngọt, không hợp khẩu vị cho lắm. Về giá cả: tính ra khá rẻ so với chất lượng món ăn mang lại. Về phục vụ: có lẽ mình đi đúng tầm giờ cao điểm quán đông nghẹt nên lên đồ hơi chậm, gọi thêm món mà mỏi cả cổ mới có bạn vào nhận order và bưng ra.",0,0,0,3,0,0
"Nghe thiên hạ đồn thổi là đẹp lắm mà chỗ này thu phí chát chúa quá trời (vé vào cổng tận 100k một người, muốn đi xe chuyên dụng để trung chuyển vào tham quan lại phải tốn thêm 400k, đến trẻ con cũng chẳng được miễn phí...). Đẹp thì đẹp thật đấy nhưng đắt đỏ kiểu này thì xin kiếu, không bao giờ thèm vào.",2,0,0,0,0,0
"Kinh nghiệm là mọi người nên ghé quán sớm tầm chiều nhé, chứ quán này đông khách lắm, đi buổi tối là hết sạch mấy món ngon rồi. Món tủ nổi tiếng ở đây là lòng cá bò gù nhồi thịt với cá lao chiên mắm ăn đỉnh cực kỳ, còn lẩu và các món ốc vị nấu ăn cũng tạm ổn.",0,0,4,4,0,0
"Tôi đã là khách quen của Lucky Plaza suốt nhiều năm qua. Nhớ hồi nó mới mở cửa trở lại thì mọi thứ vẫn ổn, dù mức giá khá cao và các chủ gian hàng có thái độ hơi thờ ơ, lạnh lùng với khách. Điểm cộng vớt vát duy nhất lúc đó là có máy lạnh mát mẻ. Còn bây giờ, dù một vài chủ tiệm cũ vẫn ở lại nhưng hàng hóa đã đa dạng hơn trước rất nhiều, tha hồ lựa chọn. Áo thun thì ngập tràn nhưng được bày biện đẹp mắt hơn ngoài chợ, mẫu mã thiết kế cũng xịn hơn hẳn. Có cả mấy tiệm bán đồ thủ công với dầu dưỡng và xà bông handmade nữa. Mình còn trả giá thành công được một đôi giày với mức giá vừa vặn như bên phố giày chuyên dụng vậy. Xét về chất lượng thì rõ ràng ăn đứt chợ Bến Thành. Nói chung là rất đáng để ghé qua trải nghiệm một lần.",0,0,0,0,0,1
"Nếu có dịp đi du lịch đến hoặc đi từ Quy Nhơn bằng máy bay, khuyên thật lòng là các bạn nên đi xe buýt sân bay thẳng cho tiện. Xe đón và trả khách ngay tại bến này để ra sân bay luôn. Vé siêu rẻ chỉ có 50k thôi, chứ bắt taxi là tốn tận 300k mà thời gian di chuyển cũng chỉ nhanh hơn được một xíu. Cứ mỗi lần có chuyến bay hạ cánh là sẽ có xe buýt xuất phát từ sân bay về, còn chiều đi thì xe sẽ rời bến trước giờ bay tầm 2 đến 2 tiếng rưỡi. Các bạn có thể nhờ lễ tân khách sạn check hộ lịch trình cụ thể nha.",0,0,0,0,3,0
"Không gian siêu rộng rãi, các trò chơi ở đây chơi cuốn và thích thú dã man. Đã vậy còn tích hợp nhiều hoạt động mua bán sầm uất với các minigame trúng thưởng vui nhộn nữa.",0,0,0,0,0,4
"Ghé ăn ở đây phải đến 50 lần suốt 15 năm qua rồi, thế mà đợt này trên đường bay sang Châu Âu có tạt qua ăn lại thì thấy thất vọng quá, thực đơn bị cắt giảm đi rất nhiều, mấy món tủ mình thích cũng không còn bán nữa. Chắc từ giờ không bao giờ quay lại đây nữa đâu. Buồn lòng thực sự.",0,0,0,1,0,0
"Xung quanh bị vây kín bởi hàng loạt khách sạn cao tầng khác nên ngồi ở tầng 15 rồi mà vẫn chẳng dám kéo rèm cửa ra để ngắm cảnh cho tự nhiên. Phòng quảng cáo là có ban công view biển xinh xắn các thứ mà diện tích thực tế hẹp hơn hẳn so với ảnh minh họa trên Booking.",0,2,0,0,0,0
"Nhìn thoáng qua bên ngoài quán chẳng có gì nổi bật nhưng bước vào bên trong thì không gian ấm cúng hẳn. Mấy bạn nhân viên phục vụ nhìn hiền lành và dễ thương cực kỳ. Quán có tổ chức đêm nhạc live vào tối thứ 7, mấy bạn ca sĩ hát nếu chấm trên thang điểm 10 thì được khoảng 7 điểm thôi (không tính khách lên giao lưu nha), chất giọng đại trà không có gì quá đặc sắc. Hôm đó đi theo lời giới thiệu của nhỏ bạn nghe bảo quán hay chơi mấy bài đang hot, mà đến nơi hơi thất vọng vì list nhạc đêm đó chán ngắt, mấy bạn hát nghe nhạt nhòa nên đâm ra hơi chán ^^! Bù lại cacao nóng pha hơi ngọt chút nhưng thơm và uống ổn. Wifi thì kết nối mãi không vào được. Bãi giữ xe nằm ngay đối diện quán. Tầm lúc nhạc lên là quán đông nghẹt khách, thấy chủ yếu toàn là học sinh thôi.",0,0,0,3,0,0
"Hồi xưa mình là fan cuồng của KFC luôn ấy, mà từ lúc lên Sài Gòn đi học là chán hẳn vì cái menu bao năm qua chẳng chịu đổi mới gì cả. Trong khi các thương hiệu khác đua nhau tung ra các vị gà mới liên tục thì KFC cứ trung thành mãi với một món gà rán truyền thống, ăn phát ngán. Hôm thứ 4 có chương trình khuyến mãi nên mình dắt đứa em qua ăn thử. Chất lượng thì vẫn y nguyên như cũ, cơ mà đụng đợt giảm giá nên quán đông nghịt người, chen chúc phát mệt. Gà rán thì không có gì mới để bàn luận rồi, cơ mà món bánh trứng thần thánh ở đây thì vẫn ngon đỉnh chóp, mê kinh khủng.",0,0,0,3,0,0
"Tối tuần trước vừa ghé đây ăn xong mà ôm cục tức xuôi ngược, bực mình không tả nổi. Nhà hàng này mới thay quản lý hay sao ấy, phục vụ đồ ăn thì chậm chạp, gọi tới món nào là báo hết món đấy, đã vậy order xong xuôi mãi lâu sau mới lững thững ra báo hết, làm ăn thiếu chuyên nghiệp vô cùng. Từ quản lý cho đến nhân viên cứ thấy khách Tây là tấp nập vào chăm sóc, chu đáo hết nấc, còn khách Việt thì bỏ mặc một góc, gọi gãy cả lưỡi mới thưa vâng được vài câu xong lại lặn mất tăm (chắc chăm chăm hầu hạ khách Tây để mong kiếm tiền tip hay sao ấy??? Còn khách Việt thì coi như vô hình???). Ngày trước mình mê quán này lắm mà giờ dịch vụ tệ hại thế này thì ban quản lý nên xem xét lại gấp đi, đừng để khách hàng phải mang cục tức ra về nữa!",1,0,1,0,0,0
"Khu Safari ở đây có vỏn vẹn tầm 14 loài thú thôi, trong đó khỉ chiếm đa số vì bọn này dễ thích nghi với mọi thời tiết. Ngoài ra còn có lạc đà chịu được cái nắng nóng, còn mấy con khác như thỏ, chim, thiên nga... chắc không chịu nổi cái nhiệt độ oi bức của Quy Nhơn nên con nào con nấy nhìn lèo tèo, gầy gò ốm yếu tội nghiệp lắm. Thực ra ai chịu khó đi bộ dạo một vòng là tham quan hết sạch rồi, chẳng việc gì phải tốn thêm 30k/người để đi xe điện đâu. Quy mô với số lượng con vật nghèo nàn như vậy mà hét giá vé vào cổng tận 80k/người lớn và 60k/trẻ em thì mình thấy quá đắt đỏ, chưa kể chụp hình chung với thú cũng bị đè ra thu thêm tiền. Cả cái safari trơ trụi ít cây xanh nên đi bộ nắng vỡ đầu, nhanh mệt lắm. Đã gọi là safari thì phải thiết kế sao cho du khách được tương tác, gần gũi với động vật nhất, đằng này mình thấy chưa xứng tầm với hai chữ safari chút nào, hy vọng thời gian tới sẽ cải thiện hơn.",3,0,0,0,0,0
"Nhân viên tư vấn siêu nhiệt tình, chu đáo. Cửa hàng bày bán đầy đủ các loại đặc sản phong phú, giá cả lại rất phải chăng. Ở đây có hỗ trợ quẹt thẻ với chuyển khoản tiện lợi cực kỳ. Mình đã gom được một đống bánh ít lá gai, bánh hồng rồi mực rim về làm quà...",0,0,5,5,0,0
"Hôm nay cả hội quyết định nhờ bạn hướng dẫn viên thuê hộ 3 chiếc xe máy giá rẻ bèo chỉ 100k một chiếc. Có xe cái là nhờ bạn ấy chở đi lượn lờ quanh thành phố, ghé thăm Ghềnh Ráng với Tháp Đôi luôn (khu Ghềnh Ráng thì đang trong quá trình trùng tu nên không đi hết các điểm được, còn vé vào cổng Tháp Đôi là 8k/người). Sau khi check-in xong mấy chỗ đó thì cả đám ghé ăn sáng tại quán bún Thùy trên đường Tăng Bạt Hổ, ăn no nê xong thì đi cafe cà pháo thôi. Đến trưa, nghe bạn HDV giới thiệu về tour cắm trại do bạn tự thiết kế riêng cho khách với giá 300k/người, thấy bạn nhiệt tình, uy tín quá nên tụi mình chốt luôn không suy nghĩ. Thế là cả nhóm kéo nhau về homestay đánh một giấc trưa, đến 3h chiều bạn HDV qua đón đi ăn ốc ở khu Ngọc Hân Công Chúa, bạt ngàn các loại ốc biển đồng giá 15k, 20k một đĩa, 6 người ăn thả ga hết tổng cộng có 215k.😝😝 Đến 4h chiều bạn HDV bảo xuất phát đi cắm trại thôi! Ra tới nơi mới thấy mọi thứ từ lều trại cho đến đồ nướng buổi tối đều được chuẩn bị chu đáo từ trước rồi (nào là nem, ché, ốc biển, tôm, mực, cá... lại có cả rượu Bàu Đá nữa), tụi mình chỉ việc chạy xe máy đến và tận hưởng thôi. Công nhận thuê được chiếc xe máy đi lại tiện lợi, chủ động vô cùng.",3,0,0,3,4,0
"Gọi đồ xong xuôi từ lúc 7h15 mà ngồi đợi mỏi mòn đến tận 8h35 mới thèm bưng món lên. Biết là quán đông khách thì ngay từ đầu đừng nhận nướng cá nữa, cứ gợi ý cho khách chuyển sang ăn cá hấp có phải nhanh hơn không. Đầu bếp nấu nướng khá ngon miệng đấy, nhưng mình vẫn quyết định không bao giờ quay lại đây nữa vì ăn một bữa cơm mà ngốn sạch cả buổi tối của người ta rồi.",0,0,0,2,0,0
"Mấy mặt hàng hải sản ở đây chủ yếu chỉ bán vào buổi chiều, đã vậy mức giá tính ra còn đắt đỏ hơn cả bên chợ Đầm nữa cơ.",0,0,0,0,0,4
"Mình sẽ còn gắn bó và ủng hộ nhà xe lâu dài, tuy nhiên có một vài điểm trừ nhỏ muốn góp ý để bên mình hoàn thiện hơn: Thời gian tài xế dừng cho khách ăn cơm quá gấp gáp, hệ thống ghi sai định vị điểm đón trên ứng dụng, thêm nữa là tiếng máy xe chạy nghe khá ồn ào.",0,0,0,0,2,0
