Review,giai_tri,luu_tru,nha_hang,an_uong,van_chuyen,mua_sam
"Bánh rất nhiều tôm to, tôm giòn nằm chễm chệ trên vỏ bánh mềm thơm ngon. Món ăn thuộc loại rolling in the deep, nghĩa là cuốn với rau, dưa chuột, giá, vỏ bánh mềm. Ngoài ra, đặc biệt không thể thiếu của món ăn là nước chấm chua cay rất Bình Định, vừa miệng đến khó tả. Đặc biệt, quán có sữa ngô tuyệt đỉnh, kết hợp Combo với bánh xèo cuốn này tạo thành một cặp trời sinh. Ai không thích tôm nhảy, có thể đổi sang bò hoặc mực cũng ngon không kém.",0,0,0,5,0,0
"Đi Quy Nhơn cứ lo không có pizza ăn nhưng nhờ có foody nên đã tìm ra quán này nèeee 😆 Review tốt nên mình cũng rất háo hức và wow đúng là tốt thật á mọi người! 1st impression là quán cách ksan mình 200m )))), gần biển nữa. Đồ ăn ngon, hợp khẩu vị. Gnocchi sốt ngon, pizza thơm, phô mai ngậy, size 25cm mà chưa đến 150k @@ xỉu vì rẻ là có thiệt và sườn ăn vừa miệng. Cheesecake ăn chua chua còn brownie thì hơi cứng xíu, ncl ngon. Staff nice cực kì xong còn giới thiệu con chó giống gì này nọ cho mình nữa )))) Con bulldog tên Jimmy gì ó thì cute thực sự cứ ngồi chực ăn hôi buồn cười lắm 😅 Ăn 5 người thiệt hại 698k thôi (gồm cả nước). Chốt lại là kết quán này luôn sau này đến QN phải kéo thêm người đến mới được keke",0,0,0,5,0,0
"Đồ ăn hải sản tươi ngon, các món canh nấu rất tuyệt. Giá cả hợp lý cũng ko rẻ, không đắt.",0,0,0,5,0,0
"Bãi Đá Trứng có những viên đá hình tròn hoặc bầu dục giống trứng khủng long trong thời cổ đại. Nơi đây rất phù hợp cho các tín đồ mê “tự sướng” kỷ niệm. Bãi đá khá nhỏ, nhưng cũng đáng để bạn trải nghiệm khi đến Quy Nhơn. Lối vào bãi trứng mát mẻ và còn hoang sơ. 2 bên đường rợp bóng cây và có các quán Cafe để bạn dừng chân nghỉ ngơi thư giãn. Tới đây bạn có thể gửi xe và đi bộ tham quan các địa điểm liền kề như Hòn Chồng, Đền thờ Hàn Mặc Tử, Bãi Hoàng Hậu...",5,0,0,0,0,0
"Tàu cá và tàu du lịch chung một chỗ nên rất mùi, giờ còn đang xây dựng nữa nên đường đi vào khá bẩn
",0,0,0,0,0,0
"Chúng tôi ăn nhanh nhất có thể vì một anh chàng người Trung Quốc ở đó nghĩ rằng anh ta đã bị thứ gì đó cắn. Không thực sự biết nếu nó là trường hợp, không muốn biết.",0,0,0,0,0,0
"Hải sản ở Quy Nhơn vốn đã khá tươi và nhiều loại lạ đa dạng rồi. Quán khá lớn, rộng rãi và thoáng đãng. Nhân viên phục vụ lịch sự, lễ phép nhưng hơi chậm chạp. Nhà mình đi ăn có 1 lô lốc lít nhít trẻ con không ăn nhậu được nên phải gọi cơm thịt trứng canh cho tụi nhỉ ăn riêng mà phải chờ lâu ơi là lâu. Đến khi mâm người lớn phải ăn nhậu được nửa bữa rồi mới thấy mâm trẻ con được vào ăn. Đồ ăn mặt bằng chung chế biến ổn, có món ăn rất lạ miệng.",0,0,0,4,0,0
"Phòng có giường lớn, êm đẹp, sạch sẽ,... Lễ tân is the best. Buffet ngon, thanh đạm. Không gian sảnh sang chảnh tha hồ check in. Cảm ơn Phương Linh đã giúp tụi mình tìm 1 căn phòng vừa ý. Nếu có dịp mình sẽ chọn căn Pano.",0,5,0,0,0,0
"Đã thuê xe tại đây ! Xe đời mới chạy rất êm và không có vấn đề trục trặc .
Nhóm mình thuê tận 4 ngày, đi chinh chiến tận cả các điểm du lịch như eo gió, kỳ co, Flc, hầm hô, tháp bánh ít, nhà thờ lòng sông, hoa vàng cỏ xanh ở phú yên nữa mà chẳng gặp bất cứ trục trặc gì. Anh chủ cho thuê xe cũng rất tận tình và thân thiện . Tư vấn cho mình rất nhiều món ăn ngon và địa điểm mua đặc sản giá rẻ mua về làm quà !
Các bạn nên thuê xe máy tại 27a Hoàng Hoa Thám khi đến quy nhơn du lịch nhé, thoải mái vi vu yên tâm cực kỳ luôn",0,0,0,0,5,0
"Hiện  tại đã tu sửa xong, tuy nhiên loại hình nghệ thuật này phổ biến ở vùng nông thôn Bình Định hơn là thành phố, đáng buồn là người dân thành phố chưa có sự quan tâm đúng mức đến loại hình nghệ thuật đặc sắc này",4,0,0,0,0,0
"Anh Chị chủ xe nhiệt tình, vui vẻ, hỗ trợ khách nhanh và chu đáo. Giao xe và lấy xe tận nơi. Xe mới,đẹp như xe gia đình chứ không phải đang đi xe thuê. Nếu có dịp ra Quy Nhơn mình sẽ tiếp tục ủng hộ.",0,0,0,0,5,0
"Sau một tuần làm việc mệt mỏi chắc hẳn ai cũng muốn được nghỉ ngơi, Heekcaa sẽ là nơi tuyệt vời vào ngày cuối tuần để bạn tụ tập tám dóc với bạn bè. View đẹp, không gian yên tĩnh, nhân viên nhiệt tình vui vẻ. Nơi đây sẽ không làm bạn thất vọng đặc biệt là nước. Phải nói là rất ngon giá cả cũng không quá cao phù hợp với mọi người. Hôm nay tôi nhâm nhi thử món Trà sữa cheese thêm trân châu trắng và Sữa tươi Heekcaa trân châu đường đen. Trân châu ở này rất ngon không như những quán khác mà tôi từng đi. Chắc đến đây miết quá )))",0,0,0,5,0,0
"Gần biển,gần chỗ ăn uống.Nhân viên dễ thương",0,4,0,0,0,0
"Đăng ký thuê xe tự lái Quy Nhơn 2 xe 7 chỗ giao xe tại sân bay Phù Cát rất đúng giờ. Nhiệt tình tư vấn các điểm ăn ngon giá rẻ
",0,0,0,0,4,0
"Mát mẻ,nhìn cũng dc,nhưng ko có gì đặc sắc cho lắm.tới tham quan,chụp vài tấm ảnh rồi ghé quán cafe uống ly nước view biển là xong.
",4,0,0,0,0,0
"Khách du lịch có nhu cầu thuê xe máy liên hệ địa chỉ này nha, ông bà chủ cực kỳ dễ thương lại nhiệt tình. Giá thuê xe thì khỏi bàn, siêu iu luôn nà",0,0,0,0,4,0
"Mình thuê 5 xe chạy từ Quy Nhơn đến các địa điểm du lịch ở Tuy Hòa - Phú Yên. Đây là cung đường đẹp nhất miền trung, vắng vẻ, ít xe và đường rất dễ đi. Nếu đã quyết đi phượt miền trung thì nhất định phải chạy cung đường này. Ngoài vẽ đẹp thiên nhiên thì chúng ta có thể ghé các khu nhà nuôi tôm để ăn hải sản hoặc vào đầm ô loan, có thể ghé các địa điểm du lịch khác như ghềnh đá đĩa, hoa vàng cỏ xanh, mũi điện... Xe thuê ở đây chạy rất tốt, êm dường như được bảo dưỡng rất kĩ. Ngoài chuẩn bị mũ bảo hiểm và áo mưa, xe còn được trang bị đầy đủ 2 gương và bạn chủ còn đi photo giấy tờ xe công chứng để bọn mình bọc đi đường, rất chu đáo và nhiệt tình. Chuyến đi kết thúc an toàn và vui vẻ, không gặp bất cứ sự cố gì, lần sau có dịp ghé Quy Nhơn nhất định sẽ quay lại đây để thuê xe máy. Cảm ơn và hẹn gặp lại",0,0,0,0,5,0
"Nhân viên nhiệt tình, phong cách hiện đại. Phòng ban công view phố đẹp, phòng mới sạch sẽ.",0,5,0,0,0,0
"Quán hơi chật, mà có đồ nướng với lẩu nữa,nên hơi bị ám mùi sau khi ăn xong. Nhưng được cái quán cũng khá sạch sẽ. Kiểu đồ ăn tây nhưng giá tiền lại Việt Nam. Đồ ăn ổn, Pizza rất thơm và ngon, nhiều phomai nên mềm lắm. Ba người ăn một cái là đủ rồi, đã cơn thèm. Món nướng thì ngon có nhiều lọi thịt như bò,ba rọi, đà điểu để mình chọn, nướng cuộn với xà lách tươi xanh chấm nước tương kiểu Hàn Quốc mà ngon lắm. Quán khá đông khách nên phục vụ hơi chậm. Nhưng mình vẫn sẽ quay lại",0,0,0,4,0,0
Đến một vài lần vào buổi tối để chơi bóng bàn với du khách. Thật vui.,4,0,0,0,0,0
"Gia đình mình có trẻ con nên ở phòng đôi k có bồn tắm, nhưng khách sạn linh động cho mình phòng đôi có bồn tắm trẻ con tắm thoải mái.Nhân viên lễ tân nhiệt tình, lễ phép. VỊ TRÍ thuận tiện, đi bộ 2p là đến vincom, 3p là ra đến biển, khá gần đường chính.",0,5,0,0,5,0
Người thợ bản xứ này biết tiếng Anh khá tốt theo tiêu chuẩn Việt Nam. Anh ấy rất thân thiện và đã đưa ra mức giá rẻ nhất mà chúng tôi có cho đến nay trong kỳ nghỉ của mình. Anh ấy cũng cho chúng tôi những lời khuyên tuyệt vời về xe máy nói chung.,0,0,0,0,5,0
"20k/ tô có nhiều chả, ăn vừa miệng, khá ngon. quán có bà ngoài và một anh bán, bà ngoại đã già nhưng vẫn ngồi bếp múc bánh canh bán cho khách, còn anh thanh niên thì phụ bưng bê. có điểm trừ là quán hơi nóng :)",0,0,0,4,0,0
"Nhắc đến hải sản thì không thể không nhắc đến Quy Nhơn, là thành phố biển với nhiều cảng, đầm, vịnh. Quy Nhơn mang lợi thế cực lớn về nguồn hải sản, đó cũng là lý do có nhiều quán hải sản giá rẻ nhưng cực tươi ngon ở đây.
Nghĩa ghẹ là một trong những quán như vậy, nằm ở một con đường nhỏ, khuất và không gian quán không quá rộng. Tuy nhiên lại là nơi tụ tập rất đông bạn trẻ địa phương bởi quán chế biến khá ngon, nước chấm đậm đà, hải sản tươi sống và đặc biệt là giá rất hạt dẻ.
Menu không cố định vì hải sản tươi sống thay đổi liên tục, nhưng đảm bảo món gì cũng ngon bá cháy. Buổi trưa sẽ ít khách hơn ngồi rộng rãi thoải mái, buổi chiều đến tối thì rất đông nhưng vui 😂",0,0,0,5,0,0
"Từ khắp nơi trên thế giới khi đến Việt Nam họ đều tìm đến với dịch vụ cho thuê xe máy Xuân Tính và đều rất hài lòng và giới thiệu cho bạn bè về dịch vụ này 👍👍👍ưu điểm của dịch vụ này là vừa sửa xe kết hợp cho thuê xe máy ,xe mới ,giá cả lại rẻ lại tư vấn các dịch vụ như lưu trú ăn uống miễn phí cho du khách",0,0,0,0,4,0
Nhiều món. Giá cả phù hợp. Phục vụ chu đáo.,0,0,0,5,0,0
"Phòng thoải mái, khá rộng, có bếp và dụng cụ có thể nấu ăn chung. Tiện nghi đầy đủ giá tốt",0,5,0,0,0,0
"Mình muốn tạo bất ngờ cho vợ nên nhờ các bạn setup phòng tình nhân & thật sự các bạn đã làm cho vc mình bất ngờ, vợ mình đã rất vui. Cảm ơn các bạn Raon",0,5,0,0,0,0
Phòng rộng. sạch sẽ. có thể ở tới 4 người,0,5,0,0,0,0
"Vị trí đep, ngay đối diện với cổng DH Quy Nhơn. Hơi nhỏ nhưng với vị trí như vậy thì cũng là quá tốt
",0,4,0,0,0,0
"Bữa sáng rất tuyệt, phòng rất rộng rãi, giường rất thoải mái, có tầm nhìn ra quang cảnh thành phố từ một cửa sổ và quang cảnh đại dương từ cửa sổ khác. Tất cả các nhân viên từ Sandy, người điều hành khách sạn đến người gác cửa và tất cả các nhân viên khác đều tuyệt vời, tôi không thể mắc lỗi gì về khách sạn và không thể chờ đợi để quay trở lại.",0,5,0,5,0,0
"Nơi phù hợp để trải nghiệm cảm giác bơi lội, lặn ngắm san hô, thưởng thức hải sản, chụp hình và chơi các trò chơi trên nước
",4,0,0,0,0,0
"Gia đình mình có chuyến nghỉ ngắn ngày cuối tuần tại Avani, mình rất ấn tượng với dịch vụ của Resort, nhất là bạn lễ tân tên Cường đã take care gia đình mình từ đầu đến cuối và hỗ trợ mình cả issue liên quan đến bên booking.
Ngoài ra, mình cảm thấy rất đáng tiền với view biển, phòng ốc đầy đủ tiện nghi, bể bơi đẹp và đồ ăn ngon.
Nhất định mình sẽ quay lại đây nhiều lần nữa. Cám ơn Avani vì trải nghiệm tuyệt vời!",0,5,0,0,0,0
Tuy không tiện nghi nhưng giá cả bình dân nhất Quy Nhơn,0,4,0,0,0,0
"Tôi bình chọn 5 sao, mọi thứ đều hoàn hảo. Chủ sở hữu nói tiếng Anh tốt và địa điểm gần Ariport, vì vậy nếu bạn có thời gian, đừng suy nghĩ kỹ! Và sự cầu xin này có một mức giá tốt, vì vậy đừng lo lắng, hãy hạnh phúc.",0,0,0,0,5,0
"Bánh mì kẹp thịt của tôi là những chiếc nhẫn hành tây thơm ngon, hoàn hảo, giòn và nhẹ.",0,0,0,4,0,0
"Chúng tôi ghé qua vào khoảng 11h đêm, thưởng thức ly cocktail và ngắm thành phố về đêm. Ánh đèn Sài Gòn quá đẹp! Nhân viên vô cùng dễ thương, đồ ăn và nước uống đa dạng nhiều chọn lựa",4,0,0,4,0,0
"Không Gian đẹp, lấy từ không gian gỗ Hội An. Món ăn ngon, chất lượng, nhân viên phục vụ tận tình và rất lễ phép, món ăn lên nhanh. Tôi không còn từ gì để nói hài lòng và rất hài lòng. Về Quy Nhơn, Bình Định nhất định phải ghé vào dùng không thì tiết lắm.",0,0,0,5,0,0
Một quán ăn không thể bỏ qua nếu đến Quy Nhơn ăn hải sản nha. Đồ ăn tươi ngon chế biến vừa vặn giá cả hợp lý cạnh quán Nghĩa Ghẹ. Ăn quán này vắng hơn mà phục vụ tận tình lắm.,0,0,0,5,0,0
"Đã từ bao giờ sân bay Phù Cát lại thuộc thành phố Quy Nhơn qua thông tin của các hãng hàng không. Nên đính chính lại để sai sót này không trở nên mặc nhiên đúng
",0,0,0,0,0,0
"Phòng sạch sẽ gọn gàng, nhân viên nhiệt tình thân thiện và chu đáo.",0,5,0,0,0,0
Đầu bếp Tan và nhân viên của mình rất thân thiện và niềm nở. Các món ăn chúng tôi nấu rất ngon với chỉ một vài thành phần được sử dụng. Rất khuyến khích một chuyến thăm.,5,0,0,5,0,0
"Chiều hôm kia mình và nhóm bạn đi tìm quán trà sữa để uống cũng như chém gió. Trong nhóm có 1 đứa chưa vào Palace Tea nên cả bọn quyết định kéo nhau vào Palace Tea. Chiều sớm nên quán cũng không đông lắm, mỗi đứa gọi cho mình 1 loại, mình thì uống Ô long cam đào dâu tây. Ấn tượng chung của mình là ly trà ô long rất đẹp, màu nước cũng đẹp nữa. Hương vị thì rất ổn nhé, nước lại thơm mùi trái cây nữa. Tuy giá của nó khá là cao nhưng nó là 1 món nước thực sự đáng thử khi tới Palace Tea.",0,0,0,4,0,0
"Quán chỉ bán từ buổi chiều tới khuya và lúc nào cũng nườm nượp khách. Nằm trong một cái hẻm bé tẹo, nên kiếm địa chỉ khá khó. Quán cũng nhỏ, khách phải leo lên đoạn cầu thang. Khay ăn dọn lên gồm một dĩa bánh mì nóng giòn xắt khúc, một tô lagu có miếng thịt ngọt lừ, thêm chút bùi bùi từ hạt sen, củ lang, cà rốt, đậu đỏ…Trước khi nướng, người bán nhanh tay quét một lớp bơ đều lên bánh, tỏa mùi thơm nồng nàn. Tô lagu này có giá ba mươi ngàn, tính ra cũng hơi cao so với mặt bằng chung",0,0,0,4,0,0
Khách sạn gần trung tâm đi lại khá tiện. Phòng ốc xịn xò sạch sẽ. Mình book được phòng view nhìn chếch ra biển khá chill,0,4,0,0,0,0
Một tiệm dessert nhỏ nhưng lúc nào cũng khá đông mình đến 2 lần rồi. Phục vụ nhiệt tình. Bánh bông lan trứng muối và chè khúc bạch ở đây là 2 món mình có thể ăn hoài ko ngán.,0,0,0,5,0,0
"Rượu ngon, nam vô tửu như kỳ vô phong
",0,0,0,5,0,0
"Một quán cafe gồm cả đồ ăn nhanh đồ uống rồi view đẹp thì khá ít ở mãnh đất võ Quy Nhơn này nhỉ. Quán này view cute lãng mạn, rất chịu đầu tư về view tới những dịp lễ, không gian quán rộng rãi nên yên tâm về giờ cao điểm không có chổ ngồi nhất là dịp tết này. Nước của quán khá là ngon, mình rất thích cách phục vụ thân thiện niềm nở của những bạn nhân viên. Mình nghe bạn mình kể thức ăn nhanh ở đấy ngon nhưng chưa có dịp ăn thử xem như thế nào. Có dịp sẽ ghé lại quán <3",0,0,0,5,0,0
"Đồ ăn ngon, hải sản tươi, quán sạch, nhân viên dễ thương. Được thưởng thức món tôm hùm tươi, nấu cháo ngon.
Thực đơn 2 tôm hùm baby, 1 cua huỳnh đế, và thêm vài món chưa đến 2 triệu đồng.",0,0,0,5,0,0
"Khu trung tâm, tiện lợi. phòng đẹp, sạch sẽ.",0,5,0,0,0,0
I go this store by chance. It is a peasant food store. But it was a nice place with service & good food. Noodles here really cheap & delicious. I’m gonna keep coming back!!!,0,0,0,5,0,0
Mình đến vào buổi trưa quán khá đông. Dù đông nhưng mình cũng k phải chờ quá lâu mới có đồ ăn. Món ăn theo bạn đi cùng mình thì ăn khá vừa miệng. Nhưng có lẽ với đứa ăn mặn như mình thì nó có hơi lạc một xíu. Nhưng quán sẽ là sự lựa chọn của mình vào những ngày không nấu cơm mà vẫn muốn ăn cơm.,0,0,0,4,0,0
"Xe khá mới, sạch sẽ, chạy êm. Trên xe phục vụ nước suối, hộp sữa, khăn giấy, mền gối đầy đủ. Nhân viên tuy không lịch sự nhưng cũng khá nhiệt tình. Xe khởi hành trễ hơn 15 phút nhưng cũng tạm chấp nhận. Có xe trung chuyển nội thành. Nói chung dịch vụ ổn.",0,0,0,0,5,0
"Update 14/10/2018. Chất lượng khá tốt. Xe mới ra ngày 26/09/2018 phục vụ nhiệt tình. Giá khai trương giảm 20% còn 312.000. Một lựa chọn tốt khi đi TP.HCM- Tuy Hoà. Chúc nhà xe luôn giữ phục vụ tốt để được nhiều người ủng hộ.
",0,0,0,0,4,0
"Tài xế đẹp trai nhiệt tình, phục vụ chu đáo.",0,0,0,0,5,0
"Quán kiểu thoái mái, view bình thường nhưng được cái không gian thoáng, thoái mái không gò bó. Đặc biệt nước siêu ngon với nhiều món lạ, quy nhơn chưa thấy. Vote cho Trà đào, trà đen machiato, cafe cốt dừa, đặc biệt dừa mít nghe lạ lạ mà uống cũng lạ lạ luôn. Giá theo mình khá hạt dẻ. Mình đi 2 người. Đang có chương trình giảm giá 20% nên uống luôn 3ly, giá có 36k. Nói chung mình sẽ trở lại để thử hết menu vì uống ly nào cũng ngon. Hihi",0,0,0,5,0,0
"Quán nhỏ nhỏ , xinh xinh . Deco quán khá lạ , kiểu deco của mấy quán cf ngày xưa . Chắc là quán coffe kiểu cổ nên chắc lấy tên 1990 là vậy . Nói chung là phong cách deco khá ổn , nhưng buổi tối thì ánh đèn khá mờ . Nhân viên phục vụ nhân nhẹn , thân thiện . Giá cả ổn so với mặt bằng thành phố Buổi tối thường có chương trình guitar và hát . Khách cũng có thể lên hát và đàn vô tư . Nước uống ngon . 👍 Thích quán ở chỗ quán khá yên tĩnh , đến đây học vào buổi chiều thì tuyệt luôn ❤️ Sẽ luôn luôn ủng hộ quán !!",0,0,0,5,0,0
"Nhiều dịch vụ xung quanh ks như massage, giặt ủi...rất tiện",4,0,0,0,0,0
"Đến quán vào tối chủ nhật, quán khá đông lên gọi món hơi lâu. Các món chế biến ngon, xôi gà chiên trẻ con rất thích. Giá cả hợp lý, nhân viên nhiệt tình.",0,0,0,4,0,0
"Tuy ảnh hưởng mùa covid không hỗ trợ được trực tiếp nhưng hỗ trợ online với thái độ thân thiện, nhanh chóng và chính xác.",0,5,0,0,0,0
"Lần đầu tiên ghé ăn nhưng rất hài lòng, chắc chắn là sẽ quay lại",0,0,0,5,0,0
"Nhân viên phục vụ rất nhiệt tình, giá cả cũng tầm trung, hợp lý. Ks có book dùm vé đi đảo cho khách và cho thuê xe máy nên rất thuận tiện",0,5,0,0,0,0
"Khách sạn mới, sạch sẽ, phòng đủ rộng, nhìn ra biển. Bể bơi nhỏ nhưng sạch và nhìn ra biển rất đẹp. Vị trí gần biển, thuận tiện cho ăn uống, mua bán. Nhân viên thân thiện và rất lễ độ.",0,5,0,0,0,0
"Cám ơn Bình Minh Tải cho mình trải nghiệm tốt. Xe dừng nghỉ ở trạm Xuân Hưng, cơm ăn rất ngon, ngồi thành nhóm như ăn tiệc ăn được nhiều món, vui và ngon miệng hơn. Giá ăn nằm trong giá vé rồi. Tài xế và anh đi cùng rất nhiệt tình, sắp xếp chổ cho khách ngồi ăn đủ bàn hết rồi hai ảnh mới bắt đầu dùng bữa. Xe chạy êm, ngủ rất ngon. Thông báo đến nơi rồi mà mình vẫn muốn ngủ nữa =]] Giường thì rộng rãi nha, thắt Seatbelt rồi thì tha hồ nằm thoải mái, giường nằm có massage nhiều chế độ nữa. Mình rất hài lòng.",0,0,0,0,5,0
"Quán bình dân nhưng hải sản rất tươi, ngon, đặc biệt ghẹ còn sống, tôm càng ngon, ốc nhiều loại chế biến vừa miệng, giá cả hợp lý, đi đông người có thể gọi điện thoại liên hệ đặt chỗ trước rất tiện",0,0,0,5,0,0
"Gần biển,gần chỗ ăn uống.Nhân viên dễ thương",0,5,0,0,0,0
Hẹn với đối tác nên đi kiếm quán nào chất chất mà view đẹp thì thấy quán này. Xung quanh toàn là nhà cao tầng nhưng nhìn quán cảm giác rất quán vườn. Xung quanh chỗ ngồi nào cũng có cây trồng mà ko phải cây nhỏ. Nên mát và rất đẹp. Ngồi trong đẹp theo phong cách tuổi teen.Có máy lạnh nên không hút thuốc. Ngồi trước thì thoáng mát view quá đẹp luôn. Tối bật đèn lên thì lung linh luôn. Cảm giác không có các tòa nhà xung quanh. Nước uống cũng ngon. Hài lòng.,0,0,0,4,0,0
"Vị trí đẹp, quản lý bộ phận lễ tân nhiệt tình, tận tình, chu đáo.",0,5,0,0,0,0
"Nóng như thế này mà kiếm những quán trà sữa có phòng lạnh xong oder trà sữa cùng đám bạn họp chuyện thì hết sẩy vào đâu đc. Quán này view khá là rộng nên tụ tập cũng không sao nhan. Về nước thì có nhiều sự lựa chọn, mình thấy trà sữa ở đây khá là ngon, giá thì thấy bình dân nên hợp lý cho sinh viên học sinh nè. à còn nằm gần trường đại học Quy Nhơn nên sẽ bắt gặp sinh viên ở quán đông :)). Nhân viên phục vụ vui vẻ hòa đồng rất tốt nè,... <3 <3 có dịp sẽ ghé quán.",0,0,0,5,0,0
"Đồ ăn và đồ uống đẹp mắt. Thực sự rất thích rượu vang và bữa ăn, lời khen cho đầu bếp. Nhân viên lịch sự và hiệu quả, ngay cả khi chúng tôi mất một chút thời gian để chọn những gì chúng tôi muốn.",5,0,0,5,0,0
"Tối thứ 7 nầy ở đây có tiệc halloween nè, vé có 99k mà có quá trời dịch vụ tuyệt vời luôn, bt cũng thích đến đây nge nhạc sống rồi bây giờ có thêm tiệc halloween nữa thì quá tuyệt vời luôn. Nge nói có cái vẽ uv phát sáng gì nữa á nên thiệt là mong chờ quá đi thôi, ai đi thì lập kèo đi chung với mị luôn nhoaaa",0,0,0,5,0,0
"Có nhiều cho chơi mới mình hay dẫn con mình qua đây chơi
",5,0,0,0,0,0
"Toàn bộ chăn, gối màu trắng nhìn sạch sẽ.",0,5,0,0,0,0
Quán có không gian rộng rãi thiết kế thật thơ mộng và trang nhã phù hợp với mọi lứa tuổi đặc biệt là học sinh sinh viên... menu nước đa dạng phong phú với nhiều món nước lạ hấp dẫn đánh thức mọi giác quan khi các bạn đến vui chơi và thưởng thức đồ uống ở đây... quán cũng rất là dễ tìm gần các trường học và nằm ngay giữa trung tâm thành phố... cách phục vụ của các bạn nhân viên ở đây cực kì dễ thương và vui vẻ nhé... vậy thì các bạn còn không bỏ chút thời gian mà đến quán thưởng thức và sống ảo các kiểu nào...,0,0,0,5,0,0
"Ko có cách âm, nên cải thiện",0,4,0,0,0,0
"Mình ở Quy Nhơn 4 năm rồi... Thỉnh thoảng lâu lâu có bạn vào hay thuê xe máy để đi chơi... Mình cũng thử thuê ở nhiều chỗ khác nhau nhưng chỉ ưng ý mỗi chỗ của chú Tính thôi. Xe ga hay xe số cũng đều mới kít, động cơ ngon còn con hơn xe nhà nữa í, thích hợp với việc đi xa. Nhiều lúc mình có xe nhưng vẫn thuê xe của chú để đi chơi xa cho phê.. 😅😅😅 à tiệm chú có sữa xe nên sau mỗi lần khách trả xe chú lại hay kiểm tra xem xe có bị gì để khắc phục sữa chữa, thành thử khách sau thuê xe,xe vẫn mới và ngon như thuở ban đầu... Còn ủng hộ chú dài dài nếu có dịp ạ 🤗🤗",0,0,0,0,5,0
0,0,0,0,0,0,0
"Giá rẻ, tuy nhiên trong ngõ, hải sản loại 2 (nhỏ), không có không gian đẹp, phù hợp với một quán hải sản bình dân",0,0,0,4,0,0
"Nhà hàng nằm gần khu du du lịch ghềnh ráng nên rất đông khách. Không gian rộng rãi, có hai tầng, view nhìn ra biển rất đẹp. Đi ăn tầm chiều tối là gió biển lên mát ruời rượi luôn. Menu đa dạng, nhiều món cho khách lựa chọn.Chuyên về các loại hải sản tươi sống, ngoài ra còn có một số món ăn chơi khác. Chất lượng ổn, chế biến hợp vệ sinh. Nhân viên phục vụ nhanh nhẹn, không phải đợi lâu. Thích nhất là ăn lẩu hải sản, với cả tôm, cua hấp sả. Giá cả có cao hơn so với mặt bằng chung",0,0,0,5,0,0
"Phòng mới, sạch sẽ, rộng rãi, tủ, giường ốp gỗ đẹp, nền gạch men giả gỗ khá ổn.",0,5,0,0,0,0
"Dịch vụ tuyệt vời, bảng hiệu dễ tìm, đúng giờ, xe sạch sẽ, cung cấp nước đóng chai. 
Cảm thấy an toàn giữa những người lái xe điên cuồng trong thành phố này!",5,0,0,0,5,0
"Tôi cảm thấy Dịch vụ của quý công ty phải nói rõ ràng , minh bạch tài chính . Cước phí rẻ . Tài xế lái xe kiêm Hướng dẫn Du lịch nhiệt tình , vui vẻ và làm việc có Tâm .",0,0,0,0,4,0
"Không gì tuyệt vời hơn khi có phương tiện giao thông cá nhân đang chờ bạn, lái xe về nhà an toàn, đáng tin cậy, đúng giờ và chuyên nghiệp!",0,0,0,0,5,0
"Rượu Bầu đá nặng thật nhưng đầm dễ uống. Hôm sau không bị đau đầu. Đặt hàng sáng chiều có ngay.
",0,0,0,4,0,0
Đồ ăn tươi ngon. Giá cả phù hợp không chặt chém. Nhân viên nhanh nhẹn. Phục vụ tốt,0,0,0,5,0,0
"Một nơi rất đáng để nghỉ chân dành cho dân du lịch hạng trung. Giá phòng cực kì mềm. Phòng sạch sẽ, đầy đủ tiện nghi. Đặc biệt là chú chủ khách sạn rất vui vẻ và hòa đồng. Tận tình hướng dẫn, giúp đỡ.",0,5,0,0,0,0
"Xe máy chạy rất tốt. Nhân viên giao hàng Motobiker nhiệt tình, đến tận nơi nhận Motobiker. Cho bạn 5 sao",0,0,0,0,5,0
"Lọt top 5 ngọn hải đăng trên 100 tuổi nổi tiếng, hải đăng Cù Lao Xanh sừng sững hiên ngang là biểu tượng đẹp cho tinh thần của người dân nơi đây quanh năm sống chung với sóng gió biển khơi. Trải qua bao thăng trầm lịch sử hải đăng vẫn luôn sáng đèn giúp việc định vị của tàu thuyền đánh bắt trên biển Bình Định và khu vực biển lân cận của Nam miền Trung. Vì vậy, ngọn hải đăng còn được gọi là đôi “mắt thần” của biển.
",5,0,0,0,0,0
"Đến Quy Nhơn khi cơn mưa vừa dứt, khí hậu mát mẻ. Ghé Mậu để cảm nhận cơm nhà. Quán bắt mắt, dễ tìm, lối decor riêng kiểu bao cấp, gần gũi. Quán sạch sẽ, món ăn nấu ngon, đậm, ấn tượng nhất là món mực muối rang thịt ba chỉ, rất đưa cơm. Món này mà mùa đông ở MB thì tốn cơm phải biết. Về phục vụ: khá nhanh nhẹn, lễ phép, nhiệt tình và dễ chịu. Đến Quy Nhơn, sau những ngày vi vu, thưởng thức hải sản thì Cơm Mậu chắc chắn là một địa chỉ tuyệt vời Chắc chắn sẽ đến Mậu nếu quay lại Quy Nhơn.",0,0,0,5,0,0
"Bãi tắm sạch, tuy nhiên các ghềnh đá khá nguy hiểm. Mọi người cẩn thận khi đến đây",4,0,0,0,0,0
Dễ dàng tổ chức và tìm kiếm. Tôi cảm thấy an toàn. Xe thoải mái. Có nước. Lái xe dễ chịu - đi thẳng đến khách sạn. Tất cả đều tốt,0,0,0,0,5,0
"Rất đáng tham quan. Các mô hình khoa học rất thú vị, trực quan, phù hợp cho cả người lớn và trẻ em. Anh chị hướng dẫn nhiệt tình, vui vẻ.

Mọi người gọi điện trước để đặt/hỏi lịch nhé.",5,0,0,0,0,0
Du lịch bụi nên mình tiết kiệm được bao nhiêu thì tiết kiệm thôi. Phải nói chắc chắn rằng mình sẽ quay lại quy nhơn và tiếp tục ủng hộ A Bảo,0,0,0,0,4,0
"Bạn Toàn làm việc rất có tâm. Tour rất ổn. Chủ nhà chu đáo, nhiệt tình, hiếu khách. Đặc biệt bạn dẫn tour rất dễ thương, nhiệt tình. Chi phí quá rẻ so với quy định. Với mình, đi là để trải nghiệm cuộc sống, trải nghiệm cảm giác của người dân địa phương. Trên đảo thì tất nhiên là cơ sở vật chất không thể so với trên đất liền được. Nhưng bù lại, cảm giác an nhiên và hòa mình vào thiên nhiên thì không nơi nào mang lại đựơc trọn vẹn như Cù lao xanh. Nếu đựơc quay lại, nhất định vẫn tin tưởng và lựa chọn nơi này. Điểm 9 cho chất lượng.",4,0,0,0,0,0
Vị trí đẹp. Nhân viên thân thiện nhiệt tình. Gần khu vực ăn uống,0,4,0,0,0,0
"Giá vé xem phim khá rẻ, phòng chiếu rộng rãi, hiện đại, trải nghiệm xem phim không có gì phải chê",5,0,0,0,0,0
"Quán nhỏ, ấm cúng, món ngon bình dân",0,0,0,5,0,0
"Mình đi 2 nguời ăn nghêu hấp sả, bạch tuộc, hàu, cháo ghẹ. Mình và bạn đều thấy ngon, hải sản tươi, giá rất rẻ nữa. Mình thích nhất món nghêu vị rất đậm đà nè. Nhân viên cực kỳ vui vẻ và dễ thương luôn. Có dịp mình sẽ quay lại thưởng thức tiếp!",0,0,0,5,0,0
"Công viên thoáng mát dọc theo bờ biển, thích hợp cho du khách đi dạo và đưa trẻ đến vào những buổi chiều. Vì ngoài không gian đẹp và thơ mộng còn có các trò vui chơi giải trí cho các bé
",5,0,0,0,0,0
"Phòng đẹp, view đẹp. Nhân viên thân thiệt, nhiệt tình",0,5,0,0,0,0
"Vị trí trung tâm. Ẩm thực phong phú , phòng có ban công trực diện biển, đẹp nhân viên dễ thương, nhà hàng trên tầng 18 rất chill có dịp sẽ quay lại.
Rất hài lòng khi lưu trú tại đây
Sẽ giới thiệu bạn bè đến nơi này",0,5,0,5,0,0
"Mình đến vào trưa mùng 6 tết nhâm dần.
Chưa có ghẹ. Chưa có càng cúm.
Tôm hấp dĩa 180k khá ngon.
Ốc tỏi dĩa 90k khá ngon.
Ốc len xào dừa 80k 1 tô, nhiều nhưng khá nhạt (mình khẩu vị miền nam).
Gỏi sứa tươi nhưng cũng nhạt (ko đủ chua đủ ngọt).

Quán không gian như một quán gia đình nhỏ. Khu vực này mình thấy toàn như vậy.
",0,0,0,5,0,0
"Địa điểm đẹp, không khí tốt, thức ăn ngon, vài giờ chúng tôi ở đó, uống bia và ăn một số món ăn ngon",0,0,0,5,0,0
"Món này mình ăn ở nhiều nơi r. Nhưng ở QN hình như chỉ có 1 chỗ ở Diên Hồng và chỗ này bán. Đúng như tên gọi, chủ đạo món bánh canh này chính là “Cá dầm”, trong 1 tô bánh canh sẽ có 2 thứ chính, đó là sợi bánh canh do chủ quán tự làm, sợi nhỏ, dai nhẹ, k hề bở; thứ hai đó là thịt cá đã được bóc ra, k hề có xương nha mn. Ngoài ra, trong tô còn có chả cá thái lát, chả viên và trứng cút. Đặc biệt là 1 tô nhiều thứ, vừa bụng như vậy nhưng chỉ 15k thôi nha.",0,0,0,5,0,0
"Diện tích rộng, đa dạng cây cối thực vật hoa cỏ,... Đa dạng các thể loại trò chơi cho thiếu nhi như đu quay lớn, tàu lượn siêu tốc, câu cá, xe điện đụng,đu quay ngựa,... Giá cả phải chăng",5,0,0,0,0,0
"Chú cho thuê xe cực kì dễ thương, xe mới mà giá cả vô cùng hợp lý. Khi cần sẽ đặt thuê xe của chú lần nữa.",0,0,0,0,5,0
"Giao thông thuận tiện, tôi đậu chiếc xe đạp gần đó trong bãi đậu xe và ngồi trên chiếc xe kỳ diệu này của công nghệ Liên Xô. 
Chúng tôi đi bộ 1,5 giờ đến Vũng Tàu (mặc dù đã khai báo một giờ) và quay lại cùng giờ. Máy lạnh hoạt động tốt, không may ghế không ngả được như trên máy bay. Đi xe nhẹ nhàng, êm ái, liên lạc di động hoạt động gần như dọc theo toàn bộ tuyến đường.",0,0,0,0,4,0
Trời mát ngồi ngoài trời ở Refinery thật sự chill. Ở đây không quá đông. Món Pháp thì phải nói là ngon tới bất ngờ. Kiểu là làm gia vị và thịt ngon lắm ấy. Xong uống chút vang nữa.,5,0,0,5,0,0
"Thủ tục thuê đơn giản, nhanh chóng. Xe rửa sạch sẽ trước khi giao. Vô cùng chu đáo, sẽ tiếp tục thuê vào lần sau
",0,0,0,0,5,0
"Đẹp, sạch sẻ ,vị trí đắc địa rất tiếc chưa khai thác hết tiềm năng
",0,4,0,0,0,0
"Vị trí tiện lợi, gần các khu ăn uống vui chơi.",0,4,0,0,0,0
"Sau khi check out có thể gửi hành lý để tiếp tục chụp hình,đi ngắm hoa và sử dụng các dịch vụ trong lúc chờ tới giờ ra sân bay",0,4,0,0,0,0
"Khách sạn 3 sao nhưng với em đây là 5 sao . Quả thật nhân viên ok tận tân tốt tính nhiệt tình . Đặc biệt em cám ơn anh Thanh lễ tân vì những câu chuyện ở Sài Gòn và hi vọng em sẽ dc gặp anh tại nơi anh coi là quê hương thứ 2 .
",0,5,0,0,0,0
"Cảnh giác với nhân viên quán đội lốt hướng dẫn viên. Với giá 450k/tour , họ chỉ mua vé giúp và dẫn đến quán cơm họ thôi. Nên tự túc đến kì co mà ko thông qua họ, đi kì co rất dễ dàng.",0,0,0,0,0,0
"Quán trang trí cực dễ thương luôn. Tông vàng chủ đạo. Kem có rất nhiều vị cho thực khách lựa chọn. Mình thấy kem chuối và socola khá ngon. Lần gần đây nhất mình quay lại quán có ra thêm mấy vị kem mới, khá là tuyệt. Nhân viên khá thân thiện, tư vấn mỗi loại như thế nào. Còn có rất nhiều đồ ăn kèm khác như socola chip, bánh gấu, thạch....ăn kèm với kem là hết sảy Các món bánh ăn kèm ở đây cũng rất ngon. Kêu mỗi thứ một loại là cả bọn có thể ăn no nê. Một quán kem rất đáng thử cho những ai muốn du lịch đến thành phố Quy Nhơn.",0,0,0,5,0,0
"Hôm nay viết RV cho quán mà thấy thèm ăn quá 👍👍 nhất định tối nay phải đi ăn mới được . Quán bán ở vỉa hè , nhỏ nhắn , bàn ghế bé bé xinh xinh . Không gian mát mẻ và nhìn chung sạch sẽ . Menu không nhiều món lắm nhưng món nào cũng ngon . Giá cả rẻ tầm 15k trở lên . Nhân viên phục vụ món ra hơi chậm , đợi lâu . Nhưng đợi để được ăn ngon thì cũng đáng ☺️☺️ luôn ủng hộ quán",0,0,0,4,0,0
"Biết được quan này qua foodyquynhon, lâu lâu về Bình Định nên ghé uống thử. Đầu tiên là không gian quán khá là oke, mình rất thích bàn ghế sắt bên ngoài, nhìn đẹp và dễ thương sao í!! ^.^"" Mình vào bên trong và chọn ngồi trên ghế nệm. Không gian bên trong khá oke chỉ có lúc order đợi hơi lâu. Mình vào lúc vắng khách nhưng nhân viên không biết làm gì một lúc sau mới cho mình order r lại đợi cả quãn thời gian làm đồ uống. Chắc tại mình vội nên mình hơi không hài lòng lắm về khoảng này. Nhưng đồ uống ngon. Giá cũng vừa phải!!! Nói chung sẽ còn quay lại !!!",0,0,0,4,0,0
"Nơi tuyệt đẹp để ngắm thành phố Quy Nhơn nhất là chiều tối
",5,0,0,0,0,0
"Khách sạn sạch sẽ, giá cả phù hợp với một Thành phố Du lịch biển đang rất hot hiện tại. Sân thượng của khách sạn có thể ngắm bình minh và hoàng hôn rất đẹp. Sáng mình chỉ mất 5 phút là có thể ra được tới biển, tối thì đi bộ 3 phút tới quán Acoustic dành cho khách Tây cũng thú vị. Chủ khách sạn còn rất nhiệt tình chỉ chỗ ăn uống, vui chơi tại Quy Nhơn. Có dịp quay lại mình cũng sẽ ghé nơi này và giới thiệu bạn bè
",0,5,0,0,0,0
"Khách sạn mới, sạch sẽ, ở vị trí thuận lợi. Nhân viên lễ tân và phục rất nhiệt tình. Mình rất thích cách trang trí phòng, đẹp mắt, đầy đủ tiện nghi.",0,5,0,0,0,0
Lựa chọn rẻ nhất từ ​​sân bay về trung tâm thành phố / Bến Thành. Chỉ 5k VNĐ.,0,0,0,0,0,0
"Lễ tân phục vụ nhiệt tình, phòng sạch sẽ, thoáng mát, gần trung tâm và quầy thuốc tây nên rất tiện cho khách khi cần.",0,5,0,0,0,0
"Quán có không gian rộng rãi và thoáng mát mà không có trang trí gì nhiều, quán bán rất nhiều đồ ăn vặt ngon và rẻ, có cả điểm tâm nữa nhé... nên bạn có thể dùng điểm tâm ngay tại quán mà không phải đi chi xa, quán có rất nhiều món ngon và đồ uống cực kì đặc biệt mà ko có quán nào có được, giá cả hợp túi tiền các bạn học sinh sinh viên, nằm ở số 29 đường nguyễn nhạc là nơi tập trung các bạn sinh viên sinh sống ở đây nên cũng là 1 cái lợi cho quán... các bạn mau mau tới ủng hộ đặc biệt là chị chủ ở đây dễ thương cực luôn nha...",0,0,0,5,0,0
"Người lái xe đã đúng giờ. Rất hiệu quả và xe còn mới, đẹp và sạch sẽ. Sẽ giới thiệu dịch vụ này cho gia đình và bạn bè của tôi",0,0,0,0,5,0
"Chuyến thăm chợ buổi sáng rất ổn và người hướng dẫn, trong khi rất thân thiện và dễ mến, chỉ đưa chúng tôi đi quanh chợ và chỉ ra 
những thứ như ""đó là thì là, đó là cam địa phương, đó là sản phẩm hữu cơ, đó là chuột nướng"". Chuyến đi đến ngôi làng của người Hmong cũng ở mức trung bình, nhưng bạn có khá nhiều túi, ví và những thứ bạn có thể mua từ ngôi làng địa phương với những đứa trẻ trang điểm bán chúng. Tôi không nghĩ rằng dân làng thực sự sống ở đó. Chúng tôi bỏ qua ngôi làng thứ 2 vì nó sẽ là một nhà máy chưng cất rượu whisky. Thác nước kuang si rất đẹp, nhưng thành thật mà nói bạn có thể đi mà không cần hướng dẫn viên vì nó khá đơn giản và có biển chỉ dẫn. Khu bảo tồn gấu cũng nằm trong thác. Ăn trưa ở một nhà hàng địa phương bên ngoài thác khá tốt; chúng tôi đã đặt các món ăn theo ý thích của chúng tôi, và đồ uống được tính phí riêng. Đó là một trải nghiệm tốt, chỉ không chắc liệu nó có đáng giá 170 USD cho 2 người cho một chuyến du lịch riêng hay không. Nếu tôi muốn làm điều đó một lần nữa, tôi chỉ thuê một tài xế riêng, đi chợ buổi sáng nếu bạn thấy hứng thú và đi thẳng đến thác nước.",5,0,0,0,0,0
Từ nhân viên đến bạn quản lý ai đều rất thân thiện. Phòng ốc sạch sẽ xứng đáng với số tiền bỏ ra. Sẽ giới thiệu bạn bè đến nơi này nghỉ dưỡng ,0,4,0,0,0,0
"Thật ra quán này rất nổi tiếng,nhưng mỗi năm mình chỉ dám đến một lần,vì giá cả hơi đắt,nên chỉ dành cho khách du lịch với có lẽ người thuộc tầm trung trở lên, quán đầu tư trang trí và view rất nhiều, buổi tối là không gian lung linh hết cả một góc trời,vô cùng rộng vì nó trải dài theo bờ biển Quy Nhơn thích hợp để hẹn hò thì lãng mạn không tả nổi luôn, không ngồi một lần thì cũng hơi phí thanh xuân, nước uống thì bình thường như những quán khác,không có gì đặc biệt, đồ uống cũng trang trí không có đẹp mắt.",0,0,0,4,0,0
"Ăn cả Kim Đình cả Ý Na, và đưa ra kết luận là Ý Na ngon hơn nhé các bạn (trên đg Phan Bội Châu). Quả ở Kim Đình không được đều, thỉnh thoảng trộn lẫn quả dập vs không chín vô ^^ trong này sinh tố nhưng ăn kiểu giống hoa quả dầm hơn là sinh tố, dầm sữa đặc, muốn ăn quả gì thì gọi. Rẻ hơn ngoài Hà Nội (dĩ nhiên) hehe",0,0,0,5,0,0
"Tôi sẽ quay lại nơi này. Một nơi nghỉ dưỡng yên tĩnh, bãi biển rất đẹp và sạch sẽ, nhân viên phục vụ thân thiện, lần sau quay lại tôi sẽ sử dụng dịch vụ spa. Ăn sáng chưa phong phú lắm, tôi thích món bún cá buổi sáng ở đây.",5,5,0,4,0,0
Khách sạn sạch sẽ . Vị trí gând trung tâm đi lại tiện lợi . Chỗ đậu xe thoải mái,0,5,0,0,0,0
"Nếu Bạn đang chênh vênh Không biết Quy nhơn chiều mưa như thế này thì phải tìm kiếm quán nào để núp thì yên tâm nhé. Hãy thử ghé TP66 xem như thế nào, mình đi dạo lòng vòng thf bắt gặp quán này. Nói chung quán rất zê thương đặc biệt mưa mưa tối tối như thế này chụp cửa kính thì max ảo lun nè :))) Quán khá rộng có nhiều view đẹp, Nước ở đây khá ngon và rất hợp túi tiền của các bạn sinh viên! Theo mình nghỉ thì đây khá hợp lý cho những bạn cần không gian học và sống ảo!",0,0,0,4,0,0
"Hải sản tươi ngon, giá cả thì phải chăng. Đi một lần về cứ muốn hẹn bạn trở lại thêm lần nữa.",0,0,0,5,0,0
"Nhà thờ Mằng Lăng nằm cách thành phố Tuy Hòa, Phú Yên khoảng 35km về phía Bắc và là một trong những nhà thờ lâu đời nhất ở Phú Yên nói riêng và Việt Nam nói chung. Điểm nổi bật nhất nhà thờ chính là lối kiến trúc Gothic đặc sắc đã có từ cách đây khoảng 1200 năm trước Công Nguyên.
- Vào cổng miễn phí
- Gửi xe gần tiệm bán nước kế bên free nhé",5,0,0,0,0,0
"Hoa hoa chỉ ngon và mát khi về đêm, ban ngày thì k mát cho lắm vì thời tiết dạo này nắng đỏ lửa. Lẫu sứa, mực cơm chiên và 1 ít món khác, nếu bạn không phải khó tính thì sẽ ăn được và ngon, cảm nhận theo tôi là vậy. Nhưng giá nơi này không rẻ vì thế mới gọi là 1 trong những quán ngon và mắc, nên đi đông khi tới nơi này dễ chia tiền hơn . haha. À mà nhân tiện ai hay uống bia thì phcu5 vụ chua đáo lắm, có khi chia bia hết lúc nào không hay, hãy nói nhỏ phcu5 vụ để mình tự rót là được",0,0,0,5,0,0
"Anh tư vấn rất nhiệt tình và kỹ lưỡng, còn kêu gọi mình cần gì cứ nhắn tin qua Fb hoặc Zalo cho anh, anh sẽ hổ trợ bất cứ thông tin gì mình cần. Nhiệt tình quá xá.",0,0,0,0,5,0
"Chắc đây là quán cafe lớn nhất Quy Nhơn rồi vì nghe bảo chi phí đầu tư đến cả triệu đô kaka. Quán thiết kế như một cái biệt thự hoành tráng, có đến 3 mặt tiền đường lớn. Quán có nhiều khu khác nhau: khu ngồi ngoài, khu máy lạnh, khu sân vườn ngắm cá. Theo mình thấy khu vườn ngắm cá là đẹp nhất và độc đáo nhất. Tới quán thì nên ngồi bên ngoài sẽ thoáng mát hơn ngồi trong phòng máy lạnh, vì mình thấy phòng máy lạnh bàn ghế san sát lại đông đúc ồn ào mất tính riêng tư. Đúng như cái tên "" The Green"" nên đi đâu cũng thấy xanh xanh, tươi mát 😎 Menu cũng đa dạng như những quán cafe khác. Nhân viên phục vụ khá ổn.",0,0,0,4,0,0
"Vì vậy, việc thông quan được chứng minh là mất nhiều thời gian hơn so với dự kiến. Tôi nghĩ tài xế sẽ rời đi và tôi sẽ cần 
một chiếc taxi, nhưng thật bất ngờ, người tài xế đang đợi tôi. Tốt thôi!",0,0,0,0,5,0
"Bánh su choux thì quá nổi tiếng rồi, hồi ở ĐN mình thích nhất ăn ở Chewy, về QN may quá có Bingo cứu vớt cho cái sự thèm ngọt của mình. Bánh trang trí quá yêu, su dai, mới ra lò thì vỏ sẽ hơi giòn. Nhân kem thơm thơm béo mịn. Làm set sinh nhật thì quá là okela. Ngoài ra thì quán còn có nhìu nhìu loại bánh khác nữa như crepe, mousse, cupcake..",0,0,0,5,0,0
"cùng một thực đơn cũ, giá vẫn quá cao, may mắn là chúng tôi đã chọn từ sự lựa chọn nhỏ trong giờ hạnh phúc của họ.",0,0,0,0,0,0
"Hoàn toàn hài lòng! Nhà mình trải nghiệm Quy Nhơn 6 ngày nên đăng ký khách sạn Flora qua Traveloka. Các bạn tiếp tân rất dễ thương và chuyên nghiệp đã tự đề nghị upgrade phòng cho nhà mình do là mùa thấp điểm du lịch. Các bữa ăn buffet ngon với hai em phục vụ rất hiếu khách. Phòng ốc còn mới và rộng, view biển nên rất đẹp. Khách sạn thoáng do thiết kế có cửa thoáng trước và sau nhà.từ khách sạn ra bãi tắm Quy Nhơn tầm khoảng 150 mét, rất tiện lợi, bãi biển sạch và đẹp. Một nơi đáng để nghỉ dưỡng!",0,5,0,5,0,0
"View đẹp, nhân viên tuy ko tiếp xúc nhưng tư vân rất tận tình qua zalo, đt. Hoàng hôn nhìn từ ks rất đẹp",0,5,0,0,0,0
"JW Marriott đa phần có dịch vụ tốt. Không phải tất cả mọi nhân viên đều ok, nhưng phần lớn những người mình gặp đều rất nhiệt tình và chân thành.
",0,5,0,0,0,0
"Với tiêu chí đem đến những chiếc bánh trung thu đảm bảo vệ sinh, không chứa chất bảo quản và an toàn cho sức khỏe, Like làm ra những chiếc bánh không chỉ bắt mắt mà còn rất nhiều hương vị độc đáo không phải bánh hàng hiệu nào cũng có. Nghiện bánh của Like lâu rồi vì rất nhiều loại phong phú, thậm chí nhiều tiệm cafe, trà sữa của Quy Nhơn cũng nhập bánh bên Like về bán.",0,0,0,5,0,0
"Quán này ngon lắm nè! Ăn là nghiện luôn. Mình tới hay ăn lagu với bm chấm,ngon hết sảy con bà bảy! Quán cũng gần trung tâm nên đi lại thuận lợi,sạch sẽ mà ăn ngon nên mình rất thích,giá cả phải chăng nữa. Ai chưa thử thì nên tới thử,bảo đảm ko làm bạn thất vọng đâu 👍🏻👍🏻👍🏻👍🏻",0,0,0,5,0,0
"Khác sạn ở vị trí thuận tiện, ngay gần bãi biển, đi khoảng 5 phút là ra đến biển, gần Sailing Club, Vincom Mall.",0,0,0,0,0,0
"ừ Sài Gòn bay về Quy Nhơn chơi, được bạn bè dẫn đi quán này, view khá ổn, đồ ăn nhiều nhưng giá cực phải chăng ( so với sài gòn ) khoảng 1/2 thôi, đồ ăn bưng lên cũng nhanh, chất lượng khỏi phải bàn có điều nhân viên hơi lớ ngớ khoảng phục vụ nước, mình phải gọi 3 lần",0,0,0,4,0,0
"Quán nấu ăn khá vừa ý mình. Món nào cũng ngon, tôm tươi, ghẹ nhỏ mà rất chắt thịt. Giá bình dân, phục vụ rất nhanh. Đợt sau về Quy Nhơn sẽ ghé quán Nghĩa Ghẹ tiếp.",0,0,0,5,0,0
"Các bạn đi du lịch nên mua hải sản ở đây, nơi đây tập trung đủ loại hải sản tươi ngon với giá cả phải chăng
",0,0,0,5,0,0
"Ấn tượng đầu tiên là nhân viên cực kì nhiệt tình dễ thương, quán đông nhưng các bạn vẫn tươi cười với khách, lăn xăn chạy ngược chạy xuôi. Còn món ăn ở đây thì ko có gì để chê rồi, rất vừa khẩu vị với mình. Chắc chắc có dịp sẽ ghé lại nhiều lần nữa.",0,0,0,5,0,0
"Địa điểm thuận tiện, Nhân viên thân thiện, nhiệt tình",0,5,0,0,0,0
"Giá vé 150k/người. Bạn có thể đi xe máy hoặc xe hơi đến đây. Giữa lưng chừng núi sẽ có bãi đậu xe. Bạn gửi xe tại đây và xếp hàng đi xe điện xuống núi và đến bãi biển Kỳ Co
- Dưới núi là khu resort với đầy đủ dịch vụ lưu trú và ăn uống
- Resort trang trí rất đẹp. Có rất nhiều góc sống ảo tại bãi biển cho các bạn thích chụp hình
- Nước biển trong xanh
- Lưu ý là sóng biển rất mạnh. Để ý kỹ trẻ nhỏ khi trẻ tắm biển
- Trên đường lên dốc để đến bãi gửi xe. Có rất nhiều gốc chụp hình biển đẹp và chong chóng điện gió
- Gió rất mạnh và nắng gắt
- Cảnh đẹp là nơi nên đến tham quan",4,5,0,0,0,0
"1 năm  ko về, thấy  sân bay  đẹp và  sạch sẽ  hẳn, rất  tự  hào  về  quê hương  yêu dấu
",0,0,0,0,4,0
"Ăn Gia Vỹ xong mới thấy bánh xèo tôm nhảy thật sự ngon. Bột đổ bánh xèo nhiều nè, bánh xèo giòn giòn, nước chấm xuất sắc hơn bên Anh Vũ. Bên đây chỉ có bánh xèo tôm và bò, ko có mực như bên Anh Vũ. Nước mắm không có cay, kiểu chua chua ngọt ngọt á. Nước mắm làm cho cái bánh xèo bớt ngấy dầu đi. Không gian cũng khá là thoải mái. Gửi xe trước quán luôn nha. Cô chú bán vui vẻ, nhiệt tình. Giá cả thì 26k/1 cái. Đến Quy Nhơn phải đến đây thử bánh xèo tôm nhảy ở đây",0,0,0,5,0,0
"Địa điểm tiện đi lại, nhận phòng gửi đồ ko tiếp xúc rất an toàn, mùa dịch vc mình thích nhất chỗ này",0,0,0,0,4,0
Chú chủ khách sạn và nhân viên siêu dễ thương,0,4,0,0,0,0
"Nhân viên phục vụ nhiệt tình, khách sạn yên tĩnh và gần bờ biển",0,5,0,0,0,0
"Qui Nhơn có quán bánh hỏi ni cũng nổi . giá 30k/ phần . Quán cực đông luôn , đi tầm 9g 10 giờ có hồi phải đứng chờ đợi có bàn vậy á . Điểm đặc biệt ở đây là lòng khi khách gọi mới cắt lên giữ được độ tươi và mộng nước của lòng , mấy nơi khác cắt sẵn để lâu hay bị khô á . rắc lên trên là bánh mì chiên nè , ai thích thì gọi thêm vẫn không tính tiền . cháo ngon , lỏng nhưng đậm đà , gọi thêm cháo cũng không tính tiền nhé . rau ăn kèm nhiều , sạch sẽ",0,0,0,5,0,0
"Đây là một điểm ăn vặt lý tưởng. Quán nằm gần sát biển, đối diện với công viên .. Buổi tối quán có để một vài bàn phía bên công viẻn này nên mình chọn ngồi ở đây. Thoáng mát hơn hẳn nhưng hơi tối một tẹo. Đúng như tên gọi, bánh bèo ở đây lúc đem ra còn nóng hổi luôn. Bánh bèo nhỏ, bột hơi dày. Ăn với nhân tôm khô chấy. Bên trên có rải thêm ít bánh mì chiên giòn. Nhìn chung ăn khá ngon. Một dĩa 12k, chưa bao gồm nem chả.",0,0,0,5,0,0
"Gần biển nên chỉ cần mở cửa sổ là đón bình minh được, địa điểm rất ok",0,4,0,0,0,0
"Sân vận động đã được đầu tư cải tạo lại, sân cỏ đẹp, khán đài được làm lại đẹp hơn trước rất nhiều
",5,0,0,0,0,0
"Khách sạn Quy Nhơn gần biển, nằm trên giường có thể view trọn bãi biển qua ô cửa kính thật chill.",0,5,0,0,0,0
"Quán có không gian hơi nhỏ nên hơi chật chội . Bù lại chất lượng đồ ăn thì khỏi phải bàn . Menu của quán rất đa dạng , từ đồ nướng đến lẫu đến các món ăn chơi hay món nhậu :)) . Ăn no nê chán chê nhưng giá cả thì rẻ bất ngờ , phải nói là quá rẻ luôn . Một người cầm 70-100k là ăn tẹt ga tẹt số :)) . Đồ nướng được ướp rất thơm và thấm . Bề ngoài lẫn chất lượng đều ok . Quán sẽ luôn là lựa chọn hàng đầu mỗi khi mình ăn đồ nướng ^^",0,0,0,5,0,0
"Kem Bảo Vân nằm ở con đường ẩm thực nổi tiếng nhất nhì Quy Nhơn-khu ẩm thực Ngô Văn Sở-Trần Độc. Mình tới đây hầu như lúc nào cũng chỉ gọi một món duy nhất là kem kí :))) Kem kí ở đây nhiều vị lắm nè: sầu riêng, bạc hà, dâu, dừa, socola, khoai môn...vị nào cũng ngon, mà còn được kèm thêm các topping hấp dẫn như mứt trái cây, đậu phộng rang nữa. Mùa hè nóng bức, mình lập kèo đi ăn kem kí nè, cả hội kêu một dĩa nửa kí rồi rưới cafe lên trên, cắn thêm miếng bánh ốc quế giòn rụm nữa. Cảm giác thật yomost :""> Nếu đi 2-3 người thì kêu dĩa nửa kí là được, 1 dĩa kem nửa kí ngon lành chỉ có 26k thôi. À mà quán không chỉ có mỗi kem kí đâu nha, còn có cả bánh tráng trộn, kem cuộn, chả nướng... nữa. Nếu muốn tìm 1 địa chỉ ăn vặt tổng hợp nhiều món thì Bảo Vân là lựa chọn không tồi đâu ạ ^^",0,0,0,5,0,0
"Cảm ơn dịch vụ cho thuê xe máy quy nhơn đã giúp vợ chồng mình có chuyến du lịch thật tuyệt vời. Xe đời mới xịn xò lắm, hồi giờ chưa từng thuê xe chổ nào xịn như vậy",0,0,0,0,4,0
Nhân viên lễ tân dễ thương,0,5,0,0,0,0
"Chúng tôi đã đặt dịch vụ đưa đón sân bay trước để có thể yên tâm đi lại Sân bay Tân Sơn Nhất - Khách sạn khi ở Sài Gòn. 
Dịch vụ chuyên nghiệp và đáng tin cậy. Chúng tôi đã có cùng một tài xế khi đến và đi. Chúng tôi đã có một hành trình suôn sẻ và thoải mái. Cảm ơn bạn!!",5,0,0,0,5,0
Chỉ cần gọi điện buổi tối xe oto đón bạn tận sảnh.,0,0,0,0,5,0
Đà Lạt đi trúng mùa mưa hơi buồn,0,0,0,0,0,0
"Ốc thập cẩm, ốc trộn giá từ 50k-70k Cháo hàu , cháo thập cẩm, ốc hương , sò điệp ...chế biến k thua nhà hàng Mọi người đi quy nhơn muốn ăn hải sản ngon và no hãy ghé quán này nhé.",0,0,0,5,0,0
"Mức giá của khách sạn cực kỳ tốt. Gần biển cũng như các tiện ích cần thiết. Các bạn nhân viên cực kỳ nhiệt tình, nhất là các bạn lễ tân. Đồ ăn rất ngon, đa dạng. Có nhiều view để sống ảo. Chắc chắn sẽ quay lại khách sạn.",0,5,0,5,0,0
"nhiều người trong số các makis đặc biệt có giọt mayonnaise trên đầu trang. vẫn còn hương vị tốt, nhưng tôi thích mà không có, 
khách hàng có thể đặt hàng mayonnaise ở bên nếu họ muốn. làm cho nó là phiên bản mặc định là hơi. . không phù hợp với tôi.",0,0,0,5,0,0
"Mình đến chỗ này ba lần rồi hai lần ở hà nội và lần này là ở quy nhơn nè ^^ !!. Trà sữa của bobapop thương hiệu chó mặt xệ luac nàu cx làm mình ưng ý 😇😇😘. Giá cả thù khỏi noai rồi. Trà thì mình mua 3Q và chanh mật ong, trân châu thì dai dai ko cứng bánh flan thì mịn và mềm mùi thơm, suong sáo thì bth. Trà thì mình gọi 50 đá 50 đường uống cực vừa ko ngọt quá mà cx ko nhạt. Vì trà khá rõ thơm thơm. M lúc nào cx cực thik logo của bobapop dễ thương lắm luôn ý mà lúc nào cx thay đổi . Nói chung là sẽ ủng hộ lâu dài 😍😍😘😘.",0,0,0,5,0,0
"Hướng dẫn đến kịp thời. Anh ấy nói tiếng Anh tốt. Ông ấy rất sẵn lòng đáp ứng nguyện vọng của chúng tôi để thêm vào sự bố thí của nhà sư. 
Ông đã giải thích rất nhiều về lịch sử của Lào tại bảo tàng và các ngôi chùa. Rất khuyến khích!",5,0,0,0,0,0
gon. 4 người ở sài gòn xuống ăn chỉ hết 1200 chẹo. Quá rẻ. Mà chất lượng,0,0,0,5,0,0
"Xe mới, máy móc chạy êm, gúa cả lại cực phải chăng! Thích nhất là vừa xuống bến xe, đi bộ vài bước là có xe máy đi ngay, sướng gì đâu! Đặc biệt là chú chủ xe rất dễ thương và nhiệt tình!!! 😊😊😊",0,0,0,0,5,0
"cô vệ sinh phòng chưa dọn minibar, nhưng không sao, do bạn lễ tân rất dễ thương có xin lỗi nên mình vẫn đánh giá 5sao.",0,5,0,0,0,0
"Sân bay địa phương, nhưng sẽ là sân bay Quốc Tế (bay thẳng Trung Quốc) nên nâng cấp đẹp và hiện đại, sạch sẽ. Phòng chờ thương gia khá tiện nghi và rộng rãi. Hài lòng
",0,0,0,0,4,0
"Quán bán đủ món, cháo lươn miến lươn, bún phở tái nạm xương giò đầy đủ, có nhiều lựa chọn. Mình là fan ruột của quán, ăn thay đổi món mà không ngán, vì mình ăn những quán khác húp nước hay bị say bột ngọt, quán này ăn húp nước không sao nên ăn ở đây thường xuyên luôn. Mình hay ăn miến lươn, lươn ở đây hay hết sớm. Nhưng quán bán món xương bò là thường được khách chuộng, sáng nào khách xung quanh ăn cũng gọi xương bò, bán tô chất lượng lắm.",0,0,0,5,0,0
"Phòng view biển đẹp, nhân viên thân thiện dễ thương. Cơ sở vật chất tương đối mới. Giá rẻ so với chất lượng phòng.",0,5,0,0,0,0
"Nhân viên thân thiện. Phòng rộng ,sạch sẽ, tiện nghi, đi du lịch mà chỉ muốn ở phòng chơi thôi ý . Bể bơi buổi chiều chill cực kì. Quay lại Nha Trang vẫn sẽ chọn V hotel ",0,4,0,0,0,0
"Nen den an:
Hai san tuoi song
Lam mon ngon, nhanh
Gia hop ly
Phuc vu chu dao, chuyen nghiep.

Xe dua don rong rai, nhiet tinh, nhanh chong
Co rat nhieu hai san, de dang lua chon
Phong oc rong rai, sach se.

Phu hop cho gia dinh, an hai san tuoi va gia re hon FLC (Do an trong nha hang FLC se ko tuoi bang, tuy dc phuc vu cua FLC nhanh va tot hon, nhung gia se cao hon 1 ti).

Nen den de trai nghiem",0,5,0,5,5,0
"Phòng mình ở trên tầng 21 rất thoáng , phòng sạch , đẹp , mê nhất cái giường êm vừa ý mình . Bạn nhân viên nữ dễ thương cực, luôn cười và nhẹ nhàng với khách .",0,5,0,0,0,0
"Và thức ăn tuyệt vời, nhưng tia sét giết chết sự rung cảm của ""quán rượu"". Nó trông giống như một nhà hàng và điều đó hơi buồn bởi vì nó có thể là một quán bar / quán rượu to lớn!",0,0,0,5,0,0
"Khách sạn thì giá phòng ok, nhân viên cũng thân thiện nhưng mình ghét 1 điều là, trước khi trả phòng thì mình đã thu xếp hành lý không sót thứ gì, chỉ còn cái điện thoại đang sạc mình luôn nhớ sẽ rút luôn khi ra về ( vì tính hay quên), but khi ra về lại quên thiệt, mới đi đc tầm 3km thì nhớ nên đt về khách sạn nhờ lấy dùm vậy mà lễ tân báo 2 lần tìm ko ra but mình chắc 1 điều là bộ sạc nằm ở đó. Bực đến giờ dù hơn 1 năm, mình vẫn chưa mua dc cục sạc zin. Mỗi lần đt sạc lâu vào lại nghĩ đến và giận (tính gì thù dai quá). Nên hôm bữa đi 1 nhóm bạn thật đông mà mình quyết bàn ra nên quay ra đi ks khác. Đó là trải nghiệm của mình.",0,4,0,0,0,0
"Vì vậy, nơi tuyệt đẹp, Trong khi bạn chờ xe buýt, bạn có thể uống cà phê tại công viên bên cạnh nơi này, công viên đó thật đẹp.",5,0,0,0,0,0
"Ố là la ... Đi sân bay mà mình gọi 4 chổ lạ được 7 chổ đón mà giá lại rẻ . Đúng là Uber Bình Định rồi .
",0,0,0,0,4,0
"Dịch vụ thuê xe máy tại đây tốt nhất Quy Nhơn. Anh chủ rất nhiệt tình, vui vẻ. Xe ở đây đa dạng, còn mới, chạy rất êm! Khi đến Quy Nhơn bạn có nhu cầu thuê xe máy liên hệ ở đây nhé!",0,0,0,0,5,0
"Quán này mở cách đây 4 năm về trước rồi. Mình đến cũng khá nhiều lần rồi. Quán có không gian trang nhã, nhẹ nhàng mà vô cùng tinh tế. Mình thích kiểu không gian thế này. Cảm thấy rất bình yên,như bỏ quên xô bồ ở ngoài kia. Mà check in cũng rất ảo nữa. Đồ uống ở đây rất ngon và chất lượng, rất nhiều món át chủ bài ở đây như cà phê, trà, chè khúc bạch....Món nào cũng ngon cả, được pha chế rất là công phu, vị nào ra vị nấy, rất thơm ngon. Chung quy mình thấy rất đáng tiền.",0,0,0,5,0,0
Beefsteak là tốt nhất. Một chút nóng trong nhà hàng. Điều hòa không khí thường không mở. Ở thành phố này nếu bạn muốn ăn thức ăn nước ngoài là lựa chọn tốt để đến. Hy vọng tiếp tục đi.,0,0,0,5,0,0
"Cuối tuần vừa rồi gia đình tui đến đây, ngộ. Ở thành phố quen rồi, đi tàu ra một địa điểm cách thành phố có 10km mà như một quang cảnh hoàn toàn khác. Nhà hàng bè nổi, gió mát rười rượi, cá tươi bơi trong bè trông đã dễ sợ. tui với con em mượn anh chị chủ quán cái cần câu, câu cũng được dăm ba con cá sơn. hehe sẽ quay lại đây.",0,0,0,5,0,0
"Dịch vụ ok.ql thân thiện , Nv phục vụ chuẩn k cần chỉnh , cơ sở sạch sẽ , mỗi tội hơi xa trung tâm tí...còn lại good. 5* cho dịch vụ",0,5,0,0,0,0
"Dịch vụ rất tốt. Waitress giải thích các món ăn và kết hợp. Thực phẩm đến một cách kịp thời và được phục vụ nóng. 
Tất cả mọi thứ cần thiết để ăn các bữa ăn đã được phục vụ bởi các cô hầu bàn mà không cần phải hỏi, đủ tấm, bạc, khăn ăn và gia vị. Thức ăn rất ngon. Lớp vỏ trên bánh pizza đã được nướng hoàn toàn và rất trang nhã. Spaghetti và Pasta với sốt kem là rất tốt. Quản lý và cô phục vụ đã kiểm tra với chúng tôi trong suốt bữa ăn để xem mọi thứ có ổn không và nếu chúng tôi cần gì.",5,0,0,5,0,0
"Đi bộ vài bước chân là tới biển. Nhân viên nhiệt tình, chu đáo",0,5,0,0,0,0
"Mình rất hài lòng về thái độ phục vụ của mọi người, phòng sạch đẹp, view quá tuyệt vời, giá rẻ!",0,5,0,0,0,0
"Dịch vụ rất tốt, nhân viên chu đáo nhiệt tình, giá cả phải chăng, hợp lí. Địa điểm lí tưởng để cho cả nhà du lịch. Sẽ giới thiệu cho bạn bè và nhiều người khác nữa.
",0,5,0,0,0,0
"Đứng trên Hải Đăng quan sát Cù Lao Xanh cực đẹp, nhưng cẩn thận vì có chó dữ nên phải gọi đt cho những người canh giữ Hải Đăng trước để họ xích chó lại
",4,0,0,0,0,0
"Nhân viên cực kì thân thiện ân cần, chu đáo và check in nhanh gọn.",0,5,0,0,0,0
"Quảng trường xanh, rộng và thoáng mát của thành phố biển Quy Nhơn, rất thích hợp cho việc đi bộ. Ở đây đối diện vs các con đường lớn của TP, các tòa nhà ngân hàng cao tầng, siêu thị Coopmart, có vị trí khá thuận lợi. Nơi đây là nơi tổ chức các hoạt động vui chơi như hội chợ, Tiger Remix, Bài Chòi,... I love this square very much! 😇. Let's go to Quy Nhơn City Square. It doesn't make you disappointed.
",5,0,0,0,0,0
"tôi đã đến và thưởng thức. nhà hàng phục vụ rất chuyên nghiệp, các món ăn hải sản đều tươi sống . nấu ăn rất ngon.",0,0,0,5,0,0
"đến đây ăn thường thì mình đi tránh ngày lễ , vì ngại đông , thường thì mình gọi gà hấp hành 2 vợ chồng thêm con nhỏ thì gà hấp hành vs cháo lòng gà thì đúng bài , chất lượng gà tốt nhất trong mấy quán gà mình ăn ,k thể so sánh vs gà nhà nhé các bạn , mình thích nhất ở đây có ghế ngồi cho bé ăn , đi ăn vs con mà cực nhất là chổ cho bé ngồi. nhân viên phục vụ rất nhanh nhẹn! còn không gian thì khá phù hợp vs nhiều lứa tuổi",0,0,0,5,0,0
"Địa chỉ thuê xe uy tín, xe mới chạy êm. Anh chị chủ vui vẻ, rất nhiệt tình ạ. Giao nhận xe bất kể ngày đêm.",0,0,0,0,4,0
Ngon đấy vừa cho cả gia đình ăn nhòe 4 người lớn có 625k bảo sao đông,0,0,0,5,0,0
"Mình đi ăn ít khi review mà lần này phải đăng nhập vào để tăng view cho quán. Đi du lịch Quy Nhơn 2 ngày mà đây là quán mà nhóm mình ưng ý nhất, đồ ăn chế biến tươi ngon, phục vụ nhiệt tình, giá cả ok, ăn đứt mấy quán dọc bờ biển Xuân Diệu, ma không hiểu sao quán lại vắng nhỉ. Anh chủ rất dễ thương và tốt bụng, tụi mình để quên đồ đi được đoạn xa rồi mà anh chủ phóng xe chạy theo đưa trả lại, cảm động hết sức và thấy iu con người Quy Nhơn gê, hihi, sẽ giới thiệu cho bạn bè nếu đến Quy Nhơn",0,0,0,5,0,0
Chắc có lẽ không có dịch vụ nào vừa sửa chữa xe máy + kết hợp với lại cho thuê xe máy như dịch vụ Xuân Tính tại Quy Nhơn vừa gọi điện chưa tới 5 phút là có mặt .Điều đầu tiên là nhìn thấy xe là thấy thích rồi xe thì mới lại được rửa rất sạch sẽ nhiêu đó có thể cho 5 sao rồi .Tiếp đến vợ chồng anh chị chủ rất nhiệt tinh tư vấn cho mình những địa điểm du lịch cũng như hàng quán ăn vặt tại Quy Nhơn tiếc là chỉ có 5 sao chứ còn thì mình cũng sẽ đánh giá cho dịch vụ Xuân Tính .😍😍😍 Trên cả tuyệt vời (Very good ),0,0,0,0,5,0
"Đến Quy Nhơn du lịch lần đầu tiên, mọi thứ đều rất lạ lẫm với nhóm mình. Cũng có thể tìm kiếm được cho thuê xe máy tốt và chất lượng, anh chủ trở lại nhiệt tình hỗ trợ nhiều thông tin, mọi thứ rất dễ trở nên tuyệt vời và dễ dàng hơn. ",0,0,0,0,5,0
"dịch vụ này làm tôi rất hạnh phúc, họ có rất nhiều xe máy tốt cho bạn lựa chọn 5 sao cho doanh nghiệp của họ. Tôi chắc chắn các bạn sẽ nhận được rất hài lòng về chất lượng, giá cả và thái độ phục vụ ... Hãy thử ít hơn một lần nếu bạn cần một chiếc xe máy để làm cho bạn tự do trên mọi con đường bằng chính bản thân bạn. Đây là kinh nghiệm tốt của tôi khi thuê một chiếc xe máy khi tôi đến thăm quy nhơn và tôi muốn chia sẻ với mọi người trên thế giới điều tốt đẹp này ở Việt Nam 😘",0,0,0,0,5,0
"Quán vỉa hè mà chất lượng rất ổn, lần nào từ Sài Gòn ghé qua Quy Nhơn bọn mình cũng ghé. Mình chưa tìm được quán nào giá cả phải chăng hơn mà chất lượng đồ ăn thức uống nói chung lại good như vậy. Phục vụ dễ thương.",0,0,0,5,0,0
"Hi, cảm ơn Review rất chất lượng của Bạn dành cho Quy Nhơn Tourist. Chúc Bạn luôn vui và có nhiều chuyến tour thú vị sắp tới trong tương lai.",0,0,0,0,0,0
"Phòng sạch sẽ, thơm, chị lao công cũng dễ thương hoà đồng. Cô chú chủ cực kỳ cute luôn á mọi người. View phòng đẹp, xung quanh yên tĩnh. Mọi người nên ghé nhaaaa.",0,5,0,0,0,0
"Thật sự mình rất hài lòng về chuyến đến Quy Nhơn lần này, con người ở đây khá thân thiện, dịch vụ thuê xe máy của các bạn cũng vậy, xe đi tốt, các bạn nhiệt tình mình cảm ơn rất nhiều!",0,0,0,0,5,0
Quán bánh xèo tôm nhảy này mình thấy có rau sạch mà các quán bình dân khác không có mà ngồi ăn phòng lạnh nữa chứ. Giá cả bình dân từ 15k đến 25k thui mà nhìn quán sang chảnh lắm. Ai đi du lịch quy nhơn hay chưa ăn thì dùng thử quán này nhé.Có cả bánh căn nữa. Mình là mình kết quán này nhất á.,0,0,0,5,0,0
Đã thử qua sữa tươi trân châu đường đen nhìu quán nhưng hôm nay mới uống thử của bobapop ! Có độ ngọt vừa phải cộng thêm vị béo của sữa nói chung tuyệt vời ông mặt trời ☀️ ! Nhân viên nhiệt tình và khá thân thiện vs không gian thoáng mát và sạch sẽ !!!,0,0,0,5,0,0
"Tối qua đã ăn lẩu sứa chỗ khác, nên nay vô đây mình gọi đúng 3 món khác: Bánh xèo tôm nhảy (tôm cực ngon và nhiều), cơm chiên cá mặn (cá mặn một đống ăn xỉuuu mà ngon), mì xào hải sản (mực tôm ăn ngập mặt). Giá hơi cao nhưng cảm thấy xứng đáng. Highly recommemd!",0,0,0,5,0,0
"Vợ chồng anh rất dễ thương, nhiệt tình ngay lúc thuê xe, mà không cần đặt cọc tiền trước, anh cẩn thận để giấy bảo hiểm và cà vẹt xe trong cốp, để trường hợp Công An kiểm tra xe. Xe cho thuê xe mới, giá xe ga 150k-160k tuỳ chiếc. Mình thuê xe AB nên 150k/ chiếc. Anh còn hỗ trợ vợ chồng mình gọi taxi giá rẻ, đi giá hợp đồng đi từ sân bay về TP là 160k cũng như từ TP đi Sân bay, cảm ơn vợ chồng anh Xuân Tính. Lần sau có ra QN vẫn ủng hộ đi bên anh",0,0,0,0,4,0
Ok mua sắm nhưng rất nóng. Nơi tốt cho quà lưu niệm Sài Gòn hoặc Việt Nam. Giá cả khá tốt trên một số mặt hàng.,0,0,0,0,0,0
"Ở đây view đẹp, nhiều khách du lịch nước ngoài nhưng đồ ăn với đồ uống thì lại hơi đắt và ko ngon nữa. Ở đây buổi tối rất tuyệt, lãng mạn, có nhạc nữa, nhạc hơi to, phù hợp với các đôi yêu nhau hay đang tán tỉnh nhau
",0,0,0,4,0,0
"Lần đầu được dẫn đến quán ăn và khá thích. Quán nằm ngay cạnh khách sạn mường thanh. Không gian rộng rãi, có hai tầng, view nhìn ra biển rất đẹp. Đi ăn tầm chiều tối là gió biển lên mát ruời rượi luôn. Menu đa dạng, nhiều món cho khách lựa chọn. Chuyên về các loại hải sản tươi sống, ngoài ra còn có một số món ăn chơi khác. Các loại tôm và mực ở đây ăn tươi lắm nha. Đặc biệt tôm hùm mà Giá cả tương đối hợp lí, chất lượng ổn, chế biến hợp vệ sinh. Nhân viên phục vụ nhanh nhẹn, không phải đợi lâu. Thích nhất là ăn lẩu hải sản, với cả tôm, cua hấp sả. Quán có nước chấm riêng đặc trưng, giờ nhắc còn thèm Chủ quán và nhân viên nhiệt tình phục vụ nhanh nhẹn.",0,0,0,5,0,0
Mình thích không gian ở đây. Rất thoáng và sạch sẽ. Không khí Đà Lạt mùa này rất mát mẻ.,0,4,0,0,0,0
"Phí nước uống tại phòng chứ ko miễn phí, thiếu ấm đun siêu tốc",0,4,0,0,0,0
"Vị trí trung tâm, đi lại thuận tiện. Phòng sạch sẽ, giường êm",0,5,0,0,0,0
Quán bar rất đẹp và có góc nhìn đẹp từ cấp 4. dịch vụ là tốt đẹp và một chap đáng yêu để giới thiệu trong thành phố.,5,0,0,0,0,0
"Đi là muốn ở lại luôn, cái view gì dễ thương cute cực <3, nhìn là muốn yêu đời luôn. À mình nghe nói view của holika chuẩn bị thay diện mạo mới đấy không biết view như thế nào nên mấy fen tranh thủ check view dễ thương này đi nhé. Cùng chào đón diện mạo mới của Holika nào <3. trà sữa ở đây thì khỏi bàn r né giá cả ok còn về vị thì ngon mình thích cái lớp máng sữa ở trên ý béo béo tuyệt vời luôn nè <3 <3. 1 fan của holika cho hay nhé <3 <3",0,0,0,5,0,0
"Xe chạy ngon lành, giả cả quá ok so vs mặt bằng chung ở Quy Nhơn. Ng cho thuê rất vui vẻ nhiệt tình.",0,0,0,0,5,0
"Ngày 16/6 vừa qua quán có cập nhập thêm món mới ""Trứng cút nướng"" với thành phần chính trứng cút, bò khô, mực khô, ruốt... đã hòa quyện với nhau mang đến cảm giác lạ miệng. Với những phản hồi tích cực quán mong muốn đem lại thêm những món ăn vặt ngon, hợp túi tìên của sinh viên, học sinh. Rất mong được phục vụ các mem khi ghé tới quán. 😘Thương lắm, thương lắm",0,0,0,5,0,0
"Quán này nhỏ nhưng trang trí quán khá là xinh xắn. Menu cũng đa dạng nhiều loại, thạch đồ khá là phong phú, giá cả theo mình là rẻ hơn so với SG nhìu :)) Trà chanh trà tắc ở đây pha phải nói là ngon, mình uống trà sữa mà cứ lăm le mấy ly trà đó của mấy đứa bạn Quán có nhận deliver luôn, và giao hàng cũng khá là nhanh và đúng giờ Quán bán mấy loại snack ngon ngon ko ah, tám tám rồi ăn snack rồi uống trà uống sữa thấy đúng bộ dễ sợ luôn",0,0,0,5,0,0
"Là 1 khách sạn lớn tiêu chuẩn quốc tế thì chẳng có gì phải bàn về chất lượng phục vụ tuy nhiên đấy chỉ là đối với khách còn đội bảo vệ ở đây ko mấy thiện chí vs các bên sự kiện luôn theo dõi sát xao để bắt lỗi phạt tiền ( 1 lần tôi thấy họ …
",0,4,0,0,0,0
"Chuyến đi này là chuyến thăm đầu tiên hôn thê của tôi . Tôi muốn cô ấy để có được một cảm giác Việt Nam ngoài Hà Nội và Hồ Chí Minh (mà chúng tôi cũng đã đến thăm trong chuyến đi này). Quy Nhơn đã được đề nghị bởi một cố vấn đáng tin cậy và chúng tôi rất vui mừng chúng tôi đã đề nghị. Tôi chọn cho hai ngày trong Căn hộ cao cấp Ban công tại Life của một bãi biển. Từ đầu đến cuối toàn bộ đội đã đáp ứng, chào đón, và vui vẻ. Họ thực sự không có một góc nhỏ của thiên đường ở đây. Phạm vi của các lựa chọn hấp dẫn về sở hữu có nghĩa là có một nơi để mỗi ngân sách. Bất kể, cơ sở vật chất được sạch sẽ và duy trì tốt. Thực phẩm là tuyệt vời và chúng tôi đã vui mừng có cơ hội để dự phần Tiệc tối xã. Các căn hộ nằm lẽ 125 km từ tài sản chính và nhìn ra một bãi biển liền kề / vịnh. Việc đi bộ giữa hai địa điểm đi trực tiếp qua làng. Nụ cười rất nhiều và banh mi phụ nữ (chỉ ăn sáng) là một ngôi sao nhạc rock. nước dồi dào nóng, tuyệt vời a / c, và wifi mạnh mẽ với một cái nhìn chúng tôi sẽ không bao giờ quên. Có một con gà trống trong làng ... anh sẽ chắc chắn bạn trải nghiệm không thể nào quên mặt trời mọc :) Chúng tương tác với khách du lịch từ khắp nơi trên thế giới ở đây và hy vọng sẽ có cơ hội để trở lại một lần nữa sometime sớm. Đặc biệt cảm ơn Steve cho sự chú tâm của mình để truy vấn (nhiều) email của tôi cũng như hỗ trợ sắp xếp chuyển sân bay.",0,4,0,0,0,0
"Con ab 2017 vừa thuê này ngon và chất, xe êm cực, vi vu cafe chốt hợp đồng ngon. giá vừa phải, với tôi , tôi cần xe mới và ngon và tôi hài lòng về dv bên bạn",0,0,0,0,5,0
"Tôi thuê xe 4 ngày 3 đêm, dịch vụ xe bên mình nhiệt tình và chu đáo, cám ơn bạn.
",0,0,0,0,4,0
Thương hiệu chả ram tôm đất bình định nổi tiếng nhất,0,0,0,5,0,0
"Đã ăn ở đây, đồ ăn ngon, sạch sẽ, giá mềm, chủ quán nhiệt tình. Mình kêu hơi nhiều món, ăn không hết nên bỏ lại, chú quán thấy vậy ra hỏi món ăn như thế nào mà bỏ lại, rồi chủ động không tính tiền món đó. Cách phục vụ rất nhiệt tình, đáng để đến lần nữa! :)",0,0,0,0,0,0
"Phòng rộng, sạch và thoáng mát.",0,4,0,0,0,0
"Đi rồi và thấy không có gì phải bàn về một nét văn hóa mới hay ho lại thuận tiện dành cho dân Sài thành, 
với tâm thế dạo sông hóng gió và trải nghiệm nét văn hóa mới giữa lòng thành phố năng động.",4,0,0,0,0,0
Dịch vụ ngắm san hô ngay cạnh hòn sẹo thực sự giản đơn và chưa chuyên nghiệp. Sóng to không dành cho những ai dễ say sóng. Khung cảnh thiên thực sự tuyệt vời. Nước biển trong xanh nhìn tận đáy.,4,0,0,0,0,0
"Trong một chuyến thăm Hồ Chí Minh gần đây, chúng tôi quyết định rằng chúng tôi cần một điều gì đó khác biệt để làm. 
Chúng tôi không muốn bất kỳ chuyến du lịch có tổ chức nào chỉ là một cái gì đó khác biệt trên sông. 
Chúng tôi đã tìm thấy Vina Express trên internet và quyết định dùng thử dịch vụ này. 
Dịch vụ phà đã hoạt động một vài năm nhưng gần đây đã hoạt động trở lại và là một ngày tuyệt vời cùng bạn bè và gia đình đến Vũng Tàu. 
Phà rời bến mỗi giờ từ 08:00 và mất khoảng 90 phút để đến Vũng Tàu. Hãy mang theo khăn tắm biển vì Vũng Tàu là nơi bạn muốn dành trọn một ngày. 
Họ có những bãi biển tuyệt vời với tiện nghi phòng thay đồ và cũng có công viên giải trí trên đỉnh đồi có thể đi đến bằng cáp treo. 
Chúng tôi thuê xe tay ga băng qua đường từ bến phà và dành vài giờ đi xe quanh thị trấn.",4,0,0,0,4,0
Món ăn tuyệt vời cho mọi khẩu vị kể cả Người ăn chay như tôi. Nhân viên thân thiện và giá cả rất tốt. Họ cũng có một lựa chọn đồ uống tốt cả có cồn và không.,5,0,0,5,0,0
"Mình được bạn giới thiệu quán này, nghe nói nổi tiếng nhất ở đây, khá là hào hứng để thử, có bún rạm vs bún tôm, mình thử bún rạm, mà hôm đó mình ăn bún nhạt quá, được cái ăn ko tanh với nhẹ bụng, cũng đáng để thử, quán đông khách lắm, phục vụ nhanh, sạch sẽ",0,0,0,4,0,0
"Bãi biển nằm trên đường Xuân Diệu, gần Tượng Đài Chiến Thắng. Chiều tối có thể đi dọc bãi biển, ghé Surf Bar ngắm biển, uống ly cà phê hoặc cocktail.",5,0,0,0,0,0
Đi nhóm cắm trại hoặc đi thuyền qa đảo chơi mà ăn hải sản ok lắm luôn còn nhiều hình lắm mà lấy hình gần nhất mới đi hôm qua 💃🏻,5,0,0,5,0,0
"Trà sữa, trà đào thơm, ngon, thạch ăn rất vừa mềm vừa miệng, bánh su nho nhỏ xinh xinh ăn rất dễ thương, vừa mềm ngọt, béo vừa phải, tan trong miệng, bánh crep cũng thơm nữa, huhu! Phong cách phục vụ rất nhiệt tình, mình đang vội nhưng các em rất nhanh nhẹn, vui vẻ. Rất rất rất vừa lòng. Lần sau sẽ ủng hộ dài dài, rất yêuuuuu",0,0,0,5,0,0
"Cám ơn Uber Bình Định đã cho tôi trãi nghiệm thú vị về Du lịch và giá gói cước rẻ , dể dàng đàm phán hợp đồng . Phải nói rõ thế này tuy không đúng Uber như Hà Nội và Sài Gòn . Nhưng dịch vụ không khác mấy mà có khi các bạn còn làm tốt hơn . Thank .",0,0,0,0,4,0
"mọi thứ đều ok, không có chỗ nào để chê hết. khách sạn làm việc rất chuyên nghiệp, chu đáo",0,4,0,0,0,0
"Xe chạy nhanh, có xe trung chuyển, trên xe ngoài nước thì có thêm sữa đậu nành.",0,0,0,0,5,0
"Tụi mình đi Quy Nhơn vào đầu tháng 7,lúc đến chỗ nghỉ được sự giới thiệu của chị chủ homestay tụi mình đến quán thuê xe gần chỗ nghỉ ở 162 tây sơn thuê xe máy tầm lúc 13h và tụi mình thuê đến tầm 9h đêm hôm sau,với giá 100k/ngày. chú rất tận tình chỉ chỗ chơi và chỗ đỗ xăng và xe chạy ổn, tầm giá khá rẽ,vì bạn mình đi đợt tháng 6 thuê xe tốn 150/ngày nên mình thấy giá rẻ hơn có thể tiết kiệm chi phí và gần khu vực bến xe quy nhơn thuận tiện cho việc đi chuyển",0,0,0,0,4,0
Đến quán thấy không gian quán khá ấn tượng với màu vàng chủ đạo. Nhưng mà bàn thì hơi dơ và tường thì loang lổ vết sơn tróc. 😌. Mình gọi trà sữa lắc trà đen nhưng mà ko thật sự ấn tượng. Vị nhạt tuy là cũng có dễ uống. Nhưng trân châu quá ngon. Dai vừa phải và ko bị cứng hay sượng. Ko phải quán nào cũng được điều này đâu 😊. Nhân viên order và phục vụ đều rất ổn,0,0,0,5,0,0
"sạch sẽ, gần sát biển, view đẹp, nhân viên nhiệt tình ạ. có dịp sẽ ghé lại",0,5,0,0,0,0
"Nhân viên nhiệt tình, vui vẻ. Phòng ốc rộng rãi, chất lượng âm thanh tốt.
",5,0,0,0,0,0
"Khách sạn đẹp, có 3 thang máy nên rất tiện. Tầm nhìn qua cửa sổ cũng ok dù chỉ thấy một phần biến. Phòng tiện nghi và sang trọng",0,5,0,0,0,0
"Giao xe và đến tận nơi trả xe rất tiện cho khách hàng Chỉ cần cmnd là thuê được, thủ tục thật đơn giản. Mấy bạn giao xe rất nói chuyện rất hài hước và vui vẻ",0,0,0,0,4,0
"Phòng đẹp, ấm cúng, lễ tân nhiệt tình hỗ trợ.Vị trí thuận tiện đi đến các điểm du lịch trong nội thành, chợ đêm, ăn uống",0,5,0,0,0,0
"Tới thành phố biển Quy Nhơn du lịch đi chơi chụp ảnh nhiều nên chân mình mỏi rã rời. search google thì may sao tìm thấy chỗ này. Cũng may mình đặt lịch trước không thì đến phải đợi . Chỗ này tối đông kín ghế, không gian thiết kế ổn, ấm áp,tone màu hợp với những đứa chuyên sống ảo như mình. Tay nghề của các bạn KTV khá ổn, chịu khó hỏi han khách cần gì và lễ phép. Giá tiền cho 1 lần massage chân là 200k/60p. Ở thành phố du lịch mà mức giá như vậy mình thấy rất hợp lý. Mọi sự mệt mỏi đều tan biến. Mình sẽ ghé lại khi có dịp du lịch Quy Nhơn tiếp.",5,0,0,0,0,0
"Hải sản tươi ngon, giá cả phải chăng. Đầu bếp chế biến tốt. Nhà vệ sinh cần cải tạo sạch sẽ hơn.",0,0,0,4,0,0
"Vé vào cửa biển khá rẻ, bên trong
sạch sẽ, có nhiều cây và đặc biệt có những nhân vật trong câu chuyện cổ tích được dàn dựng thành tượng rất hay,.phong cảch đẹp, Mát mẻ vì gần biển sống ảo là tuyệt vời",5,0,0,0,0,0
"Kensi có nước uống ngon, thưởng thức một ly Hồng trà chanh dây thanh mát vị chua nhẹ, đánh tan nóng bức trong người. Nhân viên phục vụ lịch sự, dễ thương, bạn Bartender thì hơi nhút nhát, nhưng pha chế nước rất chăm chút.",0,0,0,5,0,0
"Tuyệt vời, giá ok, sẽ quay lại đây và giới thiệu cho bạn bè",0,4,0,0,0,0
"Được bạn giới thiệu đến quán , lúc đến thấy quán hơi vắng nên cũng e ngại nhưng bà chủ rất nhiệt tình nên mình vào chọn vài món, phải nói là ăn ngon hợp vị của mình, nhân viên rất niềm nở m thấy hài lòng về bữa ăn và giá cả, tiếc là quán chưa được nhiều người biết đến
Cho quán 5 sao , năm sau có dịp m sẽ quay lại ủng hộ
",0,0,0,5,0,0
"Món ăn ngon, chị chủ quán dễ thương tuy quán, giá cả hợp túi tiền, tuy quán ko có không gian trang trí đẹp nhưng tất cả mọi thứ khác đều ok, sẽ ghé lại nhiều lần nữa",0,0,0,5,0,0
"Có chú siêu nhiệt tình , tốt tính 🤩🤩🤩 xe có giấy tờ và mũ bảo hiểm để sẵn trong cốp, khi thuê không cần tiền cọc trước mà chỉ cần CMT và Sđt 🤩🤩🤩💯💯💯",0,0,0,0,4,0
"Quán này cũng khá nổi ở QN. Không gian tuy hơi nhỏ nhưng trang trí dễ thương nè. Nhân viên cũng dễ thương và nhanh nhẹn, anh chủ quán dễ thương luôn Menu khá đa dạng, trà chanh trà sữa trà đào bla bla. Có size lựa chọn luôn. Mình uống trà chanh cũng ngon mà lần sau uống trà sữa cũng okay nốt Nếu có dịp sẽ uống lại",0,0,0,5,0,0
"Mình đến quán do nó khá gần Hostel mình ở, lần đầu được ăn phở đúng gốc Hà Nội và cảm thấy không hề thất vọng tí nào. Phở ở quán vị rất ngon và đậm đà, mùi bò rất thơm và thịt mềm dễ ăn. Mình thích ăn hơi cay nữa nên thêm tí ớt vào là tuyệt vời luôn, đúng chuẩn kì vọng của mình. Đến quán sớm nhưng cũng khá đông khách, may mà cũng ko cần phải chờ đợi gì lâu",0,0,0,4,0,0
"Điểm hẹn quen thuộc của mình vào những ngày trái gió trở trời :))) thiệt sự là quán này nếu khôg gian rộng hơn chút nữa thì quá tuyệt vời, khách đông nhưng không gian hơi chật nên khá ồn ào. Nghe a chủ nói chuẩn bị decor lại quán hy vọng là thêm nhiều view sống ảo mới ^^ . Trà sữa ở đây thì ngon khỏi nói rồi, thơm ngon, vị ngọt vừa phải, giá cả lại phải chăng. Nhân viên phục vụ nhiệt tình , thân thiện, chủ quán kute dễ thương vô đối ^^ sẽ là khách ruột của quán ni hihi",0,0,0,5,0,0
"Các bạn hỗ trợ nhiệt tình, xử lý hỗ trợ vừa lòng khách",0,4,0,0,0,0
"Đang giảm cân mà nhìn cái combo này là bao nhiêu ý chí giảm cân lại tiêu tan 😂😂 Mình là fan của matcha trà xanh , phải nói là cực ưng ý matcha ở đây luôn . Quán này view đẹp khỏi bàn rồi . Menu thì quá trời các loại đồ uống , có kèm theo bánh nữa . Bánh ở đây loại nào cũng ngon hết :3 giá cũng phải chăng nữa . Nói chung là ai đến đây thì cứ chọn cho mình một ly matcha trà xanh hay chocolate với một loại bánh nào đó thì quả là một lựa chọn tuyệt vời 👍",0,0,0,5,0,0
"Bạn có thể nhìn thấy nhiều cảnh đẹp của thành phố trong khi bạn thư giãn trên một chiếc thuyền và chụp 
nhiều bức ảnh như bạn muốn với nhiều điểm dừng. Nó chỉ có 30 Dng cho 3 giờ đi xe.",4,0,0,0,4,0
"Gần chợ đêm, quảng trường, nhân viên nhiệt tình",5,0,0,0,0,0
"xe buýt nước sài gòn giúp bạn khám phá sài gòn qua góc nhìn từ phía đi tàu thủy, rất tiết kiệm chi phí, cảm giác lạ cho khách du lịch nước ngoài",0,0,0,0,5,0
"Giá cả rất hợp lý, nhân viên dễ thương, khách sạn có nhiều tiện ích rất tiện lợi. Nhờ villa mà nhóm đã có một chuyến du lịch rất thoải mái và nhiều kỷ niệm.",0,5,0,0,0,0
"Nhân viên phục vụ thân thiện, nhiệt tình. Suite sạch sẽ, view đẹp và có nhiều tiện nghi cho gia đình.",5,5,0,0,0,0
"Mỗi lần ghé thăm tôi đều phải ăn ở đó, thực sự là một trong những món ngon nhất, tôi gần như đã thử hầu hết thực đơn ở đó, tôi rất khuyên bạn nên",0,0,0,5,0,0
"Bước vào quán ôi dời ơi Boss auto dễ thương nha. Không gian nhỏ xinh xen lẫn ánh đèn vàng tạo cảm giác ấm cúng. Nhân viên vô cùng thân thiện... Còn về phần pizza vỏ bánh dày vừa đủ, không cứng, giòn nhẹ, nếu lớp bột phủ bên ngoài ít lại thì còn tốt nữa. Nhân bánh ngon nhưng ko nhiều, gia vị theo kiểu Tây, hơi nhạt, thơm mùi phô mai. Theo cảm nhận của mình thì mình xin đề xuất mọi người gọi pizza từng loại riêng vì thập cẩm ko ngon lắm, có lẽ vì nó mix... Nói chung là rất OK mọi người nên đến thử.",0,0,0,5,0,0
"Hòn khô đẹp, sóng yên hơn Kỳ Co, biển trong xanh, lên ảnh đẹp lắm nha. Ở đây mình lượn rất nhiều ốc, xinh lắm, có mấy mẩu san hô gãy dạt vào biển nên mình nhặt luôn.
Mình còn đi phao chuối nữa, cảm giác thích mê lắm
Mình chỉ tiếc là lúc chiều ra hơi muộn nên phần đường đi giữa biển bị sóng lên cao quá chưa chụp được.
Nếu các bạn đi nên đi vào buổi sáng hoặc trưa để thấy được bãi cát giữa biển lớn nha :D mình nhìn trên ảnh đẹp lắm đó",5,0,0,0,0,0
"Gotour là công ty du lịch uy tín tại Quy Nhơn mà tôi từng biết, hướng dẫn viên ngoài nhiệt tình và vui vẻ , còn biết chụp ảnh cho khách hàng rất đẹp. Gia đình tôi hài lòng về chuyến đi vừa rồi. Hẹn gặp lại Gotour Quy Nhơn những dịp khác",4,0,0,0,0,0
"Bobo station trần cao vân, hôm nay có dịp ghé bobo trần cao vân uống , nước uống ở bobo thì ngon rồi không gian tuy nhỏ nhưng cách bố trí khiến cảm giác bước nào không nhỏ tí nào , nay mùa noel nên quán trang trí khá đẹp mắt , nay cũng sống ảo được vài tấm ưng ý , chỉ là bobo oqr trần cao vân hơi xa nơi mình ở nên mình hay ghé bobo diên hồng hơn , nhưng nước uống vẫn rất chất lượng , quán lúc nào cũng tấp nập khách , mình hay order trà ô long , có dịp các bạn nên thử , mùi vị khá hấp dẫn,",0,0,0,4,0,0
"Hình phòng giống với thực tế. Yên tĩnh, phòng sạch sẽ, nệm nằm thoải mái, view thoáng dễ chịu. Xung quanh villa có nhiều cây xanh. Mức giá chỗ nghỉ rất hợp lý.",0,5,0,0,0,0
View nhà lông buổi tối đẹp.,0,4,0,0,0,0
"Quán rât sạch sẽ so với các quán còn lại, nhân viên chủ íu là người trong gia đình rất nhiệt tình thân thiệt . Nếu ăn hải sản bình dân đây là địa điểm lý tưởng hơn cả***. cả đoàn tàu mình ai ăn ở quán này cũng đều khen . và mỗi dịp tàu dưng ở quy nhơn là cả nhóm hay ghé quán ÚT LỢI",0,0,0,5,0,0
"Máy mới và tốt, máy chủ trạng thái quá vô tình ",0,0,0,0,5,0
"Lần đầu tiên chúng mình vào Quy Nhơn, do sự tình cờ nên biết được quán ốc này. Thực sự thì chất lượng phục vụ ở đây vượt trên kỳ vọng của chúng mình. Đồ ăn thì ngon, phục vụ rất nhanh và linh hoạt theo nhu cầu của khách. Ốc các loại đều tính đồng giá chỉ có 20k nên tùy bạn chọn đủ các món ăn thỏa thích nhé. Chúng mình đi 5 đứa nên càn quét menu quán, tưởng ăn ko hết mà ăn hết nhanh ko tưởng :)) Với những bạn lần đầu đến quán, ngoài các món ốc, mình đề cử các món cháo hải sản, bạch tuộc, cá nướng rất là ngon nha.",0,0,0,5,0,0
"... Trên và ngoài 'cuộc gọi của nhiệm vụ', người lái xe từ sân bay đã gọi điện có lẽ nửa giờ sau khi đưa chúng tôi xuống để nói rằng vợ tôi đã 
để quên một chiếc áo khoác trong xe và anh ấy sẽ trở về khách sạn cùng. Những gì nhiều hơn có thể được yêu cầu cho? Chúng tôi đã rất biết ơn và đánh giá cao.",5,0,0,0,5,0
"Chúng tôi đã hoàn toàn tận hưởng kinh nghiệm và kiến ​​thức rộng lớn của Phats về khu vực chúng tôi đã tham quan. 
Điều này đã giúp chúng tôi thoải mái, tránh được rắc rối và cô đọng lại rất nhiều điều trong 11 ngày dưới sự hướng dẫn của anh ấy.",5,0,0,0,0,0
"Quán nằm trên đường nhỏ, tên đường lạ nên phải search map mới bik :)) nhưng đi riết ùi cũng quen. Decor quán dễ thương, thích không khí yên tĩnh ở đây, chị chủ vui tính, cho chụp hình thoải mái, nhân viên phục vụ chu đáo, niềm nở. Mình mới thử dừa tắc, matcha, trái cây tô vị dâu, nói chung là ok, vừa miệng. Rất đáng để thử 👍👍",0,0,0,5,0,0
"đi du lịch trãi nghiệm mà chưa đến làng chài Nhơn Lý thì thật đáng tiếc mọi người nhé! Đồ ăn tươi ngon, rẻ. Dịch vụ homestay rất ok. Mấy quán café view xịn xò.",0,4,0,4,0,0
Tôi tìm thấy hầu hết những thứ tôi đang tìm kiếm ở đây. Cái chính là bánh mì siêu chất. Hoàn toàn ngon. Tôi cảm ơn rất nhiều,0,0,0,5,0,0
"Làm dịch vụ cùng nhau lâu rồi mới có dịp qua Quy Nhơn nhậu cùng thằng em cho thuê xe máy số 1 Quy Nhơn. Ngày càng phát triển em nhé, làm ăn có tâm tức sẽ có tầm",0,0,0,0,4,0
"Quán hải sản tươi, giá rất bình dân, nấu cũng rất ngon nữa. Highly recommended cho các bạn thích ăn hải sản tươi giá rẻ.",0,0,0,5,0,0
"2 vk ck lơ vơ tìm quán ăn vặt đêm, phi vô, quán ngồi thoáng, chủ quán trẻ trung dễ mến, đồ uống, sinh tố rẻ toàn dưới 20k, gọi 2 cốc kem bơ 18k/cốc ngon như ăn ở Đà Lạt 😁😁",0,0,0,5,0,0
"Đó là một nơi yên tĩnh và đẹp. Người dân địa phương rất dễ nói chuyện, họ cũng dễ mến; Người cá sống tại làng chài. Hải sản cũng rẻ. Tôi hy vọng ngôi làng này sẽ không phải là một địa điểm thương mại như mọi người đã từng làm với những nơi khác từng rất đẹp ở Việt Nam.",0,0,0,0,0,0
Quán này có ý tưởng kinh doanh khác lạ. Vào không gian như quay về năm 1989. Cơ máy lạnh thang máy là ok. Đến Quy Nhơn không ăn quán này là thiếu sót. Món ăn vừa vị. Cần bổ sung các món ăn mang âm hưởng miền quê hoài niệm. Mặt tiền quá cần in thêm các hình ảnh của bên trong quán ăn để biết phong chách quán và bố trí nhiều đèn hơn để khách đi ngang thấy. Có ý tưởng là mình ok. Cố gắng phát triển.,0,0,0,4,0,0
Các thắc mắc và thay đổi thời gian đến của chuyến bay đã được ghi nhận và phản hồi kịp thời.,0,0,0,0,5,0
"Không giang vắng, nhưng sự nhiệt tình và nhân viên ở đây lịch sự lắm
",0,0,0,0,4,0
Quán nhân viên rất nhiệt tình đồ ăn lên món nhanh ăn ngon các bạn nhân viên nam tiếp thực rất nhiệt tình nhờ lấy đồ làm rất nhanh món ăn ngoan phục phụ tốt,0,0,0,5,0,0
"Phòng sạch sẽ, nhân viên thân thiện và nhiệt tình",0,5,0,0,0,0
"Người lái xe lịch sự, hộ tống chúng tôi đến một địa điểm nhận hàng được chỉ định với túi của chúng tôi.
 Xe đã được sạch sẽ và được đưa trực tiếp đến khách sạn của chúng tôi như đã đặt.",0,0,0,0,4,0
"5 sao cho dịch vụ tốt, từ du lịch đến nhà hàng ăn uống điều đảm bảo và đúng với yêu cầu của chúng tôi đề ra, đoàn 80 người nhưng quán đã phục vụ rất hài lòng. Chúc cho quán thành công hơn nữa.",0,0,0,5,0,0
"Tại 30, 000 đồng (AUD $ 2. 50) bạn có thể làm một chuyến đi trở lại kéo dài khoảng một tiếng rưỡi và có được tầm nhìn thực sự 
tuyệt vời của dòng sông và tất cả những gì diễn ra ở hai bên. Nếu thời tiết xấu thì đây là một nơi tốt để ngồi và thư giãn và xem cuộc sống của con sông. Đưa 3 đứa con của chúng tôi và họ rất thích chuyến đi. Có một số điểm dừng bạn có thể nhận được iff tại nếu bạn thích, chúng tôi chỉ ở lại và đã làm chuyến đi trở lại. Mới của nó và có một nhà vệ sinh trên tàu.",4,0,0,0,4,0
"Không gian nhỏ nhưng ấm cúng, các bạn nhân viên nhiệt tình cực luôn nhé. Mình gọi cái set 3 gồm bò và đà điểu nướng, thêm cái lẩu 70k nữa là ăn 2ng vừa đủ ^^ Đồ nướng ở đây tẩm ướp ngon vừa miệng, nướng kèm bơ và dầu thơm nực. Lẩu ngon, nhưng bún hơi ít, toàn phải gọi thêm ~.~ Đồ ăn kèm ngon, cực thích kim chi :3 Nghe bạn mình nói pizza ở đây cũng ngon lắm mà chưa thử 😌😌 hẹn bữa sau quay lại ăn ;)))) Anyway hài lòng vs quán này ^^",0,0,0,5,0,0
"Tôi đã gọi món bánh mì kẹp thịt thuần chay. ĐỪNG BAO GIỜ gọi lại. Hộp thập cẩm này có giá 80k. Bánh cứng như đá, pattie thuần chay quá dai nên không thể ăn được. Gửi lại cho nhà bếp, hỏi đầu bếp xem anh ấy / cô ấy có muốn không Hãy ăn món này.",0,0,0,4,0,0
Quả thật rất đẹp.phong cảnh hữu tình đến rồi mà chẳng muốn đi.cách bố trí thật sang trọng và lịch lãm.tuyệt,5,0,0,0,0,0
"ói về quán cafe bình dân cho mọi lứa tuổi thì mình thấy ở quán này khá ổn, quán rất rộng và lớn nhé. Quán có nhiều view nhé, những man teen yên tâm nhé phía ngoài thì nhìn khá đơn giản nhưng ở phía trong quán có view khá zể thương lắm, với tông màu đèn vàng chụp ảnh max ảo diệu luôn. Menu của quán khá nhiều món cho mình lựa chọn, mình thấy giá cả cũng khá hợp lý trong tầm trung bình dân nhé. Quán nằm khá xa với sinh viên nên mình thấy có khá ít sinh viên đến uống.",0,0,0,4,0,0
"Đi ăn ở đây nhiều lần rồi hôm nay mới viết bình luận về quán. Quán xinh, chị chủ xinh, đồ ăn cũng xinh, giá xinh, chất lượng cũng xinh nốt. Nói chung là đối với em garden xinh toàn diện ấy. 2ac chủ vs nhân viên phục vụ ai cũng vui tính niềm nở hết. 💕🌸💓🍓🌷",0,0,0,5,0,0
"Quy Nhơn có được quán này là ưng nhất, không gian là thôi miễn bàn, trang trí tết đẹp nha, gốc nào ngồi cũng đẹp hết, thích lắm, này đi lúc sáng chụp hình cũng đẹp hơn vì có nắng, nước uống ở đây thì bình thường thôi không ngon lắm nhưng không quan trọng, Nhân viên oki,",0,0,0,4,0,0
"Thực ra mình đến Nha Trang Khá nhiêu lần, nhưng lần này mình không chon trung tâm mà chọn địa điểm khá yên tỉnh đó là khu Hòn Chồng Nha Trang, Khách sạn này nằm trên con đường Bắc Sơn không quá náo nhiệt nhưng đi lại rất thuận tiện, ra biển 50m, tiện nghi đầy đủ, đặc biệt có Hồ Bơi. Đội ngủ nhân viên rất nhiệt tình,",0,0,0,0,0,0
"Dễ tìm nằm ngay mặt đường, sân khá rộng tha hồ để oto, bảo vệ nhiệt tình, nhà không hẳn mới được cái cao thoáng, điều hòa mát đèn chiếu sáng tốt. Âm thanh không quá ồn.
",0,5,0,0,0,0
Quán sạch sẽ thoáng. Chủ quán nhiệt tình vui vẻ. Món ăn rẻ chỉ cần 100k là no bụng và thưởng thứ đc tất cả các món. Ngon bổ rẻ 🍝🍧🍨🍦🍛🎍🎉😊😊😊,0,0,0,5,0,0
"cô chú già cho thuê, cũng nhiệt tình. Có một số vấn đề mình thấy ko vui lắm mà cô chú sẽ khắc phục, Nếu nhiệt tình thì cô chú là số 1. Sẽ ủng hộ cô chú nếu lần khác ghé Kỳ co eo gió.",0,0,0,0,4,0
"Phá lấu ở đây siêu ngon luôn nhưng qua mình ăn thì phần ruột có hơi tanh chút (ít lắm nên cũng không ảnh hưởnh gì nhiều đâu). Lagu cũng ngon lắm luôn, đem ra thơm phức, thịt mềm siêu thích luôn. Nhất định ghé thử nha, ngon sạch và giá cũng ok.",0,0,0,5,0,0
Hải sản tươi ngon. Giá cả cũng tương đối hợp lý chứ không bình dân. ĐÚng kiểu tiền nào của nấy.Nhân viên phục vụ đến chủ quán rất vui vẻ và nhiệt tình.,0,0,0,4,0,0
"Ấn tượng đầu tiên là xe rất mới...có ""☆"" rồi Tiếp theo là cô chú rất là thân thiện, nhiệt tình nữa còn gì bằng...tăng lên ""☆☆☆"" Lúc nhận xe đi được 1 lúc cảm nhận là "" ô má ơi... đi còn sướng hơn xe của mình"" 😂😂😂😂""☆☆☆☆☆"" Thật tình là trước kia có ấn tượng không tốt ở việc thuê xe.... Nhưng từ khi thuê xe chú... là xác định là khách hàng lâu dài, ráng chai lỳ cho có thẻ VIP 😂😂 Bonus : chú còn sửa xe nữa - cực có tâm, cực chất lượng, cực kĩ Tóm lại là perfect❤",0,0,0,0,5,0
"Khách sạn Quy Nhơn gần biển, phòng đẹp sang trọng quá chất lượng so với mức giá.",0,5,0,0,0,0
"Khách sạn gần những địa điểm du lịch, ăn uống hot: đồi Đa Phú, tiệm gà tuk tuk, vườn dâu,.... Cách quảng trường Lâm Viên khoảng 3-4km, khá thuận tiện để di chuyển. Khách sạn phục vụ theo hình thức mới (hạn chế tiếp xúc để đảm bảo an toàn cho khách hàng) rất hay, cảm giác thoải mái như ở nhà mình.",0,5,0,0,0,0
Nên thêm biển chỉ dẫn phòng khi bước lên cầu thang,0,4,0,0,0,0
Không có điểm gì không thích,0,0,0,0,0,0
"Mình nghe bảo món matcha kem sữa quán này ngon nên uống thử. ấn tượng đầu tiên là không gian đẹp, menu nhiều món hot như ở đà nẵng mình từng uống qua matcha uống ổn trà trái cây cam uống mát mát",0,0,0,5,0,0
Rất ổn app trong tầm giá,0,4,0,0,0,0
"Quán này thấy nhiều ng recommend lắm nè, tới nơi đông ơi là đông, nv cũng rất nhiệt tình dễ thương. Mình chỉ order 3 món thôi, vì còn muốn để bụng ăn món khác nửa, ốc hương xào me, con khá to, ăn đã lắm, ốc tươi, xào me ăn vừa miệng lắm. Sò điệp nướng mỡ hành cũng ngon, ăn chung w muối tiêu xanh, nhug muối này hơi ngọt xí. Mực nướng muối ớt mình gọi 300gr, mực tươi nướng thấm, ăn rất giòn, ko dai. Sẽ ghé lại ăn nếu có dịp ghé QN lần nữa.",0,0,0,5,0,0
"E chọn gần 10 cái khách sạn rồi . chấm điểm e này cao nhất . đến lúc vào công nhận là quá ok luôn ạ. lễ Tân thân thiện , phòng veiw đẹp , sạch sẽ , yên tĩnh . mê chữ ê kéo dài luôn ik",0,5,0,0,0,0
"Khách sạn đường Trần Phú đối diện biển, nội thất hiện đại. phòng sạch sẽ. wifi và nước rất mạnh. bạn nam lễ tân nhiệt tình giúp đỡ khách",0,5,0,0,0,0
"Chúng tôi thích nó rất nhiều, chúng tôi sẽ mong được làm lại cho một bữa ăn khác trước khi chúng tôi rời Quy rèn!",0,0,0,5,0,0
"Biển Hòn Khô có làn nước trong xanh, rất sạch và du lịch không quá đông đúc. Dải san hô ở đây đa dạng, đẹp",5,0,0,0,0,0
"Là quán duy nhất bán mì cay vào cả buổi sáng nên cứ thèm khi nào là đi ăn khi đó ngay . Không gian tương đối rộng rãi, bàn ghế nhìn sạch sẽ. Sợi mì này không phải sợi mì tôm đâu , ăn vào sẽ thấy rất lạ ^^ Không gian quán nhìn cũng sạch sẽ và thoáng mát nữa .Mình mới gọi tô mì cay cấp độ 1 mà nước mắt nước mũi chảy dàn dụa rồi thì ko hiểu cấp độ 7 hắn kinh khủng như nào. Nguyên bàn mình xài gần hết cái hộp giấy quán người ta, thật là dị quá đi mà :(((",0,0,0,5,0,0
"Cũng khá lâu không ghé lại cái view hường này <3, nay quán có 3 không gian lận, nên chổ ngồi thoải mái không chật chội như xưa nữa. Quán cũng có 1 chút thay đổi sơ sơ về không gian, về giá cả thì vẫn bình dân v nhé. Về món thì có khá nhiều món mới từ cafe đến các món nước cả trà sữa nữa. à nay quán theo kiểu mình vào oder nước tại quầy luôn nhé, thanh toán luôn rồi vào bàn sẽ có nhân viên mang tới, mình thấy cũng khá là hay, quán nay khá rộng nên thấy khách hơi ít đi thì phải.",0,0,0,5,0,0
"thuê xe ở đây có một cái lợi là nếu có trả xe trễ cũng không bị tính thêm, gia cả hợp lý, dòng xe chạy êm và còn mới, có dịp sẽ ủng hộ shop",0,0,0,0,5,0
"Xe mới, tiện nghi, sạch sẽ. Lái xe thân thiện, đúng giờ. Điểm 10 cho mọi thứ",0,0,0,0,5,0
"Vi vu trên sông Sài Gòn bạn sẽ nhìn thấy một Sài Gòn thật khác lạ, thật đáng yêu. 
Một Sài Gòn không có kẹt xe, không còn khói bụi, không có những ""pha"" tạt đầu hay nhấn còi ầm ĩ ...... Một Sài Gòn nhẹ nhàng, bình yên đến lạ",4,0,0,0,4,0
"Quy Nhơn là xinh đẹp có rất nhiều quán bán hải sản Đầu tiên phải kể đến quán Hải Sỹ .Nếu muốn vừa ăn hải sản, vừa hóng gió thì hãy đến với quán hải sản biển Hải Sỹ. Quán có sự khác biệt mà nhiều quán hải sản khác không có, đó là khách hàng có thể chọn những con hải sản tươi sống còn đang bơi lội trong bể của quán và bảo nhân viên mang vào bếp chế biến đúng loại đó. Quán có không gian khá rộng, nhân viên nhiệt tình , và đồ ăn rất ngon . Sẽ ghé quán vào lần sau.",0,0,0,5,0,0
Khung cảnh. Họ quảng cáo là nhìn ra biển nhưng phòng của tôi ở tầng 5 và không có tầm nhìn ra biển vì nó bị các tòa nhà xung quanh chắn. Không nên đặt tên phòng là hướng biển,0,4,0,0,0,0
Họ đi bằng đồng hồ và đi con đường ngắn nhất.,0,0,0,0,4,0
"Nhân viên lễ tân ổn, lịch sự.",0,4,0,0,0,0
"Nếu 1 mình muốn ngồi học tập thì nơi này khá lý tưởng đeer đến
Quán nằm ở vị trí thuận tiện, trang trí khá dễ thương, nhân viên thân thiện, đồ uống pha chế vừa tuy nhiên giá cả hơi đắt 1 xíu, quán có ko gian khá nhỏ",0,0,0,4,0,0
"không lèo tèo như ở HN nhưng ăn cũng bìn thường thôi,lòng,bò,ba chỉ,bạch tuộc mà ướp vị giống y xì nhau k có j đặc biệt😂 bia quy nhơn 8k/chai rẻ thối Lẩu thì 120k đồng giá mấy loại nhưng tụi mình k ăn",0,0,0,4,0,0
"Quán kem được nhiều sự quan tâm của tất cả mọi lứa tuổi đặc biệt là học sinh sinh viên, bởi vì kem ngon mà giá rẻ thì không cách nào không có khách... tầm khoảng 6h đến 9h là quán rất đông khách và mỗi lần tới phải đợi để có bàn đặc biệt là cuối tuần... quán có rất nhiều món ăn vặt như cá viên chiên, bánh tráng trộn, trứng cút sốt me... kem các loại như kem kí, kem trộn, kem chiên... giá thành thì bao rẻ luôn nha... sẽ quay lại quán nhiều lần hơn nữa... vì cũng gần nhà...",0,0,0,5,0,0
"Hôm nay mình có vô tình đi vào do tiện mua sắm với cả có bạn làm ở đây nên cũng lần đầu ghé ăn thử. Mình đã được bạn nhân viên suggest thưe California do mình k biết mix gì cho hợp vị. Cảm nhận của mình đó là vị rất hài hoà và k bị overtasted, đồ ăn lại rất fresh nữa, rất thích hợp cho những bạn đang diet. Mình cũng nghĩ đây cũng là bữa hẹn hò hợp lý do đồ ăn cũng bắt mắt, thanh mát với cả dễ mix theo khẩu phần 2 người nữa, mình chắc chắn sẽ ghé lại !",0,0,0,5,0,0
"Thủ tục nhanh chóng, xe mới và sạch sẽ, giao xe nhanh, giá cả phải chăng và đặc biệt anh chủ rất thân thiện. Mình là khách du lịch đến còn được review cho nhiều địa điểm chơi, ăn uống ở QN rất ok. Mình rất hài lòng và có dịp mình sẽ lại ủng hộ !!
",0,0,0,0,5,0
"Quán rất rộng rãi và sạch sẽ, đồ ăn ra nhanh. Bát bún khá đầy đặn, nước dùng ngọt, có 4 loại chả cá khác nhau ăn đều ngon và hợp với nước dùng. Có thể gọi bún cá sứa hoặc gọi sứa riêng để ăn cùng bún chả cả thì nhân viên sẽ mang riêng bát sứa cũng xoài bào sợi và nước dùng ra, cá nhân mình không thích ăn sứa với món này lắm nhưng người đi cùng có khen ngon. Quán bán cả phở bò nhưng không phải sở trường nên không ngon lắm đâu",0,0,0,4,0,0
"nhất định lần sau mình sẽ quay lại vì dịch vụ & tay nghề các bạn khá tốt !
",4,0,0,0,0,0
"Là một trong những nơi đầu tiên đi đầu trong chè khúc bạch cách đây vài năm nên Kiwi rất được lòng mọi người. Từ đó tới nay Kiwi vẫn luôn cập nhật các món ăn mới trong menu của mình liên tục nên menu của quán khá đa dạng phong phú. Ngoài chè khúc bạch thì còn có các loại yogurt, hay gần đây nhất là có cả dừa tắc với cà phê cốt dừa. Chất lượng nước ở đây ổn cho các món nước mà mình đã thử qua. À, còn bánh cũng ngon lắm đó, tới đây thì mình hay gọi bông lan trứng muối nhất. Tuyệt lắm ^^",0,0,0,4,0,0
"Lúc mình đặt là giá bao gồm ăn sáng buffet, hình như lúc mình đi là dịch nên ko được ăn buffet, mỗi ng chỉ được gọi 1 món. Ăn ko đủ no. Tuy nhiên mọi thứ rất tuyệt so với số tiền",0,4,0,0,0,0
"Khách sạn cực kỳ thân thiện với thú cưng, nhân viên còn giúp mình trông hộ bé 1 hôm do mình có đặt tour đi đảo.",0,5,0,0,0,0
"Ăn quán này những ngày cuối năm , hầu hết các nhà hàng đều đóng cửa , ở đây còn mở mà khá đông khách , trừ món đậu hũ sau khi thử bị ôi , thì còn lại các quán tạm ổn , ok , lẩu cua nước lèo khá ngọt thịt , rau khá đa dạng , món cơm chiên mắm ruốc cũng rất ok",0,0,0,4,0,0
"Ăn 5,6 món mà quên ko chụp hết, quán chế biến ngon, ốc tôm rất tươi, nước chấm ngon lạ, có khai vị xoài chua, trà đá free, giá khá ổn áp",0,0,0,5,0,0
Lần đầu mình đến poke thưởng thức và các bạn nhân viên phục vụ rất tốt luôn tươi cười hướng dẫn rất tận tình đặc biệt là các bạn làm cực kì nhanh không để khách đợi lâu. 150k một phần không quá mắc vì đồ ăn cực kì chất lượng. Sẽ ghé lại lần nữa,5,0,0,5,0,0
"Phụ thu 10% trong dịp tết (mình đi mùng 4) Trà gạo thêm TC trắng (1 size 53k) mình thường gọi 50 đường đá nên vị trà đậm, lại ngọt vừa. Nhìn chung khá dễ uống. Giống vị trà gạo nhật mua trong CK có điều mình được giảm đường :>>> Trà cam vàng đào nhài thêm TC trắng (1 size 53k) vị trà ổn, có vị cam uống không bị chua, có bông nhài (giống cúc màu vàng "" "" ) đào ít đáng thương. Nói chung giá này sẽ cao với chất lượng ở đây. Nhưng vì mình có uống mấy loại xêm xêm ở Hcm rồi nên cũng không tính đắt. Mặt bằng chung trang trí ổn, nhân viên nhiệt tình, bảo vệ nhanh nhẹn.",0,0,0,5,0,0
"Mình ăn quán này cũng được hơn chục lần, đợt này thấy mở thêm quán mới nên mình ghé qua check in thử. Quán 2 cũng gần quán 1 mà được cái mặt bằng rộng hơn, thoáng hơn, với nằm trong khu đường yên tĩnh nên cũng thoải mái, ko phải chen chúc, ốc vẫn đa dạng và đồng giá 30k, ngoại trừ 1 số món tính bằng con như ốc khế, ốc tỏi, sò dương, hào giá 10k/c. - Hàu ngũ vị: hàu nướng phô mai, mỡ hành, bơ tỏi, sa tế, muối ớt. Con hàu cũng bự, cũng tươi, 1 con 10k. - Các món ốc khác xào vị đậm đà hợp với mình. Nhìn chung, thì giá 30k/phần là chấp nhận được, đương nhiên với giá này ko thể đòi hỏi ốc phải to bự, phần phải thiệt nhiều rồi. Nhưng tính ra hợp lý, ăn được nhiều món và ngon. Dân lao động hay học sinh sinh viên, văn phòng bình dân có thể ghé thường xuyên đàm đạo.",0,0,0,5,0,0
"Quán này thì theo mình là khá khó tìm vì thấy xe cứ chạy vòng vòng, quán có không gian rộng và mát kiểu sân vườn (có máy che), quán sạch sẽ. Mình tới quán chỉ ăn món gà thôi, gà luộc, gà chiên nước mắm, miến náu với lòng gà và xôi chiên. Gà thả vườn nên thịt chắc, mà mình thì không thích ăn gà nên thấy hơi ngán. Xôi chiên cảm thấy có dầu trong xôi nên ngán luôn :)) Nhân viên nhanh nhẹn.",0,0,0,4,0,0
"Sạch sẽ, gần biển gan trung tâm, di chuyển thuận tien cho gia đình",0,5,0,0,0,0
"Một tổ hợp khoa học, nơi tổ chức hội thảo khoa học thu hút nhân tài thế giới
",5,0,0,0,0,0
Mình Sẽ Trở Lại Vào Môt Ngày Gần Nhất,0,4,0,0,0,0
"Quán rộng rãi thoáng đãng Buổi tối rất đẹp Chất lượng đồ uống ổn định. Mình thích quán này vì nó yên tĩnh và khách cũng lịch sự sang trọng Bánh hơi ngọt và đôi khi bị khô chắc do để lâu, Quán phục vụ nhanh, nhân viên vui vẻ nhiệt tình",0,0,0,4,0,0
"Quán khá vắng, mộc mạc, phong cách kiểu thoáng mái hè phố, hơi xa trung tâm nhưng gần cơ quan mình. nghe quán giới thiệu món cooki mới nên đã thử. Do mình ko thik kem nên yêu cầu không bỏ. Chứ lẽ ra ly sẽ có lớp kem bên trên. Cooki khá thơm ngon, bánh oreo vẫn còn lợn cợn ăn rất thích. Lần sau sẽ thử thêm các món khác",0,0,0,5,0,0
"Lại kiếm ko ra quán mới để đi rồi mình phải ghé lại The Palace tea lần 3, ko lẽ tính làm fan của quán luôn nà :). Mình thích trà sữa ở đây bởi nó được làm tự nhiên hay gọi gọi là thạch nhà làm ý, ngon àm lại yên tâm nữa. Vị nó cũng khá ngon ko quá ngọt nên cũng bớt lo lắng sợ béo. Mình cũng hay theo dõi quán, tại quán cũng hay có nhiều chương trình giảm giá, nên có giảm giá là phi ngay tới liền à <3. À bạn gọi thêm topping nhé, topping ở đây ngon lắm, mỗi lần mình uống phải gọi thêm 10-15k topping nữa mới vừa lòng <3.",0,0,0,5,0,0
"Hôm nay cả nhóm quyết định nhờ bạn HDV thuê 3 chiếc xe máy giá rẻ chỉ 100k/ chiếc. Nhờ bạn í dẫn đi quanh thành phố, đi ghềnh ráng và Tháp đôi( ghềnh ráng thì đang được trùng tu nên không tham quan hết được, cả nhóm đến tháp đôi(8k/vé vào cổng). Xong mấy điểm trên thì cả nhóm đi ăn sáng Quán bún Thuỳ bên đg tăng bạt hổ, ăn xong thì đi Cf thôi. Trưa đc bạn HDV giới thiệu về tour cắm trại của bạn ấy làm riêng cho khách với giá 300k/ng. Đang tin tưởng vì sự nhiệt tình của bạn í, book luôn,. Thế là cả nhóm về homstay ngỉ trưa, 3h chiều thì bạn HDV qua phòng đưa cả nhóm đi ăn ốc chỗ Ngọc Hân Công chúa, đủ các loại ốc biển với giá 15,20k/ dĩa. 6 người ăn mất 215k.😝😝 4h bạn HDV bảo bắt đầu đi cắm trại nhé! Hầu hết trại và đồ nướng buổi tối thì đều đc chuẩn bị trước( nem, ché, ốc biển, tôm, mực, cá... và cả rượu bàu đá) vậy là chỉ việc chạy xe đến nơi đấy thôi. Có chiếc xe máy thật tiện lợi vô cùng",0,0,0,0,4,0
"Vẫn những trò chơi cũ thêm được 1 trò mới là nhà nhún. Nhưng là điểm tốt nhất ở Quy Nhơn để đưa trẻ đến chơi vào các ngày Lễ Tết. Còn ngày thường thì hầu như đóng cửa. Có nhiều trò vận động và tư duy cho trẻ em khi đến đây như lái xe, tàu điện, tàu lửa siêu tốc, nhà banh, trò chơi cảm giác mạnh, phao nổi, tô tượng, vòng quay, chuồng ngựa... Ở đây dịch vụ đều mang tính chất tự phát nên chưa có bài bản và quy mô, do đó cũng chỉ phục vụ vào cuối tuần và các ngày nghĩ lễ là chính. Giá cả bình quân từ 20-25.000 đồng 1 trò chơi tầm 3-5 phút mỗi trò. Giá mềm nên bay vèo 100.000 đồng vài phút rất nhẹ nhàng, êm ái
",5,0,0,0,0,0
"Chỗ nghỉ nằm trong ngõ nhỏ nhưng oto cũng có thể vào đc, cảm giác ko đc thuận tiện lắm",0,4,0,0,0,0
"Bahn mi tôi có ở đây có lẽ là tốt nhất. Nó cũng được giá và hợp túi tiền (ngang bằng với giá đồ ăn ở hầu hết Việt Nam), nhà hàng cũng sạch sẽ và thoáng mát, ngồi vào rất thích. Tôi thấy rằng đồ uống đắt kinh khủng. Cà phê chắc chắn là tuyệt vời nhưng tôi không thể hiểu lý do gì để làm cho nó đắt như vậy.",0,0,0,4,0,0
"Chúng tôi hạ cánh muộn nửa tiếng, cần một khoảng thời gian để kiểm soát hộ chiếu và thời gian ở băng chuyền hành lý rất lâu.",0,0,0,0,0,0
"Giá vé 1 chiều là 200.000vnđ, bé nhà mình 10 tháng được miễn phí. Có không gian cho hành lý và chúng tôi nhận được một chai nước miễn phí.",4,0,0,0,0,0
"Đặc biệt, khu siêu thị tầng trệt với nhiều sản phẩm tươi ngon, giá phải chăng.",0,0,0,0,0,0
Ốc ngon nước chấm đỉnh rẻ nhân viên phục vụ nhanh ok hôm nay mình có ghé quán tuấn tú đg***con mình đói bụng mình có bảo em làm cho chị trước phàn mì xào cho bé ăn trước tại cháu nó khóc qá thì nhận được câu tl chờ đi chưa có what . Phục vụ kiểu này à . Và mìn có sệt đc qán này .mì xào làm nhanh chưa tới 5p . Ốc nóng hổi đem ra liền nhân viên vui vẻ . Nói chung chỉ 1 từ thôi ok sẽ giới thịeeu bạn bè quay lại .,0,0,0,4,0,0
"có thể ăn nhưng món quen thuộc như cá bớp nướng, hoặc có thể kêu những món lạ như cá mặt trăng, cá cam ..... nướng.",0,0,0,4,0,0
"Mình mua mang về và lúc ăn quên mất chụp lại 😂😂. Nói thiệt đây là lần đầu tiêng vô KFC Quy Nhơn dù mở cũng khá lâu rồi. Ok mình thấy phục vụ nhanh, order nhanh và rất lịch sự. Gà của KFC thì ngon thôi rồi. Ăn 2 miếng gà 38k ( chương trình ưu đãi thứ 4 ák ) mà no tới tối luôn ( mình ăn lúc 4g chiều ). Nói chung mình thích KFC hơn Lotteria vì gà ngon hơn và nhân viên cũng tốt hơn",0,0,0,5,0,0
"Nhân viên nhiệt tình, thân thiện, phòng sạch sẽ, tiện nghi hiện đại chỗ nghỉ trung tâm đi lại rất thuận lợi",0,4,0,0,0,0
"Khu vui chơi dành cho mọi người có nhiều dụng cụ tập thể dục, cây hoa được chăm sóc tốt
",5,0,0,0,0,0
"Sân bay sạch sẽ , phục vu chu đáo, lộn hành lý hỗ trợ đổi lại!!!
",0,0,0,0,4,0
"Dịp đi du lịch ở Bình Định, thèm trà sữa nên lên foody tìm thì ra quán này nên vào uống thử Quán cũng dễ tìm, đường này nhiều quán trà sữa nhưng quán này đông nhất, phần lớn là người ta mua về Không gian quán rộng, mát mẻ Phần trà sữa nhiều topping, đầy luôn 1 ly, uống cũng được mà giá lại rẻ Nếu có dịp quay lại Bình Định mình sẽ quay lại đây",0,0,0,5,0,0
"Thiên nhiên hoang sơ, chưa được khai phá nhiều nên vẫn còn nhiều nét mộc mạc. Người dân bình dị, dễ gần.
",5,0,0,0,0,0
"Xe máy tốt, dịch vụ tuyệt vời, khách hàng rất tôn trọng. Đây là nơi uy tín và chất lượng nhất mà tôi từng biết. Nhân viên có thể hiểu và nói tiếng Anh, cho người nước ngoài thuê rẻ hơn người trong nước. Rất thích người nước ngoài, thủ tục chỉ cần để lại hộ chiếu Xe máy dễ đi và tiết kiệm xăng. Tôi đã đi xe máy 3 ngày trong thành phố. Tổng chi phí chỉ khoảng 25 đô la, thực sự tuyệt vời và cần thiết cho chuyến du lịch với nhiều thứ để chi tiêu",0,0,0,0,5,0
"hăm thanh thể thao cho bữa ăn tối và thức ăn thật tuyệt vời. Nhiều cấp độ chúng tôi ngồi trên lầu và có một cái nhìn tuyệt vời của đường phố & qua bãi biển. Rất sạch sẽ và được điều hành bởi một người phụ nữ tên là Docker, người rất thân thiện và rất hữu ích cho nhóm của chúng tôi với những gợi ý về những nơi đến thăm mà không chỉ là khách du lịch. Bia lạnh & các thanh thể thao có bia trên vòi nước & đã được hiển thị tất cả các bóng đá trong khi chúng tôi đã có & cho thấy foot AFL đó là một lợi thế cho người Úc.",4,0,0,4,0,0
"Không gian được bài trí theo kiểu tây tây. Nhưng thực sự là hơi nhỏ và bí. Quán Pizza này khá nổi tiếng ở đây. Giá cả cũng hợp lý với phần bánh nhỏ tầm 65k, còn phần lớn là 125k. Hương vị bánh khá thơm ngon. Nhiều loại để chọn lắm. Nhưng chỉ hai người nên mình gọi một phần mì ý bò sốt cà, một phần pizza trung, một phần khoai tây nhỏ,đồ ăn khá cầu kỳ và đẹp mắt, ăn cũng khá ổn với thêm 1 lon nước nữa mà chỉ có 147k thôi. Chung quy cũng là nơi nên đến thử.",0,0,0,4,0,0
"Đi Quy Nhơn nhiều rồi nhưng là lần đầu tiên mình ở khách sạn này. Gia đình mình vô cùng ấn tượng vì khách sạn hiện đại, phòng ốc xịn sò. Đi gần Tết nên khách sạn trang trí Tết rất ấn tượng; chỉn chu. Nhưng thích nhất vẫn là nhân viên vô cùng nhiệt tình; chu đáo, tư vấn từ a đến z những chỗ ăn chơi và đặc sản ở QN, chỗ nào mình cũng hài lòng. Chắc chắn sẽ quay lại.",0,5,0,0,0,0
"Hậu mùa dịch nên ko có dịch vụ ăn uống tại khách sạn, chỉ phục vụ bữa sáng. Điều này hoàn toàn có thể thông cảm được.",0,4,0,0,0,0
"Để có một chiếc taxi phức tạp, tôi đã tận dụng dịch vụ của họ đến và đi từ sân bay và có thể nói thẳng thắn rằng đó là dịch vụ chuyên nghiệp nhất 
mà tôi gặp phải.",0,0,0,0,4,0
"Nằm cách Quy Nhơn khoảng 16 km, đảo Hòn Khô có cảnh vật độc đáo với những mỏm núi đá nhô ra biển, những bãi cát phẳng mịn, những bãi cỏ xanh mơn mởn và mạch nước ngọt từ vách đá. Hòn Khô thực sự là một trong số ít các bãi tắm đẹp nhưng vẫn giữ được sự hoang sơ của thiên nhiên tạo hóa ban tặng.",5,0,0,0,0,0
"Có dịp ra Quy Nhơn du lịch, muốn tìm món đặc sản nơi đây nên lần dò hỏi thăm, được anh tài xế chỉ chỗ Ngọc Liên, cảm nhận đầu tiên là quán sạch sẽ, có quầy bán đem về rất nhiều loại như khô, tré, chả cá, nem... nhân viên phục vụ nhanh, nhiệt tình, nhóm mình đi 8 người, gọi 8 loại khác nhau nhưng vẫn được phục vụ nhanh chóng, mình gọi bánh canh thập cẩm có mấy loại chả, sứa, mọc ăn cũng ngon, nước dùng vừa miệng, chuối để sẵn trên bàn, ai ăn thì tính tiền 3k/trái, có sữa đậu nành nấu còn nóng khi uống tại chỗ. Chả cá cuốn ngon, nên thử.",0,0,0,5,0,0
"Tuyệt đẹp. Nước biển trong xanh, sạch nhìn tận đáy thuận lợi cho bơn lặn ngắm cá, san hô. Còn hoang sơ chưa được khai thác hết.
",5,0,0,0,0,0
"Đến Bình Định khi trời đã giữa trưa. Cả nhóm đói quá không biết ăn gì. Thế là lên mạng và thấy quá này. Gọi điện cho cô chủ quán thì biết quán đã đóng cửa từ sớm nhưng khi biết bọn mình là du khách từ xa đến thì cô sẵn sàng đón tiếp và sẽ đi mua bánh về bán cho bọn mình. Thật sự rất đáng mến, tất cả vì khách hàng, phục vụ nhiệt tình, thức ăn lại ngon nữa. Cô chủ quán thì cực dễ thương và thân thiện. Lần sau chắc chắn cũng sẽ đến ủng hộ cô.",0,0,0,5,0,0
"Nhắc Mộc Trà thì đa số ai cũng có nghe, quán rất là hót của Quy Nhơn, quán này rất là đông khách nhất là sáng với tối cở 19h, đến giò cao điểm đó là bạn hơi bị lúng túng vì khách đông đen. Ở đây có điểm tâm sáng nữa nhé, còn về nước thì ở đây khá là ngon tuyệt vời, thấy nhân viên pha chế làm chuyên nghiệp. Còn về nhân viên oder thì mình nói lần trước rồi mình rất thích cách các bạn phục vụ rất chu đáo, không gian của quán khá là rộng và đẹp. Về giá thì mình nghỉ quán thích hợp cho tầm trung trở lên tại vì chất lượng với view cộng với sự phục vụ tận tình nên giá cả có cao xíu. <3 <3 chúc quán phát triển hơn nữa nhé <3",0,0,0,5,0,0
"Không gian quán nhỏ nhưng với cách bài trí hài hòa, thiết kế hiện đại không tạo cảm giác bức bối. Giữa quán có cây xanh vô cùng thú vị, đem lại cho khách cảm giác thoải mái, hòa hợp với thiên nhiên, lãng mạn và đầy cảm hứng. Bên ngoài nhìn vô thì cảm giác rất ấm cúng với đèn vàng nhè nhẹ Kensi có nước uống ngon, thưởng thức một ly Hồng trà chanh dây thanh mát vị chua nhẹ, đánh tan nóng bức trong người. Nhân viên phục vụ lịch sự, dễ thương, bạn Bartender thì hơi nhút nhát, nhưng pha chế nước rất chăm chút.",0,0,0,5,0,0
"Có thể đi bộ từ nơi chúng tôi đã ở và đáng giá! Có trụ sở tại một nhà máy lọc thuốc phiện cũ ...! Một sự chào đón thực sự của người Việt Nam; dịch vụ hiệu quả, tươi cười; sự lựa chọn tuyệt vời trong thực đơn và hương vị thơm ngon. Nguyên liệu tươi ngon và giá tốt.",5,0,0,5,0,0
Đặc biệt là các món dimsum ngon và fresh,0,0,0,4,0,0
"Nhưng mà ở đây có máy lạnh nên ok 😋. Menu k có gì đặc sắc. Quán có phục vụ cả bánh nữa. Mình không ăn nên không đánh giá được.Phục vụ hơi chậm chạp. Nước lọc của khách hết cũng không rót, đợi xin mới đi rót. Có vẻ bạn phục vụ mới vào làm. Nhìn chung thì khá ưng. Rảnh sẽ quay lại.",0,0,0,4,0,0
"Nhân viên giao tiếp dễ thương, nhiệt tình hướng dẫn và hỗ trợ, trước KS có quầy cafe không gian yên tĩnh nhẹ nhàng.",0,5,0,0,0,0
"Hổm nay trời lạnh thèm ăn lẩu hàn quốc kinh khủng . Mà bữa noel đi quán đông nên đành ngậm ngùi đợi tới bữa nay mới được ăn . Mình gọi lẩu hàn quốc , kimbap và gà cay . Lẩu hàn quốc cực kì hợp với trời lạnh , kiểu cay cay , mặn mặn , húp nước nóng hổi , tự nhiên ăn món này thấy như ở hàn luôn vậy á . Gà cay cũng khá ngon nhưng hơi ít hihi . Kimbap thì theo mình thấy phần nhân bên trong hơi nghèo , ăn chỉ cảm nhận được vị giòn của dưa leo và mùi rong biển . Nếu tương chấm có thêm mayjone nữa thì hợp . Tổng thiệt hại chỉ 105k và giờ mình đang nóng bụng muốn xĩu tại nồi lẩu quá cay",0,0,0,5,0,0
"nhân viên linh hoạt cho phép nhận phòng sớm, có buffet sáng, địa điểm đi lại thuận tiện, có thể nhìn ra biển, có hỗ trợ cho thuê xe máy và nhân viên đặt vé tham quan giùm; phòng đầy đủ tiện nghi, dọn dẹp phòng thường xuyên",0,4,0,5,0,0
"Bữa sáng ngon miệng. Giường ngủ thoải mái, sạch sẽ. Nhân viên vui vẻ, lịch sự.",0,5,0,0,0,0
"Khu vui chơi rộng rãi, đồ còn mới toanh.50k một vé người lớn.Không thấy rác(có thể do mới ít người biết).Các bạn trẻ,trẻ em chỉ sợ không đủ thời gian để đi.Nhân viên chu đáo, nhiệt tình.5*
",5,0,0,0,0,0
"Khách sạn sạch sẽ, vị trí trung tâm rất thuận tiện đi lại và vui chơi",0,4,0,0,0,0
"Món ăn ngon. Món nào cũng ngon, tôm tươi, ghẹ nhỏ mà rất chắt thịt. Giá bình dân, phục vụ rất nhanh. Đợt sau về Quy Nhơn sẽ ghé quán Nghĩa Ghẹ tiếp.",0,0,0,5,0,0
"Surf Bar rất nổi tiếng tại Quy Nhơn, hỏi ai cũng biết. Quán decor đẹp, có nhiều góc ngồi, tạo cảm giác thoải mái khi ngồi dọc bờ biển buổi tối. Nước uống đa dạng, giá không quá mắc. Quán đóng cửa lúc 11:00 nhưng vẫn để bàn ghế cho khách ngồi đến sáng. Nhân viên phục vụ nhiệt tình dễ thương, pha lộn nước sẵn sàng đổi lại. Đây là nơi bạn phải ghé để cảm nhận đêm biển tại Quy Nhơn nhé.",0,0,0,5,0,0
"Đúng như cái tên 1990 á, vừa bước vào quán là cứ như lạc vào không gian từ năm 1990. Mình đi từ chiều và ngồi đến tận tối, vào buổi tối quán thắp đèn lung linh rất đẹp. Lúc sáng thì nhìn qusn cũng thoáng nhưng cũng giống những quán cà phê thường khác. À tối lúc mình ngồi còncó cả giao lưu ca nhạc nữa. Những bài hát rất nhẹ nhàng nghe cực kì thoải mái luôn. Đặc biệt rất là thích sân khấu nha, gồm các cửa củ đầy màu sắc ghép lại với nhau rất sáng tạo mà cực kì bắt mắt",0,0,0,5,0,0
"Review Quy Nhơn - Phú Yên cho chuyến đi 4 ngày 3 đêm cùng nhóm 6 bạn trẻ đến từ Hải Phòng!!!!! Ngày 1: (Nếu đến sân bay sớm tầm buổi sáng) Đón khách tại sân bay Phù Cát và ghé tham quan Hầm Hô - Tây Sơn - Tháp Bánh Ít Ngày 2: 7h sáng gọi thuê xe máy của dịch vụ cho thuê xe máy Quy Nhơn giá rẻ, xuất phát đi Phú Yên để đến điểm đầu tiên là Mũi Điện, nếu có thể thì nên đi sớm thì thời tiết tại Mũi Điện (nơi đón ánh bình minh đầu tiên trên đất liền Việt Nam thì sẽ mát mẻ hơn ) Bọn mình đi muộn quá. Tham quan Mũi Điện xong chúng ta di chuyển đến Bãi Xép nơi đây là 1 cảnh trong phim Tôi Thấy Hoa Vàng Trên Cỏ Xanh Tiếp theo đoàn di chuyển đến Đầm Ô Loan để ăn trưa và nghĩ ngơi Nghĩ trưa xong di chuyển đến Gành Đá Đĩa Gành Đá Đĩa là một tập hợp các trụ đá hình lăng trụ xếp liền nhau, hòn nọ nối hòn kia kề với sóng nước. Và sau đó team đến với điểm tiếp theo là nhà thờ Mằng Lăng với lịch sử gần 120 năm tồn tại, nhà thờ Mằng Lăng được coi nhà thờ cổ nhất tỉnh Phú Yên và là một trong những nhà thờ lâu đời nhất của Việt Nam, nơi này vẫn đang giữ cuốn sách đầu tiên được in bằng chữ quốc ngữ. Sau khi tham quan xong nhà thờ Mằng Lăng chúng ta kết thúc và bắt đầu về lại Tp. Quy Nhơn để nghĩ ngơi! (Mũi Điện - Hoa Vàng Cỏ Xanh - Gành Đá Đĩa - Nhà Thờ Mằng Lăng) Ngày 3: Quy Nhơn (Tour 2 đảo Hòn Khô Kỳ Co) 7h sáng chúng ta sẽ đến với đồi cát Phương Mai Sau đó di chuyển đến Hòn Khô để di chuyển cano đến Kỳ Co đến trưa chúng ta sẽ quay trở lại Hòn Khô để lặn ngắm san hô và chụp ảnh tại đây Sau đó chúng ta quay lại nhà hàng để tắm tráng và ăn hải sản rồi nghỉ ngơi Tiếp theo nên di chuyển đến Khu dã ngoại Trung Lương trước vì lúc này trời cũng còn khá nắng và tham quan chụp ảnh tại Trung Lương xong thì sẽ quay trở lại Eo Gió nơi đây còn gọi là Đảo Jeju phiên bản Việt Nam! Và kết thúc ngày tham quan các đảo tại Quy Nhơn! Ngày 4: Tham quan thành phố, mua quà và checkout di chuyển ra sân bay!!!!!",0,0,0,0,4,0
"Theo cảm nhận của mình thì cua khá ngon và nhiều, nước ngọt và trong, chả cá thì cũng bình thường. Một tô có nhiều cua và chả cá như vậy giá 17k là hợp lý. Vị trí quán dễ tìm, ngay bùng binh có ti vi đi vô 50m là thấy, nhân viên quán phục vụ nhanh, vô ngồi chưa đầy 1 phút là có ăn rồi.",0,0,0,5,0,0
"Một quán cà phê, nhà hàng, bar rất sang trọng tại Quy Nhơn, nó thực sự nổi tiếng và thu hút khách du lịch. Có một khoảng không gian rộng lớn, nằm sát biển, view ban đêm rất đẹp với ánh đèn lung linh, có âm nhạc đặc sắc. Thức uống cực kỳ ngon nhưng giá cả thì khá là đắt so với sinh viên, chỉ phù hợp với khách du lịch và khách hàng hạng sang Từ s.blue, bạn có thể ngồi nhìn biển đêm rất là ok, nhân viên ở đây thì nhiệt tình vui vẻ lịch sự",0,0,0,5,0,0
"Cho thuê xe máy ngay sân bay Phù cát, rất thuận tiện, Cô chú cho thuê vui vẻ , ...
",0,0,0,0,4,0
"Đồ nướng thì được tẩm ướp sẵn, mình order rồi thì nhân viên mang ra nướng bơ rồi ăn thôi.Tầm 100k mỗi người là ăn no rồi.Giá rẻ vậy nhưng chất lượng cũng ngon chứ không hề bị ảnh hưởng. Một điểm cộng nữa là nước chấm ngon.",0,0,0,5,0,0
"Kem tuyết xoài và kem tuyết trà xanh là món mình nghiện nhất của quán này nha! Bình thường mình hay đi cùng bạn, 2 đứa gọi 1 tô nhưng mà không lúc nào đã. Hy vọng quán sẽ làm size lớn hơn.",0,0,0,4,0,0
"Có xe đưa đón từ FLC, điều này thật tốt. Đồ ăn khá ngon và đa dạng, đặc biệt là giá cả hợp lý. Tôi thích quán sạch sẽ hơn nữa.",0,0,0,4,0,0
"Khu du lịch nằm bên kia cầu Nhơn Hội nếu đi từ Tp. Qui Nhơn. Một trong những khu du lịch mới và đẹp nằm ở Qui Nhơn. Ở đây chúng ta có thể tham quan nhiều phong cảnh và chơi những trò chơi thú vị. Hứa hẹn sẽ đến đây dài dài.
",5,0,0,0,0,0
"Thực chất đây là nợi dành cho tàu thuyền đánh cá về bến
tàu du lịch đường xuông nguy hiểm rất đơn giản",0,0,0,0,0,0
"Xe ở đây tốt nhất trong tất cả những nơi mình thuê, xe mới nên chạy rất êm, lại còn được a nhân viên hướng dẫn tận tình, rất thích... kkk",0,0,0,0,4,0
"Tôi có một khoảng thời gian tuyệt vời trong chuyến du ngoạn bằng thuyền trên sông mà tôi đến Tôi đoán là vào một thời điểm chậm chạp trong
 năm đối với Kim Ngưu Tôi không chắc thời tiết tuyệt vời ở luang probang Tôi đã đặt một chiếc thuyền và kết thúc chuyến du ngoạn này như Chiếc thuyền dài 50 ft tất cả với bản thân tôi và người lái xe anh ấy đã đưa tôi đến một số Làng và một trang trại cá và chỉ cần lên và xuống hành trình chậm chúng tôi đã đi trong vài giờ, điều đó thật tuyệt vời, tôi chỉ mất chưa đến 50 đô la. có những chiếc thuyền bên sông họ đang đứng xung quanh bạn có thể hỏi bất kỳ ai trong số họ họ có chuyến du ngoạn hoàng hôn và nhiều chuyến đi thuyền khác, điều đó rất thú vị",5,0,0,0,5,0
Đây là món ăn ngon nhất chúng tôi có ở Việt Nam cho đến nay. Hãy thử bánh kếp với thịt bò! Đội rất tốt Cảm ơn bạn rất nhiều vì sự hiếu khách của bạn!,0,0,0,5,0,0
"Bạn mình ở Hà Nội vào quy nhơn chơi cần thuê xe máy để đi lại. Mình nghĩ ngay đến dịch vụ cho thuê xe máy số 1 Quy Nhơn của anh Hoài Bảo tại địa chỉ 27A Hoàng Hoa Thám. Qua cho lựa thoải mái, bên này xe đông cực kỳ, mỗi chi nhánh hơn 50 chiếc Nhóm bạn mình chốt 3 xe số và 4 xe ga được anh giảm cho 10% tổng bill thiệt đã Đứa nào cũng hài lòng khen xe đi ngon, kể từ lần đó ai hỏi mình chổ thuê xe máy mình đều chỉ qua đây ",0,0,0,0,5,0
"Xe máy của Rỗng rất mới và chạy êm, giá bình dân, anh chủ giao xe nhanh và thủ tục gọn. Nhiệt tình hướng dẫn t những địa điểm nên đi. Đặc biệt t rất thích những chiếc mũ bảo hiểm 3/4 màu cam của Rỗng...nhìn truất cực
",0,0,0,0,4,0
"Vừa gọi book 22 xe tại cửa hàng vào ngày 28/07 Gọi vài chổ cho thuê xe máy khác nhưng chẳng chổ nào có đủ xe. Thật may vì tìm được chổ này, quả không hổ danh dịch vụ cho thuê xe máy lớn nhất quy nhơn, có 3 chi nhánh gần cả trăm xe. Mình gọi hỏi 22 xe, số lượng xe không nhỏ mà anh chủ chốt cái rẹt. Cần ngày quá cũng may tìm được chổ thuê xe máy của anh, thanks anh đã giúp đỡ",0,0,0,0,4,0
Mình về quy nhơn và đã thuê xe . Cô chú chủ rất vui vẻ nhiệt tình .mà giá cả rẻ xe ngon .m.n về nhớ thuê của cô chú này nhé .,0,0,0,0,4,0
"Mua 2 chai nước, nhưng ko đc đem vào sân phải để ngoài,dân mình hiền mà có gấu như mấy sân ngoài bắc đâu 😆",4,0,0,0,0,0
Pizza là món ăn ưa thích của gia đình mình. Đặc biệt pizza hải sản ở đây rất ngon. Mọi người cứ tụe tin thưởng thức nha,0,0,0,4,0,0
"Không gian quán khá nhỏ , và hơi nóng nực một tẹo , khói đồ ăn hay ám vào cả người lẫn quần áo .Nhưng đồ ăn ở đây thì miễn bàn , siêu ngon nhé . Giá cả hợp lí, đi đông chia ra mỗi người không hết là bao. Mình thích kiểu nướng ngói vì thức ăn sẽ không bị cháy đen do than. Mỗi lần tới quán là gọi thịt bò nướng, sườn heo nướng với cả đâu bắp, ăn ngon dã man luôn. Lẩu hải sản ở đây rẻ mà nhiều lắm , ăn ba đứa một cái lẩu mà không hết ây",0,0,0,5,0,0
Thấy trên foody. Kím mãi mới ra được quán. Đường nhỏ hơi khó tìm. Phải dùng maps hiuhiu. Hỏi thăm mấy cô chú cũng k ai biết. Dùng maps mới thấy là gần chu văn an. Đoạn chỗ hà huy tập. Nhưng mà vào quán hài lòng lắm luôn ý. Quán dễ thương. Anh chị chủ thân thiện vui tính. Nhân viên xinh. Đồ ăn hấp dẫn. Nói chung duyệt. Quán mát mẻ. Thích ý.,0,0,0,5,0,0
"Phù hợp với những người đam mê khoa học hoặc gia đình có trẻ trong độ tuổi 7-15 để trẻ có thể trải nghiệm những khám phá khoa học
",5,0,0,0,0,0
"âm thanh hay, phòng ốc cũng khá đẹp. Giá cả ở mức trung bình cao. Mình thường nhậu tại đường nguyễn thị định xong nếu đi tăng 2 là qua Kizz gần và cũng hay.",4,0,0,0,0,0
"Sợi bánh canh nhìn rất lạ và cực dễ ăn, phù hợp luôn cho cả trẻ em và ng già, kết nhất là hủ ớt tương làm nguyên chất , nêm vào tô dậy mùi mà ko làm mất hương vị nước lèo Quán sạch sẽ , thoáng mát , nói chung là món độc lạ , phù hợp khẩu vị với mọi ng- sẽ ghé thường xuyên👍",0,0,0,5,0,0
"Quán đông khách. Tiền nào của nấy. Rẻ, phù hợp cho nhóm bạn trẻ",0,0,0,5,0,0
"một trong những rooftop okie nhất mà mình từng đến. Banana Mama có hết tất cả những điều mình tim ở 1 nơi để chill : drinks, music, foods,service etc. Nhưng điều làm cho mình thích nơi đây là chính là nhân viên và không khí của quán. Mọi thứ làm cho mình cảm thấy thoải mái mỗi khi mình đến Banana Mama. Chắc chắn sẽ còn quay lại rất rất nhiều lần. Best team ever ^^",4,0,0,0,0,0
"Một địa điểm hay cho các bạn học sinh thăm quan để hiểu sâu hơn giữa lý thuyết và thực tế các môn học
",5,0,0,0,0,0
"Sau một ngày làm việc mệt mỏi, mọi người hãy đến co sở massage hy vọng để giải moi. Nhân viên ở đây làm rất tốt.  Tay nghề rất giỏi.  Tôi đánh giá cao tay nghề nhân viên ở co sở này
",5,0,0,0,0,0
"đây là địa chỉ cho thuê xe máy tại Quy Nhơn khá lâu năm, cửa hàng lại gần bến xe trung tâm thành phố nên bạn rất tiện trong việc nhận xe. Mình đến bến xe gọi thuê xe chỉ mới 10p là các bạn đã có mặt. Thuê 3 ngày được giảm giá 10%, vi vu khăp mọi nẻo đường ở tp Quy Nhơn, đi đủ tất các các khu du lịch eo gió, kỳ co, trung lương, tây sơn, hầm hô, tháp bánh ít không gặp bất cứ vấn đề gì Cho thuê xe máy ở đây còn có các hình thức cho thuê theo ngày, tuần, tháng và dài hạn luôn đấy!",0,0,0,0,4,0
"Phòng khá thoáng, có đầy đủ tiện nghi và rất thoải mái. Vị trí thuận lợi, giá hợp lý, nhân viên thân thiện và nhiệt tình",0,5,0,0,0,0
"Ấn tượng đầu tiên của mình khi mới đến là quán rộng rãi và khang trang Mình đi 2 người và kêu 3 cái bánh đầy đủ ăn no cành hanh ko hết Bánh đầy đủ gồm có tôm, bò và trứng. Giá là 40k/cái Còn nếu bánh mà 1 nhân thì 30k Thật ra lúc đầu mình muốn gọi là 3 cái mỗi cái 1 nhân. Nhưng khi nhân viên mang ra thì là 3 cái thập cẩm hic. Do đây cũng là lần đầu tiên mình ăn quán này nên chắc do mình nói không rõ làm chị nhân viên hiểu lầm. Điểm trừ nhẹ là bánh độ khá dày chứ không mỏng như bánh xào miền tây và miền trung. Với cả hơi nhiều dầu mỡ nên mau ngấy",0,0,0,4,0,0
"Phòng sạch sẽ, nhân viên khá thân thiện và nhiệt tình. Xung quanh cũng có khá nhiều chỗ ăn uống.",0,4,0,0,0,0
"Nhân viên vui vẻ, chuyên nghiệp. Phòng tiện nghi. thiết bị mới và đẹp mắt, nhân viên phục vụ dễ thương, nhiệt tình.",0,5,0,0,0,0
"Vị trí tuyệt vời. Mặt bằng rộng rãi. Nhân viên lịch sự và nhiệt tình tuy nhiên giá cả hơi đắt và ít khuyến mãi. Có khu vui chơi rộng rãi nhiều trò cho bé free.
",4,0,0,0,0,0
"Chủ cửa hàng thì rất ghê gớm. Mình chọn đồ cho bạn, chụp ảnh cho nó xem thôi mà bị mắng sấp mặt",0,0,0,0,0,0
"Đã thuê một chiếc xe máy trong 1 ngày. Họ cung cấp mũ bảo hiểm cho tôi, vợ tôi và con trai 3 tuổi. Moped ở trong tình trạng tốt, nhân viên siêu nhạy và có thể nói tiếng Anh khá tốt. Điều này cực kỳ quan trọng nếu bạn đang cố gắng giải quyết một số vấn đề.  Năm sao cho thue xe may quy nhon hoai bao",0,0,0,0,5,0
"Rất ưng ý. phòng rộng còn rất mới có tv internet trẻ em rất thích. giường rất rộng nhà mình 2 bạn nhỏ và ba mẹ ngủ khá ok, nhân viên thân thiện.",0,5,0,0,0,0
"Xe mới, máy móc chạy êm, gúa cả lại cực phải chăng! Thích nhất là vừa xuống bến xe, đi bộ vài bước là có xe máy đi ngay, sướng gì đâu! Đặc biệt là chú chủ xe rất dễ thương và nhiệt tình!!! Tốt bụng",0,0,0,0,5,0
"Hồi chiều đi làm về hơi trễ xíu chạy ngag quán. Thấy không gian tối lên đèn đúng là mộc thật đó. hợp gu với mình, thích sự đơn giản thoái mái. Khát nước nên dzô ún ly nước mía. Sẵn mua chai cam vắt mang về cho phụ huynh. Chai cam đẹp nên được lên hình. Có góp ý be bé là nhân viên quán không mặc đồng phục. Nhìn không bít nhân viên hay khách nên hơi ngại khi cần gọi xíu. Chắc do quán còn mới. Nhưng nói chung là do mình hơi bị thích kiểu quán này. Nước lại ngon. Chắc chắn sẽ thành địa điểm quen thuộc.",0,0,0,5,0,0
"Mấy hỗm ni nóng quÁ nên toàn đi ăn kem không à . Chỗ ni có 2 tầng luôn . Tầng trên khá rộng nên mình hay lên trên ngồi . Vừa mát lại vừa ngắm cảnh nữa . Menu đa dạng các loại kem , trái cây , đồ ăn vặt mà giá lại cực rẻ . Nhân viên 3,4 người luôn nên phục vụ nhanh lắm , không cần phải đợi lâu . Ở đây đa số bán gì cũng ngon hết chỉ trừ mỗi kem cuộn thái lan ra thôi . Vì lúc mang kem ra cho khách là kem chảy ra hết nhìn ghê lắm",0,0,0,4,0,0
Dừng lại để ăn trưa muộn vào Chủ nhật. Không có nhiều nơi khác mở cửa. Rất vui khi chúng tôi dừng lại. Salad Caprese tuyệt vời. Vui lòng trả tiền nhiều hơn cho nó. Tuyệt vời pesto và bánh pizza cà chua quá. Bia gừng tự chế cũng đã bắt đầu. Chai bia địa phương là 19 k.,0,0,0,5,0,0
"Xe máy mới, tốt, chạy rất ổn, không gặp bất kì trục trặc gì Anh Tính chủ xe thân thiện vui vẻ, giao nhận xe tận nơi, ngoài ra còn có dịch vụ đưa rước sân bay.",0,0,0,0,4,0
"Tháng 10 vừa rồi mình có vô Sài Gòn, và ghé tiệm ăn tối trước khi ra SB để quay lại HN.",0,0,0,0,0,0
"Toàn bộ chăn, gối màu trắng nhìn sạch sẽ.",0,5,0,0,0,0
"nhân viên rất dễ thương. hướng dẫn rất nhiệt tình, thoải mái tận tình, hệ thống xe cho thuê đều là xe mới rất tiết kiệm xăng,...",0,0,0,0,4,0
"Mặc dù mình book phòng khá sớm nhưng đến nơi thì phải chuyển từ cơ sở này sang cơ sở khác ( không báo trước) và không được phòng view cao như ý. Bù lại các anh chị nhân viên rất dễ thương và nhiệt tình. Phòng sạch sẽ, phù hợp giá tiền, nếu lần sau lên lại Đà Lạt mình sẽ book tiếp.",0,4,0,0,0,0
"Phòng sạch sẽ, sang trọng, địa điểm trong khu phố biệt thự liền kề nên dễ dàng đi dạo. Chắc chắn sẽ quay lại lần tới",0,5,0,0,0,0
Tuy không sang trọng như xe cao cấp nhưng đầy đủ tiện nghi. Phòng rộng thoải mái nằm. Các nhân viên đều rất chu đáo với khách hàng. Dù mình xuống bến không có trong điểm ,0,0,0,0,4,0
"Đến đây mình bất ngờ vì ko gian quán siêu thân thiện, theme màu trắng đơn giản nhưng ko nhàm chán. Menu đồ uống khá đa dạng mà giá thì mềm so với chất lượng, có đồ ăn phục vụ tới 10.30 và điều mình thíchhh nhất là nhạc ở đây là quán chơi nhạc House, vừa đủ để mộng mơ cho chiều hoàng hôn Sài Gòn chóng vánh. Phù hợp đi cả nhóm cả cặp đôi nhưng thiết kế bàn hợp với nhóm đông hơn. Khách hầu hết là Tây, văn minh thân thiện. Cuối tuần có DJ từ 9.00. Sẽ quay lại mỗi lần bay tơi Sài Gòn!",0,0,0,5,0,0
"Không gian và cách bài trí quán cũng okie, hợp với mọi thực khách khi tới quán nghỉ ngơi thư giãn... mình tới quán lần đầu tiên nên nghĩ quán sẽ giống các quán khác... nhưng mình thấy quán có nhiều cái đặc trưng riêng, mình gọi 1 ly trà vs 1 lớp kem mặn ở trên, uống rất ngon và không bị ngáy... giá cả thì bình dân, chị chủ rất dễ thương và rất chiều khách... quán đang có xu hương mở rộng thêm không gian nên các bạn yên tâm sẽ không phải chờ đợi và ràng buộc bởi 1 không gian eo hẹp... hihi",0,0,0,5,0,0
Mọi thứ đều được làm mới và được làm bằng tình yêu. Tôi hoàn toàn đề nghị nơi này cho một sự thay đổi từ thực phẩm địa phương.,0,0,0,5,0,0
"Khách sạn đẹp, trang phục nhân viên sang trọng hơn nhiều ks khác, cách đối xử với nhân viên của ban giám đốc tốt",0,5,0,0,0,0
"Dự là ghé bên Gia Vỹ cơ nhưng xem địa chỉ cứ nhớ mỗi địa chỉ ko nhớ tên quán. Mà tới nơi 2 quán Gia Vỹ lẫn Anh Vũ cùng 1 địa chỉ. Đang hoang mang tính bật đt xem tên quán anh gửi xe bên Anh Vũ niềm nở quá, kéo vô Anh Vũ luôn nên thôi vào luôn rồi hôm sau thử Gia Vỹ sau hihi. Không gian quán rộng rãi, thoải mái. Quán có bánh xèo tôm, mực và bò. Vỏ bánh giòn rụm cơ mà hơi dầu. Nước mắm chấm cũng ok. Món này vì khá dầu mỡ nên cuốn với rau sẽ bớt ngấy đi á. Rau rửa thấy cũng sạch sẽ nè. 1 cái bánh có tầm chục con tôm tươi.",0,0,0,5,0,0
"Mình k biết sao chỗ này lại chỉ đc 6.6 nhưng mình thấy riêng về đồ ăn vị khá là ổn đấy. Nay mình ăn 3 món tokbokki, lẩu bò và cơm nắm thì chỉ có cơm nắm là k ổn nhất thôi còn lại là rất đáng đồng tiền. Tuy nhiên nhân viên phục vụ có chút không tận tình khi trên bàn mình ngồi k có giấy ăn, đũa thìa các thứ nhưng nhân viên k mang ra mà mình phải tự đi lấy. Nói chung mình đi 2 người, ăn được nhiều món thỏa thích thì chỉ mất có 130k thôi. Rất đáng để thử.",0,0,0,4,0,0
"Cơm ở đây khá là ngon. Thịt gà ướp cũng thấm, ăn rất vừa miệng. Cơm gà chiên mắm 30k như vậy ăn vừa đủ mà giá cũng không quá cao.",0,0,0,5,0,0
"ok, mình có dịp ra thành phố biển và thuê xe ở đây và cảm thấy dịch vụ tốt, giá vừa phải không bị hack như những chỗ khác và xe cũng ok. Xe lại nếu có dịp xuống chơi. Giống",0,0,0,0,5,0
"Xe máy việc khỏe, rẻ ông chủ thì thân thiện khỏi nói luôn, còn nhiệt tình giúp mình đặt taxi giá rẻ đi sân bay nữa chứ!! Duyệt 😙😙",0,0,0,0,4,0
Tôi đã sử dụng nó khi tôi đến khu 1.,0,0,0,0,0,0
"Món ăn ngon, ốc tươi, đặc biệt sò điệp phomai ngon, giá mềm, chị chủ quán nhiệt tình, quán sạch sẽ, khách vừa ăn xong là chủ quán dọn lau sàn sạch",0,0,0,5,0,0
"Sạch sẽ, nhân viên nhiệt tình, thân thiện",0,4,0,0,0,0
Chùa cổ siêu đẹp. Không đông đúc ồn ào chỉ có tiếng vãi quét lá sân xào xạc. Kiến trúc cổ rất đẹp. Nên ghé thăm.,4,0,0,0,0,0
"Bãi biển đẹp. Gần công viên thiếu nhi. Thích hợp cho trẻ em. Và cho ng lớn nữa.
",5,0,0,0,0,0
"Quán cơm gà này mình vẫn hay gọi là gà chân dài vì làm từ gà thả vườn, thịt chắc dai ăn khá thích. Ăn quán này không dưới vài chục lần. Quán không lớn,cũng không nhiều bàn lắm. Mình thích cơm gà xối mỡ ở đây vì 3 thứ. Thứ 1 là cơm được trộn với dầu , ăn thơm và đặc biệt là tơi thành từng hạt, không bị dính với nhau, ăn rất thích. Vả lại 1 phần cơm cũng không nhiều tạo cảm giác vừa đủ no chứ nhiều chỗ mang phần cơm ra nhiều quá, chưa ăn mà tạo cảm giác ngán rồi. Thứ 2 là phần sốt ở đây là rất lạ, vị ngon đặc trưng mà mình không biết nói từ gì, nói chung là ngon. Thứ 3 là gà thả vườn, dai, thấm đều mỡ mặn mặn ngọt ngọt ăn rất thích, còn có cả canh rong biển nữa , rất mát , hôm đó mình đi 2 người , gọi 2 phần gà xối mỡ là 90k với 2 chén canh rong biển nữa 10k . Tổng thiệt hại la 100k",0,0,0,5,0,0
"Quán sạch sẽ thoáng mát, bánh hỏi cháo lòng bao ngon bao rẻ, thịt rất ư là nhiều luôn... được bạn mời dẫn tới ăn thử mà ta nói không thể nào không khen được, từ cách phục vụ từ chủ quán để nhân viên cực kì dễ thương và thân thiện luôn... nên bạn mình thích cũng phải thôi, ăn rồi mới cảm nhận đc nhiều thứ còn ngon hơn chỗ mình ăn trước đây nên ngại gì mà các bạn không bỏ chút thời gian đến để dùng bữa sáng... cháo ngon ngọt hương vị thanh vừa miệng...",0,0,0,5,0,0
"Lần đầu đi xe An Phú chặng đường từ Quy Nhơn đến Khánh Hoà thấy xe phục vụ chu đáo. Ngoài nước uống thì mỗi người còn được phục vụ một hộp sữa đậu nành. Xe giường nằm êm, gối cũng êm luôn, nhà xe còn cẩn thận treo thêm ở mỗi giường một cái giỏ nhỏ để đựng chai nước uống tránh rớt. Lái xe chạy an toàn, không phóng nhanh vượt ẩu. Dù lúc đi xe trống rất nhiều chỗ những xe chỉ đón những khách đã đặt xe trước, không đón khách ngoài (với số tiền bỏ ra cho tuyến đường như vậy thì thấy rất tốt)",0,0,0,0,5,0
"Quán này đông khách lắm vì đồ ăn nấu ngon, hải sản tươi cực kỳ, giá cũng không quá cao. Đặc biệt mấy dân tổ chức tour hay lui tới, nhiều khách dùng ai cũng khen cả.",0,0,0,5,0,0
"Thuê xe tự lái 7 chỗ tại đây có dịch vụ giao xe tại sân bay Phù Cát Quy Nhơn rất tiện lợi. Mình đến nơi là đã có xe chờ sẵn. Rất OK
",0,0,0,0,5,0
"Quán deco tông màu đen trắng nhìn đơn giản và đẹp.menu đồ uống thông dụng , giá bình dân.với quán ở địa điểm đẹp như thế này giá như vậy là rẻ. Sữa chua dẻo bình thường ko nổi trội,chưa thử đồ uống nên lần sau sẽ thử thêm. Điểm trừ là quán điều hoà mà trong nhà vẫn có người hút thuốc, tuy có mở ô cửa sổ nhưng vẫn hôi.trog nhà nên cấm hút thuốc. Địa điểm đẹp để cf nhìn ngắm phố phường.",0,0,0,4,0,0
"Đây là địa điểm thuê xe mình rất tâm đắt ở quy nhơn. Cô chú rất nhiệt tình, vui vẻ, giá cả thuê xe lại rất sinh viên.",0,0,0,0,4,0
"thực phẩm rất lớn, thức ăn rất ngon và giá cả rất tốt.",0,0,0,5,0,0
"Ban đầu mình nhận phòng nhưng k ưng ý vì chỗ vòi nước ở bồn tắm bị hư và sau đó nhân viên đã lên sửa, lúc ấy bạn mình nói muốn đổi phòng khác và lễ tân đã hỗ trợ mình đổi phòng khác rộng hơn chỉ tiếc là k có bồn tắm, nhưng vẫn rất perfect",0,4,0,0,0,0
Quán sát eo gió nên ăn xong lên eo gió chơi rất tiện. View đẹp là điểm cộng số 1,5,0,0,5,0,0
"Chuyến đi của chúng tôi yêu cầu đi phà, trả phí cầu đường, và tất nhiên, được đón một lần nữa để lái xe trở lại vài giờ sau đó. 
Mọi thứ đã được ST chăm chút và đã bao gồm trong giá bán.",0,0,0,0,4,0
"Dù mình chưa đặt bánh nhưng mà shop đã tư vấn rất nhiệt tình, mình rất thích",0,0,0,5,0,0
"Giá cả phải chăng, nhân viên nhiệt tình, gần khu trung tâm dễ dàng di chuyển tới các điểm vui chơi",0,4,0,0,5,0
"Nhân viên thân thiện, khách sạn đầy đủ dịch vụ từ tour tới xe máy nên rất tiện cho vợ chồng mình đi lại. Các bạn tư vấn nhiệt tình điểm ăn uống ở Đà Lạt.",4,4,0,0,4,0
Vị trí thuận lợi. nhân viên nhiệt tình hỗ trợ khách hàng,0,4,0,0,0,0
"Hình thức tự check in tạo cảm giác tự do, thoải mái như đang ở nhà của mình.",0,5,0,0,0,0
"Trong một ngày rảnh rỗi thì ngồi thèm hải sản, nhớ ngay quán Cây Dừa, dạo trước hay ra Qui Nhơn chơi, cứ ra là ghé quán này, hải sản lúc nào cũng tươi ngon, đặc biệt là rẻ, đây là địa điểm an toàn cho túi tiền của dân du lịch",0,0,0,5,0,0
"Tới thành phố biển Quy Nhơn du lịch đi chơi chụp ảnh nhiều nên chân mình mỏi rã rời. search google thì may sao tìm thấy chỗ này. Cũng may mình đặt lịch trước không thì đến phải đợi . Chỗ này tối đông kín ghế, không gian thiết kế ổn, ấm áp,tone màu hợp với những đứa chuyên sống ảo như mình. Tay nghề của các bạn KTV khá ổn, chịu khó hỏi han khách cần gì và lễ phép. Giá tiền cho 1 lần massage chân là 200k/60p. Ở thành phố du lịch mà mức giá như vậy mình thấy rất hợp lý. Mọi sự mệt mỏi đều tan biến. Mình sẽ ghé lại khi có dịp du lịch Quy Nhơn tiếp.",5,0,0,0,0,0
"Silent Kitchen - tạm dịch là tiệm bếp im ắng?? Chắc vậy :)) mà phải công nhận ở đây kiểu lãng mạn, nhẹ nhàng và yên tĩnh, rất thích hợp với kiểu hẹn hò hoặc trò chuyện riêng tư. Không vì thế mà làm người ta choáng ngợp, silent kitchen vẫn tạo cảm giác thoải mái cho thực khách. Nhân viên được đào tạo bài bản, lịch sự. Bên này có đủ thứ từ trà sữa, cafe cho tới đồ ăn. Thì kitchen mà, đồ ăn cũng ngon và nhiều lắm. Gọi cái pizza ăn thử, khá ok, đế không mỏng cũng không quá dày. Cheese nhiều và thơm, tạo cảm giác ngon miệng mà không ngấy.",0,0,0,5,0,0
"Một địa điểm tham quan du lịch, nghỉ mát tốt hiện nay tại Quy Nhơn
Bạn chỉ cần đi hết Cầu Thị Nại (thành phố --> khu kinh tế Nhơn Hội) là sẽ thấy ngay khu du lịch phía bên tay phải
Bạn nên đi vào những ngày không phải dịp lễ, tết để có những bức ảnh đẹp nhất mà không phải lay hoay chọn hướng vì quá đông người
Vé vào cổng ngày thường cho nhu cầu tham quan rất rẻ (50.000 1 người) và bạn phải trả thêm phí trò chơi nếu bạn có nhu cầu khi vào bên trong
Tại đây cũng có nhà hàng và khu ăn uống cho nên bạn không phải đi đâu xa hay là đem theo cả mớ đồ ăn cả
Sẽ rất thú vị cho những cặp tình nhân đi du lịch vì ở đây có rất nhiều homestay qua đêm và view thì miễn bàn luôn nhé!",5,0,0,0,0,0
"Nhiều món để lựa chọn ☑ Gà rán ngon tuyệt. Quán chia ra gà không xương và gà có xương rất ngon. Salad to đủ ăn cho cả 3 người. Món nào cũng ngon 👍 Về mặt phục vụ thì phục vụ tốt, ân cần, nhiệt tình và hòa đồng với khách hàng 👤. Vô có chào hỏi, về có mở cửa cho khách và tạm biệt. Luôn tươi cười. Tư vấn cho khách ăn vừa đủ món để không bị thừa và thiếu ^^.",0,0,0,5,0,0
Vì mình đang đói và ăn vội nên không có chụp được hình nào,0,0,0,0,0,0
"Chủ cho thuê thân thiện, thuê xe để quên đồ ảnh chạy theo đưa lại, chỉ dẫn chỗ ăn uống nhiệt tình. Lần sau quay lại vẫn sẽ thuê xe ở đây!!!",0,0,0,0,5,0
Đi nhóm cắm trại hoặc đi thuyền qa đảo chơi mà ăn hải sản ok lắm luôn còn nhiều hình lắm mà lấy hình gần nhất mới đi hôm qua 💃🏻,5,0,0,5,0,0
"Poke ngon , nguyên liệu tươi , sốt cay rất ngon ,thích hợp cho những người tập gym , rất đáng để trải nghiệm !",0,0,0,4,0,0
"Dịch vụ tập trung vào khách hàng tuyệt vời. Đến sớm, xe sạch sẽ rất mới, tài xế thân thiện và hữu ích 
Người lái xe an toàn, chúng tôi không bao giờ lo ngại mặc dù giao thông đông đúc. Rất khuyến khích dịch vụ này cho công việc và niềm vui.",5,0,0,0,5,0
"Ở ngay trung tâm, gần quảng trường thành phố. Hơn nữa, bạn quản lý rất dễ thương, nhiệt tình đổi phòng cho bọn mình ở một phòng view hướng biển mà giá lại không đổi. Phòng sạch sẽ và thoải mái.",0,5,0,0,0,0
"3 chị em mình ghé Chạm Spa vào buổi sáng, bị ấn tượng bởi không gian thiết kế rất hài hòa và ấm cúng, mùi hương chanh sả nhẹ làm mình thấy thư giãn. Đi bộ nhiều nên 2 chân mỏi rã rời, mình chọn dịch vụ massage chân tinh dầu kèm thêm đá nóng 60p, giá 220k . Tay nghề các bạn KTV ở đây khá tốt , làm bài bản chứ ko hời hợt như một số nơi khác, nhiệt tình và rất lễ phép.  Mức giá 220k tại trung tâm thành phố du lịch cũng như không gian và thái độ phục vụ tốt như vậy mình thấy hợp lý . Bạn nào đi chơi nhiều giống mình thì mình khuyến khích nên thử dịch vụ bên này nhé . Rất hài lòng!",5,0,0,0,0,0
"Anh Chị chủ hiền, nhiệt tình, giá rẻ. Mình thuê đi chơi có nữa ngày mà vẫn giao tận nơi. Sẽ giới thiệu cho người quen.",0,0,0,0,5,0
Chuyến đi suôn sẻ và an toàn. Chúng tôi muốn giới thiệu dịch vụ cho những du khách khác.,5,0,0,0,0,0
"Giá cả rất hợp lý, chỉ cao hơn một chút so với mức giá tương đương của Grab, nhưng họ chắc chắn đã bù đắp cho sự khác
 biệt trong dịch vụ được cung cấp.",0,0,0,0,4,0
"Mình vô tình ghé qua quán, không kỳ vọng nhiều vì lối lên không quá fancy nhưng thực sự lúc vô quán bị bất ngờ bởi không gian rooftop từ tầng 10 rất thoáng, và view toàn thành phố cực đỉnh.",4,0,0,0,0,0
"Đẹp, sạch sẻ ,vị trí đắc địa rất tiếc chưa khai thác hết tiềm năng
",4,0,0,0,0,0
"Chợ Bến Thành, Sài Gòn là biểu tượng không thể quen thuộc hơn khi nói đến thành phố mang tên Bác. có hàng chục nơi để đi, hàng trăm điểm để khám phá, và hàng nghìn hoạt động chờ bạn tham gia. Tuy vậy, nếu chưa ghé chợ Bến Thành, một ngôi chợ sầm uất bậc nhất đồng thời là biểu tượng của thành phố, thì hành trình của của bạn vẫn chưa trọn vẹn đâu nha.

Trải qua hơn 100 năm tồn tại và phát triển, chợ Bến Thành không chỉ là nơi giao thương của thị dân mà còn trở thành điểm du lịch không thể bỏ qua khi đến Sài Gòn Từ kiến trúc độc đáo của ngôi chợ, những người bán hàng thân thiện, đến sự đa dạng của hàng hóa, khiến ai cũng muốn một lần ghé đến tham quan.",5,0,0,0,0,0
"Vợ chồng mình đến Quy Nhơn du lịch và thật may mắn khi tìm được chổ thuê xe máy của bạn Bảo. Bạn rất nhiệt tình, giới thiệu mình các quán ăn ngon và các tour du lịch eo gió, kỳ co, hòn khô với giá cực kỳ ưu đãi. Xe thì mới và sạch sẽ vô cùng, giá cả lại tốt.Ấn tượng nhất quả mũ bảo hiểm , đi đâu cũng thấy khách của bạn ngoài đường. Nếu có 10 sao mình cũng sẵn sàng cho 10 sao nữa",0,0,0,0,5,0
"Mình và bạn mình lần đầu tiên đến đây và cảm thấy rất hài lòng với quán. Từ các bạn nhân viên tới chủ quán. Thật tuyệt vời khi được thưởng thức một đêm đúng nghĩa theo tiếng nhạc ở đây. Không gian mở, mọi người gọi đồ uống và thoải mái thư giãn. Cảm ơn đã dành cho tụi mình nhiều sự quan tâm tới vậy nha @tommy. I will get backkkkk",0,0,0,5,0,0
Rất hiểu biết và kiên nhẫn. Đến để giúp chúng tôi khi chúng tôi hết nhiên liệu. Dịch vụ tuyệt vời. ,0,0,0,0,5,0
"Về Xì Gòn sẽ nhớ món này ở đây nhợ Ngon thanh ngọt dịu Rẻ ơi là rẻ, 1 ly đầy mà có 19k @@ Nhân viên thì thân thiện dễ thuóng Nói chung thấy người Quy Nhơn ai cũng dễ thương quá thể ❤️❤️❤️",0,0,0,5,0,0
"Giá vé xem phim khá rẻ, phòng chiếu rộng rãi, hiện đại, trải nghiệm xem phim không có gì phải chê",5,0,0,0,0,0
"Hải sản tươi sống, dù ở quê mình cũng toàn hải sand nhưng ra đây vẫn cứ bị thèm. Nhiều món ngon, lạ miệng, xứng đáng đồng tiền.",0,0,0,5,0,0
"Nhân viên rất thân thiện và vui vẻ , phục vụ nhiệt tình",0,5,0,0,0,0
"Mình cũng xem review mới viết quán này, ở FLC nên đi đâu xa cũng khó, gọi quán hỏi thử, quán cho xe qua đón luôn. Qua quán ai cũng dễ thương, món ăn thì ngon mà trình bày lại đẹp mắt nữa. Lại phải quay lại ăn hết cái menu quá",0,0,0,5,0,0
"Tôi đã có một đêm thú vị ở đây, đồ ăn rất hấp dẫn, một nơi đáng nhớ khi đến Sài Gòn",0,0,0,0,0,0
"Bạn mình ở Hà Nội vào quy nhơn chơi cần thuê xe máy để đi lại. Mình nghĩ ngay đến dịch vụ cho thuê xe máy số 1 Quy Nhơn của anh Hoài Bảo tại địa chỉ 27A Hoàng Hoa Thám.
",0,0,0,0,4,0
"Dich vu tot , lai xe nhiet tinh , vui ve ... biet cac quan an ngon va ban dia tai tp Quy Nhon
Tài xế thân thiện , đúng giờ đúng tuyến , cảm ơn dv phương khang car.
",0,0,0,0,4,0
"Uống quán này cũng gần được 1 năm mà giờ mới review (vì mắc bệnh lười 😝) Không gian : nhỏ nhưng ấm áp, decor bắt mắt. Mình rất thích tới đây tám chuyện với bạn bè vì không khí yên tĩnh không ồn ào náo nhiệt như nhiều quán khác. Đặc biệt là có điều hoà ngồi mát mẻ, sạch sẽ. Chủ quán hình như là fan của running man nên thấy lúc nào cũng mở chương trình này , ai cùng chung sở thích thì gia nhập lun nhé :)) Chủ quán: hiền, dễ thương (nhưng thương không dễ))) lâu lâu hơi tưng tửng xíu nhưng mà lại thấy vui ))) Chất lượng: đã uống thử nhiều quán trà sữa ở quy nhơn nhưng cuối cùng vẫn quay lại đây vì thấy không chỗ nào bằng chỗ này. Mình thì mùa hè hay uốg soda chanh dây, chanh dây ép, sorbet cam xoài. Còn mùa đông lạnh lạnh thì uống hồng trà sữa hay trà sữa 1 lít. Đúng kiểu tâm trạng mùa nào uống thức đó.. so deep.. Menu còn rất nhiều món nhưng tính mình chung thuỷ uống nào ngon thì cứ uống hoài thui :))",0,0,0,5,0,0
"Nơi này có bầu không khí rất tuyệt, âm nhạc rất đặc biệt với múa bụng hàng ngày.",4,0,0,0,0,0
"Quán sạch sẽ, đồ ăn tươi, phong cách phục vụ nhân viên tốt.",0,0,0,5,0,0
Đáng thử nếu bạn thích đồ ăn Ấn Độ!,0,0,0,4,0,0
Con trai tôi cũng thực sự thích nó.,0,4,0,0,0,0
"Quy Nhơn về đêm quá lung linh và tôi muốn đi dạo phố ngắm toàn cảnh thành phố. Và tôi tìm đến dịch vụ cho thuê xe máy . Rất hài lòng về dòng xe ab mà a giao đến. Xe đi rất êm, và a chủ rất nhiệt tình ạ. Có dịp sẽ quay lại nơi đây để gặp a chủ hihi",0,0,0,0,5,0
"Ấn tượng đầu tiên về Silent là về không gian cực đẹp, chụp hình cực ưng ý. Quán là 1 trong những quán cafe có kiểu thiết kế mới lạ khi kết hợp các yếu tố sang trọng cùng các chi tiết xanh thiên nhiên . Thay vì những bức tường xi măng khô khan là những tấm kính trong suốt được trang trí bằng những chùm đèn bắt mắt hay những mảng tường được phủ xanh bởi lá cây. Bởi vậy, không gian của quán mang đến cho mọi người cảm giác như đang lạc vào lâu đài cổ tích vậy, đến cả đường đi vào WC cũng xinh lắm cơ :"">. Mà ở Silent thì buổi tối đẹp hơn nhé ^^ Một điều đặc biệt nữa là ở tầng 1 của quán có đặt 1 cây đàn piano và quán có cho phép khách sử dụng đấy ạ ^^ Menu của quán thì không quá đa dạng, giá thì cao hơn tí so với mặt bằng chung nhưng đồ uống được trang trí cầu kì bắt mắt. Các bạn nhân viên ở đây thì nhiệt tình và dễ thương cực kì luôn ấy :""> Hãy tới và trải nghiệm Silent theo cách của riêng mình đi nào!",0,0,0,5,0,0
"Xe Ngọc Thương đi an toàn, nhiệt tình, chờ khách hơi lâu",0,0,0,0,4,0
"Khách sạn đẹp, có thể ngắm cảnh thành phố từ trên cao. Vị trí thuận tiện, nhiều tiện ích đi kèm. Chỉ tiếc là nhân viên phục vụ phòng ca thán nhiều việc, tranh cãi với nhau to đến mức mình nghe thấy.
",0,4,0,0,0,0
"Xe đẹp, Lái xe nhiệt tình, vui vẻ. Chuyến đi Sa Pa, Hà Giang cùng dịch vụ thuê xe Du Lịch Hà Nội thành công tốt đẹp. Cảm ơn Bác tài và công ty rất tuyệt vời.
",0,0,0,0,5,0
"Nhân viên tận tình, vui vẻ, chất lượng tốt. Đánh giá 5 sao",0,0,0,0,5,0
Cảm ơn bạn đã chia sẻ cách trồng và sử dụng cây của bạn! Tôi đã học được một cái gì đó mới và nấm rất ngon!,0,0,0,4,0,0
"Đi dịp Tết nên thấy quán đông hơn mà nhân viên phục vụ cũng dễ thương, nhanh nhẹn. Ở Quy Nhơn thấy quán này là nhân viên khá chuyên nghiệp, phục vụ nhẹ nhàng có hỏi han chứ không như các quán khác. Quán này đi buổi tối đẹp hơn, không gian lung linh, huyền ảo, nhiều ánh đèn, mà mấy ngày này ngồi ở ngoài hơi lạnh. Có 1 số khu vực để sống ảo cũng tốt. Nước pha vừa uống, không đến nỗi tệ. Quán này có chị chủ rất dễ thương và nhiệt tình.",0,0,0,4,0,0
Người lái xe rất tuyệt và đã cho chúng tôi nước đóng chai được đánh giá rất cao.,5,0,0,0,5,0
"Mình đến quán vào buổi chiều khoảng 16h. Lúc này quán chưa đông lắm. Nhưng nghe bạn mình nói là về tối sẽ đông lắm ấy Về thịt nướng và nem thì mình thấy rất ngon, ướp rất hợp khẩu vị Không gian rộng rãi có nhiều bàn ghế, khang trang. Xung quanh còn treo tranh trông khá nghệ thuật và bắt mát Mình đi 2 người và gọi combo này chỉ 120k là quá ok no lun Chắc chắn sẽ ghé lại nếu có dịp",0,0,0,5,0,0
"Vô tình được chủ khách sạn giới thiệu về ốc ở đường ngọc hân công chúa khi tới nơi thì quá nhiều quán nên vợ chồng mình quyết định quán nào đông nhất thì vào, ốc ở này người ta gọi là ốc chỉ thích ăn gì chỉ nấy chứ không phải chế biến như ở hà nội mình . Ốc ăn cũng ngon 20k / phần . Hàu nướng thì 5k nướng mỡ hành ngon lắm các bác à 1 mình tôi chén tới 20 con hàu . Haha nói tóm lại ở đây 4 hôm là ghé hết quán này có món cá bò gì đo ăn ngon lắm các bác còn tôm hùm nướng phô mai như hình chụp là 100k 1con ngon tươi 10d cho quán . Vì sự nhiệt tình của quán giành cho vợ chồng mình nên quyết định review cho quán .",0,0,0,5,0,0
"Nằm trên bãi biển chính, thực sự trên cát. Giá cả cao hơn một chút so với những nơi khác trong thành phố Quy bào -
 nhưng Địa điểm Vị trí Địa điểm! Không khí tốt. Nơi này có rất nhiều du khách Việt Nam.",4,0,0,0,0,0
"Các anh chị nhân viền vừa lịch sự vừa chu đáo. Rạp phim rộng, chất lượng hình ảnh, âm thanh rất tuyệt, sạch sẽ thơm tho. Còn có cả nhiều ưu đãi tốt cho khách hàng ❤
",5,0,0,0,0,0
"Mình rất hài lòng về thái độ phục vụ của mọi người, phòng sạch đẹp, view quá tuyệt vời, giá rẻ!",0,5,0,0,0,0
"Mèo vô tình đi ngang và tấp vào, quán không gian nhỏ nhưng đẹp, kết nhất bộ bàn ghế ngoài hè và thái độ phục vụ quán rất vui vẻ cởi mở, soda cherry ngon và giá cả hợp lí ! Mèo ưng quán này và sẽ ghé quài hihi :3",0,0,0,5,0,0
"Quán có không gian khá đẹp và ấm áp, thực đơn chủ yếu là món Tây Âu nên hương vị rất lạ miệng và ngon toẹt vời, giá cả hợp lí. Boss rất dễ thương và nhiệt tình, quán có bạn Franchese đặc biệt nữa. Quán thích hợp cho các bạn thích không gian yên tĩnh, họp gia đình cuối tuần, làm ăn với đối tác hay các bạn đang hẹn hò 🤗",0,0,0,5,0,0
"Nhà hàng này ở vị trí khá đẹp, nhìn ra là thấy hồ sinh thái ở Quy Nhơn. Quán cũng sang trọng nhưng thực sự cách bài trí thì mình thì thấy hơi khó hiểu, nó không theo một quy luật nào cả, các bàn kê khá gần nhau nên hơi ồn,ảnh hưởng bởi bàn kế bên.Nhưng được cái là bàn nào cũng được trải khăn trải bàn nhìn sạch sẽ,tinh tươm. Đồ ăn thì cũng tạm được nhưng không được tươi lắm. Nhưng được cái bạn phục vụ đẹp trai nên lấy được điểm trong mắt của mình. Giá thì cũng ổn,biết chọn món hợp lý thì cũng rẻ.",0,0,0,4,0,0
"Dịa điểm nằm ngay trung tâm, phòng rất rộng và sạch đẹp. giá quá tốt vào thời điểm này.",0,5,0,0,0,0
"năm trước đi không thích lắm, nhưng thấy năm nay toàn xe mới nên cho 5*
",0,0,0,0,4,0
"Mình đã thuê xe để đi phượt, đèo dốc ổn, xe tốt an toàn, chú cho thuê vui tính, dễ thương! Giá cả hợp lý. 😇😇 không tiếc gì mà hẻm cho 5*",0,0,0,0,5,0
"Một trải nghiệm thú vị và đáng nhớ. Ghé qua lần 1 không được vào nên đành qua khu ICISE tham quan. Do quá đam mê khoa học và nghiên cứu, muốn tham quan nơi này quá mà đã quyết định hồi vé máy bay ở lại thêm 1 ngày để quay lại lần 2 xong đến vẫn không cho vào. Phải năn nĩ dữ lắm chú bv mới giúp vào hỏi quản lý ở trong và cho nhập đoàn để tham quan và trải nghiệm. Cảm ơn sự nhiệt tình giúp đỡ của chú bv và Ban QL. Có dịp sẽ quay lại lần nữa. Vì nghe nói sẽ trang bị thêm nhiều thứ mới lạ nữa.
",4,0,0,0,0,0
"Chủ cho thuê xe vui vẻ nhiệt tình, giao xe nhanh chóng vừa ra cửa đi  bộ ra chút xíu là nhận được xe, thủ tục đơn giản. Mọi người có ra QN chơi thì ủng hộ cho chú nhé",0,0,0,0,4,0
"Nếu ở đà nẵng bạn có các quán như Năm đảnh hay eo biển có càng cùm cụn thì tới Quy Nhơn nên ghé vô đây để thưởng thức hải sản. Các món hải sản ở đây ngon, rẻ đặc biệt chất lượng luôn đây nhé. Mình khá thích món càng cùm cụm hấp ở đây có cả lá dứa nữa nên mùi vị được tăng lên đáng kể luôn í. Menu quán đa dạng, nhiều lựa chọn và phong phú. Giá cả ở đây bình thường.",0,0,0,5,0,0
"Holika hiện đang làm điên đảo giới trẻ Quy thành. Không gian hơi nhỏ nhưng với gam màu trắng xen lẫn những vật dụng màu hồng đem đến cho ta phong cách đa dạng từ sang trọng, hiện tại đến vintage, đến nhẹ nhàng. Vị trí quán cũng khá dễ tìm. Nhân viên dễ thương, nhiệt tình. Bánh trà sữa trân châu giá yêu thương 16.000 đồng/ bánh size nhỏ, 30.000 đồng/ bánh size lớn. Bánh khá là thơm và ngon nha, phần bông lan vị trà mềm mịn, lớp sốt trà sữa và trân châu... nói chung là ăn không thể cưỡng lại được, ngon lắm lắm luôn.",0,0,0,5,0,0
Kỳ nghỉ tuyệt vời cũng nhờ một phần của khách sạn,0,5,0,0,0,0
"Nếu bạn đang tìm kiếm burger tốt hoặc quá khứ, thanh này là một nơi tốt nhất để kiểm tra. Nhân viên đáng yêu, nhạc sống rất tuyệt vời với 
không chỉ một cốc bia lạnh mà còn là một loại cocktail rất ngon được pha chế bởi người pha chế thân thiện. Dễ dàng kết bạn với người địa phương ở đây.",5,0,0,0,0,0
"Tưởng không ngon mà ngon không tưởng. Mình không thực sự ấn tượng với bánh xèo tôm nhảy Quy Nhơn. Nhưng ăn bánh xèo ở đây đỉnh của chóp. Đồ tươi, nêm nếm ngon, nước chấm cũng xuất sắc. Giá cả ở mức hợp lý. Chắc chắn sẽ quay lại quán khi có dịp ghé Quy Nhơn lần nữa.
",0,0,0,5,0,0
"Thiết bị, nội thất trong phòng chuẩn 4 sao",0,5,0,0,0,0
"Cảm ơn các bạn đã chuẩn bị cho mình một chiếc xe rất tốt trong suốt hành trình của mình tại Quy Nhơn và cảm ơn cả anh nhân viên rất nhiệt tình tư vấn cho mình các điểm ăn uống khá ngon, lần sau đến mình lại ghé nhé!",0,0,0,0,5,0
"Tiện nghi tốt, nội thất rất đẹp, view của khách sạn nhìn sương mù rất đẹp. nhân viên nhiệt tình, giá cả rất ổn. Có dịp chắc chắn sẽ quay lại",0,4,0,0,0,0
"Bánh canh ở đây bán rất ngon từ xưa đến nay vẫn hương vị, vẫ mùi vị đó mà làm bao người phải đến đây thưởng thức... mình thấy quán chưa bao giờ vắng khách cả.. giá cả thì lên 1 tẹo... hồi trước là 15k 1 tô, nay là 20k 1 tô nhưng ăn bao ngon, bao no luôn nha... quán có bánh canh mì và bánh canh gạo... quán bán rất sạch sẽ và thoáng mát... nhân viên phục vụ tận tình khỏi chê nha... các bạn hãy tới thưởng thức món bánh canh cua, chả cá của quán và cảm nhận",0,0,0,5,0,0
"Không gian nhỏ nhưng thoáng, menu đa dạng, giá rẻ. Bánh ngon tuyệt nhưng hơi nhỏ. Nước uống cũng ngon lắm. Chỉ có 1 nhân viên nên nhiều lúc đợi hơi lâu",0,0,0,4,0,0
"Quán ngay cạnh Nghĩa ghẹ, hơi vắng vẻ. Tuy nhiên chị chủ rất nhiệt tình, đồ ăn ngon & sạch sẽ. Đặc biệt có món gỏi ốc rất ngon, cháo hải sản thì siêu nhiều nhân, giá cả hợp lý. 4 đứa ăn no lặc lè mà hết có 1tr thì mình thấy quá xứng đáng r ❤️",0,0,0,5,0,0
"Các món ăn đặc trưng Việt Nam, ngon mà lại khá rẻ. Ngon nhất là Cơm Gà. Nhân viên phục vụ nhanh chóng và nhiệt tình.",0,0,0,5,0,0
Cơm ở đây ngon mà giá rẻ hơn Quê hương. Gà xối mỡ hay chiên mắm đều ngon. Gà xối mỡ da giòn tan lun. Quán sạch sẽ. Có ship tận nơi nữa. Recommend nha.,0,0,0,5,0,0
Người lái xe rất lịch sự và tốt bụng. Mọi thứ đều ổn ngay lập tức. Chuyến bay bị hoãn nhưng người lái xe đã ra ngay khi chúng tôi xuống khỏi lối ra.,5,0,0,0,5,0
"Đối với mình là tạm ổn, nếu bạn đăng ký thành viên sẽ được giảm giá vé.
Như mình đi 2 người, giá giảm còn 45k/1 người.
Nếu mua thêm 2 bắp 2 nước là 90k. Tổng cộng sẽ là 180k.
Bạn nào không cận nên chọn hàng ghế từ F trở lên, sẽ ngồi đỡ mỏi cổ và nhức mắt. Âm thanh và ánh sáng tại rạp khá ổn.
Ngoài ra, rạp Startlight có khu chờ phim được decor rất đẹp mắt, mọi người có thể nhìn ngắm nội thành Quy Nhơn từ trên cao, rất chill đấy.",4,0,0,0,0,0
"Ngon dã man. Quán duy nhất quy nhơn có rau sà lách cuộn. Sạch sẽ, kim chi ngon. Pizza ngon. Vừa mới chuyển chỗ sang đường phan bội châu. Có 2 lầu. Khách đông. Nhân viên 4 người, có chú dắt xe nữa.",0,0,0,5,0,0
"Thiệt tình là menu ở quán đa dạng nhiều món trà quá nên cũng vô tình gọi được ly Trà cam vàng đào nhài,đầu tiên nhìn cái màu nước là ưng ý rồi nhưng cũng chả biết vị nó ra sao,bt uốg nước cam thì sẽ nghe mùi cam hay bột cam nhưng mà riêng ly này thì không,mình cảm thấy ngon có mùi đặc trưng của cam kết hợp đào nhài nhé ^^ à bên trong còn có hoa nhài nữa nha,vị nước này thì rất ngon,k quá ngọt gắt,mùa hè này mà uống thì hết sảy,mặc dù giá có vẻ hơi cao nhưng mà uốg dc 1 ly ngon như v mình cảm thấy k tiếc tí nào 😋",0,0,0,5,0,0
Xe buýt nước trình bày quan điểm của thành phố HCM và một số quận ngoại thành từ sông với giao thông ra ngoài.,0,0,0,0,4,0
"Quán này tối đông lắm nên tốt nhất là tới sớm chút nhé. Có khu vui chơi cho trẻ em nữa nên bố mẹ đến cafe với bạn bè cũng tiện, đỡ giữ mấy đứa nhỏ. Bữa mình uống trà đào cam sả, thấy ok đó chứ. k thua gì mấy quán chuyên trà sữa trà đào cho giới trẻ, miếng đào múp rụp. Uống ít ngọt thì nhớ dặn quán, mùa này uống vậy là ok rồi. có cả điểm tâm sáng nữa, kết nhất món bún đuôi bò á",0,0,0,5,0,0
"Nhóm mình đi Quy Nhơn chơi. Được mấy anh chị đi trước hướng dẫn đến tiệm này để thuê xe. Công nhận đúng ý thật. Xe mới, chủ quán nhiệt tình thêm cái giá cả quá hợp lý. Quy Nhơn đẹp, tiệm này cũng quá dễ thương. Luôn ủng hộ dịch vụ cho thuê xe máy Quy Nhơn mỗi lần ghé nơi đây ",0,0,0,0,5,0
"Món ăn ở đây rất ngon. Gà rán hay gà nướng các loại đều rất hợp vị, gà rán giòn,không bị bở. Đặt biệt gà phô mai nhiều, phômai thơm, béo lắm luôn. Ngoài ra ở đây còn có bán các loại nước trái cây, cf , soda các loại. Và cách phục vụ của các bạn nhân viên, niềm nở, chu đáo, nhiệt tình và lễ phép với khách Hôm rồi mình đi sinh nhật cháu gái tại jollibee, cảm thấy rất thích không gian ở đây .Phù hợp để tổ chức sinh nhật, hội nhóm bạn bè 😍",0,0,0,5,0,0
"Các tàu cánh ngầm cũ của Nga và Vina express hiện đã ngừng hoạt động. Tại thời điểm này, tàu tốc hành Pacific với các tàu mới đã được tiếp quản sử dụng cùng các phương tiện cập cảng.",0,0,0,0,0,0
"Quy Nhơn là một trong những thành phố yêu thích của tôi tại Việt Nam và quán bar này là một trong những nơi tốt nhất để bạn có thể đi chơi ở đây.
 Thiết kế thoáng mát, bia lạnh bíp, bóng bàn, phi tiêu. . vv Rất nhiều hoạt động hàng ngày. Bạn có thể dễ dàng gặp gỡ một người mới ở đây: người nước ngoài, du khách ba lô, du lịch, người dân địa phương nên nó là một hỗn hợp tốt cho bầu không khí của họ. Rất khuyên! ! !",5,0,0,0,0,0
Bãi xe sâu phía bên dưới quá an toàn.,0,0,0,0,4,0
"Mình chỉ đến spa ngẫu nhiên do spa gần khách sạn mình ở Quy Nhơn nhưng rất ngạc nhiên về chất lượng: Dịch vụ spa rất chuyên nghiệp, hiệu quả, nhân viên có vẻ có tay nghề rất tốt, phục vụ nhiệt tình, thân thiện. Highly recommend!
",5,0,0,0,0,0
"Sò điệp nướng mỡ hành cũng ngon, ăn chung w muối tiêu xanh, nhug muối này hơi ngọt xí. Mực nướng muối ớt mình gọi 300gr, mực tươi nướng thấm, ăn rất giòn, ko dai. Sẽ ghé lại ăn nếu có dịp ghé QN lần nữa.",0,0,0,5,0,0
"Quán có tông màu chủ đạo là xanh dương và trắng. Nhìn thì thấy quán khá nhỏ, nhưng cách bố trí nên thấy view quán rất đẹp, chật mà chất :)) phong cách view quán và phong cách phục vụ theo kiểu phương tây nên mình khá thích quán này. về thức uống khá ngon đấy, giá lại cũng hợp lý, tại mình đi vội nên không thử được các món con lại. Tóm lại quán này về view rất đẹp, cách phục vụ rất tốt dù khách đông nhưng nhiệt tình. mình rất thích quán này có dịp mình sẽ ghé quán để thưởng thức nốt các món còn lại :))))))",0,0,0,5,0,0
"Quán này nghe đồn nổi tiếng lâu đời lắm rồi. Thành thương hiệu bánh canh của Quy Nhơn luôn. Mình ấn tượng với Bà O già già mặc áo bà ba ngồi bán phía trước. Không gian quán cũng không rộng rãi là mấy, nhưng quán này chỉ vào ăn rồi ra, nên không chiếm nhiều thời gian. Nên thế này là được rồi. Quán ngoài bánh canh bánh cuốn còn bán kèm sữa đậu nữa...Bánh canh dai ngon,nước dùng khá ngọt. Điểm nhấn của tô bánh canh này là là chả cá, chả cá vừa sực sực và ngọt.Ngon quá trời luôn.",0,0,0,5,0,0
"Có vẻ như một chuyến tàu trực tiếp từ Trung Quốc sẽ có trong năm tới, và một lượng lớn khách du lịch được mong đợi. 
Hãy bảo vệ thiên nhiên tươi đẹp này bằng cách tẩy trang kem chống nắng và thuốc chống côn trùng trước khi vào thác.",5,0,0,0,0,0
"Người lái xe tuyệt vời, dũng cảm, không bao giờ bực bội, thậm chí không bao giờ bấm còi, sẽ giới thiệu kỹ lưỡng",5,0,0,0,5,0
"Lần đầu mình ăn pizza ở quy nhơn, nói chung là được. Thứ nhất, không gian ấm cúng, vị trí dễ tìm. Thứ hai, nhân viên thân thiện, vui vẻ. Thứ ba, bánh và các món thì tạm ổn. Không quá ngon hay đặc sắc. Mình đi 2 người hết gần 150k. 1 bánh thập cẩm size s mình thấy ăn cũng ngon, 1 salad cá ngừ( mình ăn xong hết 2 món trước rồi mới đem ra) gia vị hơi nhạt, bánh mì bơ tỏi khá bình thường. Thứ tư, thứ mình thích nhất là trà đào tại quán.",0,0,0,4,0,0
"Nghe bảo khách sạn chỗ này sang trọng mà lại hút khách lắm nên cũng đến đây thuê phòng thử. Công nhận chỗ này đông khách thật, lúc mình đến thuê phòng thì chỉ còn duy nhất một phòng trống thôi. Không gian thì sang trọng, lịch sự, mát mẻ. Phục vụ thân thiện vui vẻ mà lại còn tận tình nữa. Vị trí của khách sạn thì đẹp miễn bàn, đối diện biển nên rất thoáng mát. view nhìn từ phòng mình ra biển rất đã mắt. Phòng ốc sạch sẽ, gọn gàng thơm tho. Hội trường ở đây cũng bự và mát nữa. Mấy cô tiếp tân phục vụ thì mình thấy hơi thiếu nhiệt tình.
",0,4,0,0,0,0
"Quán Hải sản này nhiều loại hải sản như tất cả các loại ốc, cua, cá...trên dưới 30 loại được chế biến sẵn rồi bày bán kèm theo nước chấm tùy loại và rau xoài nữa. Ưu điểm này là quán bán giá rẻ, các tầng lớp như sinh viên,học sinh,lao động phổ thông đều có thể vào nhậu khỏi lo về giá. Một người khoảng 70k là đã thôi. Nhưng mà về độ tươi của hải sản thì hình như phải xem xét lại, nó không được tươi ngon lắm. Nhưng tiền nào của ấy thôi. Quán vẫn đông tấp nập.",0,0,0,4,0,0
"Quán có không gian bắt mắt và đông khách nhất là cuối tuần... thích hợp cho mọi lứa tuổi đặc biệt là các cuộc họp mặt gia đình và bạn bè... nước uống cũng đc, giá bán cũng đc so với view quán ntn... quán không khi nào vắng khách cả... đây là lần thứ 2 mình ghé quán nhưng vẫn thấy đc cách phục vụ rất chuyên nghiệp và ân cần của nhân viên đối với khách hàng của mình... có phong cách đặc biệt và đơn giản nên thu hút đc nhiều khách trong và ngoài thành phố đến nghỉ ngơi và thư giãn",0,0,0,5,0,0
"Nhân viên tư vấn khá là nhiệt tình, mặt hàng đa dạng,giá cả chấp nhận được cho khách du lịch.",0,4,0,0,0,0
"Rất tuyệt vời cho các bạn trẻ yêu thích khoa học! Đang trong quá trình hoàn thiện, sẽ có thêm nhiều thú vị trong tương lai!",5,0,0,0,0,0
"Nhân viên nhiệt tình, gửi xe rồi đi thang bộ lên tế trời, tháp và đền thờ
",4,0,0,0,0,0
"Có lần mình về và ghé quán nhưng trời ơi không còn chổ nào để ngồi, buồn 5' ... đang chuẩn bị bỏ đi thì cô chủ vội chạy ra mời mình vào và thế là có được chỗ ngồi VIP luôn ... điều không ngờ là quán khá đông nhưng mình không phải đợi lâu, đồ ăn thì ok, không có gì phải chê ... cuối cùng mình ""chốt hạ"" với 1 ly kem Misu yêu thích. Nhìn chung mỗi lần về thấy quán mỗi khác, đậm chất quê hương. Cảm ơn cô chủ quán nhìu ..nhìu.. :)",0,0,0,5,0,0
"Bingo's signature thì mềm mịn, nhiều topping, nhìn thích mắt lắm, ăn không bị ngấy. Ở bingo có máy lạnh nữa, nên mùa hè mà vô đây tránh nóng nắng thì tuyệt cú mèo. Không gian yên tĩnh nên có thể học bài được nha ^^",0,0,0,5,0,0
"Buổi tối Quy Nhơn cũng đáng yêu lắm, nên mình chọn thuê xe máy dạo quanh phố phường, dạo qua một loạt các sự lựa chọn bọn mình quyết định thuê xe máy bên dịch vụ cho thuê xe máy giá rẻ - giá chỉ 120k/xe/ngày 🌼Vì đi 7 người nên mình chọn 1 homestay tên la Paradise Quy Nhơn, cách bãi biển và quảng trường khoảng 700m, , anh chị chủ nhà thiết kế các phòng đúng theo cái tên luôn ạ: ocean (4 người), Jungle (4 người) to hơn ocean chút, lotus (2 người) và dorm có thể ở dc 7,8ng nha, ở đây các cậu có thể hát hò, nấu ăn, dùng máy giặt thỏai mái 😆 (chúng mình ở 3 phòng ocean, jungle và lotus) đặt theo combo cả máy bay nữa là 3.450k/ng 🌼Ngoài homestay ra, còn rất nhiều khách sạn sát biển đường Xuân Diệu, Nguyễn Huệ, Ngô Mây, Nguyễn Nhạc... nhé: Ly Kỳ hotel, Thiên Hải 2 Hotel, Mento Hotel, 5 elements Hostel, Carisbay Hotel... 🌼 Nếu chủ yếu thời gian dành cho nghỉ dưỡng thì nên ở resort nha vì cách trung tâm khoảng hơn 8km đó: Casa Marina Resort, Crown Retreat Quy Nhơn resort, Avani Quy Nhơn resort, FLC Quy Nhơn (có bao gồm đưa khách đi Eo Gió) ...",5,5,0,0,5,0
"Một quán trà sữa nhỏ nhỏ xinh xinh view khá zễ thương, đặc biết nó gần trường Đại Học nên khá là đông nhé. Quán khá đa dạng về món, với giá cũng hợp lý vs sinh viên nè, thấy trà sữa cũng ngon cũng bình thường như mấy quán ngon khác hoy nhưng đc cái gần sinh viên <3. Quán phục vụ khá vui vẽ, nói chuyện vui, có mấy bạn nữ ohucj vụ zễ thương nè :))). Tóm lại quán khá ok nhé, quán hơi đông nên mình nên đi sớm sớm xíu kẻo hết chổ nhé :)). có dịp mình sẽ ghé lại.",0,0,0,5,0,0
"Dịch vụ cho thuê xe máy ở đây rất nhiệt tình, giao xe tận nơi và lấy xe tận nơi hoàn toàn miễn phí, một ngày tính theo 24 tiếng bắt đầu từ lúc nhận xe nhưng khi mình trả xe lỡ đi xa quá về ko kịp trễ hẳn 2 tiếng. Bạn chủ vẫn rất vui vẻ và ko tính theo phí phát sinh. Kinh doanh rất sởi lởi và thiệt tình, cho bạn đánh giá 5 sao nhé",0,0,0,0,5,0
"Resort nằm ngay khu Ghềnh Ráng của thành phố Quy Nhơn xinh đẹp đây hehe. Thích nhất view ngắm biển, sáng có thể ngắm bình minh miễn phí. Mình đi chung với gia đình, nên quyết định chọn resort này để cả nhà cùng nghỉ dưỡng thật thoải mái. Ở đây có nhiều dịch vụ hạng sang chất lượng để tha hồ chọn nhé. Món ăn của nhà hàng ở đây cũng rất ngon. Xung quanh cây cối nhiều mang lại một không gian xanh mướt luôn. Gia đình mình nghỉ dưỡng ở đây ai cũng thích. Giá khá cao, tầm 3 triệu đến 5 triệu. Nhưng đổi lại là những điều rất đáng để trải nghiệm. Resort cách sân bay Phù Cát tầm 35Km, xuống sân bay đi taxi vào là tiện nhất!",5,5,0,0,0,0
Tiện nghi tốt và đầy đủ,0,4,0,0,0,0
"Núi nằm liền kề QL 1D đoạn đường biển đẹp Qui Nhơn. Lên tới đỉnh Rada nhìn toàn cảnh thành phố biển Qui Nhơn rất đẹp.
",5,0,0,0,0,0
"Không gian khá bình dân nhưng thoáng mát, sát cạnh Eo Gió thuận tiện vừa kết hợp thăm quan và ăn uống, tuy không gian không quá sang trọng nhưng chất lượng hải sản rất ok, giá hợp lý",5,0,0,5,0,0
"Đẹp, đi lại thuận tiện.. được cái WC ở phòng chờ view tuyệt vời ông mặt trời 🤣🤣🤣",0,0,0,0,4,0
"Tổ chức tour rất tốt, tôi và gia đình hài lòng, cảm ơn bạn
",4,0,0,0,0,0
"Khá lý tưởng cho các tín đồ mua sắm hoặc đơn giản chỉ đi chơi cho đổi không khí, được ngắm các gian hàng đẹp, được ăn uống, đc xem phim.",4,0,0,0,0,0
"uy Quy NHơn là nơi có đồ ăn rất rất ngon và rất rất rẻ, tuy nhiên ở Quê Hương đồ ăn bình thường, gía mắc, phục vụ bình thường chả có gì ghi dấu ấn",0,0,0,5,0,0
Chiếc xe rất sạch sẽ và thoải mái.,0,0,0,0,4,0
"Ngày 1: Thuê xe máy của anh hoài Bảo Đi quanh tp và ra Sunfbar 2h có mặt tại sbay Quy Nhơn bắt xe về ksan 30p. Và pn mk nhận phòng lúc 2h30. Nằm nghỉ 1 lúc rồi đi lượn ăn ltinh quanh thành phố - Sunfbar : Nên đi vào buổi chiều tầm 5-6h vì 6h30 bắt đầu nên đèn trời vẫn còn sáng nên chụp hình sẽ rất đẹp. Ngoaig ra lúc đó ngoài biển cũng đông ng tắm nên rất nhộn nhịp Ngày 2: Kì Co - Eo Gió - Trung lương 7h sáng cmk bắt đầu lên đường. Chỗ này cách thành phố tầm 25-30km. - Kì Co mk mua theo tour 350k/1ng . Bao gồm: Cano đi 2 chiều ,Tắm biển , Lặn ngắm san hô. Khi về nhà hàng dc ăn hải sản 7 món . Về ăn uống nghỉ ngơi thoải mái rồi ra Eo gió - Eo Gió là eo biển lớn và đẹp nhất Việt Nam. Chụp ảnh sống ảo ở đây thỳ miễn chê luôn ạ. Vé vào 25k thôi nhé Vì vẫn còn sớm nên pn mk đi sag Khu dã ngoại Trung Lương - Khu dã ngoại này k quá rộng. Phía dưới có quán Cafe sát biển tone màu xah trắng cực xih vs những chiếc lều vintage. Từ trên quán cf nhìn xuống nc biển xah ngắt mà tiếc k mag đồ tắm xuống Ngày 3: Phú Yên Từ QN sang PY cách nhau khoảng 100km nhưng vì nghe nói cảh 2 bên đường khá đẹp nên cmk đã chọn đi bằng xe máy. Nghĩ lại mà thấy 2 đứa khoẻ thật 🤣 Cban có thể bắt xe buyt hoặc taxi nhé =))) - Bãi Xép - Phim trường “Hoa vàng cỏ xanh” vé vào cổng 20k . Ở đây đẹp như thiên đường luôn. Đứng từ trên nhìn xuống đẹp dã man luôn. Thyk nhất biển chỗ này luôn. - Gành đá đĩa : mãi hơn 3h cmk mới sag đây. Vé vào cổng 20k tiện đương đi về tp QN luôn Ngày 4: Hòn Khô - Tháp đôi - Gềnh Ráng - Hòn khô: Đi cano ra 100k ở đây có mỗi c cầu. Gần giống như Kì Co ( không nên đi vì ở đây nta đag thi côngnên bị cấm r ạ và cũng k dc đẹp như ở kì co) - Tháp đôi vé vào 20k - Ghềnh ráng mk cũng chỉ ra bãi đá trứng chụp ảnh rồi về Ngày 5: Lượn quanh tp đi mua quà và ra sunfbar Ở trong này rất nhiều quán cafe đẹp nên tối nào ăn uống xog cmk cũng đi cafe Tính ra mỗi người hết tầm 7tr5-8tr =)))",4,0,0,4,0,0
Ngắm bình minh tuyệt vời.,0,0,0,0,0,0
"Âm thanh hay ấm cúng, cuộc vui luôn được tiếp diễn không đứt quảng. Phục vụ nhiệt tình chỉ cần gọi là có. Năm sao
",5,0,0,0,0,0
"Chú cho Thuê xe nhiệt tình, giao xe ngay sân bay rất tiện đi lại và trả xe không phải tốn tiền taxi lên xuống tp Quy Nhơn.
",0,0,0,0,4,0
"Quán ốc vỉa hè cô xí nhưng đầy chất lượng , ăn ở đây đúng đáng đồng tiền , đồ ăn cực ngon, mới đi ăn nãy giờ nghĩ lại lại thèm , quán với đủ các loại ốc các loại , ghẹ cua , có cả cháo và trộn , giá cả lại phải chăng, không đắt lắm nên các bạn có dịp nên ghé ăn thử , không gian cũng khá sạch sẽ , ăn xong có nước rửa tay , cháo mọi bữa mình ăn thấy ngon lắm nhưng hôm nay thấy vị không được như ngày xưa mình ăn nữa, không biết là sao, nhưng dù sao đồ ăn ở đây vẫn rất ngon,",0,0,0,4,0,0
"Đúng nghĩa với cái tên của quán, kem ý! Phong cách làm việc phong cách của quán và thức ăn rất tây và ngon ạ. Quán có kem bánh nước, rất ngon đúng với đồng tiền mình bỏ ra.view đẹp sang trọng không gian ko chật ko rộng nhưng ấm cúng. Với tầm giá tiền đó thì rất hợp lý cho các bạn sinh viên hay gia đình nhé. Đã ăn là muốn ăn nữa :))) mình đã thưởng thức và sẽ đến để tiếp tục thưởng thức thêm nhưng món ngon tiếp theo. Very good.",0,0,0,5,0,0
"Tụi mình rất hài lòng về chuyến xe này. Có trung chuyển từ khách sạn ra bến xe. Tiện ích trên xe thì ok, chỗ nằm dài thoải mái, lại còn mỗi khách được một hộp sữa uống lót dạ nữa, trước khi xuống xe còn được phát khăn lạnh để lau mặt cho mát mẻ tỉnh táo sau chuyến đi dài. Lại còn bật bài hát riêng của xe nữa. Nói chung là hài lòng lắm.",0,0,0,0,5,0
"Quán gần biển nên ngồi ngoài trời thoáng mát hơn. Giá quá tốt, cá mú đen 500k/kg. Tôm sú biển 20 con/kg 620k/kg. 10nguoi ăn hết 3tr no căng bụng. Có xe đưa đón miễn phí, gọi trước 10p - +84 90 287 10 80.",0,0,0,5,5,0
"Xe thuê 100k/ngày. Xe mới, không phát sinh phí. Ông chủ nhiệt tình. Like.",0,0,0,0,4,0
"Ông chủ nhiệt tình, xe đi rất tốt, giá cả bình dân... Lần sau mk có quay lại Quy Nhơn sẽ quay lại đây thuê xe.",0,0,0,0,4,0
"Gần trung tâm nhưng phòng có ban công, lan can ra ngoài ngắm xung quanh rất đẹp",0,5,0,0,0,0
Điều mình hơi tiếc là nhìn từ ngoài quán hơi nhỏ nhưng được cái vào rồi mới thấy quán còn kéo dài ra sau nữa. Chị chủ quán ở đây zễ thương mà mến khách cực luôn <3. Có dịp chắc chắn mình sẽ ghé lại quán nữa nhé quá tuyệt <3!,0,0,0,5,0,0
Nếu có 10*+ thì mình cũng rate luôn á và giá phòng ở đây khá rẻ các b đi theo nhóm hay gia đình cũng đều được vì có nhiều phòng rộng nữa. Nếu b nào đi honey moon thì khách sạn cũng decor phòng honey moon nữa nè.,0,5,0,0,0,0
"Phòng có view nhìn ra biển đẹp, Trang trí nhìn hài hòa, cân đối",0,5,0,0,0,0
"Hỗ trợ nhận phòng không tiếp xúc rất hay, các bạn hỗ trợ nhiệt tình qua zalo, xe máy mới. Vị trí thuận tiện đi lại.",0,4,0,0,0,0
"Có rặn san hô đẹp, Nước biển trong xanh, ngồi thuyền bè thưởng thức đồ biển rất tuyệt, giá ra hòn khô cũng vừa pải với một nơi du lích. Có điều là phòng thay đồ rất ít và ko có nước ngọt tắm lại
",5,0,0,0,0,0
"Phòng sạch sẽ, cơ sở vật chất tốt.",0,4,0,0,0,0
"Mình là khách hàng thân thiện lẫn thân thuộc ở đây :))) nói chung mình hài lòng về Lotteria. Sẽ ủng hộ dài dài. Mong mấy bạn cũng đến ủng hộ và ăn thử cho biết nhé. Gà ở đây rất ngon, giá hơi cao một tí so với mấy quán khác nhưng đáng tiền lắm ạ ! Gà không bị bở cũng không giống gà kfc hay jolibe nha. Tuyệt ! 👍 .",0,0,0,5,0,0
"Khu resort này gần xịt khu dã ngoại Trung Lương luôn. Nói chung là vô cùng sang chảnh đẳng cấp. Tiền nào của nấy, phòng ở siêu đẹp, đồ ăn thì khỏi bàn. Đẹp mắt mà ngon nữa, ăn cứ phải nhỏ nhẹ thỏ thẻ cho hợp với cái không khí hic hic. Nghe bảo noel này có tổ chức party hoành tráng lắm. Muốn đi thì nên book trước từ bây giờ k là cháy phòng",0,5,0,0,0,0
"Ban đầu định thuê oto nhưng hỏi ra thấy chi phí cao mà trong nhóm lại có mấy bạn bị say xe không đi được nên nhóm quyết định chuyển qua thuê xe máy. Hỏi bên khách sạn thì khách sạn giới thiệu gọi cho dịch vụ cho thuê xe máy quy nhơn 27a Hoàng Hoa Thám. Mình nghe nói đây là địa điểm cho thuê xe máy số 1 ở đây, lúc đầu cũng hơi ngờ vực nhưng khi bạn chủ cho người mang xe đến thì nhóm mình quá ư à hài lòng luôn.
",0,0,0,0,5,0
"Quán chỉ bán buổi sáng, gần đường vào chợ đầm. Giá cả hợp lí nên lúc nào khách cũng đông nghìn nghịt. Một suất ăn bao gồm một dĩa bánh hỏi rắc hẹ xinh xinh, phía trên phủ đầy lòng heo còn nóng hôi hổi, thêm chút hạt tiêu thơm nồng. Bên cạnh là dĩa rau sống tươi ngon, một chén cháo, bánh tráng và nước mắm ớt tỏi hoặc nước mắm nhĩ nguyên chất. Bánh hỏi sợi mềm, lòng được làm sach sẽ, vừa ngon vừa giòn. Dĩa đầy đặn. nhiều loại tuy nhiên nước mắm pha hơi đậm. Nhân viên phục vụ nhanh nhẹn. thân thiện",0,0,0,5,0,0
"Trong cơn đói của buổi trưa đầu hè, còn gì tuyệt vời hơn ngồi thưởng thức đặc sản Bình Định. Tré Bình Định sực sực, kẹp thêm ít rau ta nói nó đã.
Cuộn thêm miếng bánh xèo với bánh tráng ít rau dưa chấm nước chấm bánh xèo, còn gì tuyệt vời hơn nữa. Ta nói nó nhức cái nách đó mà, ăn xong uống thêm chai nước nha đam, đi chục km đi bộ cũng thấy nó đã cái nư 😁
Đến Bình Định nhớ ghé lại gần thưởng thức với nẫu nha, 30k/cái bánh xèo 🍽 như ly nước Sài Gòn mình thôi😊",0,0,0,5,0,0
"Mình biết quán phải đầu tư cho mặt bằng lắm. Nhưng điều đó không đồng nghĩa là nước uống bị giảm chất lượng lại. Một ly khá nhỏ ít nhất cũng 27k mà nó bình thường quá, trà hoa hồng thì cũng không quá ngon để tới 45k 1 ly lận. Giá hơi chát. Nhưng phải công nhận là quán có không gian rộng rãi,thoải mái và dễ thương có sự đầu tư và trang trí. Trà sữa uống vào cũng đậm vị trà mà hình như hơi nhạt. Được cái mấy em nhân viên dễ thương và lễ phép cực kỳ.",0,0,0,4,0,0
"50k vé vào cổng và .... chỉ có tham quan. Khu vực rất rộng và rỗng, không có quá nhiều hoạt động vui chơi hay thăm thú, ít trò chơi, ít khu ngắm cảnh, ít chỗ chụp hình. Vé chơi trò chơi cũng khá mắc.
Cảm nhận chung nếu đi teambuiding mua vé trọn gói trò chơi thì chắc sẽ đỡ chán hơn. Còn tham quan, ngắm cảnh, mong chờ giống Đầm Sen hay Suối Tiên thì ... thôiiii.",4,0,0,0,0,0
"Nằm cách Quy Nhơn khoảng 16 km, đảo Hòn Khô có cảnh vật độc đáo với những mỏm núi đá nhô ra biển, những bãi cát phẳng mịn, những bãi cỏ xanh mơn mởn và mạch nước ngọt từ vách đá. Hòn Khô thực sự là một trong số ít các bãi tắm đẹp nhưng vẫn giữ được sự hoang sơ của thiên nhiên tạo hóa ban tặng.",5,0,0,0,0,0
"Hải sản tươi ngon, giá cả theo mình đối với khu du lịch thì cũng vừa phải. Bạn nhân viên nữ phục vụ hơi thiếu chuyên nghiệp.",0,0,0,4,0,0
"Quán đặt tại vị trí lý tưởng, vừa nhâm nhi ly cafe vừa ngắm biển, quán không quá đông đúc ồn ào, mọi người nên đến đây vào lúc chiều tà, 
để đón ánh hoàng hôn. Mình đã đến Quy Nhơn 2 lần và lần nào cũng ghé nơi đây đầu tiên, giá cả menu nước rất phải chăng!!",5,0,0,5,0,0
"Mình đi vào buổi tối. Vị trí khá dễ tìm. Quán cũng khá vắng vẻ nhưng nhìn rất sạch sẽ và chủ quán cũng thoải mái. Mình gọi 2 nem cuốn, 1 bún khô và 1 mẹt bánh hỏi. Giá thì ko cao nhưng cũng ko phải là rẻ. . . Nhìn chung thì 3 món ko có gì khác nhau về nguyên liệu, giống như 1 món ăn với bánh tráng, 1 món ăn với bánh hỏi còn 1 món ăn với bún vậy nên khuyến khích các bạn nếu có ăn 3 món này thì gọi 1 trong 3 là được. Tuy nhiên vị thì rất ngon nha, nguyên liệu nhìn cũng có vẻ tươi ngon, nói chung là cảm giác rất ổn, món bún nếu đậm đà hơn 1 chút nữa thì món ăn phải gọi là 10/10. À, nem cuối hơi dai chút xíu nên nhai cũng hơi mỏi.
",0,0,0,5,0,0
"Có món mì cay ngon nhắm nè, trà trái cây thì hết sẩy , mình thik ngồi tầng trên để nhìn phố và uống nước , hôm mình đi có cặp vc chụp ảnh cưới, xinh lăm , nếu có cơ hội nhất định tới",0,0,0,5,0,0
"Quán này nằm ngay góc đường vũ bảo vs cuối đường nguyễn lữ, không gian quán nhỏ và hơi bị chật hẹp nên về mùa hè thì ăn đồ nướng rất nóng nhé. nay quán có mở thêm không gian đối diện thấy hay tổ chức tiệc sinh nhật, tiệc tùng. Quán khá đa dạng về món ăn nướng, nếu chịu nóng để vào ăn quán ngon và giả cả rẻ như thế cũng đáng :))). Quán bắt đầu mở từ 6h tối và đóng cửa cũng khá muộn nên vô tư ăn uống <3 :). Ở đây nướng ngói nên thức ăn không bị cháy yên tâm ăn nhé. quán rất ok",0,0,0,5,0,0
"dịch vụ rất tốt, nhân viên lịch sự. Giá rẻ, 300k cho 90p massage hoặc facial. Dịch vụ xong còn có một hủ sữa chua homemade rất ngon.",5,0,0,5,0,0
"Không có nhà hàng riêng, không có minibar, không phục vụ đồ ăn đồ uống, có hồ bơi trên tầng cao nhất.",0,4,0,0,0,0
"Nghỉ ở khách sạn thì buổi sáng mỗi người được 1 phần buffet sáng ở tầng trệt.
Không gian rộng rãi, thức ăn bày trí thoáng, cặp sát tường và uốn vòng giữa sảnh nên dễ lựa chọn. Xem ra tương đối nhiều món, các món thiên về ẩm thực Việt nhiều, có cả bánh chưng, cháo cá - chà bông,  cơm tấm...
Thường thì buffet sáng chế biến các món ăn đơn giản nên k để lại ấn tượng j với mình.
Nhân viên dọn dẹp lẹ quá, hễ đi lấy đồ ăn xíu quay lại là muỗng nĩa dẹp hết trơn.",0,4,0,4,0,0
Chúng tôi đến thăm quán rượu Sisters và có bữa ăn kiểu phương Tây đầu tiên trong một tuần. Chúng tôi đã có bánh pizza và tôi phải nói rằng nó là rất tốt xem xét chúng tôi đang ở đâu. Nó được điều hành bởi một anh chàng Úc và vợ Việt Nam của mình và họ có một thực đơn thức ăn và đồ uống phong phú cho phù hợp với khẩu vị của bất kỳ ai.,0,0,0,5,0,0
"Vợ chồng tôi vừa thuê xe 5 ngày ở đây. Xe rất mới, sạch sẽ, các bạn giao xe rất ân cần và nhiệt tình. Giá cả phải chăng, lần sau nếu có trở lại Quy Nhơn nhất định tôi cũng sẽ gọi các bạn để thuê xe máy",0,0,0,0,4,0
Giá rẻ và chất lượng hơn hẳn một số khách sạn khác. Vị trí nằm gần biển! Highly recommend,0,5,0,0,0,0
"Mình mới tới Quy Nhơn lần đầu, được anh hướng dẫn viên giới thiệu quán cafe này. Quán nằm đối diện quảng trường, bên bờ biển, không gian rất rộng với 2 không gian riêng biệt, ngoài trời và phòng máy lạnh, mình đi buổi tối nên ngồi ngoài trời, mát lạnh luôn. Buổi tối đèn lung linh nhìn không gian lãng mạng, tối chủ nhật nên có hát aucostic nữa. Nhân viên quán khá nhanh nhẹn và thân thiện. Mình uống sữa chua việt quốc, 45k, giá khá hợp lí, vị vừa miệng.",0,0,0,5,0,0
"Team mình vừa thuê bên bạn 3 chiếc xe, xe các bạn giao đến còn khá mới, xe tốt và mình thích nhất là cách tư vấn của a chủ, a ấy rất nhiệt tình vui vẻ hướng dẫn cho team mình rất nhiều điểm chơi và ăn uống khá rẻ tại Đà Nẵng. Qua đây team mình cảm ơn a ấy rất nhiều.",0,0,0,0,5,0
Chú chủ khách sạn và nhân viên siêu dễ thương,0,5,0,0,0,0
"Quán xinh, kiểu vintage. Không gian yên tĩnh. Thích chi nhánh ở NLB hơn HD vì ấm cúng, ko bị loãng. Nước uống ngon. Nhân viên vui vẻ lịch sự. Wifi ổn. Chỉ có 1 điểm là chả hiểu sao lúc đang ngồi tầm 10h khách chưa về mà thấy tắt máy lạnh, nóng nên về luôn :|",0,0,0,4,0,0
Chắc chắn mình sẽ quay trở lại vào dịp ghé đến Nha Trang lần tới.,0,0,0,0,0,0
Các nhân viên là rất thân thiện và nói tiếng Anh tốt (một cái gì đó bạn không nhìn thấy trong lĩnh vực này) và chủ sở hữu thực sự hữu ích nếu bạn có bất kỳ câu hỏi nào. Đặt hàng Pizza Diavola và ức gà giòn! Hứa với bạn một bữa ăn rất ngon.,0,0,0,5,0,0
"Rẻ hơn mỗi món so với các cửa hàng ở góc phố của bạn, bia có giá khoảng 8k một lon. ",0,0,0,4,0,0
"Khách sạn đẹp, nhân viên phục vụ rất nhiệt tình, tận tâm.
Ks có view vịnh biển Tp Quy Nhon tuyet voi. Thích hợp nghĩ dưỡng, công tác, đánh golf.
Ngay trung tâm tp Quy Nhon nên di chuyển vào trung tâm rất tiện",0,5,0,0,0,0
Nay mới có dịp viết review cho các bạn hôm mình đã thuê xe máy của bác Hoài Bão ở đường Hoàng Hoa Thám công nhận dịch vụ của bác rất tốt. Nhân viên tư vấn rất nhiệt tình chỉ cho mình những địa điểm ăn uống ngon và những địa điểm du lịch đi chơi rất uy tín và chất lượng mình sẽ giới thiệu cho bạn bè khi có dịp.,0,0,0,0,5,0
"Nhân viên nhiệt tình, bể bơi view biển đẹp, phòng sạch sẽ",0,4,0,0,0,0
"Rất tốt !!!! Xe ngon, rẻ, chủ vs nhân viên rất nhiệt tình.",0,0,0,0,5,0
đáng tin cậy và được đề nghị bởi hầu hết các hướng dẫn khách sạn tại Sài Gòn. đã sử dụng dịch vụ và dễ dàng chỉ đạo và tìm kiếm sự trợ giúp,0,0,0,0,4,0
Bãi cát đẹp long lanh lung linh luôn. Nhiều booth khu vực sống ảo dành cho team tiktok với fbooker như mình nha. Làm chục shot hình cháy máy luôn. Nước biển trong veo nhìn thấy bàn chân luôn nha mọi người. Khu vực nhà hàng giá cả hợp lý. Ko chèo kéo khách. Khu vực vệ sinh & tắm nước ngọt sạch sẽ miễn phí. Lều chòi giá cả phải chăng ko chém khách du lịch. Mình đi ca nô trọn gói 270/người nên ko mất phí gì thêm nhé cả nhà,5,0,0,0,0,0
"Cô chú rất vui tính, nhiệt tình và tốt bụng cực kì luôn. Đã thế xe còn bốc và sạch sẽ lắm. Nếu có dịp quay lại Quy Nhơn, chắc chắn sẽ quay lại. Cảm ơn cô chú rất nhiều.",0,0,0,0,4,0
"Tôi đã đi và trãi nghiệm dịch vụ . Đưa đón sân bay đúng giờ . Giá cả hợp lý và rẻ hơn taxi như mai linh hay taxi sân bay . Thuê đi Du lịch ráta tiện . Tài xế thân thiện và am hiểu về địa điểm Du lịch , ăn uống và có cả Tour biển đảo . Nói chung là hài lòng . Hy vọng luôn uy tín và phục tốt . Thank",0,0,0,0,4,0
"Vào Quy Nhơn được ông anh dắt đi ăn bún cá quán nào, chắc quán nào nổi tiếng nên thấy khách du lịch đông, vì đông nên nhân viên hơi loạn một tí, giấy ăn , muỗng đũa, gia vị hết lộn tung cả lên. Bún cũng bt ko có gì đặc biệt. Nhưng thích cái là có chè hạt sen, chè đậu xanh. Chè hạt sen siêu ngon kkkk",0,0,0,5,0,0
"Điều mình ấn tượng khi mình bước vào đây đó chính là không gian vô cùng ấm cúng, cảm giác như tuổi thơ ùa về thời mình còn bé xíu và đi ăn chực cơm nhà hàng xóm ngon cỡ nào. Toàn những món ăn đậm chất dân dã như mắm cà,cá kho, thị kho,rau sống đựng trong những nồi niêu chán bát kiểu xưa lắc, xưa lơ rồi. Đồ ăn khá ngon mắt và hương vị rất truyền thống. Mình đã hiểu tại sao quán đông khách như thế rồi. Nhưng mà lưu ý là giá không dành cho sinh viên nha. Nhưng mà đáng đồng tiền lắm.",0,0,0,5,0,0
"Đã là tín đồ trà sữa thì không nên bỏ qua địa điểm này . Bobapop trà sữa nhìu loại với giá cả vừa phải ! Bao bì phải nói là cực cool, rất đẹp. Lúc oder thì nhân viên tư vấn tận tình và phục vụ cũng rất thân thiện ! Còn không gian thì khỏi phải chê phù hợp để tụ tập ôn bài hoặc hộp nhóm là quá chuẩn lun ! Quand thưingf xuyên có các chương trình khuyến mãi, hãy chớp lấy cơ hội và tận hưởng nè . Các bạn cũng hãy đến thử nhé !!!",0,0,0,5,0,0
Đồ ăn của chúng tôi đồng loạt ra lò và phải nói là ngon hết ý! Đặc biệt là naan tỏi- có lẽ là ngon nhất mà tôi từng có!,0,0,0,5,0,0
"Một quán nên thử khi đến Quy Nhơn, không gian sạch sẽ vì nv lau dọn liên tục, có bill khi tính tiền. Mình gọi 1 phần bún như hình là 30k, nước thanh đậm đà. Hôm khi về mình thử 1 tô đặc biệt của quán vì vội nên ko chụp dc hình nhưng rất đáng để thử có đủ sứa,chả, 1 khoanh cá ngừ ... có giá 60k.",0,0,0,5,0,0
"Mình mới đi hòn khô về và đã ở khách nì, khách sạn thuộc dạng mới khai trương nên rất sạch sẽ thoáng mát, không gian cũng rất ổn, đặc biệt view biển max đẹp luôn. Ngắm hoàng hôn, bình minh chi cũng không thể chê vào đâu được.
Đồ ăn ở đây toàn hải sản tươi sống, xún biển bắt lên tươi roi rói nhảy đành đạch luôn à. Nếu bạn đâng có dư định đi hòn khô thì Nhơn Hải là một lựa chọn đáng để tham khảo đó nha!",0,5,0,0,0,0
"Mình book được phòng với giá quá ưu đãi, nói chung không có gì để chê, tất cả mọi thứ đều làm mình hài long",0,4,0,0,0,0
"Mình chưa thuê xe bên nào uy tín như bên này,anh chủ rất dễ mến nhân viên rất nhiệt tình,lần sau vào Quy Nhơn nhất định sẽ tiếp tục ủng hộ, rất tuyệt vời",0,0,0,0,5,0
"Không gian hơi chật trội, thích hợp đi gia đình, bù lại đồ ăn ngon bổ rẻ",0,0,0,5,0,0
"Vợ chồng mình lần đầu tiên sử dụng xe tại Quy Nhơn. Nhờ có chiếc xe mà tha hồ chạy khắp nơi. Mà vui hơn là anh Trưởng cho thuê xe rất nhiệt tình. Tất cả chỗ chơi, tham quan, ăn uống... anh ấy đều cho thông tin   . Hẹn gặp lại anh vào ngày ko xa nhé!
",0,0,0,0,5,0
"Gia đình tôi và tôi đến đây để ăn sáng, khi tôi hỏi tôi có thể chỉ nướng bánh mì với một quả bơ, cô phục vụ nói họ chỉ ăn chay vào buổi tối.
 Tôi sẽ không quay trở lại để tìm ra cô hầu bàn thật thô lỗ, cười! Nước tôi yêu cầu chủ yếu là nước đá.",0,0,0,0,0,0
"Tôi rất vui vì chúng tôi đã tổ chức điều này vì nó giúp chúng tôi đến một đất nước xa lạ thật dễ dàng. Chúng tôi đang quan sát những 
người khác đến, những người đều bối rối và không biết họ đang làm gì. Đó có thể là chúng tôi. Những người này rất chuyên nghiệp và làm cho trải nghiệm thị thực của chúng tôi trở nên vô cùng suôn sẻ. Cảm ơn các bạn!!!",0,0,0,0,0,0
"Tuyệt đẹp. Nước biển trong xanh, sạch nhìn tận đáy thuận lợi cho bơn lặn ngắm cá, san hô. Còn hoang sơ chưa được khai thác hết.
",4,0,0,0,0,0
"Thiên nhiên hoang sơ, chưa được khai phá nhiều nên vẫn còn nhiều nét mộc mạc. Người dân bình dị, dễ gần.
",0,0,0,0,0,0
"minh chua thuê xe bên nào uy tín như bên này,anh chủ rất dễ mến nhân viên rất nhiệt tình,lần sau vào đà nẵng sẽ ủng hộ nhiều,rất tuyệt vời",0,0,0,0,5,0
"Nhiêu đây mà có 400k thôi đó, trời ơi tin được khônggg🤤 Thức ăn vừa ngon, vừa tươi lại càng cực kì rẻ nữa chứ, nhân viên ở đấy cực kỳ dễ thương luôn. Bọn mình chỉ ở 1 đêm tại trung tâm nên không được thưởng thức lần nữa, có dịp nhất định sẽ quay lại♥️",0,0,0,5,0,0
"Kem Bảo Vân bữa nay xịn lắm. gọi hẳn là thế giới kem luôn mà nào là lẩu kem, mỳ trái cây lạnh, kem cuộn, kem ly, kem dĩa, bingsu... nay có cả món chè chuối nướng thần thánh. Ở quy nhơn mà đi mòn mắt cũng chỉ được 1-2 gánh bán chè chuối nướng thôi. Đây thì tiệm mở luôn, ngon lành sạch sẽ và tất nhiên là đắt hơn chè chuối nướng bthuong rồi. Mấy cái bingsu các thứ thì 25k, mì kem lạnh 20k, chè chuối nướng 12k và bữa nay có thêm bánh canh tôm nữa, tôm kiểu chả ý khá ngon tô 15k nghen",0,0,0,5,0,0
Hỗ trợ nhiệt tình trong thời gian lưu trú. Chuyến bay bị delay khách sạn vẫn tạo điều kiện cho ở mà ko thêm phụ phí. Chất lượng cơ sở vật chất ở mức tốt.,0,5,0,0,0,0
"Nhân viện thân thiện, lẽ phép và luôn giúp đỡ khách khi cần từ những việc nhỏ nhất. Địa điểm tiện nghi gần trung tâm thành phố, khu vực ở yên tĩnh, văn minh, không gây ồn. Giá cả phải chăng, phù hợp ở dài ngày.",0,5,0,0,0,0
"Quán có vị trí khá dễ tìm, kiểu phong cách hơi tây tây. Bước vào quán nhân viên chào hỏi nhiệt tình. Quán có khá nhiều không gian nhưng mỗi không gian hơi nhỏ. Quán này nổi tiếng nhờ cái view hành lang nhìn ra bên ngoài ( nơi sống ảo xuất sắc ). Được thêm cách trang trí cũng xinh xinh, mình thích nhất là mấy cái bàn ở đâu, ốp gạch lên nhìn hoài cổ . Nhưng điểm trừ to đùng là đồ uống , quá tệ, kêu ly capuchino mình nhìn thôi chứ uống k nổi. Chấm 7 điểm cho quán",0,0,0,4,0,0
"anh lễ tân dễ thương, phòng sạch sẽ, gần trung tâm, giá tốt nói chung là rất đáng trải nghiệm.",0,4,0,0,0,0
"Bãi xe hơi bất tiện, hồ bơi hơi xuống cấp",0,5,0,0,0,0
"Do đi ra sân bay gắp nên chỉ có thể mua phần kfc mang đi thôi, mình gọi 1 phần combo gồm có 1 hamburger bò, 1 khoai tây chiên và 1 ly nước ngọt để uống, theo mình cảm nhận thì đồ ăn của chuỗi của hàng kfc có thể nói là khá giống nhau rồi nên cực kỳ ưng chất lượng sản phẩm chổ này luôn, đồ ăn mang đi tới sân bay vẫn còn hơi ấm ấm nên ăn cũng ngon lắm mà miếng hamburger khá là to ăn mà no căng cái bụng luôn ấy chứ, khoai tây chiên thì hơi dầu mỡ thấm tràn ra cả giấy gói",0,0,0,5,0,0
"Giá tốt, thuê xe máy nhanh chóng, đơn giản, không có vấn đề gì khi đổi trả.",0,0,0,0,5,0
"Mình không ngờ lại có món chè khúc bạch ngon thế này luôn. Mình đã từng ăn một lần chè khúc bạch và nó quá tệ nên mình k bao giờ ăn nữa,nhưng bị cô bạn ép nên mình miễn cưỡng theo,ai ngờ ăn tuốt hai bát luôn. Chè vừa thanh vừa dịu quyện với hươn vải, hạt điều khô giòn tan, còn khúc bạch thì không chê được điểm nào nó thơm ngon với ba vị trà xanh, phomai và cacao ăn miếng nào cảm xúc dâng trào miếng đó. Giá thì hạt dẻ vô cùng chỉ 15k một chén. Không tìm ra được điểm nào để chê.",0,0,0,5,0,0
"Tên bãi trứng có lẽ do có nhiều viên đá tròn cạnh biển, hình dạng nhìn giống quả trứng.
Cảnh biển thì lúc nào cũng đẹp nhẹ nhàng. Nơi đây có vẻ là nơi du khách ghé chụp hình khá nhiều.",5,0,0,0,0,0
Nhân Viên dễ thương phục vụ tận tình phòng sạch sẽ view đẹp vị trí thuận lợi. Bạn ngọc lễ tân cute phomai que,0,5,0,0,0,0
"Bác giao xe cở tuổi bố mình, tội mà lịch sự lắm Mình trả trễ xe hơn 1 tiếng đồng hồ nhưng bác cũng không tính tiền thêm Các bạn đến Quy Nhơn du lịch cần thuê xe máy cứ liên hệ chổ này nha",0,0,0,0,5,0
tôi cảm thấy rất ấn tượng về roftop này thật sự đã mang lại cho tôi một buổi tối tuyệt với,4,0,0,0,0,0
"Nhà hàng món ăn ngon, giá hợp lý, phục vụ dễ thương và nhanh nhẹn",0,0,0,5,0,0
"Quán này bán lâu lắm rồi ấy, có thêm chi nhánh khác cũng ở Tăng Bạt Hổ. Bún thịt nướng ngon, nem chả cũng ngon. Nhưng bún bây giờ hơi ít hơn so với ngày trước. Hồi trước còn xấp xấp đầy tô. Giờ chỉ còn nửa tô thôi 😂😂. Giá cũng khá iu thương cả bún và cuốn 30k. Nước chấm cuốn cũng ngon nhưng hơi bị loãng.",0,0,0,4,0,0
"Phòng sạch sẽ, view biển siêu đẹp, đi bộ 2p là ra tới biển , có dọn phòng hằng ngày, nhân viên vui vẻ thân thiện",0,4,0,0,0,0
View đẹp. Dịch vụ tốt. Phòng rất sạch và rộng. Vị trí thuận lợi. Giá cả hợp lý. Ks vẫn hoàn tiền cho khách khi khách ko ở qua đêm dù khách đã thanh toán tiền rồi. Rất đáng trải nghiệm,0,4,0,0,0,0
"15-20k mà bao gồm chả cá chiên, hấp ( chả quết với tai heo ăn lạ miệng lắm luôn, )trứng cút, cá dầm, hành phi nhà làm, thêm lớp hẹ thơm nồng tròn vị , đặc biệt ớt siêu cay nên các bạn cứ thêm vào từ từ nhé",0,0,0,5,0,0
"Ngày cuối ở QN tìm trên foody thấy điểm tốt nên quyết định ăn sáng rồi ghé quán Marina này, quán khá đông dù mình đã đi hơi trưa rồi, không gian thoáng mát, nhân viên dễ thương cực, khách đông mà vẫn nhiệt tình, sẽ quay lại đây lần nữa nếu có dịp đến QN",0,0,0,5,0,0
Ks vắng nhưng nếu dc xếp phòng tầng cao hơn view biển thì ok hơn,0,4,0,0,0,0
"Dịch vụ rất ok ạ, sẽ ủng hộ lần sau ạ",0,0,0,0,5,0
"Dịch vụ thuê xe rất tốt thủ tục thuê xe rất nhanh gọn anh chu rất dễ thương, lần sau vào Quy Nhơn tôi sẽ tiếp tục ủng họ dịch vụ này rất uy tín",0,0,0,0,5,0
Về phần trà thì rất ngon nhưng nếu giảm độ ngọt xuống sẽ ngon hơn (mọi người nên điều chỉnh độ ngọt của trà). Holika còn có cả dịch vụ ship tận nhà cho các thánh lười. Freeship với hoá đơn trên 50.000đ/hoá đơn trong vòng bán kính 2km còn nếu các bạn ở xa hơn thì yên tâm Holika vẫn ship với giá ship tối thiểu 10.000đ/hoá đơn. 📞 Shipper: 0256 65 222 84,0,0,0,0,0,0
"Mình ăn nhiều lần ở đây rồi . Điểm cộng ở quán này là không gian sáng sủa, sạch sẽ mon ăn rất ngon. Chắc hạp khẩu vị mìn thấy món nào cũng ngon. Đặc biệt các phần cơm . Điểm trừ : quán phục vụ món ăn lâu ( cái này thông cảm chắc do khi gọi món mới làm) , nhân viên phục vụ ko đc vui vẻ , giá các món ăn và nước uống khá cao.Dẫu nhiều cái không thích nhưng do mình ghiền cơm ở đây nên vẫn hay ghé lại . . Khổ vậy :(",0,0,0,4,0,0
"Cơm gà ở đây rất ngon, suất đầy đặn, Giá cả hợp lý (45k một xuất cơm gà xối mỡ). Cơm nấu trộn nghệ, đẹp mắt và ngon miệng. Rau thì tươi và sạch. Quán sạch sẽ, nhân viên phục vụ tốt,",0,0,0,5,0,0
"Lúc check out mình thấy mấy chị đang dọn phòng kiểu dạng căn hộ ở bên cạnh nên có sang ngó thử, nhà ai có trẻ nhỏ ở phòng đấy cực tiện luôn ý.",0,4,0,0,0,0
"Bãi đậu xe ô tô hơi bất tiện tí xíu, nhưng vẫn đậu đỗ tốt.",0,0,0,0,4,0
"Vị trí nhà khách thuận lợi rất gần biển nên buổi sáng sớm bạn có thể đi bộ ra biển tập thể dục và tắm biển thoải mái. Do mới xây dựng nên khang trang, sạch, đẹp... mức giá không cao, chấp nhận được. Hãy đến nha các bạn!",0,5,0,0,0,0
"Yamaha Sirius , xe mới và bốc Mình rất thích con xe này. Chạy tuyệt vời giá thuê 120.000 đồng/ngày. Xe chất lượng, chạy lên dốc kỳ co ko gặp bất cứ vấn đề gì",0,0,0,0,4,0
"Nước trong vắt, nơi bạn có thể bơi, nhiều tầng thác nước, tất nhiên là các cửa hàng trước khi bạn đến đó, 
nhưng đó cũng là một phần của các chuyến tham quan!",5,0,0,0,0,0
"Mình thuê xe của công ty rất uy tín. Mình sẽ giới thiệu cho bạn bè của mình. Chuyến đi đến Chùa Địa Tạng rất ý nghĩa, tất cả mọi người trong đoàn đều vui vẻ. Chuyến đi an toàn.",0,0,0,0,4,0
"Nơi tuyệt vời với các cuộc triển lãm tương tác tuyệt vời! Một trong những phát triển mới thú vị hơn ở Việt Nam ^^
",5,0,0,0,0,0
"Chuyến hành trình thật thú vị,hoàn hảo nhất cho một chuyến đi bằng du thuyền trên sông,ngon lành cành đào",0,0,0,0,5,0
"Dịch vụ tốt, giá cả vừa phải",4,0,0,0,0,0
"Đây là một cách tuyệt vời, giá rẻ để xem một cái nhìn khác về thành phố và có một chuyến đi ra ngoài. Tôi tình cờ tìm thấy nó khi tôi đi dọc bờ sông tìm thuyền du lịch. Tôi mua vé khứ hồi từ phòng vé đến Thành, đó là điểm dừng thứ hai, chuyến đi có giá 30, 000 đồng, khoảng 1. Chiếc thuyền này rời bến lúc 11 giờ sáng và mất khoảng 30 phút để dừng lại trên đường đi. 
Bạn có thể bắt được sự trở lại mà rời đi lúc 12 giờ trưa nhưng điều này cho ít thời gian để có một cái nhìn xung quanh, ngoài việc có một thức uống. Tôi quyết định quay trở lại chuyến phà tiếp theo khởi hành lúc 2 giờ chiều và do đó có chút thời gian để nhìn quanh thị trấn nhỏ này, ngồi trong công viên, uống cà phê và kem. Chiếc phà trở về đã đến đúng giờ và có một cái nhìn tuyệt vời về đường chân trời thành phố trên đường đi. Tôi rất thích nó đến nỗi tôi đã có một chuyến đi khác vào cuối tuần.",4,0,0,0,4,0
"Shop có món cá ngừ đại dương phi lê ngon tuyệt. Lại rất rẻ so với thị trường. Chả ram tôm đất cũng ngon và rẻ. Phục vụ thân thiện, nhiệt tình.
",0,0,0,5,0,0
"Du lịch nhiều nơi nhưng chưa thấy nơi nào mà dễ sống, hiền lành, thoải mái như Quy Nhơn luôn. Cảm ơn bạn cho thuê xe máy tốt bụng đã hổ trợ mình rất nhiều trong máy ngày du lịch ở đây. Xe mới và chạy tốt lắm, LIKE",0,0,0,0,4,0
"Lần đầu tiên được ghé đến Quy Nhơn, khách sạn có view rất đẹp, phòng sạch sẽ. các bạn nhân viên rất nhiệt tình, đặc biệt các bạn lễ tân luôn quan tâm và hỗ trợ cho gia đình mình nhận phòng sớm. Cảm ơn Fleur De Lys đã cho mình trải nghiệm tuyệt vời này <3",0,5,0,0,0,0
"Tài xế vui tính quá và rất nhiệt tình, chụp cho chúng tôi album rất đẹp mà còn không tính phí. cảm ơn bác tài nhé ....
",0,0,0,0,4,0
"Phòng sạch sẽ, trả phòng rồi vẫn được sử dụng dịch vụ của khách sạn như hồ bơi, phòng thay đồ, WC.",0,0,0,0,5,0
"Nên ghé thưởng thức kem bơ ở đây, ngon tuyệt mọi người ạ, vô tình lang thang và biết đến quán ,ghé đến thưởng thức thì thấy đúng là bợ ở đây nguyên chất đậm đà thật luôn í, vị thì vừa đủ ngọt để ăn kèm vs kem. Nói chung, cực ngon nè, nên phải lên đây review cho mọi người biết, chứ trước giờ làm biếng đánh giá lắm, à khu này nhìu quán kem bơ, mà nghe đâu quán này là bán đầu tiên nè,hôm mình ghé cũng khá đông khách đấy",0,0,0,5,0,0
"Trước đây thuê xe máy nên thuê gần hết xe ô tô. Chán với cách phục vụ ở những nơi đó nên tôi thử hỏi thăm bạn bè thì tìm được cửa hàng Chành xe may Quy Nhơn của Hoài Bão. Đây là người đi nhiều, xe cũng ngon, ít xăng. Chọn khó để thuê nơi này.",0,0,0,0,4,0
"Quán nhò, đường vào cũng nhỏ, đồ ăn ngon và giá cả phải chăng. Đoàn mình đi 8 người mà đến muộn, gia đình cũng đang định đóng cửa, còn gì ăn nấy. Đồ ăn đa dạng trên thực đơn. Được cái gọi món nhanh, cả nhà gia chủ xúm vào làm. Sẽ quay lại khi có điều kiện đến đây lần sau.",0,0,0,5,0,0
"Lúc đi xuống quên mang khẩu trang lại lễ tân xin nhưng họ bảo không có khẩu trang - điều này xí xóa được đi. Nhưng khi mượn bàn ủi ủi đồ thì lại bảo không có luôn, ủa lạ vậy khách sạn 8 tầng mà không có bàn ủi đồ cho khách",0,4,0,0,0,0
Đi xe vào khá xa. May là có dân địa phương dẫn. Ngồi thuyền chống ra đến khu suối Hầm Hô. Khi vào thì mình lại đi bộ. Cảnh quang khá độc đáo với đá to từng tảng rải khắp con suối rộng. Nước suối trong vắt và được phép tắm. Nhiều nam du khách đã tắm thỏa thích vì không khí khá nóng bức nơi đây. Đây là nơi phải đến khi ghé thăm Bình Định vì nét độc đáo hết sức đặc trưng của nó.,0,0,0,0,0,0
"Sau một thời gian dài để làm thủ tục hải quan, anh ta vẫn chờ đợi và dễ dàng xác định vị trí. Chuyến đi nhanh chóng đến chỗ ở của chúng tô
i và có nhiều chỗ cho tất cả hành lý của chúng tôi",0,0,0,0,5,0
"Bãi Đá Trứng có những viên đá hình tròn hoặc bầu dục giống trứng khủng long trong thời cổ đại. Nơi đây rất phù hợp cho các tín đồ mê “tự sướng” kỷ niệm. Bãi đá khá nhỏ, nhưng cũng đáng để bạn trải nghiệm khi đến Quy Nhơn. Lối vào bãi trứng mát mẻ và còn hoang sơ. 2 bên đường rợp bóng cây và có các quán Cafe để bạn dừng chân nghỉ ngơi thư giãn. Tới đây bạn có thể gửi xe và đi bộ tham quan các địa điểm liền kề như Hòn Chồng, Đền thờ Hàn Mặc Tử, Bãi Hoàng Hậu...",5,0,0,0,0,0
"Rạp nằm trên tầng ba của BigC Quy Nhơn có diện tích khá rộng rãi. Bạn có thể đi lên bằng thang máy hoặc tháng cuốn. Nhân viên quầy vé vui vẻ, nhiệt tình. Có khu ngồi chờ trước giờ chiếu đẹp thoáng, có chỗ chụp hình cho các bạn trẻ có dịp lưu giữ kỉ niệm. Tuy nhiên hôm mình đi xem suất khuya thì rất nóng và hình như là không có bật điều hòa.
",5,0,0,0,0,0
"Tất cả mọi thứ điều tuyệt vời, phòng rất sạch sẽ, thoáng mát, đầy đủ tiện nghi; nhân viên siêu nhiệt tình, và dễ thương. Giá phòng siêu tốt, dù cho bạn đặt qua booking hay trực tiếp tại khách sạn.",0,5,0,0,0,0
"Mình tìm thuê xe tự lái Quy Nhơn thì thấy địa chỉ này, thuê xe ở đây anh chủ rất nhiệt tình, xe mới sạch sẽ
",0,0,0,0,4,0
"Bánh sinh nhật cũng có sẵn, một miếng xốp lớn, màu trắng có đóng băng jaffa sẽ có giá 200k, nhưng họ cũng sẽ cá nhân hóa nó với những lời bạn chọn ở trên cùng, tác phẩm tuyệt vời từ các chàng trai trong tiệm bánh!",0,0,0,4,0,0
"Đổi gió là gì? chắc nhiều đàn ông thích ""đổi gió"" và hiểu từ đó, hehe. Thôi không bàn sâu xa về từ này. Nhà hàng 114, cái tên như cái địa chỉ khỏi phải lẫn lộn chỗ nào và có chăng nó chia ra làm 2 quán 114 ở xuân diệu và Bình Hà. Nếu bạn muốn đổi gió (ý là gió mát lồng lộng) hoặc tiếp khách 1 nơi thoải mái thì 114 xuân diệu là khá lý tưởng. Món ăn ngon, nếu xét về số lượng thì 10 món cũng dc 6,7 món đa phần là vậy. Cơm chiên cá mặn, cá lao 1 nắng v.v... Mình nhậu nhiều ở đây và cảm thấy thích hợp, có món sang trọng có món đỗi vị bình dân nhưng cách chế biến cho hương vị và ngon thì cho 8 điểm (theo mình vậy). Chủ quán thì nhiệt tình, phục vụ thì không đông lắm nhưng cũng chú ý tới khách vì có người hay để ý. Giá cả thì từ 100k - 1tr. Tóm lại 114h xuân diệu đáng để bạn thưởng thức 1 lần với những vị khách ở xa và những vị khách quen thuộc nên ghé lại.",0,0,0,5,0,0
"Bữa sáng ngon, phải đi bộ khoảng 10 phút ra bãi biển nhưng cũng ko sao",0,4,0,5,0,0
Các bé nhà mình rất thích hồ bơi ngoài trời tại đây,5,0,0,0,0,0
"Mình được cô chú chủ NN Phúc Thịnh giới thiệu sang đây thuê xe. 2 cô chú rất dễ mến, xe sạch sẽ đẹp đẽ, giá lại còn rẻ. 9h cô chú đóng cửa nhưng vẫn chờ bọn mình tới 9h30 tới trả xe :)) Tất nhiên là 5 sao rồi ạ :3",0,0,0,0,5,0
"Lần đầu đến Bình Định mình cũng nhờ foody để tìm quán ăn. Vô tình đi ngang quán này nên ghé vào thử. Quán khá rộng, đẹp và thoáng nữa. Quán có kem tự chọn giống i love kem ở Sài Gòn giá lúc mình ăn là 23.000 đồng /100 gram. Có nhiều vị để chọn. Thích nhất vị dừa và chanh dây. Ngoài ra quán còn nhiều thức uống khác giá tương đối. Từ đây có thể đi bộ hoặc chạy ra bãi biển quy nhơn cách đó chừng 1km. Nếu có cơ hội đến quy nhơn hãy đến đây dùng thử nhé. Nhân viên dễ mến nữa nhé.",0,0,0,5,0,0
"Công viên thoáng mát dọc theo bờ biển, thích hợp cho du khách đi dạo và đưa trẻ đến vào những buổi chiều. Vì ngoài không gian đẹp và thơ mộng còn có các trò vui chơi giải trí cho các bé
",5,0,0,0,0,0
Tuy không sang trọng như xe cao cấp nhưng đầy đủ tiện nghi. Phòng rộng thoải mái nằm. Các nhân viên đều rất chu đáo với khách hàng. Dù mình xuống bến không có trong điểm đặt nhưng các chú vẫn hỗ trợ. Khi khách xuống xe còn chào khách rất lịch sự.,0,0,0,0,4,0
Đây là lần thứ tư tôi quay lại đây và muốn giới thiệu. Tôi sẽ trở lại đây mà không nghi ngờ gì nữa. Các loại bia và cocktail rất rẻ và bạn khó có thể đi bộ sau khi rời đi do rượu ngon và hiệu thuốc bên kia đường. Tôi,0,0,0,4,0,0
Ồ. Mình đã vừa tìm được lại địa chỉ của công ty thuê xe tại quy nhơn này. Thiệt tình thì đã có dịp thuê xe tại đây. Phải nói là hết sức ưng ý. Xe thì mới mà giá lại hợp lý. Đội ngũ nhân viên rất nhiệt tình và hiếu khách. Phải nói là từ trước giờ mình đến quy nhơn du lịch thì hầu hết di chuyển bằng xe máy nên đã tìm kiếm hết các công ty thuê xe rồi. Giờ mới tìm được chổ ưng bụng nhất.,0,0,0,0,5,0
"Nghe khen nhiều mà đến ăn không ngon như vậy, Hải sản không được tươi, giá thì siêu mắc",0,0,0,0,0,0
"khách sạn sạch sẽ, trang thiết bị mới , hiện đại. nhà tắm nước cực mạnh tắm rất thích. ăn sáng ngon dạng bufet. phòng rộng rãi.",0,5,0,0,0,0
"Nhân viên lịch sự vui vẻ, nhiệt tình, hỗ trợ 24/24 dù nhà mình đến khá sớm. Toilet chung sạch sẽ, tiện nghi",0,4,0,0,0,0
Chỗ đậu xe rộng rãi. Xe máy cho thuê cũng rất mới luôn.,0,0,0,0,5,0
"Khách sạn gần biển, giường rộng và nhiều đèn. View có thể nhìn được cả thành phố và biển",0,5,0,0,0,0
"nhân viên cực kì nhiệt tình.Chấm 10 cho nhân viên,chỉ cần bạn nhắn nhân viên sẽ hỗ trợ hết mình.Cảm ơn vì sự nhiệt tình",0,5,0,0,0,0
"Không gian ngoài trời thoải mái và view đẹp, thiết kế sang trọng. Rất tuyệt. Không gian trang trí nhẹ nhàng và thoáng mát, làm cho mình cảm giác thư giãn và dễ dàng nói chuyện với bạn bè tôi. Đó là một nơi tuyệt vời để thư giãn với bạn tôi và thưởng thức âm nhạc , thư giãn tuyệt vời với ngắm cảnh Sài Gòn xinh đẹp!Món uống Cocktail trông rất ngon, nhân viên phục vụ rất dễ thương, nhiệt tình. lần sau chúng tôi đến đây lần nữa.",4,0,0,4,0,0
"Quán khá bé, nằm trong nhà chủ luôn.
Đến sẽ đc free trà đá và đĩa xoài bé.
Ghẹ tươi, ngon, không to lắm nhưng khá chắc thịt. Giá cả theo thời giá nhưng mặt bằng chung là rẻ. Hôm mình ăn chỉ 300K/1kg thôi.
Món phải ăn thử chỗ này là sò lụa xào bơ tỏi, rất thơm và ngon nhưng hơi đắt.
",0,0,0,4,0,0
"Phòng chỉ có ánh đèn màu vàng tạo cảm giác lù mù, buồn chán vào buổi tối. Nếu ks trang bị thêm ánh sáng màu trắng nữa thì tuyệt vời. Ánh sáng màu trắng ở xứ biển nắng quanh năm như Nha Trang tạo cảm giác mát mẻ, vui vẻ, tươi sáng, lên tinh thần cho khách vào buổi tối.",0,4,0,0,0,0
"Nhân viên support nhiệt tình, khách sạn hỗ trợ theo nhu cầu, lễ tân dễ thương, anh nhân viên hỗ trợ xách hành lý giúp, phòng ốc sạch sẽ, mátttttttt, ra biển gần chút éc",0,5,0,0,0,0
"Nước biển khá trong. Tuy nhiên ko có dịch vụ nhiều nên chưa quản lý tốt, tuy nhỏ nhưng lại có nhiều rác. Nên trải nghiệm đi cano tham quan quanh hòn khô, như vậy mới thấy được hết cái đẹp nơi đây. Mình đi từ sáng sớm để đỡ đông người nhưng rất tiếc ko được chiêm ngưỡng con đường nổi cắt ngang biển vì đúng thời điểm nước lên. Mọi người nên đi vào ngày đầu tháng hoặc giữa tháng",4,0,0,0,0,0
Có một sự lẫn lộn về tên với người lái xe cầm một tấm biển với tên họ không chính xác. Điều này đã được giải quyết nhanh chóng thông qua whatsapp.,0,0,0,0,0,0
"Đến quán vào một buổi sáng tầm 8h nên khá đông khách ăn sáng, quán nằm gần chợ nhưng sạch sẽ, cô chủ thân thiện và nhanh nhẹn, 1 suất bánh hỏi lòng heo bao gồm bánh hỏi, lòng heo, rau sống, nước mắm và 1 tô cháo loãng để ăn kèm vs lòng lợn. Dĩa lòng thì gồm dồi, lòng, thịt heo, bao tử, gan,... trông rất hấp dẫn. Do lần đầu tiên ăn nên mình thấy hơi lạ, tuy nhiên cũng khá ngon, lòng hơi nguội nên mình không được vừa ý lắm, cháo ngon. Nước chấm hơi mặn tí xíu, nhạt lại nữa thì ok hơn. Giá cho 2 suất bánh hỏi lòng heo + 1 sữa đậu nành là 75k. Đáng tiền.",0,0,0,5,0,0
"Chuyến đi này là chuyến thăm đầu tiên hôn thê của tôi . Tôi muốn cô ấy để có được một cảm giác Việt Nam ngoài Hà Nội và Hồ Chí Minh (mà chúng tôi cũng đã đến thăm trong chuyến đi này). Quy Nhơn đã được đề nghị bởi một cố vấn đáng tin cậy và chúng tôi rất vui mừng chúng tôi đã đề nghị. Tôi chọn cho hai ngày trong Căn hộ cao cấp Ban công tại Life của một bãi biển. Từ đầu đến cuối toàn bộ đội đã đáp ứng, chào đón, và vui vẻ. Họ thực sự không có một góc nhỏ của thiên đường ở đây. Phạm vi của các lựa chọn hấp dẫn về sở hữu có nghĩa là có một nơi để mỗi ngân sách. Bất kể, cơ sở vật chất được sạch sẽ và duy trì tốt. Thực phẩm là tuyệt vời và chúng tôi đã vui mừng có cơ hội để dự phần Tiệc tối xã. Các căn hộ nằm lẽ 125 km từ tài sản chính và nhìn ra một bãi biển liền kề / vịnh. Việc đi bộ giữa hai địa điểm đi trực tiếp qua làng. Nụ cười rất nhiều và banh mi phụ nữ (chỉ ăn sáng) là một ngôi sao nhạc rock. nước dồi dào nóng, tuyệt vời a / c, và wifi mạnh mẽ với một cái nhìn chúng tôi sẽ không bao giờ quên. Có một con gà trống trong làng ... anh sẽ chắc chắn bạn trải nghiệm không thể nào quên mặt trời mọc :) Chúng tương tác với khách du lịch từ khắp nơi trên thế giới ở đây và hy vọng sẽ có cơ hội để trở lại một lần nữa sometime sớm. Đặc biệt cảm ơn Steve cho sự chú tâm của mình để truy vấn (nhiều) email của tôi cũng như hỗ trợ sắp xếp chuyển sân bay.",0,5,0,5,0,0
"Quán ăn ngon phếch. Xìa Ngao ngọt lịm, ghẹ chắc thịt, ngọt thịt. Nhiều hải sản sống đa dạng, chủ quán giới thiệu nhiệt tình, nhân viên tư vấn kỹ càng. Phục vụ tốt!",0,0,0,5,0,0
"Anh chị cho thuê xe rất nhiệt tình và dễ thương. Dịch vụ cực kỳ tốt. Mình vào Quy Nhơn 2 lần đều đến thuê xe và rất hài lòng với chuyến đi. Mình đi cả ngày > 100km không gặp bất cứ vấn đề nào. Và Chắc chắn đây là địa chỉ số 1 của mình mỗi khi đến Quy Nhơn --------------------------------------------------------------------------------------------------------------- They rent car very enthusiastically and lovingly. Extremely good service. I went to Quy Nhon 2 times, rented a motorbike here and was very pleased with the trip. I go all day with a schedule of more than 100km without any problems. And surely this is my number 1 address when I come to Quy Nhon",0,0,0,0,5,0
"Dịch vụ chất lượng, giá rất rẻ, ông chủ vui vẻ. Phục vụ chuyên nghiệp. Tuyệt vời!
",0,0,0,0,5,0
"Giao xe tận nơi và đến tận nơi lấy xe cho khách, tiện lợi và chuyên nghiệp",0,0,0,0,5,0
"Khách sạn khá cao cấp, từ tầng 16 có cửa sổ nhìn ra biển rất đẹp",0,4,0,0,0,0
"Không gian hoạt động giáo dục khoa học, sáng tạo cho thiếu nhi thật tuyệt vời! 😊💖👍
",5,0,0,0,0,0
"Mỗi dịp hè là lại ghé đến quán thường xuyên hơn. Giá cả tương đối rẻ. Còn về phần kem thì mình thấy hên xui hà, có lúc kem ngon, có lúc kem dở tệ. Mình thích kem trộn ở đây, ngon mà thiệt ra chắc chỉ có Quy Nhơn mới có món kem này thôi chứ mình hỏi ra chả ai biết món này cả,họ toàn nghĩ kem trộn thoa mặt không hà.",0,0,0,4,0,0
"Món ăn ngon, nóng, nhân viên phục vụ Hoàng Long và Quân chu đáo nhanh nhẹn ! Sẽ quay lại và lần tới và dẫn theo bạn bè",5,0,0,5,0,0
"Đồ ăn ổn, giá cao hơn các quán bình dân nhưng so ra thì mặt bằng + chất lượng vậy là được. Chưa bao giờ ăn phải hải sản ko tươi ở đây, các món cũng không bị nêm quá nhiều bột ngọt.",0,0,0,4,0,0
"Dừng lại ở đây để uống cà phê và ăn nhanh. Dịch vụ hơi chậm nhưng đủ lịch sự. Thật không may, họ đã hết ba bữa ăn và đồ uống đầu tiên mà chúng tôi yêu cầu. Có hoành thánh và chả giò, chúng vẫn ổn nhưng chúng tôi đã có món ngon hơn. Đồ uống thực sự tốt mặc dù. Cảm giác thoải mái và rất lạnh.",0,0,0,4,0,0
Ace nào chill thì nên chọn phòng view biển làm vài ly hết xẩy,0,5,0,0,0,0
"Cửa hàng chuyên bán đặc sản Quy Nhơn- Bình Định. Ngoài các loại hải sản như cá khô , mực khô, hàng đông lạnh  còn có bánh tráng , bánh ít lá gai, nem chả, tré, rượu bàu đá...
Ông chủ vui tính, nhân viên nhiệt tình . Mua cái gì cũng bớt giá (có giảm giá thật hay không thì có trời biết 😁).",0,0,0,5,0,0
"Nhận phòng tự động, hỗ trợ qua zalo rất nhanh chóng. Phòng sạch sẽ, thoáng mát",0,4,0,0,0,0
"Phòng sạch sẽ, tiện nghi. Nhân viên phục vụ tư vấn nhiệt tình. Đồ ăn sáng có nhiều món thay đổi theo ngày",0,4,0,0,0,0
"Từ TP.HCM đến Vũng Tàu chỉ mất 1 tiếng rưỡi bằng tàu cánh ngầm. Bến Phà ở Vũng Tàu rất dễ bắt taxi đi lại. 
Chúng tôi chỉ cần đi xe 5 phút từ bến tàu đến tượng Chúa Giêsu khổng lồ.",0,0,0,0,4,0
"Rạp nhỏ. Không dễ tìm. Phòng chiếu số 3 ghế ngồi có mùi ẩm mốc. Suất chiếu 10h10 buổi sáng thứ 4 chỉ có 6 khách. Bỏng không nóng.
",0,0,0,0,0,0
"Những chiếc taxi luôn được đo đếm, sạch sẽ và gọn gàng. Tôi đã theo dõi cẩn thận tuyến đường đến nơi 
chúng tôi sẽ đến và theo tôi, họ luôn là người trực tiếp nhất.",0,0,0,0,4,0
"Mùa thi cử của sinh viên học sinh xong xuôi rồi nhé giờ là thời gian ăn chơi đón tết hoy nhé. Bắt đầu thời gian đi càn quét từng quán trà sữa có view đẹp nhé, lần này mình ghé ""Chất"" với 1 cô bạn của mình, quán vẫn vậy khách vẫn đông đi đúng thời điểm chứ đi tối tối cở 7 8h là đứng nhé ko có chổ đâu nhan :)). Quán này kết hợp tông màu zễ thương nhẹ nhàng, lần này mình gọi trà đào thử xem như thế nào, trà đào ở đây lúc nhân viên đưa ra mình chụp soongss ảo cở 5p xong khấy đều uống là rất vừa nhé. Luôn tiện gặp ng quen vậy là chụp ké luôn nước của bàn kề bên :))).",0,0,0,5,0,0
"Hello các anh em. Đây là quán ăn mình hài lòng nhất trong chuyến đi lần này. Nhóm mình đi 4ng. Ở Eo Gió từ 11h ngày 11/10 tới 15h ngày 12/10 nhưng đã phải ghé quán ăn 3 lần thì các anh em có thể hiểu quán ""hút "" đến chừng nào rồi hen. Mình ở ks cách Eo Gió tầm 500m trong lúc đi tìm quán ăn thì bị hút bởi quán này vì decor trẻ trung nhất trong khu Eo Gió )). Mình không nói quá đâu, ai đi rồi sẽ hiểu cảm giác này. Tưởng đâu đang ở Hội An vì quán có tông vàng chủ đạo. Nhóm mình đi 4ng bữa ăn đầu tiên đc chị chủ giới thiệu ăn combo 7 món với giá 150k/ng. Ngon nhức nách luôn các anh em ơi, nêm nếm gia vị vừa phải, đồ ăn tươi và sạch sẽ nhé. Ăn xong còn đc cho tráng miệng trái cây. Nếu bạn đi ít ng hoặc ăn ít có thể ăn combo ít món lại và giá tiền cũng sẽ giảm theo nhé. Nói chung mng cứ yên tâm là rẻ. Thêm nữa là anh chị ở quán ai cũng dthuong, nhiệt tình. Còn chịu khó dọn dẹp bối cảnh để tụi mình sống ảo nữa.",0,0,0,5,0,0
"Quán có không gian phải gọi là siêu đẹp í nhìn vô cực kì thích mắt, các bạn muốn chụp hình sống ảo thôi miễn chê nha, view bên trong cực kì đẹp, trông rất thoáng, bên trong có nhiều góc rất đẹp và lạ. Đồ uống có khá nhiều loại, chất lượng cũng oke , order nước nhanh. Ngoài ra các bạn muốn gọi thêm bánh hay đồ ăn thì thoải mái luôn nha. Các anh chị nhân viên nhiệt tình, giá cả phù hợp với sinh viên. Sẽ ghé lại quán nhiều lần nữa. ....",0,0,0,5,0,0
"Khá đông đúc mà điển hình ở Việt Nam thiếu hụt hải sản và rất tốn kém, tôi không biết thức ăn ngon như thế nào là nguyên nhân thứ hai tôi thấy giá cho một số bữa ăn.",0,0,0,5,0,0
Nằm tại trung tâm quận 1 nên khá thuận tiện với mọi người.,0,0,0,0,0,0
"Đưa vợ con mình đến Quy Nhơn chơi, 9h tối gọi mang xe đến bến xe Phương Trang thì được bạn chủ cho người mang xe đến rất nhanh. Xe chạy tốt, giá rẻ 120K cho xe số và 150K cho xe ga. Hỏi nhà nghỉ giá rẻ cũng được tư vấn rất ân cần và nhiệt tình, tặng bạn 5 sao chúc bạn ngày càng phát triển hơn nữa",0,0,0,0,5,0
"Nhân dịp cùng gđ du lịch Quy Nhơn, Bình Định, đặc biệt đến EO GIÓ đc người bạn giới thiệu nên ghé ăn thử. Mực tươi ngon, thức ăn chế biến ngon, lần đầu đc ăn món “Ram đẻn” cả nhà ai cũng thích. Chủ quán thân thiện, giá cả hợp lý.",0,0,0,5,0,0
"Nhân chuyên đi công tác cũng xem như là chuyến du lịch cho mình. Truy lùng tất cả các món ngon ở đây. Mấy bạn địa phương giới thiệu chổ này nhìn cũng bình dân nhưng chất lượng lắm. Thấy nhân viên phục vụ tốt, thấy mình từ xa nên cũng hiếu khách, nhiệt tình giới thiệu các món ăn, bảo nên ăn món này, ăn món kia. Nói chung nhìn đồ ăn đem ra hấp dẫn lắm, nhìn nhiều muốn ngất luôn mà giá lại không thể tin được luôn. Khẩu vị tuy hơi sắc hơn của mình nhưng vẫn ngon và chất lượng.",0,0,0,5,0,0
"Đi xem phim Cua lại vợ bầu, suất chiếu cuối 23:20 nhưng có một chút lỗi kĩ thuật. Tuy nhiên anh bán vé rất ân cần, chu đáo giải quyết vấn đề. Rạp oke về mặt hình ảnh, âm thanh, ghế ngồi thoải mái.
Điểm trừ là về mặt vệ sinh. Không biết có phải vì là suất cuối, mà nước, bắp của suất chiếu trước không ai dọn dẹp cả, vẫn còn y nguyên. Đề nghị ban quản lý nên khắc phục và chuyên nghiệp hơn.",4,0,0,0,0,0
 - Ghế xe buýt thoải mái khi làm việc,0,0,0,0,4,0
Thoải mái dễ chịu nhân viên nhiệt tình phòng sạch sẽ sang trọng giá cả phải chăng,0,5,0,0,0,0
"Không gian đẹp, thoáng mát, sạch sẽ.",0,4,0,0,0,0
lý do e.,0,0,0,0,0,0
"Sân bay sạch sẽ, nhân viên nhiệt tình. Do covid nên khá vắng khách đi và đến.
",0,0,0,0,4,0
Gia đình tôi thuê một chiếc xe tay ga Lead chỉ 120K / ngày. Xe còn 2013 đi cửa hàng bảo dưỡng kỹ hay gì đi đó máy móc êm ru.  ,0,0,0,0,5,0
"Quán bán đặc sản bình định ngon ít chỗ bán, hải sản chuyên mực câu chất lượng, ngon, rẻ. Đáng tiền, uy tín.",0,0,0,4,0,0
"Khách sạn đẹp, trang phục nhân viên sang trọng hơn nhiều ks khác, cách đối xử với nhân viên của ban giám đốc tốt
",0,5,0,0,0,0
"Mình hay ăn ở KFC hơn lotte và jollibee . Gà ở đây có vẻ ngon hơn và không bị mềm . Giá ở đây dao động trong khung từ 38k-150k theo từng suất ( mình lựa đại nên cứ cỡ đó mà quất chứ cũng k cố định ) . Khoai tây chiên ở đây chấm tương cực ngon , gà cũng ổn . Phục vụ nhanh nhưng nhân viên có vẻ rập khuôn và không hay cười cho lắm . Còn lại mọi thứ mình thấy khá ổn . Chỗ này khá rộng rãi nhưng hơi ồn cho những bạn thích yên tĩnh , ở trung tâm thành phố nên khá dễ tìm .",0,0,0,4,0,0
Tài xế đã đợi chúng tôi ở lối vào sân bay mặc dù chúng tôi đến muộn vì Visa và đường hải quan,5,0,0,0,5,0
"Dịch vụ rất tốt, lần sau tôi sẽ quay lại hỗ trợ, cảm ơn",0,0,0,0,5,0
"Không gian rộng rãi, nhiều dịch vụ giải trí phù hợp với gia đình, đội ngũ nhân viên bán vé hơn chậm ko linh hoạt lắm
",4,0,0,0,0,0
"Sạch sẽ, view quá ổn, nếu được ở thêm sẽ có review chi tiết hơn nhưng nhìn chung mọi thứ ok và mình và nhóm bạn đã có trải nghiệm tốt.",0,5,0,0,0,0
Không có bản hiệu nhưng mắm ngon. Làm lâu năm kiểu truyền thống.,0,0,0,5,0,0
"Villa rất đẹp, sạch sẽ, thoáng mát, gần trung tâm Đà Lạt! Đồ đạc trong phòng mới, tiện nghi. Tầng gác mái view đẹp trọn thành phố! Mình đi 3 người có em bé, nhân viên rất ân cần, tận tình phục vụ. Chủ villa là người Bắc nữa nên phong cách rất hợp với gia đình mình! Mình cảm thấy hài lòng và sẽ trở lại đây vào ngày gần nhất!",0,5,0,0,0,0
"Phòng ốc sạch sẽ dọn mỗi ngày, mình book nhầm ngày mà còn vào cuối tuần, xong k có vé về lại ở thêm 1 đêm nữa vậy mà bên khách sạn vẫn vui vẻ deal với mình",0,5,0,0,0,0
"Đối với mình là tạm ổn, nếu bạn đăng ký thành viên sẽ được giảm giá vé.
Như mình đi 2 người, giá giảm còn 45k/1 người.
Nếu mua thêm 2 bắp 2 nước là 90k. Tổng cộng sẽ là 180k.
Bạn nào không cận nên chọn hàng ghế từ F trở lên, sẽ ngồi đỡ mỏi cổ và nhức mắt. Âm thanh và ánh sáng tại rạp khá ổn.
Ngoài ra, rạp Startlight có khu chờ phim được decor rất đẹp mắt, mọi người có thể nhìn ngắm nội thành Quy Nhơn từ trên cao, rất chill đấy.",5,0,0,5,0,0
"Giao xe nhanh mình gọi chỉ 10p là có Xe đời mới nhất, rất sạch sẽ Nhân viên giao xe rất lịch sự Thuê 3 ngày có giảm giá Đặc biệt, mũ bảo hiểm rất mới và sạch rất hài lòng khi thuê xe máy ở đây khi đến quy nhơn du lịch",0,0,0,0,5,0
"Quán nằm trong hẻm hơi khó tìm đối với du khách như mình. Lagu ăn khá lạ, nước hầm rất ngọt, sền sệt, bạn nào thích gu thế này mới thấy ngon. Quán gồm 2 tầng, tầng dưới có hai cái nồi bự lagu, đến gọi món xong lên tầng trên mới có bàn ngồi.",0,0,0,5,0,0
"Chổ này đúng là CHO THUÊ XE MÁY SỐ 1 QUY NHƠN rồi. Đợt trước về chơi anh em có gặp nhau và mình thuê chổ này mặc dù ở đây có rất nhiều cửa hàng cạnh tranh. Cảm ơn người anh em đã tiếp đãi nhé, lúc nào có dịp ra phú quốc chơi cứ liên hệ mình",0,0,0,0,4,0
"Mọi người ơi. Ai có nhu Cầu thuê xe máy thì liên hệ chú này nhen Mn. Nhiệt tình, vui vẻ với khách lắm ạ. Mà xe chất lượng lắm Mn cứ yên tâm thuê xe ạ.",0,0,0,0,4,0
"Thức ăn thật tuyệt vời và có một cái nhìn trong nhà bếp, nó không có mùi vị và bia lạnh mà không bình thường ở Việt Nam? Nó cũng có bia trên vòi. Một trong những chủ sở hữu có tên Docker không thể thân thiện hơn khi chăm sóc nhóm 8 chúng tôi không thể làm đủ cho chúng tôi. Docker đã cho chúng tôi một cái nhìn sâu sắc về cuộc sống Việt Nam và đề xuất một số khu vực tuyệt vời để tham quan - những bãi biển và làng quê xinh đẹp và một nơi được gọi là cuộc sống là một bãi biển. Thanh tra lại một vài lần vì chúng tôi rất thích nó.",0,0,0,5,5,0
"Quy Nhơn trời mưa được rủ đi ăn hải sản, do tiệm Nghĩa Ghẹ đối diện đông quá nên thôi qua đây ăn luôn. Lúc đầu thắc mắc sao không có khách, ngồi một hồi chiều chiều khách ra vô khá đông ha. Do bạn mình mê mấy món ốc, xìa chứ mình cũng không hảo lắm nên ăn qua loa vài con cho có thôi. Ốc thập cẩm đủ loại hết. Món xìa hấp thái thấy cũng ok nè. Bởi mấy cái món kia mình ăn quơ quơ nên chỉ mong đến món cháo hàu để ăn thôi. Tô bé bự hàu siêu nhiều nha. Cháo nóng sốt vừa thổi vừa ăn. Trời mưa mà ngồi húp cháo nóng thì siêu phê nhaaaa )))))))))). Nói chung hải sản tươi, ngon chất lượng nên giá 3 món hơn 200k mình thấy cũng xứng đáng.",0,0,0,5,0,0
"Lần thứ hai tôi đã sử dụng dịch vụ này và cả hai lần đều tuyệt vời những gì tôi cần. Ghế tuyệt vời điều khiển hoàn toàn bằng điện tử. 
Phòng chân khổng lồ rất lớn và ngay cả khi người đứng trước ngả bạn cũng không mất phòng chân nào cả. Hệ thống giải trí trên tàu với điện thoại đầu chất lượng tốt được cung cấp, sạc usb vv. Người lái xe là người an toàn nhất mà tôi từng trải nghiệm không chỉ điều này mà anh ta còn lịch sự chào hỏi tất cả các khách hàng đến với phần giới thiệu về các dịch vụ trên tàu. Nếu bạn đang tìm kiếm một experiance du lịch thoải mái nhất trên khắp Việt Nam thì bạn phải sử dụng dịch vụ này. Trên cả hai tạp chí của tôi, tất cả các khách hàng cũng rất tôn trọng lẫn nhau, không có điện thoại di động nào phát ra âm nhạc hay thực phẩm có mùi. Dịch vụ tuyệt vời và tôi sẽ sử dụng nó mọi lúc tôi phải đi du lịch.",5,0,0,0,5,0
"Vinasun được biết đến như một công ty taxi trung thực, đáng tin cậy. Tốt nhất là khi ở Việt Nam nên sử dụng các hãng taxi được
 đề xuất để tránh tình trạng quá tải và tài xế taxi đưa bạn đi nhờ - theo nghĩa đen.",0,0,0,0,5,0
"Phòng sạch sẽ đẹp. nhân viên thì dễ thương, nói chung tuyệt vời, khu này rất đẹp, nhiều hoa nhìn rất mê",0,5,0,0,0,0
"Tuy là cảng nội địa ,nhưng phục vụ rất chuyên nghiệp tận tình .không gian thoáng đãng.mát mẻ và đẹp
",0,0,0,0,4,0
Đang sửa chữa phía trước. Gần biển gần chợ đêm rất thuận tiện cho việc đi chơi ,0,4,0,0,0,0
"Chỗ rất sạch sẽ, có mùi thơm nhẹ, dụng cụ cá nhân chuẩn bị rất đầy đủ.",0,5,0,0,0,0
"Vô đọc review các bạn thấy khen quán này ngon nhất Quy Nhơn thì cũng hơi sốc :D mình ăn thấy cũng đc, cũng ngon nhưng mà cá nhân thấy k ngon bằng trong Phù Mỹ :""> cơ bản vì phần nước chấm pha hơi bị mặn ấy. Lòng heo đc làm sạch sẽ, ngon, ngọt. Lâu k ăn nên lúc tụi mình đang ăn gần hết, cô chủ quán mang ra tô cháo bự, mình bị sốc :)) mải ăn quên chụp ảnh tô luôn :))) Giá thì cũng đc, 3 đứa 105k. Mình ăn trong phù mỹ 15k/dĩa nhỏ 1 ng ăn no (thực ra thì k đc nh và đầy đặn như ở đây)",0,0,0,4,0,0
Có dịp ghé qua Quy Nhơn nên mình ghé ăn. Bánh xèo tôm nhảy là đặc sản Bình Định nên không thể bỏ qua được. Quán này chưa bước vào đã thấy sang trọng mặc dù giá đồ ăn thì chỉ 15-20k một món. Nhìn quán không khác gì một nhà hàng hạng sang. Nghe giá rẻ vậy chứ chỉ có một cái bánh xèo nhỏ miền trung với tầm 8 con tôm nhỏ thôi. Ngoài ra còn có bán thêm bánh căn nữa mà khác hẳn so với Ninh Thuận. Món này ăn với bánh tráng và rau trong khi hồi ở phan thiết hay ninh thuận thì ăn khác,0,0,0,4,0,0
"Mấy cậu nhân viên ở đây vừa hiền vừa đẹp trai. Tụi mình giỡn vài ba câu mà mấy cậu ngượng chín mặt, ai cũng ấp úng. Đúng chất trai miền Trung hiền lành thật thà. Xe mới rất ưng ý, có đổ xăng cho khách trước khi giao ko như những chổ khác giao xe cạn bình và mũ bảo hiểm rất dễ thương",0,0,0,0,5,0
"Chủ shop nhiệt tình, uy tín. Mình thuê ở quy nhơn nhưng muốn đi xe máy xuống phú yên. Shop tue vấn mình đi xuống phú yên rồi gửi lại qua xe khách. Thanks shop, có dịp ghé quy nhơn lại tiếp  tục thuê xe anh.
",0,0,0,0,4,0
"Khu vui chơi Sicakids tại Phường Bình Định -  TX An Nhơn  - Tỉnh Bình Định là địa điểm vui chơi giải trí cho các em nhỏ từ 2 - 9 tuổi với đa dạng trò chơi vận động, trí não...

Được đầu tư cơ sở vật chất bài bản, trang thiết bị hiện đại duy nhất tại địa phương.
Không gian thoáng mát máy lạnh 24/24.

Mình đưa con đên đây chơi và cảm thấy hài lòng. Giá vẻ chỉ 30k/ vé chơi cả ngày.

Mình ủng hộ loại hình giải trí này tại địa phương giúp các bé tránh xa Ipad, Smart phone hữu hiệu.",5,0,0,0,0,0
"A chủ nhiệt tình thật sự, mình đến bến xe lúc 5h sáng mà ảnh vẫn dậy và giao xe ra với khuôn mặt rất vui vẻ và nói chuyện lịch sự cực kỳ luôn. Xe mới leng keng, đời 2018. Xe sạch sẽ, chạy rất tốt, cảm giác đi xe của bên này rất yên tâm vì xe quá mới. Chúc anh ngày càng phát triển thương hiệu của mình cho ngành cho thuê xe máy tại quy nhơn nhé",0,0,0,0,5,0
"Địa điểm: quán bán trong hẻm, ngồi mát, gần khu vực trung tâm. Phía bên ngoài hẻm thấy có bàn ngồi luôn. Món ăn: mình hay ăn ở đây, quán bán đủ món luôn, cháo lươn với miến lươn mình thích ăn ở đây nhất, cháo nấu rất nhừ mềm với ngọt, còn miến lươn ở đây ăn thơm, ko hề nghe mùi, nước dùng cũng ngon. Còn các món còn lại, mình thấy khách hay gọi xương bò, cái gì cũng xương bò, bún xương bò, miến xương bò, phở xương bò. Mình ăn xương bò rồi, nhưng mình vẫn hay ăn miến lươn với cháo lươn hơn. Phục vụ: quán bán đông, khách ăn kín bàn luôn nhưng dọn bàn với đem ra nhanh. Quán bán gia đình đi ăn nhiều. Giá: quán bán tô 25 ngàn, thấy đồng giá các loại. Bún giò 30 ngàn. Còn lại gọi thêm thấy thêm 5 ngàn một loại. Mình hay ăn quán này vì bán nước thấy ko bị say bột ngọt, là một điểm cộng lớn cho quán. Ăn nước ngọt từ xương nên thơm ngon.",0,0,0,5,0,0
 - Lái xe lái xe ở tốc độ tốt và an toàn,0,0,0,0,4,0
Có thể nói là ổn nhưng không hoàn toàn hiểu được xếp hạng cao.,0,0,0,4,0,0
"Chỗ nghỉ sạch sẽ, nhân viên nhiệt tình, dễ chịu, phòng rộng rãi thoải mái, rất đáng tiền",0,5,0,0,0,0
"Chất lượng xe rất tốt, giá cả hợp lý. Các bạn giao xe rất thân thiện nhiệt tình, xe thì êm, mượt, không lỗi lầm gì. Thủ tục nhanh, gọn .Sẽ ủng hộ và giới thiệu bạn bè sử dụng dịch vụ tại đây.
",0,0,0,0,4,0
"Nơi vui chơi giải trí của người dân thành phố Quy Nhơn, tại đây bạn có thể đưa con trẻ đến tham gia các hoạt động vui chơi, khu trò chơi trẻ em trong công viên, đi dạo, uống nước ngắm biển về đêm, tắm biển.. có wc, tắm nước ngọt",4,0,0,0,0,0
"7 điểm cực kỳ hài lòng mà mình vừa sử dụng dịch vụ thuê xe máy giá rẻ 1.Thời gian cho thuê xe máy được tính 24 tiếng/ ngày bắt đầu từ lúc mình nhận xe. 2. Miễn phí xăng xe gồm 1 lít, 02 áo mưa, 02 mũ bảo hiểm 3. Khoảng thời gian giao nhận hay trả xe tầm 10-15 phút 4. Dịch vụ hỗ trợ quý khách 24/24 giờ 5. Tư vấn địa chỉ ăn uống vui chơi miễn phí 6. Xe hư hỏng ở bất kì đâu hoặc bị sự cố chỉ cần liên hệ sẽ được hổ trợ ngay 7. Giao nhận xe tại địa điểm nhà ga hoặc bến xe hoặc tại địa điểm, nơi lưu trú khách sạn bạn đang ở",0,0,0,0,5,0
"Quán thiết kế khá đẹp có 2 tầng với không gian rộng rãi, thoáng mát. Trang trí hài hoà cho bạn và gấu tha hồ check-in, rất phù hợp với các bạn thích sự mới mẻ và sáng tạo nhé. Nhân viên phục vụ thân thiện, tận tình, có nhân viên giữ và dắt xe. Tủ kem thì nhìn siêu hấp dẫn, được làm từ các loại trái cây tươi ngon tuyệt. Đủ hương đủ vị như sầu riêng, dâu, xoài, chanh dây, đào, dưa lưới, kiwi, cam, bạc hà, dừa, matcha, tiramisu, oreo, nho, việt quất, rum, socola,... cho bạn tha hồ chọn lựa. Thức uống và các loại bánh âu ở đây cũng khá khá là ngon luôn. Các bạn tha hồ quẹo lựa. Các bạn nào có kẹt lịch làm hay kẹt đi học đã có ship tận nơi với hotline: 0256.383.1907",0,0,0,5,0,0
"Trải nghiệm du lịch Quy Nhơn của chúng tôi đã được cải thiện đáng kể nhờ những người chủ cho thuê xe đạp Hoài Bảo. Ngoài giá cả phải chăng, cặp đôi này luôn chào đón và hữu ích về nhiều mặt trong việc hỗ trợ chúng tôi tham quan thành phố. Rất khuyến khích! Cám ơn chị rất nhiều và hẹn gặp lại những lần sau! Tràmi & Jf.",0,0,0,0,5,0
"Cảm ơn dịch vụ xe đưa đón giúp giá đình tôi di chuyển từ Phù Cát về Quy Nhơn nhanh chóng. Đặc biệt, a tài xế vui tính và tốt.
",0,0,0,0,4,0
"Khách sạn có khuôn viên rộng rãi và kiến trúc ấn tượng. Các dịch vụ của khách sạn đều đạt chuẩn 5 sao. Nhân viên nhanh nhẹn, thân thiện. Đồ ăn phong phú với nhiều mảng ẩm thực các nước, kỹ thuật chế biến cao.
",0,5,0,5,0,0
Hải sản quy nhơn ngon. Chất lượng và thái độ phục vụ rất tốt. Sẽ quay lại vào một dịp gần nhất,0,0,0,5,0,0
"51 món, 12 món trên một trang- Nhật Bản, Hàn Quốc, Thái Lan, Trung Quốc và Việt Nam.",0,0,0,5,0,0
"Điều đầu tiên khi mở cửa phòng, đập vào mắt mình là màu ga trải giường, hợp với gu của mình nên thích lắm. toilet sạch sẽ, điều mà trước h mình chưa từng thấy ở nơi nghỉ nào là có cả nước rửa tay trong toilet. à còn có ban công. nói chung ưng lắm. nhân viên cũng dễ thương",0,5,0,0,0,0
Khách sạn nằm trên đồi nên có view rất đẹp. Nhân viên rất nhẹ nhàng nhiệt tình và thân thiện. Để ý từng chi tiết nhỏ luôn làm mình khá hài lòng.,0,5,0,0,0,0
"Mình không thích các món về gà + thức ăn nhanh nên thấy gà rán không ngon và Hamburger khá bình thường, còn kem tươi thì khá ngon. Menu nhiều món, khó lựa chọn cho những người mới đi ăn lần đầu. Giá các món hơi cao :D Nhân viên thân thiện, lịch sự, nhanh nhẹn.",0,0,0,4,0,0
"Chúng rất ngon, vừa đủ lượng toppings và thực sự ngon. Sau khi đọc một số đánh giá ở đây, tôi không thực sự biết những gì mong đợi với pizza nhưng chúng tôi không thể lỗi chúng. Họ chắc chắn đã ở đó với những chiếc pizza ngon nhất chúng tôi có ở khắp châu Á và tôi không cảm thấy mình đang phóng đại ở đó.",0,0,0,5,0,0
"khách sạn sạch sẽ phòng thoáng có view đẹp, xứng đáng 5 sao",0,5,0,0,0,0
Nhân viên của ks 2 em Lễ Tân tuyệt vời. Em Phát rất nhiệt tình khi phục vụ và làm hài lòng khách. Kim xin cảm ơn và sẽ quay lại giới thiệu khách hàng đến nghỉ tại ks khi công tác. ,0,4,0,0,0,0
"View từ ban công đep, đi lại ra chợ đêm gần. 2 tụi mình thuê xe máy ks đi chơi theo các điểm bạn lễ tân tư vấn rất ưng ý.",0,5,0,0,0,0
"Xe mới leng keng, mình nhìn công tơ.mét chỉ mới 59km, tính ra mình dc đi mở hàng xe này, chị chủ nhiệt tình thân thiện, hướng dẫn đủ các địa điểm ăn uống và vui chơi theo lịch trình rất khoa học
",0,0,0,0,4,0
"Cảm ơn các bạn vì đã cho mình thuê những chiếc xe rất tốt, chuyến đi của nhóm mình rất vui vẻ mình rất hài lòng có dịp quay lại quy nhơn mình sẽ liên hệ các bạn nhé!",0,0,0,0,5,0
"Cuối tháng 6 vừa qua, gia đình mình đã có chuyến du lịch tại Quy Nhơn và đã chọn Flora Hotel.

Bên ngoài Flora mới mẻ khang trang, tầng trệt rộng rãi có thể để xe du lịch gia đình từ 4 đến 16 chỗ.

Vì đã đặt trước qua mạng nên việc check in nhanh gọn. Nhà mình đã đặt 2 phòng, 1 phòng 4 người và 1 phòng 2 người, phòng mới, sạch đẹp, ngăn nắp.

Sàn của các phòng là sàn gỗ nên mình đi chân không thì luôn cảm giác ẩm ẩm hơi khó chịu. Phòng 4 người, có 2 ổ cắm điện, hơi ít vì mọi người đi chơi về đều cần dùng. Mình gặp rắc rối với vòi xịt nước toilet, mở xài mà bị kẹt cứng nên nước cứ chảy liên tục, phải 2 người đè và đẩy mới hết.

Ăn buffet sáng thì tạm được chứ không đến mức ngon, nước mắm pha rất sai, có thể là do vị người Quy Nhơn nó vậy. Có một món duy nhất mình cảm thấy ngon là bánh ít trần vì ăn không cần dùng nước mắm. Sáng ngày thứ nhất mình chọn uống nước cam, thật sự thì nó là nước đường có màu cam.Sáng ngày thứ hai mình chọn nước chanh mà rót ra không dám uống vì rót ra có cặn sữa đậu nành, kiểu như là rửa cái bình đựng nước chứ không rửa cái vòi nên nó đóng máng sữa lại.

Các em nhân viên ở đây rất thân thiện nhiệt tình, chỉ là mình thấy vẫn thiếu người nên giờ buffet là bay điên cuồng.

Mình hy vọng Flora sẽ xem xét lại để ngày một tốt và phát triển hơn, cảm ơn Flora đã góp phần cho chuyến đi của gia đình mình thêm thú vị.",0,5,0,4,0,0
Lần đầu tiên thuê xe ở Huyền Anh này xe bên bạn này rất mới giá cả lại hợp lý có dịp sẽ ghé bạn lại lần nữa vote cho các bạn 5 sao,0,0,0,0,5,0
"Nếu bạn thích bánh canh mà ăn bánh canh chả cá không hoài cũng ngán thì bạn có thể thử bánh canh cua O Huệ tại 30 Trường Chinh. Bánh canh ở đây có 2 loại là bánh canh mì và bánh canh gạo. Quán này hồi năm 1, năm 2 mình ăn thấy rất ngon, còn giờ thì đỡ rồi. Theo cảm nhận của mình thì cua khá ngon và nhiều, nước ngọt và trong, chả cá thì cũng bình thường. Một tô có nhiều cua và chả cá như vậy giá 17k là hợp lý. Vị trí quán dễ tìm, ngay bùng binh có ti vi đi vô 50m là thấy, nhân viên quán phục vụ nhanh, vô ngồi chưa đầy 1 phút là có ăn rồi.",0,0,0,5,0,0
"Giá khá ok, tiện nghi sạch sẽ",0,4,0,0,0,0
"Chúng tôi đã có một vài bánh pizza cho bữa tối và họ rất ngon. Rất gần với cách pizza sẽ hương vị ở Ý! Chúng tôi thực sự muốn ăn ở đó một đêm thứ hai nhưng chúng tôi đã phải để lại quy nhon. Các nhân viên rất đáng yêu và thân thiện, tôi chắc chắn sẽ khuyên bạn nên ăn ở đây.",0,0,0,5,0,0
Cô ấy đã chào đón gia đình chúng tôi bằng những món quà dễ thương cho các con tôi.,4,0,0,0,0,0
"Rất nhiều đặc sản địa phương
Giá hơi cao nhưng được",0,0,0,5,0,0
"Nhìu view sống ảo và có chỗ thuê chòi tổ chức picnic.
Chòi lớn nhỏ cho từng nhu cầu. Sức chứa lớn nhất khoảng 30-40ng. Được đem loa vào để ca hát nhảy múa.

Xe máy đi cẩn thận.
Ô tô vào được, đường nhỏ quan sát nếu 2 xe cùng lúc thì hơi khó đi
",5,0,0,0,0,0
"Tôi ở Lâm Đồng mà ghiền bánh hồng đặc sản Tam Quan mà ship bán khá đắt nên hiếm khi mua được, nhưng nghiện từ nhỏ nên khi có dịp ghé mua 😗",0,0,0,4,0,0
"Khá nhiều mô hình và thí nghiệm khoa học. Nội dung chiếu trong rạp còn hơi sơ sài
",4,0,0,0,0,0
Chuyên bún song thằn đặc sản vùng đất an thái bình định,0,0,0,5,0,0
"Bà dân gốc Huế, khách vẫn kêu O, lâu rồi thành quen. Sợi bánh canh làm từ bột gạo, cọng tròn dài vừa đủ ăn. Thêm chả quết, thêm một quả trứng cút, nửa lát chả lụa sóng sánh trong vị nước lèo đậm đà. Nước dùng được nấu từ các loại cá biển nên ngọt đậm đà, chả cá cũng được quết từ cá tươi nên dai mịn, mềm và ngọt vị cá, ăn kèm với cá dầm, ngon hết xẩy. Một tô bình thường giá hai mươi ngàn, ngoài ra còn có bán bánh cuốn. Nhân gồm có nem chua, chả cá, rau sống chấm với tương đậu.",0,0,0,5,0,0
"Chỗ nghỉ sạch sẽ, phòng ốc rộng rãi. Đồ ăn sáng khá hợp khẩu vị miền nam. Ngoài ra mình thường gọi thêm đồ ăn lên phòng, đồ ăn phục vụ tại phòng tạm được.",0,4,0,4,0,0
"Mình đến Quy Nhơn để du lịch và được mấy người bạn ở đây đưa đi ăn tại quán này. Vị trí ở gần trung tâm nên cũng dễ tìm.Không gian của quán khá thoáng mát và sạch sẽ. Món ăn ở đây rất đa dạng, với mức giá dao động từ 20k đến 35k theo mình là ok so với chất lượng và đối với một quán ở thành phố du lịch như thế này. Các món của quán có nhiều topping, lượng bún cũng nhiều nên mọi người đảm bảo no căng bụng. Phần rạm ăn mềm và béo, riêu cua cũng ngon. Món sứa giòn giòn ăn thích lắm. Bún dùng kèm rau thập cẩm nữa mới chuẩn vị. Quán có ớt sa tế đặc trưng của Bình Định ăn lạ lạ. Nhân viên của quán rất nhiệt tình, phục vụ nhanh chóng. Ngoài ra quán còn có bán các loại đặc sản của Bình Định để các bạn đi du lịch có thể mua về làm quà. Mình đã mua chả cá ở đây, 140k / 1kg, ăn rất ngon nhé. Nói chung mình thấy quán này rất ok, các bạn nên ghé lại ăn nếu có dịp đến đây, còn mình thì chắc chắn sẽ quay lại rồi.",0,0,0,5,0,0
Món ăn vừa miệng. 1 phần phù hợp cho 2 người. Không gian đẹp và ấm cúng. Tuy nhiên do quán đông nên thời gian chờ món hơi lâu,0,0,0,4,0,0
"Đón tiếp tụi m rất nhiệt tinh luôn. Vị trí khó tìm thôi. Còn lại tuyệt. Quán nhỏ ma khách đông v~.
Nếu lân sau có ghé lại quy nhơn m sẽ quya lại quán.
",0,0,0,5,0,0
"Tìm trên mạng quán này khi du lịch Qui Nhơn, không gian quán nhỏ nhưng được cái vỉa hè kế công viên biển nên buổi trưa ngồi rất mát. Buổi trưa ngồi ở đây thì rất tuyệt. Quán bán sinh tố, chè & bánh bèo. Sinh tố, chè thì bình thường được mỗi món trái cây dầm sầu riêng. Bánh bèo chưa ăn nên không biết như thế nào. Giá cả hơi chát 2 chút.",0,0,0,4,0,0
"Quán có lâu rồi , gần chợ Đầm í , có xa trung tâm thành phố chút nên nhiều khi người ta nhác tới , nhưng quán vẫn dông khách ra vô , lần nào đi chợ Đầm , mumy mình cũng tranh thủ ghé qua mua hộp về , rất kết chỗ này , nước mắm là đỉnh , đậm đà",0,0,0,5,0,0
"Thuê xe máy tại quy nhơn giá rẻ mà lại chuyên nghiệp hết nấc. Mình thuê 2 xe ga giá chỉ 150K/ ngày. Sài gòn mình cho thuê loại này chắc phải 200K mà thủ tục lại rườm rà chứ không đơn giản như ở đây. Xe chất lượng tốt, chạy rất êm và lợi xăng. Nhân viên giao xe tận ga quy nhơn cho mình và lúc mình trả họ ra tận ga lấy vô cùng tiện lợi, tiết kiệm rất nhiều chi phí taxi. Các bạn đến quy nhơn mà cần thuê xe máy giá rẻ giá tốt chất lượng cứ liên hệ bên này nha",0,0,0,0,4,0
"Anh chị cho thuê xe khá dễ thương, vui vẻ, nhiệt tình hướng dẫn đường đi, chỗ ăn uống ngon cho tụi mình nữa. Giá thuê thì thường 120k xe mới. Chất lượng xe ok, máy chạy êm. Chỗ thuê ngay 27A hoàng hoa thám, gần trung tâm, nhiều đồ ăn vặt nữa.",0,0,0,0,4,0
"Thấy tiệm này mở cũng khá lâu rồi mà bây giờ mới có dịp đến thử Quán nhỏ nhỏ xinh xinh , không được deco gì nhiều cho lắm . Không gian mát mẻ Chị chủ và nhân viên phục vụ nhiệt tình , hiếu khách và rất dễ chịu Menu có đa dạng các loại đồ ăn vặt tha hồ cho khách lựa chọn Các loại đồ ăn được bày trong tủ lạnh có kèm theo giá cho mỗi loại , nhìn rất sạch sẽ Giá cả quá rẻ so với các quán khác Đồ ăn khá ngon , hấp dẫn",0,0,0,5,0,0
"Chuyến đi tuyệt vời, điểm tham quan tuyệt vời, công ty tuyệt vời & hướng dẫn viên du lịch rất tốt 'phat boy', 
người rất kiên nhẫn và dễ nói chuyện ... anh ấy sẽ đưa bạn đến tất cả những nơi tốt nhất để ăn! Tôi thật sự đề nghị tua du lịch này !!",5,0,0,0,0,0
"Khách sạn sát biển, phòng mình ở view biển rất đẹp.",0,5,0,0,0,0
"Quán này hình như mở cũng lâu rồi, đi ngang thấy nhiều lần mà tối hôm qua mới ghé, thấy ở ngoài cổ cổ hay hay, kiểu như thân thiện lắm làm nhớ lại hồi xưa, mình thì ngồi bên ngoài, bên trong buổi tối hát acoustic nên không vào, bên trong thì mình chưa nhìn kỹ, ngồi ngoài cho dễ nói chuyện, Menu món thì giá không cao, order cafe sữa đá, cacao nóng, cafe sữa tươi, cũng được thôi chứ không có đặc sắc gì,",0,0,0,4,0,0
"Mình uống bai ba lần ở đây rồi, mỗi lần thử một thứ khác nhau. Nước uống từ ngon đến quá ngon. Kiểu tự nhiên không có đường. Menu thì đa dạng: Nước ép trái cây, cà phê, nước dừa, nước mía, trà....Quan trọng là đồ uống rất sạch sẽ, hợp vệ sinh. Quán được trang trí vô cùng dễ thương , chỗ ngồi rất thoáng và thoải mái thích hợp cho tụ họp bạn bè. Nguyên combo là đồ uống ngon và chỗ ngồi đẹp là tám tới sáng mai luôn. Mấy bạn nhân viên dễ thương và lễ phép nữa, tư vấn nhiệt tình luôn. Thế này thì làm sao mà không quay lại được chứ.",0,0,0,5,0,0
"Các bạn nhân viên tuy không tiếp xúc trực tiếp với khách nhưng thân thiện và nhiệt tình, còn chuẩn bị sẵn bong bóng cho khách em bé. Phòng có giường êm hơn các phòng khách sạn khác mình từng ở.",0,5,0,0,0,0
"Nhân viên trên xe nhiệt tình, tận tâm. Chu đáo, nhân viên chuẩn bị cho mỗi khách hộp sữa",0,0,0,0,5,0
"1. Khu vực mát mẻ, chuồng trại sạch sẽ, chỉ có ngang qua chuồng dê hơi có mùi >.< 2. Chưa đa dạng các loại thú lắm 3. Nếu có thời gian thì bên trong có trò bắt cá bằng tay, hồ thiên nga đạp vịt + cho cá ăn, khu vui chơi thiếu nhi 4. Chim, chim công đi ra đường gặp khách không sợ luôn, rất dạn dĩ nè, 5. Giá vé + vé xe điện thì hơi cao, đi có bé nhỏ nên không ở được lâu nên 45’ là xem hết rồi 6. Nếu có thêm thuỷ cung thì sẽ đa dạng hơn",4,0,0,0,0,0
"Thân thiện, thuận tiện khi check in và check out",0,5,0,0,0,0
"Hải sản tươi ngon, chờ hơi lâu vì bắt hải sản làm khi có khách gọi nên có thể thông cảm. Giá cả phải chăng. Chỉ với 100k đã có 1 tô cháo hải sản siêu to khổng lồ phần cho 4 người ăn.",0,0,0,4,0,0
Mình quên điện thoại khi đã trả phòng và được hỗ trợ rất nhiệt tình.,0,5,0,0,0,0
"Khu vui chơi rộng rãi, đồ còn mới toanh.50k một vé người lớn.Không thấy rác(có thể do mới ít người biết).Các bạn trẻ,trẻ em chỉ sợ không đủ thời gian để đi.Nhân viên chu đáo, nhiệt tình.5*
",5,0,0,0,0,0
Bữa sáng ăn được. Giường tốt. Thích là được gần biển.,0,4,0,0,0,0
"Là một địa điểm du lịch không thể thiếu khi đến bình định. Rất đẹp và mát.  Đi du lịch vào mùa hè thì quá tuyệt vời
Có đầy đủ các trò chơi từ dưới nước lên đến leo núi, không gian rộng rãi thích hợp cho đi dã  ngoại cắm trại. Khuyến khích đi cả ngày để trãi nghiệm hết tất cả các trò chơi, khám phá hết các khu chụp hình tự sướng rất đẹp.",5,0,0,0,0,0
"Sân mới sửa lại. Thay toàn bộ mặt cỏ mới ,mặt cỏ đẹp, ngang tầm mặt cỏ quốc tế .ghế ngồi đẹp, rộng rãi, thoáng mát...",5,0,0,0,0,0
"Nhưng van cho cả gia đình tôi. Di chuyển đến sân bay an toàn, nhanh chóng và đảm bảo.
 Người lái xe rất hữu ích, không quá nhiều tiếng Anh nhưng anh ấy rất thân thiện.",0,0,0,0,5,0
"Chúng tôi chờ đợi một giờ để đi trong chuyến đi này, xe buýt nước cung cấp ac bên trong, vì vậy nó rất thoải mái trong ngày nóng.",0,0,0,0,4,0
"Phục vụ nhanh, đồ ăn ngon, nhân viên nhiệt tình. Khuyến nghị mọi người qua ăn!",0,0,0,5,0,0
"Vị trí chủ yếu là ngoài vỉa hè nhưng khá mát mẻ vì nằm ngay sát biển. Không có nơi giữ xe, phải để xe trên đường. Giá cả vừa phải thích hợp với sinh viên, học sinh. Sinh tố ngon, nhưng hơi ít và ngọt. Chủ yếu là sinh tố dầm. Bánh bèo nóng ăn khá ngon. Phục vụ tận tình, thân thiện. Không gian thoáng mát mẻ, sạch sẽ sinh tố; bánh bèo",0,0,0,4,0,0
"Tôi k nghĩ là quy nhơn có spa chuyên nghiệp như vậy...
Bước vào trong có mùi hương tinh dầu tạo cảm giâc thoải mái và dễ chịu
Nhân viên tư vần nhiệt tình dễ thương...
KTV chuyên nghiệp bài bản....
Cảm giác thoải mái khi đến nơi này...
Quán nằm ngay ngả tư chương dương va nguyễn thị định... để ý mới thấy vì bảng hiệu đặt bên trong...",5,0,0,0,0,0
"Dịch vụ cực kì tốt, nhân viên chăm sóc rất nhiệt tình. Đặc biệt view cực đẹp, rất thích hợp để chill hay chụp hình sống ảo. Nhất định mình sẽ quay lại nếu có dịp
",0,5,0,0,0,0
"Quán này giờ đã chuyển địa điểm qua bên Phan Bội Châu rồi. Mình thích đồ nước của quán hơn là pizza . Kim chi kèm theo đồ nướng ăn cũng khá ngon, có điều hơi ít, toàn phải kêu mua thêm 5k/ phần :D .",0,0,0,4,0,0
"Ôi mẹ ơi quán này view dễ thương cực luôn, phối tông màu quá là đẹp lên hình ảo lắm. Quán nhìn nhỏ v thôi nhưng có nhiều view khác nhau cho mình sống ảo. Menu nước của quán có nhiều sự lựa chọn, mình thích trà sữa ở đây có lớp máng sữa ở trên ngon tuyệt thơm thơm béo béo <3. Giá cả thì cũng khá bình thường giao động từ 15k-25k nhé, à nhớ gọi thêm thạch nhé ngon lắm đấy. Quán cũng mới mở thôi nhưng khá là thu hút khách giới trẻ của Quy Nhơn về chất lượng, view quán và cách phục vụ của nhân viên ở đây <3 <3",0,0,0,5,0,0
"Lễ Tân nhiệt tình, chu đáo. Ks gần ngay bãi biển",0,5,0,0,0,0
"Người lái xe của chúng tôi đã đợi chúng tôi với một tấm biển khi chúng tôi đến. Chiếc xe thoải mái và chúng tôi đã đến khách sạn của mình 
mà không xảy ra sự cố. Thật là một cảm giác tuyệt vời khi mọi thứ đã được lên kế hoạch trước để đưa chúng tôi từ sân bay về khách sạn. Tôi muốn giới thiệu dịch vụ này cho gia đình và bạn bè.",0,0,0,0,5,0
"gần khu trung tâm, đi lại rất thuận tiện",0,4,0,0,0,0
"Chưa thấy quán nào làm mình rất hài lòng như quán này. Nhân viên order rất dễ thương. Nhân viên phục vụ cực kì siêng năng nhanh nhẹn. Quán decor cũng bình thường dễ thương thôi nhưng các bạn dọn dẹp đâu ra đây. Nhiều quán ko đc như vậy đâu. Có hẳn quầy tự phục vụ gồm khăn giấy, bình trà, ly tách và cả thùng đá để thêm đá cho khách nào có nhu cầu. Mình thấy hầu như mấy bạn làm việc liên tục, sắp xếp lại quầy tự phục vụ, bàn ghế.... nhà vệ sinh cách xa chỗ ngồi uống và khá sạch sẽ. Mình đi vệ sinh nhiều lần cũng ko thấy ngại khi phải đi qua khu vực nhân viên ngồi như quán khác nếu đi nhiều lần haha. Chấm điểm cao cho Pop và ước gì có nhiều tiền để ủng hộ quán dài dài 😂😂",0,0,0,5,0,0
"Hỗ trợ bình thường, nên bảo vệ quyền lợi đối tác nhiều hơn.
",0,0,0,0,0,0
"Quán thoáng mát, giá cả phải chăng, hải sản tươi + nấu ngon",0,0,0,5,0,0
"Tôi đến sân bay Phù Cát - Bình Định vào 1 ngày mưa gió. Máy bay phải bay vòng trời hơn 30 phút mới đáp được. Đôi dòng nhận xét như sau:
- Sân bay đẹp, mới, hiện đại
- Nhân viên tận tình hướng dẫn và giúp đỡ du khách
- Khoảng cách từ sân bay về trung tâm thành phố Quy Nhơn là 30km. Có nhiều phương tiện lựa chọn như taxi, xe bus",0,0,0,0,4,0
"Lần đầu tiên được ghé đến Quy Nhơn, khách sạn có view rất đẹp, phòng sạch sẽ. các bạn nhân viên rất nhiệt tình, đặc biệt các bạn lễ tân luôn quan tâm và hỗ trợ cho gia đình mình nhận phòng sớm. Cảm ơn Fleur De Lys đã cho mình trải nghiệm tuyệt vời này <3",0,5,0,0,0,0
"Quán decor theo kiểu đơn giản, mộc mạc. Trà xí muội uống ngon, chua mặn vừa đủ. Trà sữa thơm béo, không quá ngọt, nhưng do mình đang chế độ kiêng đường nên muốn uống lạt mà quên dặn mất, nếu nhân viên hỏi gợi ý đường ít hay nhiều thì tốt hơn. Giá cả khá rẻ so với mặt bằng chung hiện tại. Nhân viên thì nhiệt tình, vui vẻ, có tư vấn cho mình các loại thức uống. Quán nằm ngay ngã tư lại trên con đường trung tâm nên rất dễ tìm.",0,0,0,5,0,0
"Phòng sạch sẽ, tiện nghi, view biển, nhân viên rất thân thiện!",0,5,0,0,0,0
"Chuyên nghiệp, cũng lưu trữ các xe buýt đến và quay trở lại sân bay
",0,0,0,0,4,0
Đã đến tham quan và thấy dự án khá tiềm năng để đầu tư.,0,0,0,0,0,0
"Quán khá nổi tiếng ở quy nhơn, có thể nói là một trong những quán phải ghé khi đặt chân đến quy nhơn. Quán có mặt bằng rộng , sạch sẽ. Phục vụ nhanh nhẹn. Menu của quán đa dạng như bún cá, bún sứa, bún ốc, bún bò. Bún cá thì cũng như các quán khác , bún sứa ăn lạ miệng, bún ốc hấp dẫn. Điều làm quán đông khách có lẽ là nước dùng, rau sống ăn kèm. Đặc biệt mì quảng khá ngon, kiểu thập cẩm, có trứng, tôm , thịt . Nói chung món nào ở quán này cũng vừa miệng. 1 tô ăn là no nê",0,0,0,5,0,0
"Khách sạn ở Quy Nhơn view biển, phòng có cửa kính nhìn ra bãi biển rất chill.",0,5,0,0,0,0
"Mỗi lần thèm pizza mình với em mình đều tới quán này. ☺️ Pizza không phải kiểu ngon thần kỳ nhưng được cái chất lượng rất ổn định, quán lại vừa có pizza vừa có bbq nên chị e mình siêu thích. Lần gần nhất mình ghé có thử thêm mì ý xốt kem thịt xông khói, cũng khá ổn vì hơi khô mong quán khắc phục điểm này. Pizza ngon nha ăn gần hết cái menu pizza rồi mỗi lần cứ thử một vị mới, vị nào cũng ok nên khỏi đắn đo nha cứ từ từ thử. Nhân viên nhiệt tình, dễ thương nè.😍 Bữa có uống nước chanh dây bạc hà với chanh thảo mộc gì ý ngon lắm nha.😘😘",0,0,0,4,0,0
"Quán khá rộng rãi và thoáng để nướng đồ ăn thoải mái mà không sợ bị ám mùi. Mà phải công nhận giá rẻ thiệt, toàn đồng giá mỗi loại 30-35k mà mình thấy một dĩa cũng khá nhiều. Nồi lẩu 2 người tầm 65k, mà quá trời đồ nhúng ăn kèm mà đồ tươi chứ không phải đồ đông lạnh. Đồ nướng thì được tẩm ướp sẵn, mình order rồi thì nhân viên mang ra nướng bơ rồi ăn thôi.Tầm 100k mỗi người là ăn no rồi.Giá rẻ vậy nhưng chất lượng cũng ngon chứ không hề bị ảnh hưởng. Một điểm cộng nữa là nước chấm ngon.",0,0,0,5,0,0
"Phòng sạch sẽ, vị trí trung tâm rất gần biển,đầy đủ những vật dụng cần thiết và mấy chị nhân viên ở đây cực dễ thương .. mình sẽ quay lại vào dịp sau !!",0,5,0,0,0,0
"Quán view đẹp, có cả không gian nhẹ nhàng phía bên trong nghe nhạc và nhộn nhịp cho ai muốn ngồi phía ngoài ngắm xe cộ, đường phố 😋😋😋 Đồ uống thì bao ngon mà quan trọng là siêu rẻ luôn các bác... 🍸🍹🍦🍵🍶🍷",0,0,0,5,0,0
"Phòng ốc rộng rãi, sang trọng, dịch vụ tận tâm, có view biển thơ mộng. Không rõ nó là 3 sao hay 4 sao nhưng chất lượng vượt trội hơn hẳn sao đó luôn :))))",0,5,0,0,0,0
Cho thuê xe máy có tâm,0,0,0,0,5,0
"Chúng tôi đã chia sẻ một pasta napolina - rất tươi và ngon. Sau đó, chúng tôi đã gọi pizza - tôi yêu cầu không có phô mai trên pizza nhưng họ quên đề cập đến phô mai trong pesto và tôi cũng không nghĩ về điều này. Tôi biết ngay khi nhìn thấy chiếc bánh pizza có chứa phô mai. Chủ sở hữu đã thay đổi điều này cho tôi không có vấn đề và làm cho tôi một cái mới.",0,0,0,5,0,0
"🌼Vì đi 7 người nên mình chọn 1 homestay tên la Paradise Quy Nhơn, cách bãi biển và quảng trường khoảng 700m, , anh chị chủ nhà thiết kế các phòng đúng theo cái tên luôn ạ: ocean (4 người), Jungle (4 người) to hơn ocean chút, lotus (2 người) và dorm có thể ở dc 7,8ng nha, ở đây các cậu có thể hát hò, nấu ăn, dùng máy giặt thỏai mái 😆 (chúng mình ở 3 phòng ocean, jungle và lotus) đặt theo combo cả máy bay nữa là 3.450k/ng",0,5,0,0,0,0
Là địa điểm cho thuê xe máy giá rẻ nhất mình từng biết Xe đời mới chạy cực êm và tiết kiệm xăng. Lần sau đến quy nhơn du lịch nhất định sẽ quay lại thuê xe máy ở đây,0,0,0,0,4,0
"Xe chất lượng , tai xe nhiệt tình vui vẻ quá . Cảm ơn nha xe nhé
",0,0,0,0,4,0
"Quy Nhơn năm nay là khu dụ lịch hot nhất nhì Việt Nam luôn. Cảnh đẹp, con người thân thiện, đồ ăn, uống đa dạng, ngon mà còn rẻ nữa chứ... Và đặc biệt mình thật sự ấn tượng quán Silent - kitchen & coffee luôn. Không gian siêu sang, siêu xinh. Chụp hình làm bộ sưu tập những điểm nên đến của Quy Nhơn quá chi là ảo diệu mà đẹp mắt, còn hấp dẫn nữa. Sẽ ghé lại nếu còn về Quy Nhơn.",0,0,0,5,0,0
"Trong những chỗ từng thuê thì xe ở đây chạy ngon nhất,anh chủ dễ và vui tính. Cửa hàng này khá nổi tiếng trên facebook vì đầu tư toàn xe đời mới và êm, giá hợp lý cả nhà. thủ tục ở đây rất nhanh, ko cần cọc chỉ cần thanh toán tiền thuê xe trước các xe ở đây đều chạy êm và an toàn, không như nhiều chỗ xe rất cũ và tệ đã đến đây và nói chuyện với chủ shop, hiền và dễ gần, xe tốt Tuy mới hoạt động được 2 năm nhưng cơ sở đã có 1 dàn xe hơn 100 chiếc toàn xe chất lượng, giá hợp lý cho thuê ngắn hạn Một địa chỉ uy tín nếu anh em có ý muốn thuê để đi du lịch, dạo phố, khám phá thành phố quy nhơn mấy dòng xe tay ga đi rất êm và mạnh",0,0,0,0,5,0
"Thương hiệu gà rán nào cũng có kem của mình, Jollibee cũng vậy. Ăn gà rán xong thì ăn kem tráng miệng đi nè, kem béo béo thơm mùi sữa ăn thích ha, giá rẻ nữa, có mấy ngàn 1 cây to oạch, ăn 1 cây là no rồi. Mà kem khá ngọt nên ai không thích ngọt thì sẽ nhanh ngán ấy. Nói chung là với giá cả như vậy cho một cây kem như thế theo mình là hợp lí lắm rồi. À mà Jollibee hay có các chương trình khuyến mãi lắm ấy, với hay có chú ong Jollibee hoạt náo trước tiệm nữa nên trẻ con thích lắm!",0,0,0,5,0,0
"Anh chị cho thuê xe khá dễ thương, vui vẻ, nhiệt tình hướng dẫn đường đi, chỗ ăn uống ngon cho tụi mình nữa. Giá thuê thì 100k xe thường và 120k xe mới. Chất lượng xe ok, máy chạy êm. Chỗ thuê ngay khu Ngô Mây, gần trung tâm, nhiều đồ ăn vặt nữa.
",0,0,0,0,4,0
"Buổi sáng hôm ấy gia đình mình đã có 1 chuyến đi Hải Minh thật tuyệt. 1. Đến cảng cá cầu Hàm Tử gia đình thuê 1 thuyền đò người dân chở tour trọn gói hải minh 350k gồm: - Tham quan Tượng Trần Hưng Đạo, Ngọn hải đăng - Sau đó xuống đò Qua Bãi rạng tắm mát và chơi, bãi biển trong và mát lại cạn nữa. - Sau khi tắm ngán thì mình yêu cầu đò chỏ qua Quán bè nổi Biển Đông. 2. Quán biển Đông thật tuyệt, đến đây như thay đổi không khí hắn so với Quy nhơn, - Không khí trong lành - Được câu cá thoải mái. - Chủ quán nhiệt tình. - Các món ăn phong phú thỏai mái lựa chọn, ghẹ, cua đá, cá hấp, mựa hấp, ốc sò..bao la lại còn bơi tung tăng dưới nước. 3. Ăn uông no nê nghỉ ngơi chiều đò đón về. Một tour thật thú vị và còn rất rẻ mà ngon nữa. Sẽ quay lại.",0,0,0,5,0,0
"Quán có không gian rộng rãi thoáng mát... giá thành thì bao rẻ nha... nên các bạn nên thử... đồ ăn tương đối được... nước lèo của mì cay ngọt ngọt dễ ăn... quán có bán rất nhiều món ăn có cả cơm chiên, bún đậu mắm tôm, gà lắc phô mai, bánh gạo, kimpad... đặc biệt là có mì bay nữa nha... vậy thì 500 anh em hãy tới Naga để thưởng thức nào... chọn mức độ cay phù hợp lựa chọn 1 phần thức uống đi kèm với món đồ ăn nhẹ... sẽ mất cả buổi chiều rôm rả mà không lo hết tiền nha...",0,0,0,4,0,0
"Nghe nhiều bạn review tốt về chổ cho thuê xe máy Quy Nhơn Hoài Bảo này quả thật không sai, và mình cực kỳ hài lòng khi thuê xe máy tại đây",0,0,0,0,5,0
"Ngày thường hơi ít khách. Nhưng dịch vụ rất tốt. Có thẻ thành viên được nhiều ưu đãi khi xem phim.
",5,0,0,0,0,0
"Quán nằm ngay cạnh Eo gió, đi ngắm cảnh xong rồi ra đây ăn luôn. Bên trong có nhiều bể nhỏ đựng nhiều hải sản tươi, tha hồ tham quan và lựa chọn để đầu bếp làm. Món nào cũng ngon và hấp dẫn. Hào sốt phô mai: nhìn cái dĩa mang ra mà muốn chảy nước miếng, con nào con nấy to, phô mai ngập tràn trong cái mai hào. Ăn cực tươi, dai sần sật, phô mai béo ngậy. Nghêu hấp xả: nghêu con nhỏ, nước hấp bình thường, không đậm vị lắm Cồi mai: to nhều thit lắm, thịt cực ngọt nha, cứ tưởng là người ta cho thêm đường. Có cả trứng của con đó nữa, ăn béo quá trời. Mực trứng hơi khô ăn không ngon lắm",0,0,0,4,0,0
"Chúng tôi đã đến sân bay Hồ Chí Minh muộn vì tài xế đã đợi chúng tôi với một tấm biển - xe sạch sẽ - tài xế xuất sắc - 
chúng tôi ở trong khu phố cổ, nơi luôn khó đi lại nên điều đó thật tuyệt khi anh ấy đưa chúng tôi đến khách sạn của chúng tôi mà không có vấn đề gì",5,0,0,0,5,0
"Không gian thoáng mát, sạch sẻ và nhân viên làm việc rất chuyên nghiệp, tư vấn nhiệt tình và hướng dẫn rất rỏ ràng dành cho những ai chưa đến và chưa lần nào làm thủ tục lên máy bay👍
",0,0,0,0,4,0
Khu siêu thị tích hợp có các cửa hàng và chỗ ăn uống ở tầng trệt và lầu 2. Lên tầng 3 sẽ thấy khu siêu thị của Big C.,0,0,0,5,0,0
Đồ ăn ngon. Giá hợp lý. Hơi nóng chút thôi. Do k gần biển.,0,0,0,5,0,0
"Cũng lâu rồi mới ghé chất và giá cả ở đây có một sự tăng nhẹ . Trà sữa truyền thống trước kia 20k giờ đã tăng lên 25k . Hôm nay quán có chương trình khuyến mãi mua 5 tặng 1 . Và vì bị nghiện trân châu trắng nên bọn mình đã đề nghị thay một ly trà sữa đó bằng một chén trân châu trắng . Phải nói là trân châu ăn bao phê , từ ngày phát hiện ra món trân châu này đi đâu mình cũng phải hỏi có không và gọi liền . Mình uống trà sữa khoai môn , khá béo nhưng rất ngon , vị ngọt vừa phải .trà đào cam sả cũng rất ngon . Nói chung chất lượng đồ uống của chất chưa bao giờ làm mình thất vọng",0,0,0,5,0,0
"Có một điều mình nhận ra là ở quy nhơn quán nào đẹp là đồ uống dở . Lúc vô quán này mình cũng không hy vọng mấy về chất lượng đồ uống . Oder 1 ly bạc xĩu kem và trà đào , 2 món này là an toàn nhất , lỡ như có dở thì cũng ráng uống được :)) . Nhưng may sao trà đào khá ngon , được 3-4 miếng đào , nước đậm vị đào . Bạc xĩu kem cũng ok , kem thơm và ngon , mình ước gì cho nhiều kem hơn xíu . Giá 2 ly này là 53k , cũng hợp lí so với không gian của quán . Sẽ quay lại đây .",0,0,0,4,0,0
"Khách sạn đẹp, gần biển, nhân viên thân thiện nhiệt tình",0,5,0,0,0,0
Tôi đã thuê một chiếc xe máy ở đây cho một chuyến đi trong ngày bên ngoài thành phố và nhận được dịch vụ tốt nhất mà tôi có thể yêu cầu. Hoài Bão đã rất tận tình giải thích cho tôi các loại xe máy mà anh ấy đang gặp phải và loại nào phù hợp nhất với tôi. Tôi rất vui và chắc chắn sẽ giới thiệu bạn bè thuê xe máy của anh ấy. ,0,0,0,0,5,0
Vì hết phòng đôi bên cho mình phòng 6 người rộng quá thể với 2 đứa con gái luôn,0,5,0,0,0,0
"Phòng gần trung tâm thành phố, thuận tiện cho việc duy chuyển.",0,4,0,0,0,0
"Thuê xe Quy Nhơn uy tín chất lượng. Công ty cho thuê xe du lịch rất chuyên nghiệp và nhanh chóng, xe du lịch đời mới, sạch sẽ, tài xế thân thiện, hiểu rõ đường đi
",0,0,0,0,4,0
"Một nơi mơ ước, đặc biệt là khi có ít khách du lịch, đó là trường hợp của chúng tôi trong thời gian lưu trú!",0,0,0,0,0,0
"View ban công bị vướng mấy toà nhà nên nhìn ra biển hơi xa, những vẫn oki cũng xác định đc trc vì ks ở làn trong sau đg TP",0,4,0,0,0,0
"Phòng sạch sẽ, giá cả phù hợp, chỗ đậu xe rộng rãi. Nhân viên dễ thương. Sẽ ghé lại lần sau",0,5,0,0,0,0
"Cho thuê xe máy rất có tâm. xe đời mới chạy êm và tiết kiệm xăng. Mình đang đi thì bỗng nhiên trời mưa, thật may mắn vì bạn chủ xe đã chu đáo chuẩn bị sẵn 1 áo mưa cánh dơi lớn để trong cốp. Dịch vụ cho thuê xe máy ở đây tốt thật sự, hèn gì đọc Review Quy Nhơn thấy ai cũng khuyên nên thuê xe máy chổ này",0,0,0,0,4,0
Khách sạn sạch sẽ! Đầy đủ trang thiết bị,0,5,0,0,0,0
"Rất tuyệt vời !
Mình ở khách sạn này 2 đêm, đêm đầu xong mình muốn chuyển sang khách sạn cùng tầm giá để có trải nghiệm mới tuy nhiên không thể tìm thấy khách sạn khác tốt hơn nên đêm sau mình quay lại đây thuê thêm 1 đêm với giá còn rẻ hơn đêm đầu tiên.
Chỗ để xe máy rộng rãi, lễ tân lịch sự dễ thương, phòng rộng nhưng không có view rộng, rất sạch sẽ gọn gàng, đầy đủ đồ nhà wc (lược, dao cạo râu, xà phòng, dầu tắm gội,...)đầy đủ máy sấy, móc áo, tủ treo, nệm lò xo xịn nằm rất phê...Điểm trừ là trong nhà wc chỗ tắm không được ngăn với khu khô, khi tắm làm ướt cả sàn nhà wc mất thẩm mỹ.
Chỗ này gần biển nên đi bộ ra tắm biển thoải mái, cũng gần quảng trường nên tối đi dạo mát ăn hàng ăn tối quá gần.
Mình rất hài lòng, xứng đáng 9,5 điểm",0,4,0,0,0,0
"Hình thức tự check in tạo cảm giác tự do, thoải mái như đang ở nhà của mình.",0,5,0,0,0,0
"Đã dành 4 ngày ở Quy NHơn và thuê xe máy của tôi từ đây. Giá cho thuê xe máy thủ công là 120k một ngày, khá tốt. Một chiếc tự động sẽ đắt hơn một chút. Tôi thích hướng dẫn sử dụng hơn, nhẹ hơn, nhanh hơn và thú vị hơn khi lái - mẫu xe / lựa chọn của tôi là Honda Wave RSX, nó xử lý như một giấc mơ.",0,0,0,0,5,0
"Cơ sở vật chất thì tuyệt vời nhưng thái độ cư xử tệ hại. Membership số id 199213102718 đã ở rất nhiều lần và complaint liên tục nhưng vẫn ko thể cải thiện nổi một chút về sự niềm nở của nhân viên dành cho khách. 4 lần đến và đi đều mang …
",0,4,0,0,0,0
"Thích thú sử dụng taxi vinasun, tất cả các xe sạch sẽ và thoải mái. Trình điều khiển dễ chịu và sẽ bật ra?",0,0,0,0,4,0
"Địa điểm rất tiện cho đi chơi, ăn uống",5,0,0,5,0,0
"Phong cảnh thiên nhiên hùng vĩ, non nước hữu tình, thích hợp vui chơi, tham quan, dã ngoại, phù hợp với tất cả mọi lứa tuổi
",4,0,0,0,0,0
"Thích hợp cho những buổi tiệt tùng dã ngoại.nhớ thu gom rác trước khi ra về để công viên luôn xanh xạch đẹp
",5,0,0,0,0,0
"quán Út Lợi, hải sản nấu ngon-sạch sẽ, giá rất ổn. Món ăn ngon-bù lại của du lịch Covid chẳng được đi tham quan.***chủ quán rất thân thiện. Điểm 10",0,0,0,5,0,0
"Tạm ổn đối với những người ăn không quá cay. Nhân viên phục vụ tốt, không gian đẹp, nguyên liệu tươi.",0,0,0,4,0,0
"Tôi đã thuê xe ở đây và rất hài lòng, toàn xe mới, chất lượng rất tốt. Đi du lịch phượt khám phá như chúng tôi thì những chiếc xe chất lượng như ở đây luôn là lựa chọn hàng đầu",0,0,0,0,5,0
"Nước uống ở đây tương đối ổn, mình thích trà đào và món marshmallow chocolate gì đó, giá cũng hơi cao nhưng về độ cầu kì và độ ngon mình thấy ok, giá cả phù hợp với chất lượng . Tuy nhiên mình rất thất vọng về các món bánh, bánh ở đây y hệt bánh ở quán cà phê khác như friendship, marina, chè khúc bạch kiwi ( mình nghĩ quán lấy lại) và chất lượng bánh mình cũng ko thấy có gì ngon, nhạt nhẽo, ko đậm đà mùi vị, ăn rất chán, vì đi quán cà phê nào cũng có chừng đó món bánh, nhìn đến ngán luôn. mình rất mong quán có 1 menu bánh hấp dẫn hơn. Dù sao không gian khá yên tĩnh và rất hợp với style của mình. Chắc chắn còn quay lại nhiều nữa !",0,0,0,5,0,0
"Đã từng sử dụng dịch vụ này và giới thiệu cho bạn bè, nhận được sự hài lòng từ họ, cũng được tiếng thơm lây!",0,0,0,0,5,0
"Sân bay Phù Cát mới xây mới lại cảng hành khách, hiện đại, đẹp. Chúc mừng thành phố Quy Nhơn. 20 năm trở lại
",0,0,0,0,4,0
"Thiệt sự chỗ này rất tuyệt vời luôn , có nắng , có biển , đồ ăn nước uống lại ngon , đặc biệt trai Tây đông lắm , anh nào anh nấy cao ráo , đẹp trai lại dễ thương , bắt chuyện rất thân thiện . Buổi chiều ở đây mặt trời lặn , gió mát , có tiếng sóng biển , thiệt tình là phê hết chỗ chê luôn í
",5,0,0,5,0,0
"Mình đến quán thấy quán rất là vắng...nghĩ chắc foody bình luận sai...nhưng lỡ đến rồi vào luôn xem thử thế nào... ai ngờ ngon mà lại rẻ nữa. .. ăn đứt nhiều quán ở biển đường xuân diệu mắc với lại ko ngon...sở dĩ mình review là thư 1 muốn giúp những bạn đi du lịch như mình kiếm được chỗ ăn ngon, giá hợp lý. Thứ 2 là muốn review cho vị Cua ...mình rút ra bài học.. vắng thì người ta sẽ chăm chuốt món ăn nhiều hơn ...kkkk",0,0,0,4,0,0
"Tình cờ biết được nhà hàng chuyên về pizza, gia đình tôi đã ghé thăm và thưởng thức đồ ăn. Ngon tuyệt.",0,0,0,5,0,0
"Nước uống bình thường, giá hợp túi tiền. Quán view ngay bờ biển, lần đầu tiên đến k nghĩ giá lại rẻ như vậy với quán cf ngay sát biển. Lần nào ghé QN mình cũng phải ngồi đây vài buổi tối. Một điểm nên đến khi ghé QN mn nhé.",0,0,0,5,0,0
"Cốp xe tại quy nhơn vừa tiện lợi lại vừa tiết kiệm chi phí, làm chủ và làm chủ thời gian, thoải mái thật sự.",0,0,0,0,5,0
"phòng sạch sẽ, giá ok, vị trí thì gần trung tâm rất tiện. bạn nhân viên tên Đạt rất dễ thương",0,4,0,0,0,0
"Hôm về QN đc dẫn đi ăn ở quán này. Đến quán tầm 1h trưa mà vẫn đông khách quá trời. Không gian khá rộng, tuy không có máy lạnh nhưng không bị nóng quá. Nhân viên đông và cũng nhanh nhẹn Cút ram me ngon nè, vị đậm đà ăn thích lắm. Con cút cũng nhỏ nhỏ chứ hông béo núc ních như cút ở sg Gà nướng ướp thấm vị, ăn ngon quá trời, ăn kèm vs xôi chiên hai mặt cũng ngon nhưng hơi dầu Gà hấp dai ngon, đúng kiểu gà ta thả vườn. Ăn thêm tô miến nấu vs lòng gà và nấm nữa là hết ý luôn nha. Giá cũng okay chứ hông cao lắm",0,0,0,5,0,0
"Mình đến quán này chắc cũng được 2 lần rồi. Đồ nướng ở đây cũng giống như nhiều quán khác đồng giá 35k cho mỗi đĩa nướng,Nhưng điều đặc biệt hơn là nướng ngói bằng than, chứ không phải bằng chảo kim loại với bếp ga như những quán khác. Nên mình thấy đồ ăn khi nướng ra thì sẽ có vị thơm hơn, thấm hơn nên ăn ngon hơn nhiều. Một đĩa 35k mà cũng nhiều nữa, được tẩm ướp sẵn mình tự nướng thôi. Mỗi đứa chưa tới 100k là ăn đắm đuối rồi. Trời se se lạnh thế này mà được ăn đồ nướng là nhất luôn.",0,0,0,5,0,0
"Hôm trước mình cùng bạn đi tới quán uống. Mặc dù không gian ở đây hơn nhỏ nhưng tạo cảm giác thoáng. Phục vụ tương đối tốt. Nước thì ngon. Giá không mắc. Mình có gọi oreo mint blended. Đây là một dạng nước cookie với bánh là oreo, phía trên là kem phần dưới là đá, oreo, sữa (còn gì nữa thì mình không chắc) trộn rồi bào nhỏ và xốp hết mức, ngon ngon ngọt ngọt. Khi uống còn cảm nhận được đá bào tan nhanh trong miệng rất đã :). Nói chung là theo mình nhận xét thì quán này là một trong những quán nên đến ^^",0,0,0,5,0,0
Những người phụ nữ ghé thăm bàn của bạn để gọi món không ưu tiên cho câu hỏi của bạn nếu bạn có một số về Các món ăn.,0,0,0,0,0,0
"Đã hơn 60 năm hình thành và phát triển, cho đến nay, tuy phải trải qua muôn vàn gian khó nhưng Nhà hát tuồng Đào Tấn vẫn giữ được truyền thống là một trong những con chim đầu đàn trong số các đơn vị biểu diễn kịch hát truyền thống mang tầm vóc quốc gia, luôn nhận được sự đánh giá cao của khán giả trong nước. Nghệ thuật Tuồng Đào Tấn cũng đã đến với nhiều quốc gia trên thế giới như: Liên Xô (cũ), Anh, Pháp, Đức, Ba Lan, Tiệp Khắc (cũ), Bun- ga ri, Lào, Cam Pu Chia, … và đã nhận được sự hoan nghênh, tán thưởng của bạn bè quốc tế. Trong quá trình hoạt động nghệ thuật, Nhà hát đã  giành được nhiều phần thưởng, giải thưởng cấp quốc gia, rất nhiều nghệ sỹ  được Nhà nước phong tặng danh hiệu NSND, NSƯT.",5,0,0,0,0,0
"Cảng rất ok,  nhân viên nhiệt tình hướng dẫn,  chất lượng bay rất tốt
",0,0,0,0,5,0
"Giá cả tầm 10k trở lên cho một phần đồ uống , nói chung khá rẻ so với mặt bằng thành phố . Mình thấy chung mấy loại đồ uống loại nào cũng dễ uống hết chỉ trừ những loại có lá bạc hà kèm theo thì hơi khó uống tẹo . Có lẽ một phần là bỏ nhiều bạc hà quá nênn hơi hăng",0,0,0,4,0,0
"Quán ăn cũng khá ngon, giá hợp lý, 4 người ăn 6 dĩa hết 120k cả nc và khăn ướt. Ăn vào buổi chiều cũng khá đông",0,0,0,5,0,0
"Tối qua mình và bạn mình đã tới Banana mama. Mọi hôm cuối tuần ở đây rất đông không có bàn nên chỉ mua rượi rồi đi vòng vòng nghe nhạc tuy nhiên hôm qua mình đi là ngày trong tuần vì vậy còn bàn để ngồi vừa uống vừa nghe nhạc vừa chill với bạn bè rất là thoải mái. Không gian quán mang hơi hướng summer, năng động và rất chất tây, còn được ngắm view từ tầng cao rất rất đẹp luôn, sài gòn ban đêm rất đẹp khi được ngắm ở đây nhé. Điểm đặc biệt là nhân viên phục vụ mọi người rất nhiệt tình hay hỏi thăm là rượi uống được không, hay bạn dùng đồ ăn ngon chứ đặc biệt hơn là có anh phục vụ Tommy (thắng) người việt nam nên a thường xuyên trò chuyện với bàn mình anh có vốn kiến thức về rượi rất chuyên sâu và thú vị, anh nhiệt tình lắm luôn nhờ anh mà em và bạn em đã có một buổi tối trãi nghiệm tại Banana mama rất tuyệt vời ❤️ thank you for all ❤️",4,0,0,5,0,0
"Phòng có view nhìn ra biển đẹp, Trang trí nhìn hài hòa, cân đối",0,5,0,0,0,0
"Ngày Quy Nhơn mưa to gió lớn, đã nếm thử các món đặc sản và thèm cơm. Quán khá là bắt mât, dễ tìm, lối decor riêng kiểu bao cấp. Bước vào quán thấy khá rộng rãi, thoáng, sạch sẽ. Quán khá đông, tầng 1 và 2 thông nhau nên nói chuyện khá vang và ồn. Nhạc bật nhẹ nhàng, dễ nghe, ăn rất vào. Về món ăn: Món ăn nấu ngon, đậm, tuy nhiên có mòn gà rang sả ớt hơi mặn Phần ăn tương đối nhiều, mình đi 2 người mà gọi món cỡ 3 4 người ăn vẫn đủ, làm è cổ ra ăn cho cố. Về phục vụ: khá nhanh nhẹn, lễ phép, nhiệt tình và dễ chịu. Cực kỳ recommend khi đi ăn có người lớn tuổi (k thích đi ăn vặt).",0,0,0,4,0,0
"Quán này có thâm niên hơn ba mươi năm rồi, được xem là đệ nhất bánh mì lagu ở Quy nhơn. Chỉ bán buổi chiều tới khuya và lúc nào cũng nườm nượp khách. Nằm trong một cái hẻm bé tẹo, quán cũng nhỏ, khách phải leo lên đoạn cầu thang cũng có chút xíu. Khay ăn dọn lên gồm một dĩa bánh mì nóng giòn xắt khúc, một tô lagu có miếng thịt ngọt lừ, thêm chút bùi bùi từ hạt sen, củ lang, cà rốt, đậu đỏ…Trước khi nướng, người bán nhanh tay quét một lớp bơ đều lên bánh, tỏa mùi thơm nồng nàn",0,0,0,5,0,0
🍒Quán xinh. Nhỏ nhỏ ấm cúng Về package ly tách này nọ rất đẹp nhưng nước uống thì tạm ổn thôi ko có gì đặc biệt lắm nè Bữa đó mình uống trà xanh còn bạn mình uống gì quên rồi 🍒Giá cả bình thường ko mắc lắm,0,0,0,4,0,0
Cảm ơn các em đã hổ trợ chị rất nhiệt tình trong 3 ngày chị ở Quy Nhơn công tác và du lịch. Có dịch vụ cho thuê xe máy giao xe tận nơi và đến tận nơi lấy xe thế này thật sự tiện lợi và tiết kiệm chi phí quá.,0,0,0,0,4,0
"Vừa thuê 1 xe số và 1 xe ga ở đây xe số 120K xe ga 150K tính 24 tiếng bắt đầu từ lúc mình nhận xe. Có hổ trợ giao xe tận nơi rất nhiệt tình, xe mới, sạch và đẹp",0,0,0,0,4,0
"Kiến trúc mang đậm phong cách Pháp, tuy vắng hơn trước nhưng lại mang nét thơ mộng riêng. Nên đi vào thứ 7 & CN.",0,4,0,0,0,0
"Giao tiếp tốt, xe SUV cỡ trung thoải mái. Rất khuyến khích . Đúng giờ và không tốn nhiều công sức. Chúng tôi là một gia đình 3 người",0,0,0,0,5,0
"Rộng, đẹp, sạch, văn minh, phù hợp cho chạy bộ, thể dục, đi dạo. Cv bán nhiều đồ ăn vặt nên thi thoảng có khá nhiều rác. Buổi chiều có  thể xem bóng chuyền bãi biển.
",4,0,0,0,0,0
"sạch sẽ và thuận tiện, view đẹp!",0,4,0,0,0,0
"Trời se lạnh đi ăn lẩu nướng là sướng nhất. Quán này mở từ 4h chiều mà lúc mô cũng đông khách hết à. Quán nhỏ nhỏ nhưng khá sạch sẽ. Tầm chiều tối là đông khách lắm. Gía cũng phải chăng, chứ k đắt đỏ, so với mấy quán kia, giá quán này hơi nhỉn hơn xíu, nhưng khá là chất lượng, Đồ nướng ướp thấm. Lẩu cũng ngon nữa. Đi ăn mỗi người tầm hơn 70k là no banh bụng rầu. Phục vụ khá nhanh nhẹn.",0,0,0,5,0,0
"Xe mới, chạy nhanh an toàn Khăn, nước, sữa Chạy đúng giờ, sẽ ủng hộ tiếp tục",0,0,0,0,5,0
"Lần đầu ghé nơi đây bằng một cơn mưa nhè nhẹ. Tấp vào nhanh chóng tháo bỏ bộ đồ mưa và nhảy vào mâm cơm thôi. Mâm cơm quá đã hoành tráng, nào là cơm niêu, gà nướng, lẩu cá lóc,... đồ ăn rất ngon ăn no hết cỡ luôn. Nhân viên khá là chu đáo, dễ thương nữa. Sẽ quay lại nếu có dịp đến lại nơi này",0,0,0,5,0,0
"Dự án này đẹp quá, nhất định sẽ đến vào cuối tuần!!!",0,0,0,0,0,0
"Khách sạn sát ngay biển , đang có kế hoạch di dời nên tranh thủ ghé - Phòng view nhìn ra biển và 1 phần tp Quy Nhơn khá đẹp - Nhân viẻn chuyên nghiệp - Có bánh ít lá gai thay trái cây chào mừng - Ăn sáng ngon , có các món đặc sản Bình Định như bánh hỏi lòng heo, bánh bèo .., Phòng thường full do khách đoàn đông nên muốn ở phải đặt sớm",0,5,0,5,0,0
"Thuê nhiều rồi thấy khá tốt, xe ngon và hoàn tiền 100% khi hủy hợp đồng thuê xe trước thời hạn, thích sự tận tâm vui tính của mấy thanh niên phục vụ giao nhận xe tận nơi",0,0,0,0,4,0
"Pizza ngon và nó hợp khẩu vị của tôi, kích thước vừa phải không quá to, tôi rất thích pizza Hawaii và pizza pepperoni ở nơi đây.",0,0,0,4,0,0
"Việc đưa đón của chúng tôi từ sân bay tại Thành phố Hồ Chí Minh đến khách sạn thành phố của chúng tôi được tổ chức rất tốt. 
Tôi đã đặt và thanh toán cho nó trực tuyến một vài ngày trước khi đến. Khi đến nơi, người lái xe được nhìn thấy rõ ràng với một tấm bảng có tên tôi, điều này làm cho toàn bộ quá trình trở nên đơn giản. 30 phút sau chúng tôi đến khách sạn.",0,0,0,0,4,0
"Không khí rất đẹp, nhân viên tuyệt vời, đặc biệt là Paul. Có rất nhiều niềm vui trong đêm nhạc sống. 
Vì vậy, nhiều trò chơi hội đồng quản trị, họ thậm chí có một bàn bi-a. Thực sự tốt burger, cá và khoai tây chiên. Cheep bia & cocktail ngon.",5,0,0,5,0,0
Tài xế tốt! Chất lượng phục vụ tốt,0,0,0,0,4,0
"Ngon giống các quán khác, sạch sẽ mát mẻ. Phục vụ nhanh, có chỗ để xe ôtô, nói chung là chấp nhận được.",4,0,0,4,0,0
"Từ gia lai xuống quy nhơn chơi mấy ngày. Đọc một đống review cuối cùng quyết định chọn quán này. Nước chấm gồm ba loại, hai loại muối ớt chanh (một loại chua, một loại ngọt) với nước nắm gừng. Ốc thì dĩa nhỏ 15k, dĩa lớn 20k. Mình ăn 2 dĩa hàu nướng, 1 ốc hương, 1 ốc gai, 1 xìa, 1 dĩa ốc gì đó ko biết tên, 1 ốc len mà tổng hết có 125k. Ban đầu mình còn tưởng tính tiền nhầm nữa chứ. Hôm sau quyết định đi ăn tiếp, quay lại thì thấy quán đóng cửa. Sực nhớ hôm ni là rằm tháng 7 nên chắc nghỉ bán. Qua quán khác ăn mà cảm thấy không ngon bằng quán ốc Bông. Đắng lòng ~.~. Sau này mà còn quay lại quy nhơn chắc chắn sẽ dẫn bạn bè tới quán này.",0,0,0,5,0,0
Bãi cát đẹp long lanh lung linh luôn. Nhiều booth khu vực sống ảo dành cho team tiktok với fbooker như mình nha. Làm chục shot hình cháy máy luôn. Nước biển trong veo nhìn thấy bàn chân luôn nha mọi người. Khu vực nhà hàng giá cả hợp lý. Ko chèo kéo khách. Khu vực vệ sinh & tắm nước ngọt sạch sẽ miễn phí. Lều chòi giá cả phải chăng ko chém khách du lịch. Mình đi ca nô trọn gói 270/người nên ko mất phí gì thêm nhé cả nhà,0,5,0,0,0,0
"Đó là một thiên nhiên tuyệt vời, văn hóa và hướng dẫn. Tất nhiên, thác nước trong vắt là một kiệt tác. (Trời lạnh nhưng bạn có thể bơi trong
 khoảng thời gian vừa đủ. Ngoài ra, sau khi trồi lên không bị dính như khi xuống biển hoặc ở vũng tàu.) Rau hữu cơ từ Lào ・ Thị trường nhập khẩu từ Trung Quốc và Việt Nam tiếp giáp với nhau, di cư ở miền xuôi của người dân núi cao Từ ngành du lịch ở Việt Nam, tôi cảm nhận được du lịch sinh thái và kinh tế thị trường trong chủ nghĩa xã hội. Tôi không nghĩ mình đã có thể đạt đến cảm giác đó nếu không có sự giải thích của anh Duy từ hướng dẫn viên.",5,0,0,0,0,0
Giá phòng quá rẻ so với chất lượng,0,5,0,0,0,0
"Bọn mình ở FLC không biết ăn ở đâu, lướt lướt foody thấy được quán này, quán có xe đưa đón nên rất tiện. Không gian thoáng mát, chị chủ cũng như anh tài xế cực kì thân thiện, nhiệt tình và chu đáo. Chị để ý xem mình là dân miền nào để chỉnh gia vị cho hợp khẩu vị từng khách đến. Không chê được chỗ nào luôn, bọn mình đã ghé cả trưa và tối vì quá nghiện đồ ăn chị làm. Bánh xèo only 25k/cái mà phải nói là quá giòn quá ngon. Salad rong nho thì best thật sự, tươi roi rói luôn. Mực một nắng to đùng mà giá rẻ bất ngờ (đoạn này mình quên mất bnhiu/lạng rồi ) Cá ....(sr mình quên mất tên) chiên xù một nửa còn đầu nấu canh cũng rất ngon nhen, giòn rụm tan trong miệng luôn í. Mọi người nhớ thử món sứa nước lèo nha, đảm bảo không ngon nhưng vẫn lấy tiền nha...:))) mình đùa chứ ngon lắm, ngọt tự nhiên từ thịt tôm băm, về tới SG nghĩ lại mình còn ứa nước bọt vị thèm mà :( Nước ép trái cây cũng tươi và ngon lắm, mọi người đừng quên thử nha♥️",0,0,0,5,0,0
"Không gian sạch sẽ, đẹp, đầy đủ tiện nghi",0,5,0,0,0,0
"Khách sạn cực kì sạch, cô chú chủ ksan nhiệt tình, dễ thương lắm.",0,4,0,0,0,0
"Bãi tắm sạch, biển nông và an toàn. Hải sản tươi ngon. Giá hơi cao xíu.",5,0,0,5,0,0
"Chị ơi, cho em hỏi loại phòng nào là đẹp nhất ở đó ạ, em cũng muốn book, em tìm hiểu trên các trang đặt phòng mà hok rõ. có thể chị cho em số điện thoại để em gọi hỏi ạ",0,0,0,0,0,0
"Chúng tôi đã có bữa ăn ngon nhất trong chuyến đi của mình dưới tán cây của Nhà máy lọc dầu. Đồ ăn kiểu bistrot kiểu Pháp tuyệt đẹp, bao gồm cả bánh tartare bít tết hảo hạng. Danh sách rượu vang xuất sắc quá. Đối với chất lượng của sản phẩm, giá cả cao hơn công bằng.",0,0,0,5,0,0
"Khu vui chơi Sicakids tại Phường Bình Định -  TX An Nhơn  - Tỉnh Bình Định là địa điểm vui chơi giải trí cho các em nhỏ từ 2 - 9 tuổi với đa dạng trò chơi vận động, trí não...

Được đầu tư cơ sở vật chất bài bản, trang thiết bị hiện đại duy nhất tại địa phương.
Không gian thoáng mát máy lạnh 24/24.

Mình đưa con đên đây chơi và cảm thấy hài lòng. Giá vẻ chỉ 30k/ vé chơi cả ngày.

Mình ủng hộ loại hình giải trí này tại địa phương giúp các bé tránh xa Ipad, Smart phone hữu hiệu.",4,0,0,0,0,0
"Dịch vụ chuyên nghiệp, giá thành rất hợp lý, là dịch vụ cho thuê xe máy có tâm nhất tại thành phố quy nhơn, ai hỏi thuê xe máy là mình nghĩ ngay đến chổ này",0,0,0,0,5,0
"Đi nghĩ mát ở đây view đẹp giá chừng luôn , sang chảnh cực kì , tập yoga xong ra nhà hàng ăn trưa đúng chuẩn sang trọng 👍 nhân viên phục vụ quá dễ chịu , mặc đồng phục rất đẹp . Bàn ăn sạch sẽ . Ngồi ăn nhìn ra hồ bơi rất đẹp . Ở đây yên tĩnh , rất hợp với kì nghĩ với gia đình . Tại đây là resort cao cấp nên giá hơi đắt một tí . Bù lại đồ ăn khá ngon . Rất đáng để đến đây tận hưởng những ngày cuối tuần
",5,5,0,5,0,0
Nancy là người có nhiều kiến ​​thức và rất vui khi được đồng hành trong chuyến du lịch được cá nhân hóa này.,4,0,0,0,0,0
"Quán tuy vắng nhưng hải sản tươi sống rất ngon, giá cả phải chăng. Tới cầu cảng ghe khoảng 10p là tới quán. Sẽ quay lại nếu có dịp.",0,0,0,5,0,0
"Tươi, chế biến ngon, giá cả hợp lý !",0,0,0,5,0,0
Phòng đẹp giá cao 1tr2 cho dịch covid,0,4,0,0,0,0
"Trà sữa ngon, không bị ngọt ngấy. Thạch và các thứ topping đều tự làm nên yên tâm không phải hàng Tung Của. Đói bụng, khát nước vài làm một ly là vừa no vừa đã khát. Sẽ quay lại.",0,0,0,5,0,0
Đây là lần đầu mình đến Nha Trang và chọn được ngay khách sạn ưng ý. Phòng view biển đẹp tuyệt vời.Các bạn ở đây hỗ trợ mình rất nhiệt tình. Chỉ mất vài phút tới biển và các cửa hàng tiện lợi.,0,5,0,0,0,0
"Thực ra mình đến Nha Trang Khá nhiêu lần, nhưng lần này mình không chon trung tâm mà chọn địa điểm khá yên tỉnh đó là khu Hòn Chồng Nha Trang, Khách sạn này nằm trên con đường Bắc Sơn không quá náo nhiệt nhưng đi lại rất thuận tiện, ra biển 50m, tiện nghi đầy đủ, đặc biệt có Hồ Bơi. Đội ngủ nhân viên rất nhiệt tình,",0,4,0,0,0,0
"Nhân viên thân thiện, nhiệt tình, phòng đẹp, gần biển, đã ở ks rất nhiều lần và lần nào cũng rất ưng.",0,5,0,0,0,0
"Gần như có tất cả các đặc sản của Bình Định. Mình thích nhất là rượu Bàu Đá. Uống rất mạnh mà nhanh tỉnh
",5,0,0,0,0,0
"Thật sự mình rất hài lòng về chuyến đến quy nhơn con người ở đây khá thân thiện, thuê xe máy của các bạn cũng vậy, xe đi tốt, các bạn nhiệt tình mình cảm ơn rất nhiều!",0,0,0,0,5,0
"Giá: suất bé nhất thì hình như 40k, còn có suất to hơn 50k. Hơi đắt so với bún chả bình dân, nhưng hôm nào nóng ngồi trong nhà mát rượi ăn thì cũng đáng.",0,0,0,4,0,0
"Tuyệt vời và đáng tin cậy. Rất thân thiện và hữu ích. Rất khuyến khích. Bất cứ khi nào tôi trở lại Việt Nam, tôi chắc chắn sẽ sử dụng",5,0,0,0,0,0
Khu du lịch Ghềnh Ráng Tiên Sa là khu du lịch vô cùng nổi tiếng ở thành phố biển Quy Nhơn. Vì nằm gần ngay trung tâm thành phố nên thu hút đông đảo du khách trong và ngoài nước. Đến đây du khách sẽ được chiêm ngưỡng một vẻ đẹp thiên nhiên tuyệt mỹ.,5,0,0,0,0,0
Tôi thường ra quy nhơn du lịch tôi thường tới đây thuê xe máy phải nói rằng không có dịch vụ nào sánh bằng nơi đây xe mới giá rẻ lại còn được tư vấn nhiệt tình,0,0,0,0,5,0
"Mình mới đi hòn khô về và đã ở khách nì, khách sạn thuộc dạng mới khai trương nên rất sạch sẽ thoáng mát, không gian cũng rất ổn, đặc biệt view biển max đẹp luôn. Ngắm hoàng hôn, bình minh chi cũng không thể chê vào đâu được.
Đồ ăn ở đây toàn hải sản tươi sống, xún biển bắt lên tươi roi rói nhảy đành đạch luôn à. Nếu bạn đâng có dư định đi hòn khô thì Nhơn Hải là một lựa chọn đáng để tham khảo đó nha!",4,4,0,4,0,0
Pham's House là một chỗ mua đồ uống rất ngon. Hôm nay thử 1 ly trà sữa bọt biển phải nói là tuyệt vời. Bọt mặn mặn rồi trà ngọt. Tuy nhiên mình ko thích trân châu cho lắm vì nó hơi giống thạch nhưng mà uống với trà thì cũng ngon. Mình cũng ko thích khôn gian cho lắm vì hơi nhỏ nên mình hay ship hoặc take away. Ship thì nhanh. Chị chủ quán nói chuyện dễ thương nữa. Mọi người ủng hộ cho quán nha... 😗😍😍😗,0,0,0,5,0,0
"Đặc biệt view biển cực đẹp, đi lại thuận tiện.",0,0,0,0,5,0
"Tôi không thực sự thích nơi này vì tôi thấy một vài mặt hàng đắt hơn, vẫn thích chợ Bin Tay.",0,0,0,0,0,0
"Vị trí thuận tiện cho việc đi lại, khách sạn có bể bơi sân thượng rất đẹp và tiện lợi",0,5,0,0,0,0
"Đi trúng mùa dịch nên giá phòng rất rẻ, phòng sạch sẽ tiện nghi. Khách sạn rất đẹp. Anh chủ rất là nhiệt tình và vui vẻ.",0,5,0,0,0,0
"Không gian công viên xanh mát, gần biển hài hòa không khí mùa hè cũng như mùa đông. Điểm đến lý tưởng để vui chơi, hẹn hò của tất cả mọi người khi ghé Quy Nhơn.
",5,0,0,0,0,0
"Ở đây phải gọi điện thoại đặt trước, đi theo đoàn thì mới được vào. Nếu đi riêng lẻ mà không báo trước sẽ không được vào.
Bác bảo vệ rất thân thiện. Bác nhẹ nhàng trả lời tất cả các câu hỏi của mình.
Khuôn viên rộng và đẹp.",5,0,0,0,0,0
"Dịch vụ rất tốt, nhân viên chu đáo nhiệt tình, giá cả phải chăng, hợp lí. Địa điểm lí tưởng để cho cả nhà du lịch. Sẽ giới thiệu cho bạn bè và nhiều người khác nữa.
",5,0,0,0,0,0
"Đi uống trà sữa với cô bạn,có hai ly trà sữa mà chụp muốn nát cái quán. Không gian quán rất thích hợp để check in, địa điểm nào sống ảo cũng ok cả rất thoải mái. Quán có 3 tầng nhìn xuống là thấy đường phố, nếu muốn giết thời gian thì đây là địa điểm không tồi. Kêu một ly trà sữa rồi ngồi nhìn dòng người đi qua. Giá cả cũng sinh viên nên đông khách ghê, toàn mấy bạn học sinh với sinh viên thôi. Nước uống nhiều loại, chung quy cũng ngon và rẻ, như thế là được rồi.",0,0,0,5,0,0
"Dịch vụ đón khách này rất dễ dàng, đón khách và máy bay của chúng tôi bị trễ. Người lái xe đã giúp lấy túi và rời đi quá nhanh nên
 chúng tôi không thể đưa cho người lái xe một khoản tiền boa. Trên ổ đĩa trong trình điều khiển cũng chỉ ra các điểm mốc.",0,0,0,0,4,0
"Nhân viên thân thiện, hỗ trợ tiện nghi khi em cần, sạch sẽ, khá gần trung tâm, chi phí hợp lý, niceee",0,5,0,0,0,0
"Khó lắm mới tìm được spa massage hợp ý với mình đến vậy luôn    nhân viên chu đáo đến từng chi tiết nhỏ... không gian thì siêu ấm cúng lại sang trọng nữa. Hổng hiểu sao bước vào đây người mình nhẹ hẳn đi, âm thanh, mùi hương thoải mái lắm.
Hầu như đã trải nghiệm hết các gói dịch vụ ở TRÒN, nhưng mình thích nhất là gói massage body... chọn hẳn gói 90p lên vừa xông hơi vừa giải cơn mỏi quá chuẩn luôn❤️",5,0,0,0,0,0
Đã ở Quy Nhơn lặn biển tại Alpha lặn Vieynam và nghỉ tại 5 Elements Garden. Bánh mì kẹp thịt và bánh Taco là những món ngon nhất ở thị trấn này mà nó phải có,5,0,0,5,0,0
"1 ngày tính 14 tiếng bắt đầu từ lúc nhận xe rất có lợi cho khách hàng. Đợt trước mình đi nha trang thuê phải chiếc xe vừa cũ vừa nát mà sáng thuê tối phải trả ko xịn mịn như chổ này. Giá rẻ nữa, 150K cho chiếc tay ga ngon lành quá rẻ",0,0,0,0,4,0
"Nhân viên thân thiện, xe máy giá tốt mà mới, hướng phòng đẹp",0,4,0,0,0,0
"Phòng còn hơn cả tuyệt vời. Lớn và rất nhiều thoải mái. Tôi không biết gì về bữa sáng, Không áp dụng trong giá phòng. Vị trí tuyệt vời với nhiều dịch vụ 24/7 xung quanh và gần bãi biển",0,5,0,0,0,0
"Hôm nay ghé buồi trưa nên hơi vắng. Không gian quán cũng thoáng, view ok. Phần bò 35k- ngon, vừa ăn, bánh mì nóng giòn nên rất dễ ăn- bt m ăn mấy quán ở SG quán nào cũng để bánh nguội dai/ khô ăn rất khó chịu Nhân viên dtrai nhiệt tình luôn nhé.",0,0,0,5,0,0
"Có một chỗ ngồi gần bãi biển vào giờ chiều, thưởng thức nhiều loại đồ uống như trái cây, cà phê lạnh hoặc ấm, và nhiều đồ uống khác. 
Chỉ cần thư giãn bầu không khí.",5,0,0,4,0,0
"Quán ốc này nổi tiếng ở Quy nhơn rồi, dân địa phương với cả khách du lịch đều đến đây ăn. Quán tầm 10 cái bàn nhỏ hà, không gian hơi chật nên bạn chịu khó tí nha, đổi lại ốc ngon lắm. Dĩa nhỏ 15k, dĩa lớn 20k, tôm tích 40k. Mình gọi mỗi thử 1 dĩa ăn thử. Ốc ở đây chế biến sẵn như ốc chảo, có người gọi là mang ra ngay nên nhanh lắm, cơ mà nóng chứ không nguội đâu nha. Món ngon nhất ở đây mình ăn là ốc len xào dừa, bao béo, nước ốc bao ngon. Ốc trộn cũng ngon không kém nha. Ngoài ra mấy loại ốc khác cũng ngon lắm, tên lạ lạ mà nhiều quá mình không nhớ nổi luôn. 4 đứa ăn quá trời gần 10 dĩa mà có 175k thôi, bao rẻ luôn mấy bạn ơi.",0,0,0,5,0,0
Ngon bổ rẻ Ốc hương 600 Nhảy 280 Ghẹ 650 Ngao 2 cồi 300 Giá rất phù hợp mà chât lượng thì khỏi bàn Anh chủ thì thân thiện lắm lắm luôn,0,0,0,5,0,0
"Địa điểm này nên đi vào tầm 3h-4h chiều và chơi đến tối để có thể trải nghiệm được hết các trò chơi bắn cung, leo núi, cưỡi bò tót, đặc biệt là các trò chơi dưới nước vì sáng đến trưa nắng rất gắt, khó để tham gia được các hoạt động ngoài trời/dưới nước. Không gian rộng rãi để các đơn vị tổ chức teambuilding, hội nghị cuối năm.
",5,0,0,0,0,0
chất lượng xe rất tốt đi du lịch chỉ cần những địa điểm cho thuê xe máy uy tín là có thể an tâm đi du lịch vui vẻ rồi,0,0,0,0,5,0
"Hải sản rất tươi, chế biến đơn giản như luộc hấp thôi cũng ngon, ngọt thịt, giòn, chắc. Nhân viên nhiệt tình, chủ quán đáng mến. Nên thử cá mặt quỷ, sò lụa (nghêu hoa), nghêu 2 cồi, hào, cháo nhum.",0,0,0,5,0,0
"Các bạn đi du lịch nên mua hải sản ở đây, nơi đây tập trung đủ loại hải sản tươi ngon với giá cả phải chăng
",0,0,0,5,0,0
Tôi rất hài lòng về dịch vụ của khách sạn,0,4,0,0,0,0
"Tiện nghi đầy đủ, phòng sạch sẽ, view thoáng. Nhân viên tận tình, vui vẻ. Bạn nữ lễ tân (tóc ngắn) rất vui tươi và nhiệt tình tư vấn mọi điều cho mình, rất cảm ơn bạn. Lần tới đi chắc chắn sẽ tiếp tục chọn khách sạn này",0,5,0,0,0,0
"Quán này nhỏ nhưng mà ko bí. Có món trà sữa country gì đó uống mùi khá giống trà Phúc Long trong SG, cô chủ nhiệt tình dễ gần/ Giá cả hợp lý .",0,0,0,5,0,0
"Anh chị chủ xe rất vui vẻ, nhiệt tình. Xe thì mới, đi rất êm nha 😄😄😄. Hơn hết giá thuê rất phải chăng. Nếu có quay lại mình sẽ tới đây ủng hộ anh chị chủ hjhj. Mình chỉ biết dùng một từ để ns là good!!!!!",0,0,0,0,5,0
"Nói là quán kem chứ hầu như mình vô đây ít ăn kem lắm, toàn ăn mấy món mặn rồi ăn vặt thêm thôi, giá cũng rất ok so với mặt bằng chung khu này. Mình ăn bánh canh và goi, bánh canh bỏ đầy đủ, nước dùng vừa ăn, có thể nêm thêm tuỳ ý, rau thì bọc giấy kính sẵn, mỗi khách một phần Không gian ngồi siêu mát, siêu rộng, siêu thoải mái, có thể ăn uống, hẹn hò, tụ họp đủ thể loại luôn hen. Nhân viên thì tạm được, thấy lạnh lùng vậy chứ cũng nhanh nhẹn lắm. Tiêc là quán lớn nhưng wifi không có.",0,0,0,4,0,0
Anh chị chủ rất dễ tính. Mình mượn xe báo 17h trả nhưng có việc hẹn lại 18h vẫn vui vẻ và không lấy thêm phí. Khi quay lại thành phố Quy Nhơn nhất định sẽ thuê xe anh chị tiếp. Đi nhiều thành phố biển rồi mà thấy anh chị là vui tính dễ thương nhất. Dù ở xa thành phố nhưng rất nhiệt tình chạy xe đến. Giá hợp lý. Trước khi thuê ở anh chị cũng tham khảo nhiều chỗ chắn chém khủng khiếp với khách ở xa tp. Nhưng anh chị thì không,0,0,0,0,4,0
"Wifi rất yếu và chập chờn, mình đã phải dùng 4G",0,0,0,0,0,0
"Rất hài lòng với các bạn , nhà lãnh đạo , đối tác đầu tư kinh doanh",0,0,0,0,0,0
"Thực sự thực sự thất vọng. Tôi đã muốn ở đó một năm rồi .. Cuối cùng thì vợ tôi, 4 tuổi rưỡi và tôi đã tìm thấy một đêm Chủ nhật buồn ngủ để thư giãn. bữa ăn nhẹ nhàng và lãng mạn.",0,4,0,4,0,0
Tất cả đều tốt từ nhân viên lễ tân tới phòng và vị trí khách sạn,0,5,0,0,0,0
"Địa điểm rất thuận tiện để di chuyển xung quanh các quán ăn, gần như bạn có thể đến bất cứ đâu chỉ với 5-10p đi xe máy. Có 3 nhân viên xoay tua, đặc biệt 1 bạn nam rất niềm nở nhiệt tình với tụi mình và support tụi mình trong cả kỳ nghỉ.",0,0,0,0,4,0
"Địa điểm thuận tiện, nhân viên thân thiện",0,5,0,0,0,0
"Từ bãi biển Quy Nhơn dõi về hướng Đông Nam, những sớm sương giăng hay những chiều chạng vạng, dù quạnh vắng đến đâu, chỉ cần ngước về pho tượng Trần Hưng Đạo uy nghi trên triền núi Tam Tòa trước mây sóng ngút ngàn, đủ khiến người ta yên lòng với cảm giác được che chở. Công lao và sự hy sinh của một vĩ nhân cho dân cho nước quyết định sự ngự trị vĩnh cửu hay nhất thời của họ trong tâm thức dân tộc. Một danh tướng ba lần đánh thắng Nguyên Mông để bảo vệ độc lập quốc gia, khi cởi giáp luôn khuyên vua khoan thư sức dân để làm kế sâu rễ bền gốc. Đại hùng, đại dũng, chí nhân, Trần Hưng Đạo hiển thánh trong lòng dân, được dân đời đời yêu kính tôn thờ.

Với Quy Nhơn, tượng đài Trần Hưng Đạo không chỉ là thắng cảnh, mà còn là một tiêu điểm để neo giữ hồn dân tộc. Từ thành phố, xuống cửa Hàm Tử, bạn chỉ cần mươi phút ngồi ca nô lướt sóng, và mươi phút đi lên con đường mới mở ven núi, là có thể đến tận nơi, dâng lên Ngài một nén hương tưởng vọng, và bình yên dưới bóng Ngài, ngắm biển trời thơ mộng.",5,0,0,0,0,0
"Khách sạn ở Quy Nhơn view biển đẹp.
Bể bơi sang trọng, phòng sạch đẹp, phục vụ thân thiện.",0,5,0,0,0,0
"Giá rẻ. Đồ tươi ngon. Nên đi ăn trưa vì quán vắng khách du lịch hơn, phục vụ sẽ nhanh hơn. Ăn tối thì xác định là siêuuuuu đông.",0,0,0,5,0,0
"nhân viên cực kỳ dễ thương, vị trí trong khu biệt thự nên rất yên tĩnh, phù hợp với gia đình☺️. Giá cả so với chất lượng phòng rất tốt.",0,5,0,0,0,0
"Đó là một nơi yên tĩnh và đẹp. Người dân địa phương rất dễ nói chuyện, họ cũng dễ mến; Người cá sống tại làng chài. Hải sản cũng rẻ. Tôi hy vọng ngôi làng này sẽ không phải là một địa điểm thương mại như mọi người đã từng làm với những nơi khác từng rất đẹp ở Việt Nam.",5,0,0,5,0,0
"Tôi ở lại Hồ Chí Minh trong bốn ngày tại khách sạn ở quận 1 và đây là những dịch vụ taxi mà chúng tôi sử dụng trong suốt thời gian của chúng tôi.
 Nó là một trong đó được giới thiệu bởi các nhân viên khách sạn và đây là những người mà bạn bè địa phương của tôi nói rằng chúng ta nên sử dụng nếu chúng tôi muốn họ làm theo đồng hồ và không chỉ đưa ra một mức giá! Cho đến nay thông qua chuyến đi của chúng tôi, tôi sẽ nói rằng có hiệu quả và hữu ích.",4,0,0,0,4,0
"Phòng sạch, giá cả hợp lý, nhân viên phục vụ tốt",0,5,0,0,0,0
"mình có đi 1 mình tới đây để thưởng thức, tuy hơi hơi ngại so với ko gian quán nhưng sự nhiệt tình của mấy bạn nv + đồ ăn đã làm mình thay đổi suy nghĩ",4,0,0,4,0,0
Thức ăn tuyệt vời! Bạn có thể thư giãn và thưởng thức khiêu vũ trong khi ăn tối. Rất khuyến khích.,0,0,0,5,0,0
"Đợt vừa rồi mình đi Quy Nhơn găp quán này ưng quá Quán ngay đầu đường Nguyễn Huệ ngay cạnh biển..rất tiện ngồi hóng gió buổi chiều Quán bán bánh bèo và các loại sinh tố, cafe Bánh bèo nóng và ngon...ấn tượng mãi... Sinh tố thì đa dạng đúng theo kiểu miền Nam là vùng đất của trái cây vậy... Phục vụ thì ko có điểm gì để phàn nàn... mặc dù là quán bt nhưng anh chủ rất ân cần và tử tế..dùng xong bánh bèo còn hỏi lại bọn mình xem có vừa miệng ko..:D Giá cả rất phải chăng.. Highly recommend cho bạn nào đi Quy Nhơn nên ghé qua quán 1 lần nhé :))",0,0,0,5,0,0
"lương thực là trung bình. súp miso và udon có vị ngọt, mà tôi nghi ngờ đến từ glutamat. mì udon đã quá chín, do đó quá mềm, nên tad dai hơn.",0,0,0,5,0,0
"Đi cả tuần rùi mà mới có dịp review. Nhờ có đám bạn rủ mà tới giờ sau 25 nồi bánh tét mình mới biết tới massage kiểu này :D Vừa bước vô không gian tiệm là có liền cảm giác thoải mái ấm cúng luôn rồi, thêm kiểu thân thiện mến khách của mấy bạn nhân viên nữa thì tới đây mình chấm 9đ luôn khỏi cần massage gì hết hihi. Tới đoạn massage thì thôi khỏi bàn rồi huhu... ah đang massage có chị chủ ra chụp tấm hình nên mình xin đem về review giúp luôn nè. Phải quay lại mỗi tuần thôi ^^",5,0,0,0,0,0
"Ăn nhiều lần muốn ăn tiếp. Sạch sẽ, ấm cúng, phục vụ ok, sẽ là nơi mời nhiều bạn bè đến ăn. So good delicous",0,0,0,5,0,0
Cho mang thú cưng - có bãi đậu xe ô tô phía trước! Dịch vụ phòng khá tốt!,0,4,0,0,0,0
"Trà sữa, cookie và soda là những món hình tới quán thường hay uống quán nhỏ nhưng phục vụ tốt cô chủ quán rất thân thiện với khách, còn anh chủ quán rất nhiệt tình thân thiện Quán cũng thường có của chủ quán xuống chơi",0,0,0,5,0,0
Dịch vụ tốt! Xe đời mới cảm giác lái rất tốt! Sẽ sử dụng trong lần tới,0,0,0,0,5,0
"Quyết định di chuyển bằng xe máy khi đến Quy Nhơn du lịch quả là một quyết định sáng suốt. Bọn mình thuê xe máy đi, rất tiện lợi, tự do di chuyển khắp mọi nơi, giá rẻ mà chất lượng tuyệt vời luôn",0,0,0,0,5,0
Đoàn Thuê Xe Đi Hà Giang và Đoàn đã đi đến nơi về đến chốn. Cảm ơn Bác Tài rất nhiều. Chuyến đi thành công tốt đẹp.,0,0,0,0,4,0
"Có đầy đủ cá dịch vụ giải trí như xem phim, chơi bowling, game, ăn uống cafe, sang trọng và hiện đại. Nhân viên thân thiện, cảnh đẹp",5,5,0,0,0,0
Chủ khách sạn rất dễ thương,0,5,0,0,0,0
"An toàn , giá bình dân ~300k/đêm . Có phòng 2 giường đôi thích hợp gia đình trẻ nhỏ. Ks trong hẻm taxi vào được , Đi bộ ra bãi biển hòn chồng 5p . Nên thuê xe máy 100k/xe số, 150k/tay ga nhưng phải alo trước ks chuẩn bị. Xe ở NT thường là hiệu SYM nếu bạn không có yêu cầu đặc biệt. Phòng tầng 8 view biển tuyệt đẹp. Phòng Sạch sẽ , chăn ga sạch, nước nóng lạnh đủ mạnh , có máy sấy tóc, tivi smart , máy lạnh đủ dùng. Có dịch vụ dọn phòng nếu bạn có yêu cầu.",0,5,0,0,5,0
"Sân bay là con đường dạo phố đẹp nhất Quy Nhơn rồi. Khung cảnh thoáng đãng. Quy hoạch công viên xann thông thoáng. Tuyệt vời
",5,0,0,0,0,0
"Bạn nếu không muốn đi quá xa khỏi thành phố Quy Nhơn mà vẫn có thể thưởng thức bánh xèo tôm nhảy nổi tiếng tại cái xứ Nẫu này thì bạn nên ghé quán này. Khá ok, Vỏ bánh giòn, tôm tươi, rau ăn kèm nhìn khá tươi ngon và sạch sẽ.",0,0,0,5,0,0
"Buổi tối Quy Nhơn cũng đáng yêu lắm, nên mình chọn thuê xe máy dạo quanh phố phường, dạo qua một loạt các sự lựa chọn bọn mình quyết định thuê xe của anh Hoài Bảo - giá chỉ 120k/xe/ngày trùm dịch vụ cho thuê xe máy quy nhơn.",0,0,0,0,5,0
"Khách sạn gần biển, nhân viên thân thiện nhiệt tình",0,5,0,0,0,0
"Giao xe nhanh chóng, thủ tục đơn giản. Mình từng đi du lịch tại Nha trang, đà nẵng, đà lạt , cũng từng thuê xe máy ở nhiều nơi nhưng chưa thấy chổ nào cho thuê toàn xe xịn như chổ này. Còn trẻ mà giỏi quá, ngưỡng mộ em trai, cố gắng giữ phong độ và phát huy thêm nhé.",0,0,0,0,5,0
"Nghe nói quán này của Đài Loan nên kem tuyết xoài là cực kỳ chuẩn Đài Loan lun! Mình có biết Mango Tree có ở Sài Gòn nữa và cũng trên đường Nguyễn Huệ quận 1. Giá trong í là gần 90k/ 1 phần y chang! Nên mình phải tranh thủ tận hưởng chỉ hơn 50k mà chất lượng 90k thôi! Riêng mảng sống ảo thì khỏi nói! Quán quá đẹp đi! Các chị em đến đây chụp hình đến mê muội lun á! Nhân viên rất ư dễ thương lun! Ghiền Mango Tree rồi đó nha! Giá cả như đã nói ở trên, không thể hợp lý hơn nữa! Nhất định phải đến n lần! kakaka",0,0,0,5,0,0
Giá thành hạt rẻ mà vị trí rất tiện luôn ạ. vì rẻ nên mình k nghĩ là có view biển. ncl rất ưng ý,0,5,0,0,0,0
"Chả ram ngon, thơm, giòn.",0,0,0,5,0,0
lần đầu tiên tôi đến bar này cùng mộ người bạn của mình đồ uống ở đây rất ngon phong cảnh rất lãng mạng nhạc vừa đủ nghe để bạn có thể nói chuyện với mọi người khung cảnh tuyệt với với tầm nhìn đẹp trong buổi tuối sài gòn nhân viên ở đây rất thân thiện và lịch sự nhiệt tình,5,0,0,0,0,0
"Con người Quy Nhơn đúng kiểu thật thà thân thiệt dễ gần, chất phát đậm chất Miền Trung luôn. Mình có thuê xe máy chổ này 3 ngày, xe mới, chạy tốt và lợi xăng lắm. 150K cho xe ga Vision đời mới . Hôm thứ 2 mình đi tới cầu thị nại thì ko may thủng lốp xe, gọi cho anh chủ, anh chủ chạy lên đổi xe khác và mang xe bị tụi mình đi thủng lốp về để vá, nhiệt tình dã man, vote anh 5 sao mạnh luôn",0,0,0,0,5,0
Đánh giá nội dung là: dịch vụ cho thuê xe máy ngay trung tâm thành phố quy nhơn giao xe rất nhanh mỗi lần mình đi công tác đều ghé bên bạn Hoài Bảo này để thuê xe,0,0,0,0,4,0
"Chẳng biết nói gì hơn ngoài việc cảm ơn bạn rất nhiều. Xe mới, tốt, giá rẻ thì quá nhiều người review rồi nhưng hô nay mình phải cảm ơn bạn vì đã rất thật thà và tử tế. Mình trả xe và để quên ví trong cốp xe, lúc gửi lại xe thì cũng vội vàng ko kiểm tra. Bạn mang xe về và đã chủ động quay lại trả ví cho mình, mình thật sự bất ngờ vì lúc ấy mình đang lục tung khách sạn lên để kiếm. Bạn xứng đáng nhận được 10/10 điểm vì chất lượng dịch vụ",0,0,0,0,5,0
"Spa chất lượng và nhiệt tình.
Nhân viên nhiệt tình, chuyên nghiệp.
Trải nghiệm tuyệt vời khi đến Quy Nhơn.",5,0,0,0,0,0
"Theo mình thấy là giá khá cao so với các chỗ khác nếu tính về tổng thể đầu tư, quy mô khu resort, hồ bơi... nhưng được cái là bãi biển rất Private. Phòng mình ở đáng lẽ là delux (3.5 triệu) thôi nhưng họ tự cho upgrade lên suite. Suit thì co the phải hơn 4 triệu. Nội thất tuy co vẻ ko đầu tư cầu kỳ như các resort khác (o day theo kiểu mộc) nhưng rất comfort, rất clean, toàn bộ phòng hướng biển, bám sát lấy biển luôn, chứ nhiu resort khac phải đi bộ xa xuyên qua vườn, hồ bơi...còn ở đây bước vài bước là ngay xuống biển. Vì sát biển như vậy nên cảm giác đúng chất là đi nghi dưỡng ở biển, từ bất cứ nơi nào trong resort cũng có thể thấy biển. Có 1 điểm thú vị nữa là họ cho mượn thuyền kayak free, 1 số khách tây chèo ra hòn đảo nhỏ đối diên chơi và tắm dc luôn. Đảo này chung, ko có người ở, cứ thoải mái chèo tầm 20p la tới. Buffet sáng ok, các món đều ngon nhưng ko đa dạng lắm, khá it, có thể mình đi mùa thấp điểm nên vậy. Phục vụ rất rất nice, nói chuyện rõ ràng từ tốn. Buffet sáng chờ đến khi ko còn khách mới dọn dẹp (ko nhu 1 số chỗ khác khách đang ăn cũng dọn) khi checkout thì đuọc tặng 2 chai suối lạnh và mứt gừng ăn đi đường, đựng trong túi giấy lịch sự --> cái này e chua thay resort nao có làm cả. Honeymoon có thể được tặng 1 chai champaign và trang trí phòng. Buổi tối nằm võng đôi ngoài hồ bơi, ngắm cảnh biển ban đêm rất đẹp. vì người ta thả bè bắt tôm hùm, đốm đốm đèn sáng rực nguyên vung biển như sao trời í. Nhược điểm: - Cách xa thành phố, khoảng 15km, khách ở đây chủ yếu gọi taxi, tầm 15p có. Lúc truoc nghe noi co xe đua đón nhung ko hieu qua sao đó nên giờ ko làm nữa. - Vị trí nằm giữa con đèo cửa ngõ vào tpho nên khá nhieu xe tải và xe khách, ban đêm có đoạn ko có đèn nên đi lại có thể hơi nguy hiểm, ko nên đi xe máy - Loại phòng hiện tại chỉ có room nhu KS, chưa có bungalow nhu resort (nghe nói đang xây) nên theo mình giá như vậy là khá cao Nếu đi mùa thấp điểm (sau tết và trước tháng 6) có thể giá rẻ hơn duoc 10%",0,5,0,4,5,0
"Tuy nhiên sau bao nhiêu năm, với các loại bánh mới ra cải tiến hơn về chất lượng, mùi vị thì bánh Như Lan dần trở nên thường hơn. Tuy nhiên vẫn là 1 thương hiệu có tiếng!",0,0,0,4,0,0
"Khu vui chơi giải trí với nhiều trò chơi thú vị thích hợp để đi chơi theo nhóm hoặc với gia đình: leo núi, bắn cung, đấu trường bò tót, đu dây, trò chơi dưới nước, khu trò chơi cho trẻ em... Cảnh quan cũng rất đẹp, nhiều chỗ để chụp hình sống ảo
",5,0,0,0,0,0
Thực đơn có nhiều món ăn từ Châu Á. Thức ăn ngon nhưng hơi đắt. Dịch vụ của chúng tôi không thực sự thuộc loại thân thiện với xã hội nên vâng.,0,0,0,4,0,0
"Mình ở đây từ những ngày đầu quán mới mở vì được nghe bạn bè cũng như Foody review rằng đây là nơi bán trái cây tô đúng chuẩn nhất ở Quy Nhơn. Hành trình đi tìm quán với mình cũng không khó khăn lắm vì mình học cấp 3 gần đó nhưng với hầu hết mọi người thì có lẽ hơi khó khăn được, mà theo mình thì mọi người chỉ cần hỏi đường tới trường THCS Lương Thế Vinh thôi là sẽ tìm ra quán ngay vì quán nằm ngay bên hông của trường mà. Chắc có lẽ là vì bù đắp cho vị trí địa lý không được thuận lợi nên quán làm nước hay đồ uống mà theo mình đánh giá là ngon, đúng vị, phù hợp với giá cả, cũng sạch sẽ nữa. Mình hỏi chuyện chị Trân-chủ quán thì chị cho hay mọi nguyên vật liệu ở quán đều là chị tự tay lựa rồi đặt hàng ở Sài Gòn về. Ở đây món mọi người hay chọn nhất là trái cây tô, tô trái cây là sự hoà quyện giữa vị thanh mát của các loại trái cây, chút chua chua của sữa chua, chút béo ngọt của sữa kèm thêm một viên kem lạnh tuỳ theo vị mà bạn chọn.",0,0,0,5,0,0
"Nước dùng vừa phải, ngọt vị. Bún nóng và ngon. Phục vụ nhanh, quán thoáng mát, sạch sẽ. 30k 1 tô là vừa ăn. Đi buổi tối quán đông lắm nha. Nói chung ngon nên k có gì để chê cả. Lần sau xuống Quy nhơn sẽ ghé lại lần nữa.",0,0,0,5,0,0
"Chuyến bay của tôi delay gần 2 tiếng nhưng vẫn được đơn vị cung cấp dịch vụ xe đón sân bay Quy Nhơn hổ trợ đợi chờ và đón tại Sân Bay. Cám ơn đơn vị và tài xế.
",0,0,0,0,4,0
"Bãi biển nằm trên đường Xuân Diệu, gần Tượng Đài Chiến Thắng. Chiều tối có thể đi dọc bãi biển, ghé Surf Bar ngắm biển, uống ly cà phê hoặc cocktail.",0,0,0,0,0,0
"Quán phục vụ nhanh, sạch sẽ, món ăn tươi ngon và giá rất tốt.",0,0,0,5,0,0
Quán ngay sát eo gió. Nhân viên nhiệt tình. Có xe đưa đón tận nơi. Đồ ăn rất là ngon.,0,0,0,5,5,0
dịch vụ cho thuê xe máy tốt nhất mình từng thuê giá cả hợp lý thủ tục nhanh đơn giản nhân iên tư vấn rất nhiệt tình giao xe và lấy xe tận nơi rất tiện cho bọn mình vote cho các bạn 5 sao,0,0,0,0,5,0
"Điểm cộng là nhà hàng này có xe đưa đón miễn phí từ FLC. Giá khá ok Nhưng món ăn theo khẩu vị mình thấy
 không ngon lắm Đợi món ăn khá lâu Quán sạch sẽ thoáng mát",0,0,0,4,0,0
"Phòng rộng, mọi thứ được trao đổi qua zalo, tiện trong giai đoạn dịch Covid thế này. Các bạn tư vấn nhiệt tình. Có bán thêm snack khá ngon. Linh hoạt về thời gian thanh toán. Mình thích việc ko cung cấp đồ dùng 1 lần để hạn chế rác thải nhựa.",0,4,0,0,0,0
"Quán ngon, mát mẻ, hải sản tươi sống, giá cả hợp lý, trọn gói dịch vụ du lịch tốt",0,0,0,5,0,0
"Thuê xe máy ở đây có thể nhận xe khách sạn và trả xe ở ngay khách sạn rất tiện, xe chạy tốt. Lần sau sẽ thuê tiếp nếu có dịp ghé quy nhơn",0,0,0,0,5,0
"Quán dễ tìm. Nhìn từ ngoài khá tối. Bé bé. Vào trong trang trí kiểu lạnh lạnh ấy. Nhìn cứ thấy nghiêm túc. Nhưng thấy cũng khá đặc biệt. Phục vụ ổn. Mình gọi ly american. Khá ngon, thơm thơm. Nhà vệ sinh sạch sẽ. Mình đi buổi sáng sớm. Không đông lắm. Nhạc mở ok. Giá cả hợp lý. Nhìn chung khá thích. Sẽ quay lại",0,0,0,5,0,0
"Lại tìm ra thêm được 1 quán nhậu hải sản nữa, đặc biệt quán này hải sản bao tươi nhé, khong biết người ta bảo quản như thế nào mà mình đến quán nhậu lúc nào cũng tươi không à. Thấy menu rất nhiều món, đều hơi cay cái là giá nó hơi mắc xíu chắc tại đồ tươi không biểu :) đều tiền nào của đó thôi. Cách phục vụ của quán mình thấy khá ổn, oder hơi lâu xíu tại quán đông khách nữa nên cũng thông cảm thôi :)) nếu có kinh tế kha khá thì mình nghỉ nên đi quán này là howph lý nhất nhé bao tươi!",0,0,0,5,0,0
"Ngoài ra khi thuê xe chổ này còn được giảm giá gần 20% khi mình đi tour qua Kỳ co hay cù lao xanh chơi, kinh doanh có tư duy và sự liên kết tốt",0,0,0,0,4,0
"Khách sạn ở tại vị trí trung tâm gần tháp Trầm Hương ở quảng trường đi ra chỉ mất 2 phút phòng rất đẹp và mới không hiểu sao lại có những đánh giá phòng cũ.giá quá rẻ và hợp lý với phòng giường đôi có ban công là 230k 1 đêm.khách sạn đẹp,sang trọng,dọn phòng hàng ngày rất sạch sẽ.nếu có dịp quay lại chắc chắn sẽ ở tại pavilion này",0,5,0,0,0,0
"Có ai lên lotte ăn cây kem ké máy lạnh rồi về chưa :))). Nắng nóng lên đây ăn cây kem mát lạnh trốn cái nóng là hết sảy hihi. Kem ở đây siêu mịn, ăn nghiện luôn , lần nào đi big c mua đồ cũng ghé vô mua 1 cây ăn . Thái độ phục vụ của nhân viên thân thiện, nhiệt tình . Không gian sạch sẽ, rộng rãi, thoải mái. Gà và khoai tây chiên ở đây cũng rất ngon. Hay có các chương trình khuyến mãi nữa. Giờ thì mình vẫn còn ngồi ké máy lạnh và sài wifi chùa đây :))).",0,0,0,5,0,0
"Quán này bán bò né hơi bị ngon đấy , mì cay cũng nhỉnh hơn những quán khác ,mỗi lần đến mình toàn ăn phần đặc biệt 4 (chén bò lửa+ né đặc biệt ) đúng là tiền nào của nấy , ăn phần 45k bỏ đầy đủ ngon hơn hẳn ,mì cay cũng ngon, làm tô mì thật nhiều , bỏ đồ ăn cũng nhiều nữa , nhân viên nhiệt tình lắm, đặc biệt nhân vien với cả đầu bếp toàn nam 😆, hôm sau chắc chắn sẽ quay lại",0,0,0,5,0,0
"Nhân viên rất thân thiện, nhà vệ sinh sạch sẽ, chăn giường sạch",0,4,0,0,0,0
"Có khá nhiều xe và loại xe. Ông bà chủ thấy cũng vui tính, dễ gần. Giá cả hợp lý, phù hợp cho từng loại xe. Đặc biệt xe luôn trong tình trạng tốt nhất vì ông chủ kiêm luôn sửa chữa xe.hjh",0,0,0,0,4,0
"Nướng Nyna Nyna thì cực kì quen thuộc với bọn mình rồi, đơn giản món gì cũng siêu ngon, siêu rẻ luôn hehe. Lẩu chua chua cay cay, đậm đà mà đồ ăn kèm lại nhiều nữa. Đồ nướng chất lượng lắm. Ngoài ra còn có mấy món hàn như tokbokki, kimpap, chị chủ dễ thương lắm. Buổi tối có mấy đèn lồng chụp hình lên yêu cực, nhân viên nhanh nhẹn nhưng mà tầm chiều tối quán đông món ra cũng hơi lâu đó. đi sớm sớm xí chỗ trước ngồi ăn lai rai là được. Nhớ thở bạch tuộc phomai dai dai béo béo nha",0,0,0,5,0,0
"Cửa hàng thân thiện,phục vụ nhiệt tình,giá cả phải chăng,các mặt hàng đặc sản địa phương đa dạng phong phú,sẽ quay lại khi có dịp quay lại Quy Nhơn❤❤❤
",0,0,0,5,0,0
"Thật tuyệt vời. Phòng sạch sẽ, hiện đại, thoải mái, có tầm nhìn đẹp. Hồ bơi vô cực trên đỉnh, tầm nhìn đẹp ra biển",0,5,0,0,0,0
"minh chua thuê xe bên nào uy tín như bên này,anh chủ rất dễ mến nhân viên rất nhiệt tình,lần sau vào quy nhơn sẽ ủng hộ nhiều,rất tuyệt vời",0,0,0,0,5,0
"Chú nhiệt tình, vui vẻ và rất tận tâm ! Sẽ luôn ủng hộ chú ! He is very funny and always do the best ! Very carefully ! I’ll comeback in the next time !",0,0,0,0,5,0
"Cuối tuần gọi là hết xe, cửa hàng nên nhập thêm xe về cho thuê nhé. Nay thương hiệu đã mạnh rồi thì nên mở thêm 2-3 chi nhánh nữa để đáp ứng nhu cầu khách hàng. Dịch vụ tốt, xe máy tốt, lần nào gọi cũng ưng lắm",0,0,0,0,5,0
"Lại thêm 1 quán của những thánh nghiền Bakery ngọt rồi nhé, mấy fan đây rồi nhỉ. Quán này bánh độc đáo dễ thương lắm nè, có làm mấy cái hình ngộ nghỉnh ghê nhìn là mê ko muốn ăn luôn. Ở đây khá nhiều bánh từ ngọt đến mặn, mình có thể yêu cầu quán tạo kiểu theo mình thích. Mình thấy giá cả nó cũng khá bình thường chứ ko quá mắc. Mình mua nhiều là có nhân viên ship tận miệng nữa đấy. tóm lại mình rất thich mấy quán bakery như thế này <3. Có dịp mình sẽ ghé quán lại đê oder nốt những loại bánh khác.",0,0,0,5,0,0
"Bạn có thể thăm nhà thờ Đá, mộ thi sĩ Hàn Mặc Tử, ngắm bãi đá trứng và biển xanh, có thể nhìn về phía thành phố và tàu thuyền leo đậu rất thanh bình. Bạn cũng có thể leo lên cao thăm mộ cũ thi sĩ Hàn Mặc Tử, dạo mát trong không gian rừng bạch đàn yên ả
",5,0,0,0,0,0
"Sân bay rất sạch sẽ, lịch sự. Đội ngũ nhân viên thân thiện, nghiêm túc. Nhà vệ sinh sạch sẽ.
",0,0,0,0,4,0
"Anh xã đi công tác tại Quy Nhơn, 2 vợ chồng di chuyển bằng taxi tốn nhiều chi phí quá nên mình mới tìm chổ thuê xe máy đi cho tiện lại tiết kiệm. May mắn tìm được chổ này 27a hoàng hoa thám quy nhơn, mình gọi điện mang xe đến tận nơi, thủ tục đơn giản không rườm rà như mấy chổ khác, bạn chủ nhiệt tình vui vẻ chỉ cho 2 vợ chông mình mấy quán hải sản ngon với chổ bán đặc sản giá sỉ mua về làm quà",0,0,0,0,4,0
"Đúng nghĩa ngon bổ rẻ, nửa kí ghẹ, 1 dĩa tôm nhảy, 1 dĩa ốc móng tay, 1dĩa ốc hương, cháo hải sản, bia = 485k , quá là ưng ý luôn @@",0,0,0,5,0,0
"Xe tốt, nữ đi cũng rất an toàn thoải mái. Anh chủ nhiệt tình vui vẻ, cẩn thận, giá thành rẻ
",0,0,0,0,4,0
"Gần biển, phòng nào cũng có ban công nên thoáng, gần nhiều quán ăn đi bộ thuận tiện, là khu trung tâm đông vui. Đã nghỉ tại đây 4/2022. Sẽ quay lại nếu có dịp.",0,5,0,4,0,0
Chỗ nghĩ quá tuyệt vời. Lần sau sẽ tiếp tục đến đây,0,5,0,0,0,0
"Đầu tiên cứ thấy quán có máy lạnh là thích. Quán bé bé. Trang trí cũng ok chứ không gây cảm giác đặc biệt gì. Đồ uống khá ổn. Mình uống ly hồng trà macchiato thì phải. Cũng qua vài tuần nên k nhớ rõ 😝 Bỏ thêm trân châu trắng, giá là 28k 1 ly. Theo mình cảm nhận thì với giá đó mình sẽ uống 1 ly phô mai bên espresso chứ không uống ở đây đâu. Nhưng mà ở đây có máy lạnh nên ok 😋. Menu k có gì đặc sắc. Quán có phục vụ cả bánh nữa. Mình không ăn nên không đánh giá được.Phục vụ hơi chậm chạp. Nước lọc của khách hết cũng không rót, đợi xin mới đi rót. Có vẻ bạn phục vụ mới vào làm. Nhìn chung thì khá ưng. Rảnh sẽ quay lại.",0,0,0,4,0,0
"Quán nằm trên đường trần độc rất dễ tìm, view quán rất thoáng mát, trang trí đẹp.Quán khá đông đặc biệt vào buổi tối, trà sữa ở đây khá ngon, thơm và đặc biệt nhất ở đây là thạch nhà làm, có khá nhiều loại , theo mình thấy thạch ở đây ngon cực kì, mình uống trà sữa ở Quy Nhơn khá nhiều nhưng mình thấy ở đây vẫn ngon nhất. Phục vụ nhanh, nhiệt tình và giá thì rất ok. Phù hợp với học sinh và sinh viên. Sẽ ủng hộ quán dài dài...",0,0,0,5,0,0
"Phòng ổn, được mời đi nên chẳng biết giá cả thế nào. Nói chung là đc mời sẽ đi, còn tiền túi thì nghỉ, kaka",0,4,0,0,0,0
"Khách sạn Apus đáng giá từng đồng tôi bỏ ra. Cơ sở vật chất tiện nghi, hiện đại, lại còn có cả bể bơi trên tầng thượng. Wifi trong phòng rất tốt. Vị trí thì quá tuyệt vời: đi bộ 5 phút ra biển.",0,5,0,0,0,0
"Tôi thường xuyên đi taxi Vinasun ở Sài Gòn, và luôn có một trải nghiệm tốt. Tôi vừa bị quá tải bởi một công ty taxi khác ở Hà Nội, 
và nó nhắc nhở tôi rằng họ tốt như thế nào.",0,0,0,0,4,0
"hổm rồi về cháu quên đánh giá mất :v Cô chú cho thuê xe rất hiền và nhiệt tình ^^ xe thì chất lượng khỏi phải bàn vì chú cũng kiêm luôn thợ sửa xe ^^ giá cả hợp lý. Nhờ vậy mà mới chở crush vi vu khắp QN đc <("") Lần sau cháu sẽ tới thuê tiếp ạ ^^",0,0,0,0,5,0
Rất khuyến khích.,0,0,0,0,0,0
"Phòng trang bị đẩy đủ tiện nghi. Sạch sẽ. Lễ tân nhiệt tình nhẹ nhàng thân thiện với khách hàng
",0,5,0,0,0,0
"Trên sự mong đợi chỗ nghĩ đáng ngưỡng mộ khung cảnh đẹp nên thơ mộc mạc sâu lắng lòng người , yên tĩnh thích hợp cho các kỳ nghĩ dài hoặc các kỳ nghĩ đông của khách thập phương, bạn bè năm châu bốn bể , là không gian trong sự thăng hoa,",0,5,0,0,0,0
"Chỗ nghỉ sạch sẽ, phòng ốc rộng rai, đặc biệt giường đôi rất to ạ",0,4,0,0,0,0
"Khách sạn Quý Nhơn gần biển, view đẹp, phòng chill.
Ấn tượng tuyệt vời trong chuyến đi này!",0,5,0,0,0,0
Các nhân viên là tuyệt vời. Anh chàng bảo vệ còn hữu ích nữa ❤️. Phòng sạch sẽ và vị trí gần bãi biển. Họ cũng có phòng tập thể dục và hồ bơi.,0,4,0,0,0,0
Dịch vụ và nhân viên rất nhiệt tình dễ thương. phòng xinh xắn sạch sẽ tiện nghi. nhưng tiếc là bể bơi tầng 16 view đẹp quá trời mà KS lại không dọn dẹp mà bỏ bê nên k ai lên đây bơi dc cả . uổng cái view quá chời. còn lại rất ổn,0,4,0,0,0,0
"Cảnh cực đẹp, phục vụ ổn, dịch vụ chưa đa dạng lắm nhưng thái độ nhân viên tốt. Recommend cho các bạn ko thích nơi đông đúc. Tốt nhất đi ô tô với cả nhà lên đây nghỉ.
",4,0,0,0,0,0
"Đợt thứ 7 tuần vừa rồi được người quen giới thiệu mình có ăn tại quán, không gian thoáng mát ( không phụ thu) đồ ăn ngon, tôm tươi, cua thì chắc và ngon, không uổng tiền. mình có ăn mỳ xào hải sản thì thấy phần mì là mì gói đúng kiểu mình thích. Nói chung quán ăn tốt, nếu có lần sau sẽ tiếp tục ghé ủng hộ quán.",0,0,0,5,0,0
"Quán này không gian mở ngoài trời nên thoáng mát rười rượi, lại sạch sẽ. Mình để ý rất kỹ từ chén bát đến đĩa đều một màu trắng tinh không vương tí bụi, như thế là đã ghi điểm trong mắt mình rồi. Đồ ăn thì thôi rồi luôn, có nguyên 1 bể hải sản tươi sống,mình chỉ cần đến chọn là đầu bếp chế biến mà giá cả thì rất rõ ràng ngay từ đầu.Nhân viên thì dễ thương,hướng dẫn chọn món tận tình luôn. Đồ ăn ra thì vừa nhanh vừa nóng nên cực kỳ ngon, ăn no và đã mà không bị ngấy.",0,0,0,5,0,0
"Khu mua sắm thời trang, mỹ phẩm cao cấp giữa trung tâm Sài Gòn. Giữa trung tâm là các quán cà phê sang chảnh. Khu foodcourt tập trung tại tầng hầm của tòa nhà, có món đá bào xoài khá đặc biệt. Mô hình Takashimaya Sài Gòn cũng giống với chuỗi Takashimaya Singapore",0,0,0,0,0,0
"Mới đi quán này. Sợi bánh canh hơi lạ nhưng dai ngon. Nước dùng ngọt thanh, có vẻ không phải nhờ bột ngọt. Quán cho hẹ và hành phi mới chiên nên tô bánh canh rất thơm. Bạn mình đi cùng, tuy đã no nhưng không cưỡng lại được phải gọi một tô ăn thử 😂",0,0,0,5,0,0
Bạn nam xách đồ rất nhiệt tình và thân thiện.,0,5,0,0,0,0
"Mình ở Quy Nhơn cũng được 2 năm rồi ... Thỉnh thoảng mình vào hoặc thuê xe máy đi chơi ... Mình cũng thử thuê ở nhiều nơi nhưng chỉ thích mỗi mình Hoài Bão. Xe tay ga hay ô tô cũng mới, động cơ tốt hơn xe của nhà, thích hợp đi du lịch. Lâu lâu có xe nhưng mình vẫn thuê xe đi cafe xa .. 😅😅😅 à, chị có tiệm sửa xe nên sau mỗi lần khách trả xe thường kiểm tra xem xe có chưa. có gì để sửa xe. vẫn mới và ngon như lúc ban đầu ... Ủng hộ dài dài anh em nếu có dịp",0,0,0,0,5,0
"Mình hay gọi ship về. Bây giờ không còn phần nhỏ 35k, chỉ còn phần 50k. Cơm thơm ngon, gà tươi. Ăn 2 người nên gọi 1 phần cơm đùi gà (50k) và 1 phần cơm thêm (5k nhưng nhiều lắm) là vừa ăn vì đùi gà khá nhiều. 2 người ăn chỉ thiệt hại 55k ^^ Điểm trừ: cho rất ít kim chi",0,0,0,4,0,0
thất trãi nghiệm thú vị và đáng ghi nhớ,0,4,0,0,0,0
"Bánh hỏi cháo lòng mới đầu nghe mình hơi ngại vì lòng mình ít khi ăn được vì nặng mùi nhưng vẫn quyết tâm thử cho biết nhưng không ngờ lại ngon lắm luôn. Lòng làm sạch, tươi. Bánh hỏi và nước chấm và cháo cũng rất ô kê la. :)) Cả bàn như hình cộng thêm 2 ly sữa đậu nành mà chỉ có 70k.",0,0,0,5,0,0
"Anh chị chủ cho thuê xe nhiệt tình, chu đáo, dễ thương, đặc biệt là giá thuê max rẻ.",0,0,0,0,4,0
"Chè có nhiều loại khác nhau, nhưng nổi tiếng nhất là chè Thái có sầu riêng. Cốc chè to, vị chè rất thơm ngon, đặc biệt rau câu/ thạch mềm rất đặc trưng. ăn mùi sầu riêng quyện với các loại thạch rau câu Ai không ăn được sầu riêng có thể dặn bỏ ra khi order, bớt 5k. Điều đáng nói là ông chủ quán tầm 70 tuổi phục vụ quá tuyệt vời, đa di năng từ bê đồ cho khách cho đến gọi taxi nếu khách cần. 10 điểm cho quán chè Nhớ Quy Nhơn, sẽ còn quay lại.",0,0,0,5,0,0
"Heekcaa là 1 thương hiệu trà sữa nổi tiếng. Mình nghĩ địa điểm khá thuận lợi, lại gần trường cấp 3. Mình thấy thức uống cũng tạm ổn , nhưng giá thì hơi cao . Không thể phủ nhận 1 điều là quán có không gian rộng rãi, thoáng mát, thoải mái và dễ thương có sự đầu tư và trang trí. Trà sữa uống vào cũng đậm vị trà , nhưng nếu bạn nào thích ngọt thì không phù hợp lắm , bởi mình thấy vị hơi nhạt. Được cái mấy bạn nhân viên dễ thương và thân thiện. Phục vụ rất nhiệt tình .",0,0,0,5,0,0
"dịch vụ rất tốt, độ tín dụng và an toàn cao mọi người nên đi thử
",0,0,0,0,4,0
"Mọi thứ diễn ra suôn sẻ - đúng giờ và chất lượng xe tốt. Chi phí cao hơn nhiều so với một chiếc xe Grab, 
nhưng giá trị nó cho dịch vụ và sự tiện lợi. Rất vui khi giới thiệu dịch vụ này.",0,0,0,0,5,0
"View đẹp, phòng sạch sẽ, nhân viên thân thiện",0,4,0,0,0,0
"Quán rộng , đô ăn đồ uông gì cũng đêuf dc chăm chút khá tỉ mỉ , dệp mắt , tối thứ 3 quán này có ca nhac acoustic nữa , rất thích capuchino của quán này , đều ở mức viawf phải , k quá ngọt , k quá đắng , sánh vừa thanh thanh , nhạc thi ok , phần lớn là các anh lớn lớn nên hát mấy bài hồi xưa , kiêu hoài niem í",0,0,0,5,0,0
"Quán rất tuyệt , vị rất lạ rất ngon, uống rất đáng đồng tiền , mình đã ún rất nhiều quán nhưng quán này là đc mình chấm điểm cao nhất . Ghé quán được 3 lần rồi và dự là mình với con bạn thân sẽ ghé thường xuyên vì mê vị ở đây rồi . Nhân viên phục vụ rất tốt , thân thiện , hết lòng với khách hàng . Ước gì quán có chi nhánh trên An Nhơn nhỉ , vì cứ mỗi lần thèm là mh vs con bạn phải lặn lội từ trên An Nhơn xuống mất hơn 30 phút hihi . PALACE TEA mà có thẻ tích điểm nữa thì tuyệt biết bao .",0,0,0,5,0,0
"Ngày xưa mình hay uống ở quán này lắm mà dạo này bận rộn việc ôn thi nên ít đi , được hôm đi ăn sáng gần đó hứng lên cả đám kéo nhau vào uống , hương vị trà sữa ở đây mình rất thích , nói thật phong cách phục vụ rất okey , giá cả thì mình thấy so với những hãng trà sữ khác thì rẻ , trà sữa socola hợp khẩu vị của mình , trân châu quán nấu ngon cực , cứ thích nhai trân châu ở đây , quán mở cửa cả ngày , trưa vào rất mát mẻ , không gian thoải mái để check in",0,0,0,5,0,0
"Phòng đẹp, giường thoải mái, nhân viên rất dễ thương",0,4,0,0,0,0
"Chả giò ""tươi"" của chúng tôi quá khô ... bánh crepe Việt Nam của chúng tôi rất nhiều dầu và họ để cả con tôm (mà không làm sạch chúng !!!!), mực nướng của chúng tôi đã nướng quá mức và nước chanh leo được cho là không tươi tươi ở tất cả ngoại trừ một loại nước trái cây siêu thị nguyên chất! Dịch vụ không tốt và vì vậy tôi sẽ không giới thiệu địa điểm này cho bất kỳ ai, ngay cả đối với khách du lịch thuần túy!",0,0,0,4,0,0
"Quán có nhìu loại bánh xèo: tôm nhảy, thịt bò, mực. Mình thích nhất là bánh xèo tôm nhảy ăn 5-6 cái chưa ngán. Mấy cô phục vụ nhiệt tình, vui vẻ. Không gian quán rộng rãi. Giá cả thì mình ko rành Mắc hay rẻ vì mình ở Sài Gòn đi du lịch bạn chỉ qua đây thì ăn thôi :).",0,0,0,5,0,0
"Inn cafe được thiết kế theo phong cách ngọt ngào và lãng mạn. Bởi vậy, các bạn sẽ dễ dàng tìm được cho mình những góc sống ảo ưng ý tại bất cứ chỗ nào trong quán. Menu đồ uống thì cực kì đa dạng luôn, chất lượng nước ổn, ly nước cũng được trang trí bắt mắt, lên hình cực xinh nhé. Quán có 2 tầng và theo mình thì tầng 2 có nhiều chỗ để chụp hình đẹp nhất, các cặp đôi còn có hẳn một phông tường vẽ trái tim nữa cơ, thích quá đi à :""< Nhân viên của quán thì ok nè, nhiệt tình, thân thiện lắm nha. Inn đáng yêu lắm nên các bạn bớt chút thời gian ghé qua Inn đi nè ^^~",0,0,0,5,0,0
"Nhưng hè nắng nóng tới rồi nên mình vừa rồi có thử qua món chanh tuyết của quán, chà, nói sao ta, mát lạnh các bạn ạ, cảm giác như tuyết tan dần trên đầu lưỡi ấy, tan tới đâu mát mẻ tới đó, lại còn chua chua ngọt ngọt nữa chứ, dễ uống lắm cơ, giá thì theo mình nhớ là 20-23k các bạn ạ, thử đi nha, dễ chịu lắm đó! Không gian ở quán không được lớn nhưng vẫn có những góc nhỏ xinh xắn cho các bạn tha hồ selfie. Điểm trừ là nếu đi đông người thì sẽ hơi khó khăn trong việc sắp xếp chỗ ngồi, nhưng bù lại nếu bạn muốn tìm chỗ để học bài hay muốn đi một mình để suy ngẫm thì Garden là lựa chọn hợp lí. Mà quán không chỉ bán nước không đâu, quán còn có cả rong biển cháy tỏi hay khô gà để nhâm nhi nữa đó. Gần đây quán có thêm khô gà lá chanh bên cạnh khô gà cay, vị cũng mới lạ hơn, rất đáng để thử đó, mà giá cũng vừa túi tiền lắm.",0,0,0,4,0,0
"phòng sạch sẽ, yên tĩnh, nhân viên dể thương",0,5,0,0,0,0
"Hét lên với Phú, người phục vụ của chúng tôi, một lý do lớn khác khiến chúng tôi có khoảng thời gian tuyệt vời như vậy! Cảm ơn tất cả các khuyến nghị và cái nhìn sâu sắc.",0,0,0,5,0,0
"Những chiếc xe máy được bảo dưỡng tốt, và có nhiều loại xe đạp. Sếp và quản lý cũng giỏi giao tiếp vì họ nói tiếng Anh tốt. Đừng thuê từ khách sạn tôi thích thuê của bạn ở đây!",0,0,0,0,4,0
"Chỗ ở rất gần khu trung tâm cách chợ đêm và biển 1-200m. Đi ra cảnh thuận tiện, cách sân bay Cam Ranh di chuyển tầm 40 phút. Nhân viên lễ Tân niềm nở, phòng sạch đẹp",0,4,0,0,0,0
Nên ăn nem cua (nem to) thì sẽ ngon hơn nhiều so với nem bé.,0,0,0,0,0,0
"Không gian, cảnh sắc, cùng với những ly cocktail ở đây như quyện vào nhau đầy sức hút",4,0,0,4,0,0
"Khu vui chơi dành cho mọi người có nhiều dụng cụ tập thể dục, cây hoa được chăm sóc tốt
",5,0,0,0,0,0
"Cơm Mậu 1 cái tên khá hot trong giới chụp ảnh cưới Quy Nhơn, các cặp đôi đưa nhau ghé đây để chụp những bộ ảnh cưới. Bên cạnh view đẹp với tông màu vàng hoài cổ thì quán có những món ăn rất ngon có tiếng cơm nhà. Buổi trưa với tối là lúc gia đình kéo nhau tới ăn vậy là những cặp đôi đi trể co thể ko có bàn mà ăn đâu nhan! Bù lại thức ăn ngon tuyệt thì giá cả hơi mắc nhé, giá đó phù với những vị khách du lịch muốn có bữa ăn ngon đảm bảo vệ sinh và gia đình khá giả chứ không phải thuộc loại bình dân. Nhưng dù vậy quán vẫn luôn thu hút khá là nhiều khách, chúc quán phát triển lâu dài và lâu lâu có chương trình khuyến mãi :))",0,0,0,5,0,0
"Khi mình vừa tới khách sạn, nhân viên tiếp đón rất nhiệt tình từ lễ tân cho tới bảo vệ, các anh kỹ thuật. Ngoài ra anh Huy bên sale cũng nhiệt tình tư vấn cho mình về Nha Trang.",0,4,0,0,0,0
"Phòng sạch sẽ, đầy đủ tiện nghi nè, view núi rất đẹp, phòng mình ở tầng trệt có lối đi riêng khá là ổn áp ☺️. Bạn lễ tân thì rất ư là dể thương.",0,4,0,0,0,0
"Chúng tôi đã ở đây lần thứ hai, nó giống như lần đầu tiên. Thức ăn ngon, dịch vụ tốt, cảnh đẹp. Tôi sẽ đến đó trong lần tới. Cho phép đến đây cho cảm giác của bạn.",5,0,0,5,0,0
Khách sạn Quy Nhơn đẹp nhất trong số những khách sạn tôi từng ở!,0,5,0,0,0,0
"Trải nghiệm tuyệt vời, Anh Chị khá nhiệt tình, lễ tết chỉ phụ thu thêm 10k/chiếc, giá bình thường là 120k/chiếc. Xe khá đẹp mới luôn. Với dàn xe 40 chiếc, gần như lúc nào cũng có xe cho khách.",0,0,0,0,5,0
"Top thương hiệu chả ram tôm đất được ưa chuông nhất Việt nam
",0,0,0,5,0,0
Chúng tôi rất thích ngồi ở một chiếc bàn bên ngoài và mọi người xem trong khi có một vài loại bia tươi Tiger lạnh và lạnh. Không gọi món nhưng thực đơn trông có vẻ OK và mùi bánh pizza nấu ăn chắc chắn hấp dẫn. Phòng tắm rất sạch sẽ. Vị trí tốt trên đường từ bãi biển với một làn gió biển dễ chịu.,0,5,0,0,0,0
"Quy trình đặt vé dễ dàng, tài xế đúng giờ và lịch sự, chúng tôi không phải lo lắng về bất cứ điều gì. 
Tôi luôn khuyên bạn nên chuyển nhà riêng vì bạn không bao giờ biết tài xế taxi sẽ làm gì!",5,0,0,0,5,0
"Mình đến quán nhiều lần rồi nhưng chủ yếu là đi một mình nhưng lần này mình dẫn em gái mình theo. Em gái mình không thích ăn đồ sống nên khi mình rủ đi ăn thử hơi có định kiến nhưng lúc mới bước chân vào Pokesaigon nó bị hấp dẫn liền cái đầu tiên là được chọn toppings dập mặt (cỡ 15+ toppings, lâu lâu quán lại đổi topping of the week để đa dạng hoá). Sau đó trộn đều tô poke của nó với base là salad (nó đang ăn kiêng nên chọn salad, bạn còn có thể chọn cơm gạo Nhật/ gạo lứt) với sốt (nó chọn goma sesame vì là sốt dễ ăn nhất), proteins (2 muỗng cá gồm cá ngừ + cá hồi cay) và cả bầu trời toppings. Lạ là trộn đều hết lúc thưởng thức không bị lạ miệng hay các nguyên liệu vị nghịch nhau mà vị như hỗ trợ lẫn nhau ý làm tăng hương vị và át mùi cá. Em gái mình đổ đứ đừ luôn nên sau lần này Pokesaigon lại có thêm fan mới",0,0,0,5,0,0
"Phòng sạch sẽ, nhân viên dễ thương",0,4,0,0,0,0
"Vừa rẻ vùa ngon. Hải sản tươi sống, cực chất lượng.",0,0,0,5,0,0
"Phòng ốc mới, đẹp hơn rất nhiều so với giá tiền bỏ ra. Giá tốt so với các khách sạn lân cận",0,5,0,0,0,0
"Quán chè kết hợp với quán cafe nên decor khá đẹp, nhưng đông quá mình k lên lầu được. Quán có bảo vệ giữ xe, dắt xe hộ khá bài bản. Tụi mình gọi chè Thái sầu và không sầu, đợi 1 tí là có chè. Chè cũng bt, nhưng nước rất ngon ngọt. Thạch nhiều quá nên ăn ngán ngán>< Nên đi sớm vì tầm 9h tối quán bắt đầu đóng cửa.",0,0,0,4,0,0
Chè đậu xanh ở đây cực kì ngon. 10k 1 ly thôi mà chất lượng. Bánh bèo thì so ra quy nhơn nhiều chỗ khác ngon hơn.ở đây được cái báng bèo nóng nhưng mước mắm không đậm đà cho lắm. Chắc tại mình ăn cay và mặn hêhhee. Mấy anh phục vụ ăn nói nhỏ nhẹ rất chuyên nghiệp mặc dù chỉ là quán lề đường.,0,0,0,5,0,0
"Phòng sạch sẽ, nội thất còn mới và hiện đại. Dịch vụ nước ép tận phòng siêu rẻ và chất lượng",0,4,0,4,0,0
"Công viên nhỏ xíu xiu nhưng vị trí sát biển cực kì đẹp, đối diện với trường ĐH Quy Nhơn nên các hoạt động thể thao đá banh, bóng chuyền, bóng rổ,... trong công viên và sát bờ biển cũng rất sinh động. Có lẽ đây là nơi thể hiện rõ nhất sức trẻ của thanh niên Quy Nhơn, đặc biệt là vào sáng sớm và chiều. Ở đây tắm biển rất thích. Trên bờ có các quầy hàng rong nhỏ với mực rim, bánh tráng dừa nướng, cóc ổi xoài cũng khá ngon và siêu rẻ. Mình mua một miếng xoài to hay bánh tráng nướng chỉ có 3k :o~~~.
Tuy nhiên, người dân ở khu vực này còn hay xả rác nên nhiều lúc khiến bãi biển nhìn hơi dơ. Mong chính quyền có biện pháp khắc phục.",0,0,0,0,0,0
"Thoải mãi,nhân viên nhiệt tình.phòng sạch sẽ.giá hợp lý",0,5,0,0,0,0
"Mình có ghé quán 1 lần khi mình ở Quy Nhơn. Theo mình cảm nhận thì sữa tươi trân châu đường đen có phần hơi béo,trân châu dẻo rất ngon, còn trà sữa truyền thống thì khá là ok. Điểm cộng là view đẹp và nhân viên phục vụ nhiệt tình toàn trai xinh gái đẹp :)) Giá cả cũng hợp lý nữa, mình thấy khá là ok.",0,0,0,5,0,0
"Bạn mình đi quy nhơn về và giới thiệu chổ cho thuê xe máy này cho mình. Khen chổ này cho thuê xe mới lắm, chạy tốt và rất nhiệt tình. Mình đã trải nghiệm và thấy đúng là như vậy, còn 1 điều mình ấn tượng nữa là cho 2 mũ bảo hiểm cặp hình gấu đúng đáng yêu luôn. Vừa phù hợp với mình và người yêu đi chơi, cảm ơn nhé",0,0,0,0,4,0
Bạn nhân viên Quân rất là nhiệt tình và chu đáo,5,0,0,0,0,0
Trong lúc tụi mình chờ check-in đã được nhân viên mời 1 đĩa nho rất tươi ngon,0,4,0,0,0,0
Chúng tôi đã ăn ở đây một vài lần trong 5 tuần của chúng tôi ở Quy Nhơn,0,0,0,5,0,0
"Mình chuyên viết bài review cho các địa điểm du lịch và các cửa hàng làm dịch vụ du lịch. Mình đã trải nghiêm và thuê xe máy ở đây, dịch vụ thật sự rất tốt, xe mới, mũ bảo hiểm đẹp và thái độ phục vụ rất ân cần. Mình chỉ thuê có một buổi tối để đi dạo đêm thành phố quy nhơn nhưng vẫn được giao xe tận nơi nha các bạn",0,0,0,0,4,0
"Chúng tôi đã sắp xếp một chuyến tham quan riêng đến địa đạo Củ Chi vì thời gian của chúng tôi ngắn và 
chúng tôi phải bắt chuyến bay vào buổi tối, khó có thể phù hợp với một chuyến tham quan thông thường.",0,0,0,0,0,0
" Tôi đã mua một nam châm. Ở phía bên kia của bãi biển, có một cửa hàng lưu niệm khác. Nó rẻ hơn 10000 so với nhân viên bán hàng, nhưng nó đắt hơn Hội An. Không có Nam châm Đà Nẵng ở Hội An.",0,0,0,0,0,0
"Tối thứ 7 ra bờ biển chill cùng người yêu tìm đến quán này khá ok, chúng ta đừng kì vọng đồ uống nha, bỏ tiền mua chỗ và view thôi. 
Mình gọi sữa chua hoa quả nhưng toàn dứa thôi, quán nên bổ sung menu cho phù hợp với khách du lịch",0,0,0,5,0,0
"Phong độ quán vẫn rất ổn định. Nêm nếm ngon, vừa vặn. Ốc xào dừa ở đây vẫn ngon nhất trong các quán mình từng ăn. Các món ốc xào lên nhanh, ngoài ra các món khác thường hay phải đợi lâu vì quán khá đông. Điểm trừ nhỏ là ở đây ghẹ rất bé, ăn không thật sự đã.",0,0,0,4,0,0
"Chúng tôi đã đến thăm quán bar thể thao Quy Nhơn vài lần và rất thích thú. Có một thực đơn tốt với nhiều loại bao gồm cả rau như chúng tôi. Cà ri chay, bánh burger chay & bánh pizza đều ngon - cà ri rất tuyệt. Sạch sẽ và chạy rất tốt - nơi này xứng đáng để làm tốt. Lựa chọn tuyệt vời của các loại bia và khu vực quầy bar / nhà hàng trên tầng 4 là giá trị nỗ lực lên cầu thang. Nếu bạn đang tìm kiếm một break từ mì vv và một chút nấu ăn phương Tây nơi này là lý tưởng, và nó có giá trị một chuyến thăm nếu bạn muốn dính vào thức ăn địa phương là tốt.",5,0,0,5,0,0
"Pepa Quán ăn hàn quốc tuy nhỏ nhưng mình thấy quán có menu phong phú, nhiều món ngon, với giá rất rẻ so với thị trường, mỳ cay ở quán không có cấp độ, mình không ăn được cay nên hay gọi cấp độ thấp nhất , nhưng vị cay của quán cũng không quá cay lắm nên các bạn nào như mình thì vẫn có thể ăn được , đặc biệt quán này có món lẩu mỳ cay giá rất rẻ giành cho 2 người ăn, lâu lâu cuối tuần tụ tập bạn bè đến đây ăn món hàn là tuyệt nhất rồi, , ^^",0,0,0,5,0,0
"Sau khi di chuyển trong 18 giờ, thật nhẹ nhõm khi nhìn thấy tấm biển có tên của chúng tôi trên đó tại sân bay Hồ Chí Minh rất đông đúc. 
Sau khi tìm thấy nhau, tài xế của chúng tôi lên lấy xe và chúng tôi đi. Mọi thứ đều trả trước. Không có căng thẳng kết thúc một ngày dài.",0,0,0,0,0,0
"Khách sạn gần biển ở Quy Nhơn, vị trí đẹp phòng mình ở có view biển rất tiện cho việc sống ả",0,5,0,0,0,0
"Giá thấp và thức ăn ngon, ngay cả khi kích cỡ phần hơi nhỏ - điển hình cho Việt Nam tho. Các nhân viên ở đây rất YÊU THÍCH
 và cố gắng hết sức để giúp đỡ bất cứ điều gì họ có thể. Lần thứ hai chúng tôi đến đó, họ đã phải đối mặt với 2 nhóm khách hàng khủng khiếp (một gia đình có trẻ lớn ném vỏ bánh pizza và thức ăn thừa trên sàn nhà, và một người đàn ông Mỹ lớn tuổi khác đã cho họ một thời gian khó khăn để nói tiếng Anh tối thiểu - mặc dù anh ta không nói tiếng Việt nào!) Vì vậy, hãy tin tưởng họ vì đã xử lý một cách bình tĩnh như vậy. Một nơi tuyệt vời nếu bạn thèm đồ ăn phương Tây trong số những món ăn đường phố Quy Hưng.",4,0,0,4,0,0
"Chủ xe rất vui vẻ nè, mà vị trí thuê ngay bên xe quy nhơn,đi bộ là tới, sẽ rất tiện lợi cho ai đi xe ra qn.",0,0,0,0,4,0
"Quán nhỏ nhỏ, decor khá ổn, không có máy lạnh nên hơi nóng. Pizza khá ngon, có thể so sánh với các tiệm trong SG, hơn hẳn pizza hut, domino. Pasta ăn cũng ok, sốt béo, thơm. Khá là hài lòng với chất lượng món ăn ở đây.",0,0,0,4,0,0
"Đã sử dụng Indochina Charm Travel để đưa đón sân bay của tôi ở Hồ Chí Minh đến và đi từ sân bay. 
Dịch vụ tuyệt vời đã sẵn sàng khi tôi đến và rất nhanh chóng đưa tôi đến khách sạn và sân bay. Muốn giới thiệu",5,5,0,0,5,0
"Lần đầu tiên được lái môtô nước là ở đây nè, trong một ngày hè nắng chang chang, cảm giác phê lòi luôn. Làng chài khá vắng và yên bình (lúc này khách du lịch chưa biết đến nhiều). Hải sản thì tươi ngon cực kỳ, ai đến đây nhất định phải thử món bánh xèo mực nha, mực tươi giòn ngọt hết ý (tiếc là lúc đó ham ăn quá chưa chụp đc ảnh 😑)
",5,0,0,5,0,0
"Những bạn tiếp tân rất nhiệt tình tư vấn chỗ thuê xe và chỗ ăn uống, phòng ốc sạch sẽ, tiện lợi. Khách sạn ở đối diện biển và trung tâm nên rất tiện cho việc mua sắm và vui chơi. Rất đáng để thử, cám ơn Regalia !",5,5,0,0,0,0
"Nhân viên thân thiện, trung đẹp trai, phát dễ thương, thảo and nhân buong phòng master",0,4,0,0,0,0
"Thân thiện, nhiệt tình vui vẻ, phục vụ ko tiếp xúc rất ok rất tốt, cskh nhanh, view đẹp ",0,5,0,0,0,0
"Chúng tôi đến rất nhiều thời gian. Khoản phí khoảng 10 đô la, chúng tôi đã đưa ra một khoản tiền lớn khi xem xét các 
điều kiện và tài xế chỉ mất chưa đến 50 phút để đưa chúng tôi đến đó.",0,0,0,0,4,0
"Đồng thời trên booking.com, đây là phòng 4 sao, nhưng có vẻ 4 sao này là tiêu chí đánh giá của booking, chưa phản ánh đúng tiện nghi và dịch vụ của khách sạn này. Mình đi du lịch khá nhiều, và với mình khách sạn này chỉ tầm 2 sao.",5,0,0,0,0,0
"Đúng là chất :))), với cái tên để mang lại thương hiệu. Quán này view dễ thương lắm nè, sống ảo đẹp cực ảo luôn, với không gian nhẹ nhàng không quá màu mè. Về nước ở đây thì có 1 số đứa bạn bị fan nước ở đây, mình cũng thấy vậy, nước ở đây khá là ngon. Chắc dắt người yêu đi quán này miết quá trời ạ. Giá cả ở đây mình thấy cũng bình thường chứ không quá mắc, phù hợp cho sinh viên học sinh. Mình có thể mua ở đây để mang đi được nhé. Chúc quán thành công.",0,0,0,5,0,0
"2 anh chị lễ tân vui vẻ, nhiệt tình. Hai anh chị thấy mình đi một mình nên rủ vào ăn uống chung nói chuyện rất vui. Nếu được mình sẽ trở lại một lần nữa.",0,5,0,0,0,0
"Tự check in - check out rất tiện lợi, thoải mái như ở nhà, hỗ trợ online nhanh chóng nên không khó khăn, bãi giữ xe máy rộng rãi, địa điểm dễ tìm, khá gần trung tâm",0,4,0,0,0,0
"phòng sạch sẽ, ks tiện nghi, gần biển.",0,4,0,0,0,0
"Rượu rất là ngon và đậm đà. Nhất định sẽ ủng hộ lâu dài
",0,0,0,5,0,0
"Trong khu này không thiếu các quán dessert kiểu như thế này, bọn mình chọn quán này là bởi vì được nhắc từ trước. Kêu quán này đồ ăn tráng miệng ngon, đặc biệt bát bingsu vừa nhiều vừa ngon 30k. Ấy vậy mà đặt mông xuống ngồi vô quán thì quán kêu hết bingsu 😩 tiếc quá nên chuyển sang mấy thứ khác. Đồ ăn vặt kiểu chè các thứ vô cùng đa dạng phong phú. Mình thì chọn mì trái cây kem lạnh 20k 1 bát. Bát to, nhiều loại trái cây ở trong, thạch sợi giống mì, ăn bằng đũa cũng được á :)) rất ngon luôn, ngoài mong đợi với số tiền 20k :)) rất ưng, chờ đồ hơi lâu chút thôi.",0,0,0,4,0,0
"Giá cả, dịch vụ chất lượng rất hài lòng. Tuy khách có hơi trong hẻm chút nhưng đáp ứng đi bãi đỗ ô to tại chỗ nên cũng rất ok.",0,4,0,0,0,0
"Người lái xe thân thiện và chiếc xe buýt nhỏ mà chúng tôi lái rất đẹp, sạch sẽ, AC chắc chắn và WiFi như một phần thưởng bổ sung.",5,0,0,0,5,0
"Chỗ này rất sáng sủa, thoáng mát, sạch sẽ, máy lạnh mát rượi, nhiều quán ăn ngon,",4,0,0,0,0,0
"Nhân viên nhiệt tình, phòng view hướng biển nhìn thoải mái, gần biển và trung tâm tp nên di chuyển tiện.",0,5,0,0,0,0
"Quán bình dân. Menu có 3 loại bánh xèo với tôm, mực, bò. Bánh xèo tôm là ngon nhất, bò có xả ăn ổn, mực bị mặn quá. Bánh xèo chiên giòn rụm. Nước chấm đậu phộng hơi lạ vị. Bánh nhiều dầu
Chỗ ngồi rộng rãi, hơi nóng.
Cô chủ quán thân thiện, phục vụ nhanh",0,0,0,4,0,0
"Tp66 nằm tại ngã 4 của Trần Phú giao với Nguyễn Công Trứ nên là một địa điểm dễ kiếm với hầu hết mọi người. Quán vừa mới được sửa sang lại nên cũng kiểu bài trí cũng mới mẻ hơn, có nhiều góc để selfie hơn nà. Đồ uống ở đây theo mình là chất lượng, đặc biệt là matcha. Mình thích matcha ở đây, rất đúng vị. Ngoài matcha thì các món smoothies cũng rất đáng thử. Quán cũng có vài món mới như trà đào váng sữa là món mà mình đã thử quá. Và mình thích món này lắm luôn ấy, trà đào đã thích nay còn thêm lớp váng sữa béo béo nữa bảo sao không yêu ^^",0,0,0,5,0,0
"Quán giá rất oke nhen, các món nướng 32-35k/phần, khá nhiều và ngonn. Quán nướng bơ nên đồ ăn rất thơmm, rất thích món gỏi ốc của quán~ ngoài lẩu nướng thì còn các món hải sản khác và một số món gà và món Hàn mng có thể thử nhen Nhân viên phục vụ nhanh chóng dù quán đông, quán cũng có nhiều bàn nên chắc không sợ hết chỗ đâu nhen~ Highly recommend (*ﾟ▽ﾟ*)",0,0,0,5,0,0
"Đến quán vào một buổi sáng tầm 8h nên khá đông khách ăn sáng, ấn tượng đầu tiên là quán sạch sẽ, cô chủ lẫn nhân viên (chắc là sinh viên làm thêm) nên thân thiện và nhanh nhẹn. 1 suất bánh hỏi lòng heo bao gồm bánh hỏi, lòng heo, rau sống, nước mắm và 1 tô cháo loãng để ăn kèm vs lòng lợn. Dĩa lòng thì gồm dồi, lòng, thịt heo, bao tử, gan,... trông rất hấp dẫn. Do lần đầu tiên ăn nên mình thấy hơi lạ, tuy nhiên cũng khá ngon, nước chấm hơi mặn xíu, nhạt tí nữa thì ok hơn (hay tại mình quen ăn nhạt roài á). Rau sống thấy sạch sẽ lắm. Giá cho 4 suất bánh hỏi lòng heo là 100k. Ản no lun á. Đáng tiền. Thấy quán cũng chưa có phòng máy lạnh, 8h sáng ở miền trung cũng nóng lắm á:)), tại mình thích máy lạnh. ờ, bạn nào đi theo đoàn, đông người thì nên đặt trước nha, thấy cô chủ nói có phòng cho khách đoàn mà ở khu nhà bên cạnh. Túm lại, sẽ quay lại và sẽ giới thiệu cho bạn bè.",0,0,0,4,0,0
"Mặc dù tôi gặp một số rắc rối khi nhập cư, người lái xe đã đợi 1,5 giờ và nhanh chóng đưa chúng tôi đến địa điểm airbnb của chúng tôi. 
Chiếc xe rộng rãi và rất sạch sẽ. Sẽ đặt lại chúng nếu cần.",0,0,0,0,5,0
"Ghẹ hơi nhỏ nhưng chắc thịt, ngon. Cháo hải sản ngon. Giá rẻ . Điểm trừ Chỗ ngồi hơi ít,khu Wc nên nâng cấp",0,0,0,4,0,0
"Được dịp ra Quy Nhơn chơi, được gia đình bạn dẫn ra đây ăn, nghe nói là quán ngon và nổi tiếng lăms. Ra tới nơi cũng trễ đã qua giờ cơm trưa mà quán vẫn đông khách quá trời luôn. Quán có bàn ghế cao ngồi cũng thoải mái nè, ko gian lại rộng rãi, nhân viên cũng nhiều do quán đông khách quá mà, mà nv phục vụ lanh lẹ nhanh lắm, ra món cũng nhanh nữa. Nói chung phục vụ ở đây good Ở đây chủ yếu là gà, gà ở đây đúng kiểu gà ta ăn thịt dai dai ngọt ngon, ko có bị bở như gà công nghiệp. Chế biến cũng đậm đà vừa miệng, món gà luộc hơi bị ngon đó, vì ngọt thịt và dai dai đã lắm luôn. Miến nấu nấm cũng ngon nè, vị nước thanh. Gà sốt me, ko quá chua thấm tới miếng thịt chấm muối ăn chua chua cay cay đã. Nói chung quán này ngon, thành thử nó đông khách là đúng :))",0,0,0,5,0,0
Aeon mall tan phu thật tuyệt vời! Rất lớn cũng đặt ra với một loạt các cửa hàng. Điều tốt nhất về nó là siêu thị nơi bạn có thể nhận được vô số vật phẩm cho ngôi nhà.,0,0,0,0,0,0
"Đi du lịch nhiều nơi nhưng chưa thấy ai cho thuê xe máy có tâm và chuyên nghiệp như chổ này, xe mới, sạch sẽ, giá rẻ. Rất hài lòng khi đã thuê xe tại đây",0,0,0,0,5,0
"Ngõ vào nhỏ, khó đánh ô tô vào",0,0,0,0,0,0
"Mình với vợ chồng cô bạn mới đi ăn về. Mình ấn tượng nhất ở quán này đó chính là nước chấm, mỗi loại đều có một thứ nước chấm đi kèm,vậy nên trên bàn mình có 3 người mà chắc chục dĩa nước chấm. Mình duyệt điều này vì nó hợp vệ sinh và nước chấm hợp với món ăn tạo độ ngon. Khách quan mình thấy quán này khá ổn, bò cuộn kim châm cũng nhiều thịt bò, nước lẩu cũng nhiều đồ nhúng và đậm đà nữa. Mỗi người tầm 100k là no không thấy đường về rồi. Lần sau có lương quay lại ăn tiếp.",0,0,0,5,0,0
"Dĩa nào dĩa nấy to tổ chảng. Phong cách phục vụ rất tốt. Cho nên giá cao so với mặt bằng chung ở đây, nhưng so ra là quá rẻ nếu ăn trên tàu ở HCM hoặc ở các nơi du lịch khác. Sứa nước lèo rất ngon, 1 phần như vậy là cho 4 người lớn ăn đó. Sò điệp nướng mỡ hành ok, cơm chiên trứng giòn rụm.",0,0,0,5,0,0
"Tôi đã sử dụng dịch vụ này 6 lần trong kỳ nghỉ ở Việt Nam, 3 lần đến và 3 lần khởi hành từ SGN. Mỗi lần tôi đều có cùng một tài xế và
 anh ta luôn đến sớm, lịch sự và lái xe rất an toàn. Sau lần đầu tiên tôi đến SGN, trong đó anh ấy cầm một tấm biển có tên tôi trên đó, mỗi lần đến và đón thêm anh ấy đều đến và tìm tôi, điều này giúp cho việc đến và đi của tôi dễ dàng hơn nhiều! Anh ấy luôn giúp tôi với hành lý và có gáo nước lạnh đợi tôi trên xe. Ngoài ra, Lily, ở văn phòng, rất giỏi giao tiếp. Cô ấy luôn kiểm tra một ngày trước khi khởi hành để sắp xếp thời gian đón và nhanh chóng trả lời các câu hỏi của tôi. Tôi chắc chắn sẽ giới thiệu công ty này.",5,0,0,0,5,0
"Bờ biển sạch đẹp, dốc thoải, cảnh quan trên bờ với hàng dừa xanh, hàng dương liễu trông thật hay...chỉ tiếc nước biển không được trong xanh. Sáng sớm có thể đến đây vừa tắm biển vừa ngắm cảnh mặt trời lên cũng lý thú...
",4,0,0,0,0,0
Khu siêu thị tích hợp có các cửa hàng và chỗ ăn uống ở tầng trệt và lầu 2. Lên tầng 3 sẽ thấy khu siêu thị của Big C.,0,0,0,0,0,0
"Phòng cực kì rộng, thoải mâi và rất đáng giá, bản thân mình làm dịch vụ thường đòi hỏi cao, mà khi ở đây k đòi hỏi cao được, vì mọi thứ rất tốt, nhân viên lễ tân nhiệt tình lắm, tận tình chỉ dẫn",0,5,0,0,0,0
Cô chú cho thuê rất tốt bụng nhiệt tình. Xe thì mới giá thì rẻ nói chung thuê xe hồi giờ có chỗ cô chú là tốt nhất. Mọi người nên thuê cô chú nhaa,0,0,0,0,5,0
"Lần mò được bài review nên tối qua mình và ny xách mông đi luôn. Vượt qua 1 tiếng ở tận mira hotel thì cũng lấy được chân kinh 😍 Mình vào chủ đề luôn. Bọn mình gọi 1 ốc móng tay xào dừa, 6 hàu nướng mỡ hành, 1 ốc mít luộc, 1 càng cúm núm ( ăn lạ nha như thịt cua) . 2 nước khớm. tráng miệng, + phần caramen tổng cộng 200k Cảm nhận: - Ốc móng tay 25k .béo lắm, ốc sạch không bị sạn. Mình ăn ở 1 vài nơi sạn nên sợ khoản này. Nước dừa xào vừa phải k bị ngọt quá, hơi cay cay. Mình nhờ quán gọi thêm 2 bánh mì chấm hợp tuyệt ))) - Hàu nướng mỡ hành: per one 👍👍👍Hàu béo mềm, chín nóng hổi, hành lạc nhiều béo ngậy. Ăn vừa vặn béo ngậy. - Càng cúm núm ( tên lạ như món ăn ạ ngon thịt như vị cua càng to bằng 3 ngón cái . Chấm điểm: 7/10 Có quay lại ko: nhất định có Chỗ ngồi: ngồi hơn nghi hiểm tí ạ tại ngồi vỉa hè ngoài đường mát mẻ Mình ăn ở đây lần đầu mong các bạn chỉ thêm món nào ăn ngon để lần tới thử. Thanks",0,0,0,4,0,0
"Điều ấn tượng đầu tiên là quán trang trí khá đẹp, kiểu là hơi art một chút ý, quầy pha nước có cái gương tự sướng đúng chất luôn, menu quán thiết kế đẹp nữa, đại khái là hơi bị mê cái thiết kế của quán nì, cộng với việc nước uống ok, giá cả phải chăng và không gian yên tĩnh, thích hợp với việc hạc bài vào buổi sáng và trưa hie hie túm lại là sẽ ghé lại quán vào những lần sau vì quá thích <3",0,0,0,5,0,0
"Vị trí ok, giá rẻ, nhân viên cũng nhiệt tình đặc biệt chú bảo vệ dễ thương",4,4,0,0,0,0
"Tên bãi trứng có lẽ do có nhiều viên đá tròn cạnh biển, hình dạng nhìn giống quả trứng.
Cảnh biển thì lúc nào cũng đẹp nhẹ nhàng. Nơi đây có vẻ là nơi du khách ghé chụp hình khá nhiều.",5,0,0,0,0,0
Khách sạn nhỏ ít phòng nên yên tĩnh. Ăn sáng vừa phải nhưng phù hợp đối với người lớn tuổi. Nhân viên hoà nhã tận tình. Vị trí rất tốt vì gần biển tuy ở trong hẻm. Vệ sinh phòng tốt và dù phòng nhỏ nhưng trang bị đơn giản hợp lý nên thoáng . Tôi thích địa điểm này và sẽ tiếp tục khi có dịp ra NT.,0,5,0,4,0,0
"Trong một lần du lịch Quy Nhơn, đi dạo bộ buổi tối ở quảng trường thấy khát nước thì ghé vào quán này thử. Quán có cầu thang lên xuống nằm khuất nên các người bạn đến sau kiếm được vị trí khá khó, phải gọi điện 2 3 lần mới tìm được. Không gian quán được bài trái khá đẹp và có view nhìn xuống thành phố đẹp. Thực đơn của quán cũng khá phong phú, giá cả cũng phải chăng. Tuy nhiên nếu đi nhóm đông theo mình thì rất khó xếp chỗ ngồi, bên mình cũng phải chia ra ngồi 2 nơi mới đủ chỗ. Gặp hôm trời nóng và quán đông nên cũng thấy hơi ngột ngạt. Nếu có dịp du lịch sẽ ghé quán nữa.",0,0,0,4,0,0
"Tôi thích nơi này rất nhiều, tôi đã đến đây vài lần chỉ để trốn khỏi những con phố nhộn nhịp và tìm một bến lạnh và một số món ăn nhẹ vào buổi chiều. Họ không bao giờ thất vọng và liên tục cung cấp các món ăn nhẹ ngon.",0,0,0,4,0,0
"Có ai ship được giúp mình bát ốc len nhà cô Xí ra Hà Nội khôngggg, huhu. Món này thực sự quá đỉnh. Mình ăn 1 lần mà thèm vật vã mãi, k tìm được quán nào ở HN có món ngon như vầy. Giá cả thì siêu rẻ vô địch, phục vụ nhanh cực các bạn ạ!",0,0,0,5,0,0
"khách quen khi đến Quy Nhơn thuê xe ở đây, cảm giác sau bao nhiêu lâu thì nó vẫn chất lượng mà đầu tư dịch vụ tốt như ngày đâu",0,0,0,0,5,0
"Địa điểm thú vị, nhiều góc chụp ảnh đẹp.
Đồ ăn ngon, phục vụ nhiệt tình
Coffe cũng siêu ngon.
Vé vào cửa chỉ 40.000đ
Nhân viên thân thiện",4,0,0,4,0,0
"Gần biển, gần chợ đêm, thuận tiện đi lại. Nhân viên rất thân thiện và nhiệt tình",0,4,0,0,0,0
"Hôm đi ăn trúng ngay buổi tối 1/6, vì quán đông và nhân viên phục vụ cũng mỏng nên bị sót bill của bàn mình mà không biết, phải chờ 30 phút mà chưa thấy món ăn, trong khi các bàn khác đến sau mà lại có món trước mình. Khiếu nại lại chủ nhà hàng thì được giải thích tình trạng bị sót bill nên bếp và nhân viên phục vụ không kết nối được. Các bạn nhân viên tại quán cũng chưa được huấn luyện kỹ nên còn khá lúng túng trước trường hợp này.Chủ quán cũng đã xin lỗi và giảm 10% bill cho mình kèm món bánh mì bơ tỏi được free. Pizza ngon, giòn dù mang về nhà ăn ( vì mình không thể chờ quá lâu ở quán), khẩu vị thuần Âu. Quán sạch và đẹp nhưng nếu mọi người muốn ăn kiểu thưởng thức nên đi buổi trưa để được không gian yên tĩnh, đồ ăn ngon.",0,0,0,4,0,0
"Đi loanh quanh quy nhơn thì mình nhận ra quán này rất rộng so với các quán khác ở đây. Quán thiết kế gồm sân vườn, khu trò chơi, tầng 1, tầng 2, tầng 3 ( nếu đông khách ) . ở tầng 1 với tầng 2 có bức tường gạch để anh chị em chộp hình nhé :)) mình thích ở quán này là nhân viên được đào tạo rất khắt khe tạo 1 cảm giác lịch sự mến khách. quán có thức ăn sáng nữa nhé, nước ở đây khá ngon nhưng giá tiền thì tầm trung. Đặc biệt quán này t7 CN rất đông khách nhé cẩn thận ko có chổ ngồi đấy :))) tóm lại quán này rất ok nên đi thử 1 lần để tiếp thu phong cách làm việc của quán nhé <3 <3",0,0,0,5,0,0
"Chúng tôi đến đây hai lần liên tiếp, vì chúng tôi yêu thích mì ống tự làm, salad Caesar và gà Parmesan.",0,0,0,5,0,0
"Tuần vừa rồi mình có du lịch Quy Nhơn vài ngày và có thuê xe máy bên dịch vụ Hoài Bảo để thuận tiện đi ăn uống và tham quan các địa điểm đẹp ở Quy Nhơn, xe rất tốt, nhân viên vui vẻ, nhiệt tình, rất hài lòng với thuê xe máy Hoài Bảo 😘 😘",0,0,0,0,5,0
"nên đi các khung giờ khuya sau 8h30 vì khách đông check in vé hơi lâu, cũng tùy bữa thôi... , giá cá thì rất ok
",4,0,0,0,0,0
Cửa hàng cho thuê xe tại quy nhơn rất chuyên nghiệp.,0,0,0,0,5,0
"Thức ăn là homestyle và ngon, giá cả rất phải chăng, và dịch vụ tuyệt vời. Rất khuyến khích parmasagne gà và mì ống tự làm của họ. Hầu hết khách hàng là các gia đình Việt Nam địa phương, và cũng có một số người nước ngoài như chúng tôi.",0,0,0,5,0,0
Phòng ốc sạch sẽ. Nước nóng rất tốt. Vị trí thuận lợi đi lại.,0,5,0,0,5,0
"Thấy mấy bạn cứ check in ở đây nhiều nên mình quyết định lết xác qua xem quán như thế nào. Nói chung view quán khá là đẹp đủ để những teeng đến sống ảo, quán khá rộng, menu của quán đa dạng gồm thức uống, đồ ăn vặt, bánh nữa nhé! Thấy giá cả ở đây khá là ổn, mình thích cách phục vụ của nhân viên quán này lịch sự và zễ thương lắm. tóm lại quán này khá là tuyệt view đẹp thức uống thức ăn ngon khá yên tỉnh! tuyệt! có dịp mình sẽ ghé quán để thưởng thức nốt.",0,0,0,5,0,0
"Tụi mình có hỏi thuê xe của anh Bảo trước đó 1 ngày. Hẹn giao xe lúc 6h sáng hôm sau nhưng không ngờ xe đến sớm hơn mình tưởng, chỉ mới 5h là đã đến nơi rồi, thế là mình gọi cho anh ấy bảo xe lúc 5h. Cứ tưởng sẽ phức tạp cho anh em nào ngờ anh rất vui và giao xe cho mình rất nhanh sau đó, chỉ 15p sau là đã có 2 xe máy cho nhóm mình. Thủ tục thuê xe cũng đơn giản, chỉ cần đưa ra cmnd và kiểm tra bằng lái xe, ký tên vào hợp đồng thuê xe là xong. ",0,0,0,0,5,0
"Nhiều loại thịt và món ăn địa phương ngon, đồ uống giá quá hợp lý. Nằm gần tòa nhà Sky Tower.",0,0,0,4,0,0
"Xe buýt thoải mái, điều chỉnh chỗ ngồi với màn hình, điều hòa, chúng tôi được đưa đến khách sạn của chúng tôi, 
tài xế xe buýt đã làm một công việc tuyệt vời nói chung, tính với sự chậm trễ!",5,0,0,0,5,0
"Chỗ nghỉ rất trung tâm tuy hơi khó tìm vì đi vào đường nhỏ, nhân viên cực kỳ thân thiện và hỗ trợ nhiệt tình, phòng đẹp và sạch",0,4,0,0,0,0
Saigon Transfers thật tuyệt vời! Thời gian đến của chúng tôi thay đổi nhiều lần nhưng cô Vũ vẫn có sức chứa và rất phản hồi qua email.,0,0,0,0,5,0
"Đi ngang qua vài lần và mình quyết định ghé quán xem ntn. Nhìn ngoài đường vào thì cứ tưởng chừng quán nhỏ chật hẹp, nhưng khi bước vào trong thì quán rất thoải mái nó còn ở phía sau nữa. Đặc biệt quán yên tỉnh, nhạc nhé là nơi lý tương cho các bạn cần góc yên tỉnh học bài làm việc nhé. View của quán theo kiểu ấm áp yên tỉnh. Thức uống thì khá ngon giá cả hợp lý. Được tặng phiếu giảm giá nữa nhé.",0,0,0,5,0,0
"Khách du lịch đến quy nhơn đừng quên ghé quán để thưởng thức những món ăn ở quán nhất là những món được chế biến từ cua, cực kỳ thơm ngon. Tuần nào mình cũng ghé quán vì hơi bị ghiền món lẫu cua, hôm nay review cho anh chị chủ vui tính dễ thương nè 😍😍😍",0,0,0,4,0,0
"phòng bố trí thông thoáng rất tốt, sạch sẽ, nhân viên nhiệt tình, chu đáo lắm",0,5,0,0,0,0
"Đông này bạn đã tìm được 1 quán coffee nào để check in sống ảo chưa nào, 1 quán coffee nhỏ nhắn ấm áp nằm trên đường Ỷ Lan. View quán mà lên hình rất ảo lắm nhé, chuẩn bị thêm 1 chiếc máy ảnh nữa thì quá tuyệt luôn nè. Nước của quán khá nhiều lựa chọn, iá cả thì mình thấy khá ok như những quán khác thôi, view này cũng phù hợp cho những bạn mọt sách muốn tìm không gian riêng nè! tóm lại quán này view đẹp , hơi nhỏ, nước ngon giá rẻ. Có díp sẽ ghé lại quán!",0,0,0,5,0,0
Nhất định sẽ trở lại Quy Nhơn thêm nhiều lần nữa và nhất định sẽ tiếp tục thuê xe máy chổ này. Xe đẹp mới và đặc biệt mũ bảo hiểm cực dễ thương và sạch sẽ,0,0,0,0,5,0
"Bị thích cái không gian ở đây tiệm bánh nhỏ này mới khai trương, đi ngang qua thấy đẹp nên ghé vào liền không gian kute kiểu nhẹ nhàng tinh tế vậy á, bánh trái cũng vậy nhìn cái nào cũng cưng cưng muốn ăn hết àh hihi",0,0,0,5,0,0
"không gian thoải mái, phòng sạch sẽ, vị trí thuận lợi, anh chị nhiệt tình vui vẻ",0,4,0,0,0,0
"Đi vòng vòng khu này tìm được massage bình định uy tín, nhiều dịch vụ bạn cũng nên trải nghiệm rồi cho nhận xét nha, mình thì 5 sao",5,0,0,0,0,0
"Làm thủ tục và ra thẳng máy bay bằng lối đi rất ok. Không phải di chuyển qua xe buýt
",0,0,0,0,4,0
Đó là một chuyến du lịch rất hài lòng mà tôi muốn chuyến lưu diễn này sẽ tiếp tục với khung cảnh tương tự trong tương lai.,5,0,0,0,0,0
"Chúng tôi không thể đánh giá chúng đủ cao, quản trị viên rất chu đáo. Chuyến bay từ Đà Nẵng của chúng tôi bị trễ 1 tiếng, 
sau khi có tin cập nhật, tôi nhắn tin cho anh ấy qua facebook chat thì họ thông báo là họ đã biết rồi do mã chuyến bay tôi gửi cho họ khi đặt vé. Chúng tôi cũng bắt xe riêng đi thăm địa đạo Củ Chi và xung quanh thành phố. Dịch vụ tuyệt vời và những chiếc xe đẹp.",0,0,0,0,0,0
Thức ăn được v tốt. Rất nhiều sự lựa chọn cho người ăn chay. Nơi này luôn sôi động với các vũ công múa bụng biểu diễn theo thời gian. Dịch vụ nhanh chóng và tốt.,4,0,0,4,0,0
"Sân mới được nâng cấp, sạch và mới, đặc biệt là mặt sân. Phần chỗ ngồi đa phần không có ghế, ngồi bệ xi măng.
",5,0,0,0,0,0
"Đi dạo siêu thin xong, con em nó bắt phải vào ăn gà ở Jollibee cho bằng được. Tính ra cũng tiện. Mua sắm xong rồi ghé ăn trưa cũng ok. Mình đi ngày thường nên quán khá vắng khách. Nhân viên ở đây cũng dễ thương nè, nói chờ chút là có ngay liền phần cơm hai miếng gà bự. Mình không thích ăn gà rán loại này nên thấy bình thường, nhưng con em lụ đạn thì vừa aen vừa khen ngon, ly trà đào cũng được. Giá ở đây tương đối, không quá đắt, buổi trưa ăn ở đây ổn.",0,0,0,4,0,0
"Tôi đi xe buýt nước như một chuyến đi khứ hồi chỉ để ở trên sông và ngắm nhìn thành phố một cách dễ dàng.
 Đó là một hành trình buổi chiều yên tĩnh. Tôi nghi ngờ rằng khi các công nhân đang đi làm và trở về nhà thì đây sẽ là một trải nghiệm khác, nhưng như một sự kiện yên tĩnh sau bữa ăn trưa, tôi đã rất vui mừng vì tầm nhìn và chi phí thấp.",4,0,0,0,4,0
"Ra khỏi những con đường đông đúc và tất cả những chiếc xe máy và có một cái nhìn khác về Sài Gòn từ dòng sông. 
Các dịch vụ thông thường với nhiều điểm dừng được lên kế hoạch là một ngày tuyệt vời ở bất cứ nơi nào bạn đến hoặc đi. Một d giá rẻ. Chỉ cần 15 k một vé cho bất kỳ hành trình.",4,0,0,0,4,0
"Do đó, taxi và các phương tiện giao thông tư nhân không mang lại lợi thế nào so với xe buýt, và trên thực tế, 
thậm chí có thể ngược lại vì taxi đang có xu hướng tìm kiếm những con đường tắt nhưng hóa ra lại ngược lại.",0,0,0,0,4,0
"Đồ ăn ngon. Nhân viên rất thân thiện, luôn tươi cười.",0,0,0,4,0,0
"Hướng dẫn của chúng tôi thực sự thân thiện và nhiều thông tin. Thật thú vị khi được ngắm nhìn chợ vào buổi sáng, cũng như các
 bản làng của người Hmong. Thác Kung Si hoàn toàn tuyệt đẹp và chúng tôi đã có nhiều thời gian cần thiết để khám phá, bơi lội và leo lên đỉnh. Chắc chắn có những cách rẻ hơn để làm điều này nhưng chúng tôi thực sự đánh giá cao việc có một chiếc xe tải nhỏ thoải mái và có nhiều thời gian tùy thích ở mỗi nơi.",5,0,0,0,0,0
"Xe được giao tận nơi, cho mượn 2 nón bảo hiểm. Thái độ chủ cửa hàng vui vẻ, nhã nhặn ",0,0,0,0,5,0
"Khách sạn to và sạch sẽ, nhân viên dễ thương nhẹ nhàng. Phòng cũng sạch sẽ và thoáng mát",0,5,0,0,0,0
"nhân viên nhiệt tình, mình có con nhỏ check in sớm, nhân viên hỗ trợ cho mình nhận được phòng lúc 10 giờ sáng mà k thêm phụ thu gì cả",0,5,0,0,0,0
"Khá gần biển, chợ đêm và siêu thị! Chị lễ tân rất thân thiện và dễ thương!",0,4,0,0,0,0
Mình đến quy nhơn lần này là lần thứ 3 nhưng đây là lần duy nhất mình cảm thấy hài lòng về dịch vụ cho thuê máy khi thuê ở đây. 2 lần trước mình thuê những chổ khác chất lượng rất tốt. Của hàng này vừa cho thuê xe rẻ mà xe lại mới nữa,0,0,0,0,4,0
"Đi du lịch cũng nhiều nơi nhưng không thấy chỗ nào cho thuê xe như này cả, anh giao cho mình 2 chiếc xe air blade loại đời mới nhất, đẹp và lành, máy ngon lành như xe nhà luôn. Tụi mình chuyển từ Quy Nhơn sang Phú Yên, đi hết các điểm du lịch của cả 2 thành phố nhưng không có chuyện gì xảy ra. Rất tuyệt vời, đánh giá 5 sao cho cửa hàng của anh ấy tuyệt đối và cảm thấy những người bạn đánh giá sẽ cho thuê xe máy tốt là vô cùng đúng.",0,0,0,0,5,0
"Căn hộ tiện nghi, sạch sẽ, tất cả những gì tôi mong muốn đều có ở đây. Không gian phòng rất lãng mạn. Lần sau tới tôi nhất định sẽ ghé lại đây 1 lần nữa.",0,5,0,0,0,0
"Chú chủ khách sạn rất dễ thương, nhiệt tình, thuê xe máy cực rẻ, còn chỉ mình chỗ ăn ngon nữa. Bạn tiếp tân lịch sự, dễ thương. Phòng 5 người ở thoải mái",0,5,0,0,0,0
"Phòng ở tiện nghi, vị trí thuận tiện ra ngay biển. Có thể thoải mái dạo bộ đến những điểm vui chơi. Nói chung là rất ưng hotel này khi tới Nha Trang.",0,4,0,0,0,0
"Các anh chị nhân viền vừa lịch sự vừa chu đáo. Rạp phim rộng, chất lượng hình ảnh, âm thanh rất tuyệt, sạch sẽ thơm tho. Còn có cả nhiều ưu đãi tốt cho khách hàng ❤",5,0,0,0,0,0
Chỉ 5k đồng và mặc dù chậm nhưng nó hoạt động! Phi trường. Người soát vé trung thực và không chấp nhận nhiều hơn,0,0,0,0,4,0
"Đồ uống ngon. Ngoài cafe còn có nhiều lựa chọn khác như matcha, cookie, trà sữa phô mai, trà sữa muối biển, trà sữa lúa mạch, mojito các loại. Chủ quán dùng nguyên liệu xịn, chủ yếu hàng nhập (nói không vs hàng Tung Của) nên rất yên tâm về chất lượng. Mình thì uống chủ yếu là cafe (espresso sữa, cappuccino) , chocolate, matcha và trà sữa.",0,0,0,5,0,0
"Nhân Viên Nhiệt Tình, Chuyên Nghiệp, Sạch sẽ, gần bãi biển, view đẹp.",0,4,0,0,0,0
"Phòng có giường lớn, êm đẹp, sạch sẽ,... Lễ tân is the best. Buffet ngon, thanh đạm. Không gian sảnh sang chảnh tha hồ check in. Cảm ơn Phương Linh đã giúp tụi mình tìm 1 căn phòng vừa ý. Nếu có dịp mình sẽ chọn căn Pano.",0,5,0,0,0,0
"Xe chạy tốt, nhân viên nhiệt tình Giao xe tận nơi. Chuyến đi khá vui đồ ăn khá ngon. Cảm ơn tôi sẽ quay lại.",0,0,0,0,0,0
"Bingsu xứ hàn đã về với quy nhơn mấy cô chú bác ợ, bingsu ăn phát mê liền luôn thích chi mà thích lạ kì, đã vậy món ăn còn đẹp nữa trước khi ăn tha hồ mà sống ảo các kiểu luôn, chỉ có điều bingsu hơi nhanh tan một tẹo nên có muốn sống ảo cũng phải thật nhanh á, không là nó tan hết ăn cũng ko ngon đâu hie hie, có nhìu vị mùi nữa nè, giá thì 35k thì phải, mà quán đang có chương trình mua 5 tăng 1 nữa, nên ai muốn ăn thì lập kèo 6 người đi cho tiện he, mình đi có 4 người à nên thiếu 1 người ăn ko đc tặng hehe",0,0,0,5,0,0
Còn nếu đi vào các buổi tối có đêm nhạc thì phải nói là hết nấc,4,0,0,0,0,0
"Yên tĩnh, quang cảnh đẹp, có bãi tắm riêng khá đẹp, bãi cát không dốc nhiều và sóng cũng êm hơn các bãi trong thành phố",4,0,0,0,0,0
"Mình ở khách sạn trên đường***gần quán nên buổi sáng ghé quán ăn cho tiện. Quan rộng, ngay mặt tiền nên dễ tìm, ghé quán lúc hơn 8 giờ nên vắng khách. Menu giá từ 30 đến 40k được để ngay cửa quán, đi qua là thấy giá rồi. Quán sạch sẽ, lên món nhanh không phải chờ đợi. Mình ăn bún sứa 40k, có rất nhiều sứa, giòn ngon, chả cá, vò viên cá, rau ăn kèm tươi, sạch, nước chấm ngon, đặt biệt mình rất thích sa tế của quán, nước lèo hơi nhạt theo khẩu vị của mình.",0,0,0,4,0,0
"Thật sự bất ngờ với lần đầu tiên tới nơi này, buổi chiều lãng mạn với hoàng hôn thật sự đẹp lắm luôn.Chụp được nhiều hình đẹp nên vui lắm !.Tới tối thì nhạc rất hay, nước uống ngon, thức ăn vừa miệng nữa,nhân viên quán cũng thân thiện,phục vụ nhanh. Bất ngờ ở gía cả phải chăng cho vị trí sát bên Khu phố Tây Bùi Viện .",4,0,0,4,0,0
"Nhiều gian hàng đẹp, nhiều đồ ăn ngon. Thi thoảng mấy đứa lại ới nhau qua đây lượn một vòng là hết nửa ngày luôn",0,0,0,4,0,0
"Ấn tượng ban đầu là quán khá đông, đẹp, sang trọng, nhân viên chuyên nghiệp và lịch sự.",0,4,0,0,0,0
Đồ ăn rất ngon. Đặt hàng gnocchi và pizza. Cả hai đều rất thú vị và tôi không phải là một fan hâm mộ của pizza bình thường. Giá cả hợp lý và tuyệt vời khi bạn cần một cái gì đó khác với món ăn Việt Nam. Rất khuyến khích.,0,0,0,5,0,0
"Anh chị cho thuê xe khá dễ thương, vui vẻ, nhiệt tình hướng dẫn đường đi, chỗ ăn uống ngon cho tụi mình nữa. Giá thuê thì thường  120k xe mới. Chất lượng xe ok, máy chạy êm. Chỗ thuê ngay 27A hoàng hoa thám, gần trung tâm, nhiều đồ ăn vặt nữa.",0,0,0,0,4,0
"Trời nóng lên thì phải kiếm thứ gì ăn để giải nhiệt, đồ nào càng mát càng tốt, mình thì mình ưng ăn chè khúc bạch nhất. Quy Nhơn cũng có nhiều quán khúc bạch nhưng mình thì hay ăn ở đây tại nhà gần đây, với lại quán nhỏ cũng mát mẻ, dễ chịu. Giá mỗi chén khúc bạch chỉ có 15k thôi nhưng bao thơm nhé. Có điều khúc bạch ở đây thơm mùi nhãn chứ không phải vải, viên khúc bạch mềm mịn, ăn là chỉ có đã. Nói chung là thích ăn chè khúc bạch ở đây!",0,0,0,5,0,0
Lần sau mình sẽ dẫn bạn bè mình tới đây dài dài luôn,0,0,0,0,0,0
"Siêu thi C.O.O.P Mart được tỉnh Bình Định ưu đãi cho thuê mặt bằng 50 năm. Hiện giờ siêu thị là nơi tập trung mua sắm và tham quan của người dân Bình Định và khách du lịch thập phương. Những nghành như thực phẩm, giày da, điện thoại, đồng hồ. Mặt trước và sau là hệ thống karaoke, cửa hàng xe máy Yamaha, ngân hàng, cafe...
",0,0,0,0,0,0
Vi vu trên sông Saigon chỉ với 30.000/ 2 lượt đi và về nếu đi 5 bến bạn sẽ còn 2 tiếng thưởng ngoạn cảnh đẹp dọc 2 bờ sông Sài Gòn.,4,0,0,0,4,0
"Quán đa số bán hải sản biển : tươi sống và rất ngon . Giá cả cũng khá ổn , không quá mắc và cũng không rẻ . Nằm ở mức trung bình . Nói chung là đến quán này ăn đồ biển thì ngon tuyệt , nhất là ăn mực xào tỏi , hầu nướng phô mai với tôm nướng phô mai",0,0,0,5,0,0
"Khách sạn đầy đủ tiện nghi, nệm ấm chăn êm, nệm to 3 người nằm còn vừa. Đầy đủ mọi tiện nghi cần có. Ngay khu trung tâm đi đâu cũng gần. Quá ok luôn",0,5,0,0,0,0
"Cứ mỗi lần thèm ốc lại ra đây, quán này bán đủ các thể loại ốc luôn, mà thích nhất quán cái món mai cúm núm í, ngon lắm luôn, chi có 10k 1 mai thôi, mà vào buổi tối thì ko bao giờ có, chỉ co buổi trưa tầm 11,12g quán bán vài cái mai thôi, co hôm canh quán lây về có 4 cái mai , mình gọi hết luôn ăn cho sướng, ngon mà rẻ nữa , cá sơn ở đây to mà ngon, có 170k 1 kg thôi, đi đông gọi 1 kg cuốn bánh tráng là no nê luôn, mình hay ăn buổi trưa cho ít khách, đi buổi tối đông đen , đứng chờ lấy ốc hoi lâu tí, được cái khách đông mà làm nhanh nhẹn lắm,nhân viên gọi phát có mặt ngay, khu này có nhiều quán bán ốc kiểu này, những chỉ mỗi quán này là ngon và đông khách nhất thôi, sẽ quay lại dài dài😁",0,0,0,5,0,0
"Không gian bắt mắt, rất phù hợp cho các bạn đến vui chơi và chụp ảnh sống ảo các kiểu... đồ uống tạm đc giá cả bình dân... buổi sáng thì hơi ít khách nhưng quán được cái có không gian rộng rãi mát mẻ và có cả không gian cho các bạn tới học bài hay tìm 1 chỗ yên tĩnh để đọc sách hoặc làm việc trên máy tính... nhân viên rất vui vẻ và thân thiện với khách hàng... quán rất dễ tìm nên trên đường trần thị kỉ phía sau siêu thị coopmart, được nhiều bạn trẻ biết đến...",0,0,0,5,0,0
"Xe Yamaha Sirius đời mới lái khá bốc, mượt mà, còi, xi nhan gương đầy đủ. Giá 300k/3 ngày. Ổn lắm nha",0,0,0,0,5,0
"Quán nhỏ nằm trong con đường nhỏ nhưng món ăn rất tươi ngon, theo khẩu vị miền trung.",0,0,0,5,0,0
"Quán có mặt bằng thoáng mát , thực đơn khá đa dạng như bò né , beep steak, mì cay , gà sốt singapore nhưng buổi sáng chỉ có 1 sự lựa chọn đó là bò né. Thực sự thì bò né ở đây khá bình thường , vài miếng bò được ướp sẵn xào sơ qua rồi 1 cái trứng opla vừa chín tới , bò bình thường , opla khá ngon. Điểm trừ là nước chấm , khá lạ chắc là quán tự pha chế , chấm vào không tăng thêm vị cho món ăn . Ăn kèm là dĩa rau chua ngọt , khá ít rau nên ăn hơi thiếu cho 1 đứa thích rau như mình. ^^",0,0,0,4,0,0
"Quán này nằm đầu đường Nguyễn Huệ, đoạn gần quảng trường trung tâm thành phố Quy Nhơn. Kem tuyết ở đây cực kỳ ngon! Không phải là đá bào hay sữa tươi xay ra rồi đặt trái cây lên trên đâu! Mỗi vị kem tuyết rất đặc trưng. Đúng vị của trái cây, ngọt thanh chua chua. Còn vị matcha thì đúng là tuyệt cú mèo! Mình nghiện matcha ở đây lắm! Matcha ở đây chuẩn của chuẩn! Trân châu thì dẻo dai. À, trà sữa ở đây làm mình nghiện vì mùi thơm của oolong tuyệt vời! Mình thích trà trái cây ở đây nữa! Không quá ngọt, cảm nhận được vị đắng chát và mùi thơm của trà cùng vị trái cây đặc trưng!",0,0,0,5,0,0
"Không gian ngồi siêu mát, siêu rộng, siêu thoải mái, có thể ăn uống, hẹn hò, tụ họp đủ thể loại luôn hen. Nhân viên thì tạm được, thấy lạnh lùng vậy chứ cũng nhanh nhẹn lắm. Tiêc là quán lớn nhưng wifi không có.",0,0,0,4,0,0
"Quán rộng, có máy lạnh, thoáng mát. Thực đơn quán mình thấy có bánh xèo tôm 25k, mực 25k, bò 25k, trứng 18k và thập cẩm 35k. Chất lượng : rất ngon, nhân nhiều. Cá nhân gia đình mình rất thích bánh xèo mực và tôm. 1 cái bánh xèo mực , có nhiều mực và mực béo ngon lắm. Vì là vùng biển nên mới có giá 25k / cái bánh xèo mực. Nên mình thấy giá như vậy không mắc chút nào, như một số bạn đánh giá. Bánh xèo bò, bò có nêm nếm gia vị , ăn rất ngon. Vỏ bánh nhỏ, và giòn ngon lắm. Mọi người nên cắt bánh làm 4 miếng, dễ cuốn và không bị ngán nha. Cả nhà mình đi 7 người - hết 275.000",0,0,0,5,0,0
"Món ăn sáng không đa dạng, nên thêm nhiều món để thay đổi khẩu vị.",5,0,0,0,0,0
"Ks gần biển, phòng mình có view hướng biển cả hướng thành phố nữa, phòng thoáng đẹp, đạc biệt nhân viên rất tận tình và vui vẻ nha... có cơ hội quay lại mình sẽ ghé lại đây lần nữa",0,4,0,0,0,0
"Quay lại quán thấy lạ ghê, decor xinh và đẹp hơn trước rất nhiều. Món ăn cũng có nhiều đổi mới, chăm chút về decor Mìn rất thích phần trứng non chấm bánh mì, ăn rất vừa miệng",0,0,0,5,0,0
"Đi đợt tết nhưng giờ mới review. Lặn lội trời mưa đến quán cũng đã 8h tối, đập vào mắt là cảnh tượng thật khó quên, người làm ốc thì ngồi bên vệ đường, người ăn thì chen nhau trên nền đường ướt nhẹp, có lẽ do đông quá nên quán không quét dọn kịp. Nhưng tất cả được bỏ qua vì ốc ở đây rất ngon, rất vừa ăn, đặc biệt là ốc mỡ, mình khoái nhất là món muối ớt chanh và nước chấm làm từ gì không rõ, nhưng ngon cực. Tự phục vụ luôn, muốn ăn gì nói chủ làm, muốn xin gì tự lấy. Giá rất rẻ nhưng chất lượng rất tuyệt. Hi vọng ngày quay lại đúng lúc trời khô ráo 😁",0,0,0,5,0,0
"Hoàn toàn hài lòng! Nhà mình trải nghiệm Quy Nhơn 6 ngày nên đăng ký khách sạn Flora qua Traveloka. Các bạn tiếp tân rất dễ thương và chuyên nghiệp đã tự đề nghị upgrade phòng cho nhà mình do là mùa thấp điểm du lịch. Các bữa ăn buffet ngon với hai em phục vụ rất hiếu khách. Phòng ốc còn mới và rộng, view biển nên rất đẹp. Khách sạn thoáng do thiết kế có cửa thoáng trước và sau nhà.từ khách sạn ra bãi tắm Quy Nhơn tầm khoảng 150 mét, rất tiện lợi, bãi biển sạch và đẹp. Một nơi đáng để nghỉ dưỡng!",0,5,0,0,0,0
"Thoáng mát, sạch sẽ, tiện nghi đầy đủ",0,5,0,0,0,0
"khách nào gọi mới làm , chữ k phải kieu bỏ đông , nhân viên cung thân thiện, được cai quán bán từ sáng đên khuya 1g sáng muon qa ăn cũng có, mà nhà hàng nổi tren biển nên ăn ở đây chụp hình check in cũng thích, nói chung sẽ quay lại.",0,0,0,5,0,0
"Mình ghé quán vào tối thứ 6 trong chuyến đi Quy Nhiwn lần này. Quán nằm trên bờ biển và gửi xe phía bên đường, xe máy 3k 1 chiếc. Không gian rất rộng và thoáng mát vì ở ngay trên bãi biển mà, ngồi uống 1 ly bia nghe sóng biển rì rào nhạc bắt tay chill phết. Quán trên trí đẹp, nhiều gốc sống ảo, nhiều bàn ghế, quán đông nhưng nhân viên rất nhanh nhẹn và nhiệt tình. Menu đa dạng giá bình dân. Điểm trừ là quán để cho người bán hàng rong vào làm phiền khách vì người bán khá nhây, cứ mời hoài dù nói là không mua",0,0,0,4,0,0
"Phòng view biển đẹp, sạch sẽ, nhân viên thân thiện, gần trung tâm, gần biển chỉ vài phút đi bộ, bể bơi và gym room trên sân thượng đẹp",0,5,0,0,0,0
"Đang cần thuê xe máy thì thấy tờ rơi trong bãi giữ xe chung cư mình gọi thử, dịch vụ tốt, giao xe nhanh, xe chạy êm và tiết kiệm xăng, giá cả hợp lý, đã lưu lại thông tin bên bạn, sẽ tiếp tục gọi nếu cần",0,0,0,0,4,0
"Quán ngay cạnh biển, không khí mát mẻ, giá cả đồ uống phải chăng, sẽ quay lại vào dịp tới đến Quy Nhơn",5,0,0,0,0,0
"Seach map để đến quán. Hỏi sô 40 Đào Duy Từ mà hông ai biết. Dân địa phương còn nói đường gì tên lạ quá 😂 Tưởng mị bị troll r nhưng may cố gắng đi đại. Quán khuất trong hẻm nhỏ, đường vắng. Không để í sẽ đi hố đó. Ngó đc menu hết hồn lun. Đơn vị theo đĩa chứ không cân gì đâu. A chủ quán oder quan tâm mức độ hài lòng của khách lắm. Cứ ra hỏi thăm ăn được không, ngon không. Giới thiệu thêm giùm a nha. Tổng thiệc hại mớ đó + 1 đĩa nữa mà ngon miệng quá không kịp chụp ^^ và 2 pepsi 1 Tiger 390.000₫ Tuyệt vời lun ạ. Có dịp ra Quy Nhơn nữa sẽ ghé.",0,0,0,5,0,0
"Cho thuê xe máy tốt nhất ở Quy Nhơn. Chủ nhà rất nhiệt tình, vui vẻ. Xe đa dạng, mới, chạy rất êm! Khi đến Quy Nhơn, bạn cần thuê xe máy ở đây.",0,0,0,0,5,0
"Nhân viên phục vụ tận tình, vui vẻ, giúp khách check in sớm nhất có thể và hỗ trợ khách đặt các dịch vụ. Rất linh động xử lý các yêu cầu của khách. Mình sẽ quay lại nếu có dịp đến Nha Trang.",0,4,0,0,0,0
"Phòng ổn, được mời đi nên chẳng biết giá cả thế nào. Nói chung là đc mời sẽ đi, còn tiền túi thì nghỉ, kaka",0,4,0,0,0,0
"Mình đi cà phê không thích mấy quán ồn ào cho lắm nên đi ngang thấy kensi khá yên tĩnh nên vào. Kensi này phía đường trong Đô Đốc Bảo nên cũng có ít xe chạy qua, đặc biệt phía trước còn có hàng cây xanh mát nữa nên khá là thích ngồi ở đây nhìn ra ngoài đường luôn nè. Điều ấn tượng đầu tiên là quán trang trí khá đẹp, kiểu là hơi art một chút ý, quầy pha nước có cái gương tự sướng đúng chất luôn, menu quán thiết kế đẹp nữa, đại khái là hơi bị mê cái thiết kế của quán nì, cộng với việc nước uống ok, giá cả phải chăng và không gian yên tĩnh, thích hợp với việc hạc bài vào buổi sáng và trưa hie hie túm lại là sẽ ghé lại quán vào những lần sau vì quá thích <3",0,0,0,5,0,0
Nhà khách bình dân. Nhưng đầy đủ tiện nghi.,0,5,0,0,0,0
"Tưởng không ngon mà ngon không tưởng. Mình không thực sự ấn tượng với bánh xèo tôm nhảy Quy Nhơn. Nhưng ăn bánh xèo ở đây đỉnh của chóp. Đồ tươi, nêm nếm ngon, nước chấm cũng xuất sắc. Giá cả ở mức hợp lý. Chắc chắn sẽ quay lại quán khi có dịp ghé Quy Nhơn lần nữa.
",0,0,0,5,0,0
"Ưu điểm: nước uống ngon, không gian thoáng, thoái mái, nhẹ nhàng Nhược: ko trung tâm. Phù hợp: các bạn trẻ thích món đá xay và trà. 2 dòng này ở quán cực hot hit. Các văn phòng gọi về nhiều. Mình cũng là fan của dòng đá xay và trà đào ở đây :)",0,0,0,4,0,0
Tuy nhiên cũng phải nói rằng ở đây vẫn rất nhộn nhịp và mình thấy ngày càng có nhiều khách nước ngoài biết đến thương hiệu Phở 10.,0,0,0,4,0,0
"Quán không gian thoáng mát, khu vực mát mẻ. là sự lựa chọn rất tuyệt cho kỳ nghỉ lễ cùng gia đình hay cơ quan. Có đồi sim ngay cạnh quán, dẫn con lên chơi, hái sim thỏa thích. Đồ ăn ngon, hải sản tươi chứ không như mấy nơi, hải sản gì đâu. Cảm ơn quán. lần sau sẽ ghé ủng hộ",0,0,0,5,0,0
Khách đông nên ko kịp dọn phòng,0,4,0,0,0,0
"Quán trà sữa Ming tea này nằm hai mặt tiền nên dễ tìm, quán trang trí khá đơn giản và trẻ trung. Giá nước không quá đắt, nếu mình chọn mấy món yagurt thì giá khá rẻ chỉ tầm hơn 20k là có một ly rồi, không gian khá nhỏ nên không có quá nhiều khoảng riêng, hên quá hôm mình đi quán vắng nên khá dễ chịu, ngồi vừa uống nước vừa giết thời gian. Nước uống khá ngon, độ ngọt vừa phải,pha thêm một chút béo béo và rất là thơm,mà ly rất là to. Nhân viên lịch sự nữa, nên mình sẽ quay lại.",0,0,0,5,0,0
"Ghẹ tươi ngon giá thành hợp lý, có niêm yết rõ ràng",0,0,0,5,0,0
"Khu resort này gần xịt khu dã ngoại Trung Lương luôn. Nói chung là vô cùng sang chảnh đẳng cấp. Tiền nào của nấy, phòng ở siêu đẹp, đồ ăn thì khỏi bàn. Đẹp mắt mà ngon nữa, ăn cứ phải nhỏ nhẹ thỏ thẻ cho hợp với cái không khí hic hic. Nghe bảo noel này có tổ chức party hoành tráng lắm. Muốn đi thì nên book trước từ bây giờ k là cháy phòng",0,5,0,5,0,0
"Xe đẹp. Giao xe nhiệt tình thân thiện. Quy Nhơn là nơi thích hợp để bạn đi du lịch, bãi biển đẹp, đồ ăn rẻ, người dân thân thiện ",0,0,0,5,5,0
"Vị trí ngay trung tâm thành phố sầm uất, view biển đẹp, giá thành rất hợp lý.",0,4,0,0,0,0
Hiệu quả và đúng giờ - bạn còn muốn gì nữa? Và ở một mức giá cạnh tranh. Tốt hơn nhiều so với việc chờ đợi trong một hàng đợi ở quầy taxi.,0,0,0,0,4,0
"Quán tông đen màu yêu thích của mình nên đi ngang hay nghía lắm. Nghía thôi chứ hổng vô vì nước không có ngon. Đi 2 lần mà thất vọng cả 2 nên thôi say goodbye. Mà quán vẫn đông lắm chắc do mình không hợp hoặc do mình uống ở SG quen r nên thấy chất lượng nước không ra sao cả. Mà mình cực kì ghét ly nước lọc của quán, không biết phải nước máy hay không nhưng mà vị thì y như nước máy 😩😩chỉ thắc mắc nước bình cũng rẻ mà, quán đẹp như z không có đc ly nước trà thì chí ít cũng nước bình chứ.",0,0,0,4,0,0
"Thật k muốn review, sợ mọi người đến ăn đông quá:)) Ngon lắm ạ, chủ dễ thương dễ tính. Món ăn ngon, tươi, cái gì cũng 10 điểm luôn. Tất cả các món trên theo combo 150k/người, free trà đá. Hix no quá ạ. Đặc sản Lẩu sứa, salad rong nho😍",0,0,0,5,0,0
Nhân viên rất hữu ích. Hãy tìm chiếc xe buýt màu xanh lá cây!,4,0,0,0,0,0
"Nhân viên từ bác bảo vệ đến các bạn lễ tân đều rất nice. Các bạn đổi hạng phòng cho mình free. Phòng ở tầng cao, đầy đủ tiện nghi.",0,5,0,0,0,0
Không gian hơi hẹp nhưng đồ ăn bao ngon. Mình đi 2 người gọi 4 món mà ăn k nổi luôn :))))),0,0,0,4,0,0
"Khách sạn Quy Nhơn gần biển đẹp nhất mà mình biết.
Ấn tượng với view tầng 6 nhìn ra bãi biển và đường chân trời.
Phục vụ và đồ ăn thì quá ưng rồi.
Nói chung phù hợp với những thành phần sống ảo như mình.
",0,5,0,0,0,0
"Mình vừa có chuyến du lịch 4N3D taị thành phố Quy Nhơn. Mình ở homestay Two sister home, mọi thứ đều rất tuyệt vời, con người ở đây vô cùng dễ thương, thân thiện và đáng mến. Ngày đầu tiên mình di chuyển chủ yếu bằng taxi và cảm thấy khá tốn kém, sang hôm sau mình muốn thuê xe máy để đi lại thì sau một khoảng thời gian tìm kiếm trên fb và gg thì nhận ra có quá nhiều chổ cho thuê xe máy và không biết phải gọi chổ nào thì mình có hỏi chị chủ homestay và chị nói mình gọi cho bên này đi. Không biết home mình ở có gần cửa hàng của các bạn không nhưng mình vừa gọi chưa tới 10p là các bạn đã mang xe đến rồi. Lúc nhận xe thì nói chuyện rất cởi mở và nhiệt tình, làm hợp đồng thuê xe máy chuyên nghiệp lắm, sau đó thì giời thiệu cho mình nhiều quán ăn ngon và nhiều địa điểm du lịch đang hot ở đây. Còn dặn dò mình nếu cần thông tin gì thì gọi ngay cho bạn ấy và thế là mình đá làm phiền bạn ấy suốt 3 ngày còn lại ở đây. Cảm ơn bạn rất nhiều, kinh doanh có tâm lắm, sẽ sớm thành công thôi.",0,0,0,0,5,0
Tuy là sân bay của quân đội những cũng rất OK và rất đẹp,0,0,0,0,4,0
"Thực đơn thức ăn là một chút hạn chế nhưng bánh mì kẹp thịt là tốt và đồ uống có giá tốt. Nhân viên tốt, và đó là một nơi tốt để gặp gỡ mọi người.",5,0,0,5,0,0
"Chúng tôi được cung cấp một chiếc xe lớn, thoải mái và hướng dẫn viên của chúng tôi, Tin, 
rất trò chuyện và hiểu biết. Nó vượt quá sự mong đợi của chúng tôi và họ đã thả chúng tôi xuống sân bay với nhiều thời gian rảnh rỗi.",5,0,0,0,5,0
"Gần trung tâm , đi bộ ra bãi biển rất gần",0,0,0,0,4,0
"Mình chơi ở QN 3days mà 2 tối ghé quán ăn ròi. Nêm nếm rất ngon, dĩa nào chất lượng dĩa đó nên ngày đầu có kêu quá hớp vì cứ nghĩ dĩa ốc nhỏ nhỏ xinh xinh giống ở SG. 2 người ăn thì kêu tầm 3-4 món thôi, ăn hết thì kêu típ nha mí bạn. Recommend 1 số món mấy bạn nên thử nè: - Ốc xào ăn chung vs bánh mì (mồi này hơi bị tốn bia :v) - Xìa hấp xả, nc nêm rất ngon và thơm - Ốc tỏi con to mà có 12k/em à - Cháo ngon lắm nhé - Hàu nướng mỡ hành Chỉ có món ốc móng tay là mình ko thik do sạn hơi nhìu nên bỏ nguyên dĩa. 2 người ăn tốn khoảng 200k là no ròi :v Phục vụ siu dễ thương và nhiệt tình ^^",0,0,0,5,0,0
"Quán ngon, đồ ăn tươi và giá cả rất phải chăng. Sẽ quay lại nếu có dịp",0,0,0,5,0,0
"Địa điểm thuận tiện, Nhân viên thân thiện, nhiệt tình",0,5,0,0,0,0
"Dịch vụ của khách sạn rất tốt, nhân viên nhiệt tình chu đáo. Mình đã có một sinh nhật tuyết vời tại đây!",0,5,0,0,0,0
"Giá trà sữa thường ở đây từ 20.000. Có trà sữa với kem và topping nhiều loại. Kem ngon, có nhiều hương vị. Nhân viên thân thiện và luôn mỉm cười với khách. Quán trang trí rất đẹp, theo chủ đề Halloween. Ngoài ra có bán nhiều đồ ăn vặt như sữa chua, bánh tráng trộn, bánh chuối, bánh phô mai, bánh flan... Mình rất reccomend quán này ☺️.",0,0,0,5,0,0
"Quán này ngon các bạn ạ. mình đi chơi lâu ngày nên thèm cơm nhà. ghé quán ăn thì thấy hương vị đậm đà, món nào cũng hợp khẩu vị không gian decor quá chất. có thể quán này là quán cơm nhà không gian chất nhất quy nhơn roài á. mình thích nhất món tôm kho thịt, khá đậm đà ăn vs cơm là ăn hết cơm luôn",0,0,0,5,0,0
"Thấy thông báo nên mình viết review. Mũ bảo hiểm bạn mình thì sạch, nhưng mũ mình hơi cũ. Nhìn chung xe cũng đc, nhưng giao sân bay thì cũng tiện. Bác gái rất nhẹ nhàng và tình cảm. Sẽ ủng hộ bác lần sau.
",0,0,0,0,4,0
Các loại thức uống rất ngon.Mình đã quay lại đây 3-4 lần vẫn thấy thích.Quán dễ tìm mỗi tội hơi nhỏ với nóng lắm.Các bạn sẽ không thể để xe ở ngay trước quán nếu vào uống.Nhân viên cũn nhiệt tình và cá bạn cũng có thể tích dấu và đổi trà sữa nếu đủ con dấu...nói chung là tuyệt,0,0,0,5,0,0
"Tuy là sân bay bay địa phương nhưng cơ sở vật chất mới xây dựng nên khang trang, sạch sẽ và hoành tráng. Tiện ích khá đầy đủ và tiện lợi.
",0,0,0,0,4,0
"Khách sạn Quy Nhơn Mira Eco đẹp mê mẩn.
Nằm trên giường ngắm bình minh lên từ bãi biển thật tuyệt vời.
Kì nghỉ ý nghĩa tại vùng biển Quy Nhơn",0,5,0,0,0,0
"Thật sự rất tuyệt vời, nhân viên thân thiện, ngay trung tâm và sát bãi biển nên đi chơi ăn uống rất thuận tiện.",0,5,0,0,0,0
"Chỗ nghỉ sạch sẽ, nhân viên nhiệt tình, dễ chịu, phòng rộng rãi thoải mái, rất đáng tiền",0,4,0,0,0,0
"Quán có không gian đẹp, sang trọng và nhỏ nhắn dễ thương phù hợp cho các bạn teen muốn sống ảo các kiểu... mình biết đến quán cũng tình cờ đi ngang và ghé vào ăn thử món trái cây tô... ở đây có nhiều loại vị có thể ăn kèm với trái cây và sữa chua... trái cây thì đủ loại đa dạng và tươi nha... nên ăn rất mát và ngon nha... các bạn nữ nào muốn đẹp da thì tới ăn nhé... rất tốt đó nha... địa chỉ hơi khó tìm 1 chút nhưng đổi lại không gian cực kì đẹp, các bạn sẽ ko phải thấy thất vọng đâu...",0,0,0,5,0,0
"Quán nằm trong ngõ nhỏ, một thứ gì đó rất Hà Nội. Chính xác là giống hệt phong cách của sốt vang 35 Thái Thịnh. Chén lagu hỗn hợp xương hoặc chân giò hầm cùng cà rốt, ngô, khoai tây,... nói chung là gần giống súp nhưng đậm và sánh hơn. Bánh mì bơ nướng giòn chấm vào hỗn hợp ăn khá hay và lạ. Dù sao vẫn ưng bánh mì chảo cột điện hơn.",0,0,0,4,0,0
"Một trong những điểm phải đến khi tới Cù Lao Xanh. Đường đi lên đây không quá khó, cuốc bộ 20p từ cầu cảng là tới nơi. Đứng trên đỉnh hải đăng bạn sẽ có tầm nhìn bao quát toàn bộ đảo, từ khu dân cư, vùng biển ở trước với tàu thuyền đậu rập rình, quang cảnh rất ấn tượng.",0,0,0,0,0,0
"Khách sạn ngay trung tâm, có thể đi bộ ra biển, mall và các quán cafe. Phòng sạch sẽ, các bạn nhân viên dễ thương 😊 Đợt sau nếu đi Nha Trang mình lại book ks này.",0,5,0,0,0,0
Hơi xa khu trung tâm 1 chút.,0,4,0,0,0,0
"Không gian rộng rãi, view đẹp. Phòng sạch sẽ, đầy đủ tiện nghị",0,5,0,0,0,0
"Gia đình mình rất thích ăn bánh mì ở đây. Vợ mình là kiểu kén ăn,vậy mà đến đây ăn gì cũng khen ngon. Cứ 1 tuần là ghé quán 2,3 lần. Phá lấu vừa miệng,ăn với mì tôm ko quá mặn,lagu rất thơm không bị béo. Đặc biệt,pate ở đây mùi vị khác hẳn những nơi khác,thơm,ngon,không bị hôi gan,sạch sẽ. Được biết là pate quán tự làm,vợ mình liền mua ngay nửa kg về để dành ăn. Quán rộng rãi,thoáng mát,gần trung tâm,ăn xong sẵn tiện đi dạo mát rất ok 👍🏻",0,0,0,5,0,0
"-Quán rộng rãi,sạch sẽ,gần trung tâm nên rất tiện. -Món ăn đẹp mắt,vừa tiền. Phá lấu ở đây là phá lấu heo,không phải bò như SG nhưng ăn rất ngon. Có phá lấu bánh mì-bánh hỏi-mì tôm,mình chọn phá lấu mì tôm. Bạn mình ăn lagu cũng bảo ngon,giá lại rẻ hơn bên Nguyễn Huệ,chỉ 17k cho 1 tô lagu có thịt củ đầy đủ. Ai thích ăn lagu thì nên ghé quán đây. Mình gọi thêm nước tắc,10k/ly,ngon,giải nhiệt mùa hè. 😄 Tóm lại,mình sẽ là bạn hàng dài dài của quán!",0,0,0,5,0,0
"Chỗ vui chơi bên bờ biển. Có thể mua đồ uống và đồ ăn nhẹ để ngồi ghế ngắm biển. Vệ sinh không sạch sẽ lắm.
",4,0,0,0,0,0
"Chị chủ thì dễ thương thôi rồi :""> Mà giá của quán cũng khiến bọn mình xiêu lòng luôn: chỉ từ 16k là mua được một món ở bingo rồi, mà món cao nhất cũng chỉ có 30k thôi. Yêu chưa nè :""> À các món nên thử khi tới đây nè: trà sữa caramel macchiato thạch thảo mộc, flan gato, flan kem tươi, bingo's signature-toàn món ngon của quán và được gọi nhiều nhất đó. Thôi mình không kể nữa đâu, nhắc tới là thèm à :"">. Có ai cũng có cảm giác như mình thì tới Bingo's Bakery liền đi nha!!!",0,0,0,5,0,0
"Tài xế của chúng tôi tốt bụng, nhiều thông tin và gặp chúng tôi với nụ cười hạnh phúc cả hai lần đón lúc 2 giờ chiều và lúc 5 giờ sáng.
 Anh ấy rất dễ chịu và một niềm vui khi được ở bên.",5,0,0,0,5,0
"Gọi 1 matcha đá xay, 1 matcha milk foam, 1 yogurt việt quất. Matcha ngon, ngon hơn Marina rất nhiều. Lớp milk foam béo béo mặn mặn cũng lạ miệng. Yogurt thì hơi nhạt. Giá theo mặt bằng chung cũng tạm được. Về không gian thì quán nhỏ nhỏ cũng dễ thương, tông đen trắng, hơi đơn điệu, ít góc chụp selfie, phòng máy lạnh mà cho mang đồ ăn sáng vào, có mùi, không thích lắm. Quán nhỏ nên khách đông tí thì hơi ồn. Đi đông thì ngồi ở ngoài thoáng hơn, nhìn người qua lại cũng vui. Các bạn nhân viên order rất chu đáo, nhiệt tình, trong quầy pha chế thì mặt hơi lạnh chút ạ nhưng mà không sao hết.",0,0,0,4,0,0
"Lần đầu tiên đến quán là đã ấn tượng ngay. Không gian không quá rộng nhưng cũng không quá hẹp nhìn rất ấm cúng. View thì cực kì đẹp luôn rất thích hợp để selfie, sống ảo nha. Mìh order 1 trà olong váng sữa phô mai, vị cực kì tuyệt vời, phô mai béo và bùi, trà thơm. Gía tiền cũng rất phù hợp với túi tiền của hs, sinh viên. Tuy đông khách nhưng phục vụ rất nhanh, nhân viên lại nhiệt tình. Mình có ấn tượng rất tốt với quán này, sẽ ủng hộ dài dài",0,0,0,5,0,0
"Quán có không gian nhỏ nhưng ấm cúng , trời lạnh mà đến đây ngồi nhìn mưa rơi thì lãng mạn phết . Quán không dành cho những bạn thích ồn ào và thích sống ảo . Những ai cần không gian yên tĩnh và nhẹ nhàng thì nên đến đây . Đồ uống của quán khá ổn , mọi thứ đều hài hoà . Giá cả hợp lí chỉ từ 15k đến 25k cho một ly . Mình cực thích trà xanh đá xay ở đây , đậm vị trà và kem cũng khá ngon . Quán còn có voucher giảm giá 20% tặng cho khách nữa . Chắc chắn sẽ quay lại đây",0,0,0,5,0,0
"Khách sạn Quý Nhơn gần biển, phòng sạch đẹp, trang trí tinh tế.
Phục vụ ân cần chu đáo và thân thiện
",0,5,0,0,0,0
"Việc lái xe đến khách sạn của chúng tôi thật thư giãn và thú vị. Tài xế của chúng tôi vừa chuyên nghiệp vừa lịch sự. 
Chúng tôi cảm thấy rất an toàn khi ở trong tay tốt như vậy. Chiếc xe của chúng tôi rất thoải mái và sạch sẽ, không thể thiếu toàn bộ trải nghiệm. Chúng tôi chắc chắn sẽ sử dụng Chuyển đến Tư nhân trong tương lai và sẽ không do dự khi giới thiệu họ.",5,0,0,0,5,0
"Quán này mình ăn cũng lâu rồi , làn nào về quê , xuống thành phố là kiểu gì cũng ghé chỗ này ăn. tại cái vị thit nướng và nước chang ở thấy khá ngon và đặc biệt nên rất ưng , hình như quán mới mở thêm chi nhánh thì phải ,",0,0,0,5,0,0
"Mình đến đây rất nhiều lần, mỗi lần có bạn từ phương xa đến. Tụi nó đều bắt mình dẫn đi quán này vì quảng cáo nổi tiếng rần rần. Công nhận view trước biển quá đẹp. Trang trí cũng lãng mạn kiểu như một quán bar thu nhỏ trên bãi biển lung linh,huyền ảo. Thích hợp để hẹn hò, uống nước, tâm sự. Cơ mà mình đi lần nào cũng như lần nào, nước phải nói là dở tệ, có khi mình bỏ nguyên ly, vì dở tệ kiểu như đá ra đá,trà sữa ra trà sữa, cam ra cam, nó chả ăn nhập gì với nhau cả.chán vô cùng.",0,0,0,5,0,0
"Quán này mở cũng khá là lâu rồi, cũng đi nhiều lần rồi, quán khá là ngon nên dễ làm cho khách lưu luyến đến những lần tiếp theo. Quán có tới 3 chổ nhưng nằm gần nhau cách nhau mấy mét thôi kiểu mở rộng ra theo thời gian ý. Mình thấy thức ăn của quán khá ngon, nhất là món nướng ngói mình bị nghiền món đó dã man luôn. Thức ăn ở đây mình thấy cũng bình dân chứ ko quá đắt đỏ gì, đặc biệt nay quán mở rộng ra nên có thể tổ chức sinh nhật ở đây là quá tuyệt vời nè. Đi đúng ngày là gặp toàn tiếp thị chân dài ko đấy nhé :))))",0,0,0,5,0,0
"Ốc len xào dừa , ốc tỏi nướng, cháo hải sản, sò điệp : ngon Ốc trộn ăn được Nghêu hấp xả do nấu lâu nên con nghêu khô và mặn. Ốc móng tay xào sa tế nêm ngon nhưng nguội. 150k , free trà tự phục vụ.",0,0,0,4,0,0
"Thuê xe máy giá rẻ, chất lượng và mới lắm. Thuê 2 xe sirius 3 ngày được anh chủ đẹp trai giảm giá chỉ còn 100K/xe/ngày. Quá rẻ, đi phượt từ quy nhơn sang phú yên không gặp bất cứ sự cố gì. Xe chạy bao ngon luôn",0,0,0,0,4,0
"Đồ ăn ngon, giá cả hợp lý. Năm nào nhà mình đi FLC đều ăn 3 bữa ở đây hết 😏",0,0,0,5,0,0
Mình ăn quán này từ rất lâu rồi... quán rất nổi tiếng với 2 món đặc sản của Phù Mỹ là bún tôm và bún rạm... hương vị vẫn còn như xưa vẫn đậm đà và hợp khẩu vị mọi người... bún rậm thì đậm vị còn bún tôm thì vị thanh nhẹ ăn rất ngon nha... ăn kèm với bánh tráng nướng... mà xít xa cả buổi sáng... mình rất thích ăn bún ở đây bởi sợi bún tươi vừa làm là đc nấu lại làm nước lèo cho món bún tôm và rạm nguyên chất ăn rất ngon và không chỗ nào có được...,0,0,0,5,0,0
"Đây là món đặc biệt nhất. Nên ăn khi đến đây, sự kết hợp giữa nước cua và sứa tươi cùng các loại rau sẽ rất thơm ngon.",0,0,0,5,0,0
"Nhân viên thân thiện, view biển siêu đẹp và gần biển. Không khác gì các khách sạn 5*",0,5,0,0,0,0
"Tất cả mọi thứ và thích nhất là chất lượng phục vụ, view đẹp, phòng thì sạch sẽ, decor cũng xinh",0,5,0,0,0,0
"Chúng tôi đến đó vào sáng Giáng sinh vì chúng tôi đã thưởng thức món bít-tết, dịch vụ rất thân thiện nhưng dường như cô ấy không nghe chúng tôi, 
chúng tôi phải đặt hàng 3 lần cho đến khi chúng tôi nhận được tất cả đồ uống. nó làm việc thực sự.) và bít tết của tôi đã được giảm xuống thay vì nguyên liệu trung bình. Mặc dù nó rất ngon. Các phần nhỏ cho giá bạn trả tiền, nhưng tôi chắc chắn sẽ trở lại cho món bít tết khác.",4,0,0,4,0,0
"Tré ở đây bán ngon mà rẻ nữa. Cóc non chua chua ăn sướng
",0,0,0,5,0,0
"Đọc mấy bài review cứ nhắc suft bar làm mình tò mò, đến lúc đặt chân đến thì ko như mong đợi. Thức uống tạm được, không gian ngoài biển mát mẻ, ngắm bãi biển cũng ổn; bàn ghế bài trí khá dễ thương. Nói chung là cũng được nhưng ko đẹp đến mức mấy bài review quảng cáo.",0,0,0,4,0,0
Quán rất sạch sẽ và ngon... mình đi thì quán dọn hết rùi nhưng thấy mình hỏi còn bán hok cô... Thì cô vẫn đón khách và làm đồ ăn rất nóng ngon chỉ 80k hai phần với đĩa lòng to chà bá ... thích ăn gì mình cứ nói cô chủ sẽ làm theo ý mình thik... Rất đáng ăn...,0,0,0,5,0,0
"Giá rẻ, tùy mùa. Mùa này ghẹ hơi nhỏ. Tôm, ốc ok",0,0,0,4,0,0
"Trà sữa HongKong (40k): Đến đây nhất định phải thử món này, trà sữa HôngKong được xem là đặc trung của quán, mùi vị ko quá béo, trà rất thơm và kèm theo Panacotta của riêng quán làm luôn. - Trà xanh hoa lài size M + milk foam (28k): trà xanh có vị hơi đắng và cũng hơi nhạt, kem cũng ok chưa quá đặc sắc, uống ly này mình ko có nhiều ấn tượng cho lắm ^^ - Sữa tươi trân châu đường nâu size M (27k): sữa là sữa tươi nha mn, ko phải kiểu sữa đóng hộp nên rất béo và thơm, trân châu ko quá ngọt, vị uống vừa phải, rất ok. ---Không gian nhỏ nhưng rất thoáng, trang trí siêu cute luôn đúng tone bánh bèo hường hường mình thích nữa 🤣 >> Mai mốt có dịp quay lại Bình Định, nhất định mình sẽ ghé lại quán.",0,0,0,4,0,0
"Tiện nghi, sạch sẽ, nhân viên nhiệt tình.",0,5,0,0,0,0
"Sân bay nhỏ nhưng hiện đại & sạch sẽ. Có cảm giác như ngồi ở 1 góc của Nội Bài.
",0,0,0,0,4,0
"Cả nhà ghé ăn quán buổi sáng, quán rất rất đông, nhưng phục vụ lại nhanh. Vị trí quán rất dễ tìm, mặt tiền đường lớn, đậu xe máy đối diện quán. Thực đơn đa dạng, bún sứa, búm rạm, bún riêu, bún bò, mỳ quảng,.. Gia đình mình chọn bún thập cẩm để thưởng thức các loại nhân của quán. Rất ngon nha mọi người. Sứa cắt miếng to, dòn sực và nhiều Rạm : ngon lắm, chất lượng luôn. Riêu cua họ làm có trộn thêm thịt, vị rất ngon. Tô bún có rắc đậu phộng và xoài sợi , lạ miệng. Ăn 1 tô thập cẩm 35k no say luôn.",0,0,0,5,0,0
Từng thuê xe ở đây. Xe còn khá mới chạy rất êm và tốt. Nhân viên cũng hỗ trợ nhiệt tình. Chắc chắn sẽ ghé lần 2 nếu có cơ hội,0,0,0,0,5,0
"View đẹp, ks sạch sẽ, vị trí gần trung tâm nên đi lại dễ dàng. Đi bộ 5 phút là tới biển liền. Bác bảo vệ tên Lợi rất thân thiện, hiếu khách.",0,5,0,0,0,0
Có thang máy thẻ từ đỡ cực khi mang nhiều hành lý,0,4,0,0,0,0
"Nhân viên rất thân thiện, nói chuyện dễ thương, vị trí tiện lợi đi lại",0,5,0,0,0,0
"Bé em nói có quán mới mở hai chị e lang thang đi ăn. Quán có không gian thoáng mát, view đẹp nè, anh chị nhân viên chủ quán nhiệt tình. Món ăn ngon. Thích hợp cho ngày hè lê la hàng quán :D. Chỉ có plan phomai là ứ thấy vị phomai đâu cả. Hiuhiu. Nhưng nhất định sẽ ủng hộ quán.",0,0,0,4,0,0
"Mình đã đặt và lưu trú theo đoàn tại khách sạn. Giá cho đoàn rất ổn. Khách sạn mới và khá nhiều review tốt nên mình cũng yên tâm. Đòan đi chơi cả ngày về lúc nào phòng cũng được dọn rất sạch sẽ (có yêu cầu dọn phòng). Phòng được chêm tinh dầu thơm, không bay mùi sơn, mùi phòng bị kín, nên rất hài lòng (bình thường khách sạn khác ít chú ý vấn đề này). Chúc khách sạn kinh doanh phát đạt.
",0,5,0,0,0,0
"Giao xe nhanh, nhân viên nhiệt tình. Lần sau đến Quy Nhơn mình sẽ liên hệ để thuê xe tiếp, ưng ý lắm",0,0,0,0,5,0
"Món đơn giản mà ngon siêu phẩm, nước dùng ngọt thanh, bột lọc dai ngon ăn với cá thu dầm và chả cá chấm mắm ớt rất thơm. Thêm ớt tương, gọi thêm bát trứng cá ăn thêm bên ngoài. Sáng thứ bảy vào quán lúc 8h30 ko quá đông đúc chủ yếu dân địa phương ăn. Bà chủ tự tay chế biến nhìn rất sạch sẽ. Vote 10 điểm và khách du lịch phải thử",0,0,0,5,0,0
Đây là hình ảnh thật cho các bạn tự đánh giá,0,0,0,0,0,0
"Uống ở Búp từ ngày mới khai trương đến bây h đã rất quen với Búp rồi. Chủ quán dễ thương nhân viên vui tính . Đồ uống rất ngon, giá lại hợp túi tiền. Trân châu lạ mà ngon. Sắp đi xa học Đại học rồi chắc nhớ trà sữa ở quán chết mất thôi...",0,0,0,5,0,0
"Nằm gần mộ Hàn Mạc Tử và ghềnh ráng. Quán Sáu cao nổi tiếng về các món gà,chim cút. Thực đơn quán ko đa dạng chủ yếu các con có cánh (gà, cút) nhưng cách chế biến đồ ăn ngon và lạ. Mùi vị thấy rất dễ ăn, có thể nói quán này khá đầu tư về không gian ngồi cho khách. Có 3 không gian để ngồi, ngồi nền chòi, bàn thấp và bàn cao. Kiểu gì cũng có luôn. Đồ ăn giá cũng ổn không quá đắt. Quán luôn đông phục vụ nhiều lắm nhanh nhẹn nữa gọi món lên món cũng nhanh chứ không đợi quá lâu.",0,0,0,5,0,0
"Không gian quán luôn luôn đổi mới bắt kịp mọi điều kiện xu hướng và nhu cầu của khách hàng.. quán gồm có nước giải khát, bánh ngọt và chè mang hương vị và phong cách á âu nên đây được coi là sự lựa chọn đúng đắn nếu bạn muốn 1 không gian trang nhã để thưởng thức cafe và bánh... nhân viên phục vụ thì chưa đc tốt cho lắm... nước uống ở đây tương đối ngon và giá thì hơi đắt 1 tí... nhưng đổi lại không gian ổn, nước ngon thì giá đó cũng ko tệ... nằm ở giữa trung tâm nên đc đón nhận nồng nhiệt từ tất cả mọi lứa tuổi...",0,0,0,4,0,0
"Ông chủ thân thiện, chi phí hợp lý, hướng dẫn ăn chơi tận tình hơn cả người yêu 👌
",0,0,0,0,4,0
"Mình không ăn được ốc nên chụp vậy thôi nhưng nghe bạn mình bảo là ngon mà rẻ, còn gà ở đây muốn ăn phải đặt trước 1 tiếng để nhà hàng chuẩn bị từ khâu vặt lông gà tới chế biến, gà nhà nuôi nên dai và ngon cực kì. Quán gần FLC nên có xe đưa đón ra vào rất tiện ạ♥️",5,0,0,5,5,0
"Quán từ ngày đông lên nên dịch vụ hơi xuống, góp ý hoài mà chưa cải thiện, nếu cố gắng xíu nữa là ngon cực",0,0,0,4,0,0
"Phòng hướng ra biển, ban công rộng và thoáng, nhân viên ks dễ thương",0,4,0,0,0,0
"Bạn đang băn khoăn không biết noel năm nay sẽ đi đâu để check in lấy không khí noel nè! yên tâm nhé, có một quán rất là bự và đặc biệt quán rất chịu đầu tư nhé, hiện tại quán đã trang trí xong view Noel rồi nhé! Quán rất rộng khá là đẹp nhé, mình thích cách phục vụ của nhân viên quán này, cách nói chuyện cách oder rất lịch sự và zể thương :)). Nước ở đây khá ngon nhé! Tóm lại quán khá đông vào T7 CN và các dịp lể nên tranh thủ đi nhé các men! rất phù hợp cho những teen sống ảo đấy :))",0,0,0,5,0,0
"Mình vừa sử dụng dịch vụ cho thuê xe máy Quy Nhơn Hoài Bảo 3 ngày qua. Mình quyết định chọn dịch vụ cho thuê xe máy Quy Nhơn tại 27a Hoàng Hoa Thám vì , khi mình vào group review quy nhơn hỏi nơi thuê xe máy thì tất cả mọi người đều tag tên Hoài Bảo và khuyên mình thuê xe máy ở đây. Và thật sự như mọi người nói : Cho thuê xe máy Quy Nhơn Hoài Bảo rất tuyệt vời và vô cùng tiện lợi. Bạn Hoài Bảo giao xe và nhận xe tận nơi cho tụi mình luôn, có chuẩn bị đầy đủ mũ bảo hiểm và áo mưa. Mũ và áo mưa đều rất mới và rất sạch, xe cũng vậy.",0,0,0,0,5,0
"Thật tuyệt vời khi vừa có thể ngắm nhìn biển, núi và thành phố ngay tại khách sạn Apus. Mình thự sự rất hài lòng với những dịch vụ tại đây và nhân viên rất thân thiện. Nhất định sẽ quay lại đây",0,4,0,0,0,0
"Gia đình mình ở FLC và tìm thấy quán này trên foody. Quán có xe đưa đón khách miễn phí ở FLC rất tiện lợi. Vị trí quán ở ngày cạnh địa điểm du lịch Eo gió, có thể kết đón hoàng hôn ở Eo gió và xuống ăn tối luôn. - Gia đình ăn 2 buổi, một buổi ăn cơm, một buổi ăn hải. Thấy giá cả cũng ổn, nhân viên và chủ quán cũng nhiệt tình, món ăn ngon phù hợp cho gia đình và trẻ nhỏ.",5,0,0,5,5,0
"Nhân vien nhiệt tình, dễ thương",4,0,0,0,0,0
"Hiện đại, mới mẻ, sang trọng. CGV luôn là nơi để tôi đến và xem những bộ phim yêu thích như của MCU hay các Drama chính kịch VN. Thái độ nv phục vụ rất ok",4,0,0,0,0,0
"Giá tạm ổn, thức ăn ngon, nêm nếm vừa ăn theo khẩu vị miền nam. đặc biệt là các món hấp xả.
Thích món ốc hương xào bơ tốp mỡ. Tốp mỡ quán tự làm nên ngon và giòn lắm.
",0,0,0,4,0,0
Villa nằm ở khu nhà biệt thự liền kề. Giá cả hợp lý,0,4,0,0,0,0
Cái giường nó bị dính qá 🤣 ngủ mà k tỉnh dc kkk,0,5,0,0,0,0
"Top thương hiệu chả ram tôm đất được ưa chuông nhất Việt nam
",0,0,0,4,0,0
"Cho thue xe may quy nhon dich vu xuat sac Minh doc rat nhieu review cua dich vu cho thue xe may quy nhon dinh thue xe tu cho cua hang de di Phu Yen. Xe tot, phuc vu tot, non bao hiem rat rat tot. 1000 Like",0,0,0,0,5,0
"Mặc dù hơi khuất trong một con hẻm nhỏ, nhưng đây là một nơi tuyệt vời để thuê một chiếc xe tay ga. Chúng tôi thuê một chiếc xe tay ga Yamaha với giá 150k đồng / ngày. Ngoài ra, chúng tôi cũng có thể thuê một chiếc rẻ hơn với giá 100k hoặc đắt hơn với giá 200k. Bạn phải về trước 21h. Nhiên liệu sẽ được đổ đầy như khi bạn lấy nó. Họ muốn chúng tôi đặt cọc 100 đô la cho một chiếc xe tay ga. Chúng tôi đã từ chối và đặt cọc làm hộ chiếu. Thật không may, bản sao hộ chiếu không phải là một lựa chọn.",0,0,0,0,5,0
Dịch vụ thuê xe rất tốt thủ tục thuê xe rất nhanh gọn anh chu rất zt lần sau vào da nang tối sẽ ủng họ dịch vụ này rất uy tín,0,0,0,0,5,0
Quán không rộng lắm. Nhưng đồ ăn rất ngon,0,0,0,4,0,0
Thèm phá lấu hú con bạn đi ăn search trên foody nghe acebb cho review ăn ngon lắm nên ghé. Trong đầu cứ nghĩ là phá lấu bò. Nhưng đến quán gọi món mới biết đó là phá lấu theo phong cách heo :)). Cơ mà mùi vị ăn cũng ngon lắm nhất là phá lấu mì và lagu. Rất hợp khẩu vị mình luôn á. Like mạnh nè. Sẽ tiếp tục đến quán ăn nếu thèm phá lấu heo nà :)),0,0,0,5,0,0
"Hải sản siêu tươi, bắt 1 bé tôm hùm mệt xỉu. Đồ ăn ngon, giá hơi cao nhưng bù lại tươi hơi nhiều so với một số quán khác. 2 ng ăn 1 con tôm, 1 dĩa hào phô mai, 1 cơm chiên, 1 dĩa trứng cút, 2 nước ngọt và 2 khăn hết 1tr034",0,0,0,4,0,0
"Phòng tiện nghi sạch sẽ, view nhìn đẹp. Nhân viên dễ thương và chu đáo, đi lại tiện lợi",0,5,0,0,0,0
Đã có xe đón rất sớm (3:45 sáng) và tài xế đã đến đúng giờ và sẵn sàng. Đặt phòng dễ dàng và liền mạch. Xe sạch sẽ và tốt cho hai hành lý cộng thêm.,0,0,0,0,5,0
"Hông biết phải sức ăn nay giảm hay không mà khi bưng tô này ra là đủ thấy no rồi. Trưa nắng 2 đứa vào làm tô bún mà no đến tận tối luôn. Nhân viên đông, khách ra vào tấp nập. Dòm rổ rau sống tươi roi rói là đủ ưng bụng rồi. Riêu cua béo ngậy luôn, nhắm ăn không hết nên đã chia qua cho bạn ăn dùm luôn. Chả cá thì mình thấy ăn cũng ổn, nhưng chưa đạt mức xuất sắc. Quán bán cả ngày, tiện cho ai muốn ăn no mà chẳng phải suy nghĩ.",0,0,0,4,0,0
"Đây là điểm đến thú vị để quan sát hoạt động của Bưu điện: nhận và gửi thư. Nhịp sống hối hả, hãy lưu giữ những khoảnh khắnc sống chậm đầy ý nghĩa.",0,0,0,0,0,0
"Quán ăn ngon bổ rẻ, nhưng nhà nhỏ nên ăn uống hơi bất tiện",0,0,0,4,0,0
"bánh có vị ngọt vừa phải, giá phải chăng, phù hợp với biếu tặng nếu đến du lịch Bình định ~ quà xứ nẫu
",0,0,0,5,0,0
"Đến quy nhơn mà không ăn món này thì tiếc lắm luôn Thật sự chưa ăn thì chưa biết nó ngon đến thế Đế tráng giòn Trên có 2 loại nhân là tôm và bò Về tôm thì tôm tươi nên ngọt với thêm gia vị khác như hành tây , giá đỗ Ăn quấn bánh tráng nhúng nước mềm chấm sốt rất ngon Về bò chiên thịt vừa vặn thêm nhân như tôm Cá nhân thấy bò ngon hơn tôm Mà giá rẻ bèo luôn ấy 2 người ăn tẹt hết có 114k nè Các bạn vào quy nhơn không thử phí một đời",0,0,0,5,0,0
"Thấy quán bún đông, mình vào ăn thử, Ăn xong đã hiểu vì sao quán đông. Quán bán tô bún nước ngon, ngọt từ xương chứ không thấy bột ngọt nhiều, mình húp hết nước lèo luôn, cũng không bị dị ứng bột ngọt như nhiều chỗ khác. Quán bán tô chất lượng, giá vừa phải. Sẽ ủng hộ lần sau!!",0,0,0,5,0,0
"Mình là khách du lịch được một người địa phương dẫn đến đây ăn, công nhận nhiều loại bún lắm luôn, nhưng nghe tên bún sứa là lạ nên đành thử tưởng bth nhưng ngon không tưởng nha... Sứa không giống lại sứa trắng ở NT nhai cảm thấy dai sần sật, mát miệng, vị bún đậm đà thêm nhiều topping như rạm, chả, mọc ... Ăn mà no ứ hự luôn, giá cả phải chăng 40k/tô thôi... Must try nha mọi người ơi",0,0,0,5,0,0
Xe tốt. Nhà cửa sửa xe vừa cho thuê xe nên xe chất lượng khá tốt. Giá xe ga 130k/ ngày. Có giao xe nếu ở gần,0,0,0,0,4,0
"Nằm giữa đường lê duẩn sau lung siêu thị copmart là quán cà phê Milano , quán rộng rãi không gian đẹp trang trọng lúc nào cũng đông vui. Nụ cười nhiệt tình của bạn nhân viên, không khí nói chuyện vui vẻ của nhóm bạn trẻ, hay là một chút suy tư của cô chú lớn tuổi. Ngồi nhâm nhi ly cà phê nguyên chất thơm ngon mỗi người một suy nghĩ tâm trạng khác nhau. Quán khá nổi tiếng ở quy nhơn... phòng máy lạnh nhưng đầy khói thuốc lá!!😍👌😉❤️🌺🌼 có bãi đậu xe rộng rãi là nơi tuyệt vời để bạn tiếp chuyện với đôi  tác
",0,0,0,4,0,0
"Nếu bạn muốn thoát khỏi đường đua bị đánh đập trong phút Hồ Chí Minh, chiếc xe buýt nước có giá trị lớn, rất dễ dàng và cho
 phép bạn nhìn thấy các phần của thành phố mà bạn có thể không bao giờ đến được. Chúng tôi lấy 11. 40 phà từ Bạch Đăng. Nó được đánh dấu tốt trên bờ sông với chữ W màu vàng, và có một quán trà và cà phê đẹp nơi bạn có thể chờ đợi. Có khoảng 5 điểm dừng trên hành trình về phía bắc mất khoảng 50 phút. Tôi không nghĩ có nhiều điểm hấp dẫn tại bất kỳ điểm dừng nào, nhưng luôn có quán cà phê hoặc địa điểm để mua bia. Ở Linh Đồng, điểm dừng chân cuối cùng, có một nhà máy sản xuất nước tương (mùi bia thật) nghe không thú vị lắm, nhưng cửa hàng của nhà máy tại bến tàu bán một loạt nước sốt chính hãng ngay từ vòi, mang đến cho bạn một sự khác biệt quà lưu niệm. Bạn có thể bắt xe buýt trở lại thị trấn từ con đường chính (số 53 tôi nghĩ), hoặc đi phà qua sông và quay trở lại từ đó, hoặc chỉ đi ngược lại cách bạn đến sau một giờ hoặc bị sứt mẻ, đó là những gì chúng tôi đã làm. Giá trị lớn ở 15, 000 d mỗi chiều. Giới thiệu!",4,0,0,4,4,0
"Hôm bữa thằng bạn nó dẫn ăn sáng ở quán này. Thấy quán cũng đông khách quá trới quá đất. Bánh hỏi theo mình ăn ngon, nước mắm vừa ăn, mà ngoài này ăn bánh hỏi thấy người ta cho thêm 1 chén cháo ăn kèm, cháo thì theo mình ko ngon. Quán đông khách nên hơi chật chội, phục vụ bình thường",0,0,0,5,0,0
"không có điều gì nè, nếu có thắc mắc gì thì mấy bạn lễ tân ở đây giải quyết rất là tốt á",0,4,0,0,0,0
"Khung cảnh sạch đẹp và rất dễ dàng khám phá những địa điểm của khu, quán trong khu có vị trí đẹp, nhiều lựa chọn để check-in ảnh đẹp.
Câu chuyện cảm động về Hàn Mạc Tử khiến du khách bồi hồi nhớ về những vần thơ tiêu biểu của ông.",5,0,0,0,0,0
"Xe đẹp, giá bình dân, chất lượng phục vụ chu đáo. Ở đây là lựa chọn tốt cho ae muốn thuê xe vi vu khắp tp. Cảm ơn!",0,0,0,0,4,0
"Khách sạn rất sạch, đồ ăn sáng ngon và phong phú. Nhân viên nhiệt tình và thân thiện (nhất là em Mỹ, nhân viên lễ tân). Địa điểm gần trung tâm và bãi biển, rất tiện đi tắm biển và mua sắm. Tới Nha trang nhất định sẽ nghỉ ở khách sạn Aaron lần nữa. Cảm ơn các bạn đã giúp chúng tôi có kỳ nghỉ hoàn hảo!",0,5,0,5,0,0
"View quán đẹp nhìn rất lạ mắt, bên trong khoáng khá cổ kính, không gian ấm cúng, yên tĩnh phù hợp cho các bạn sinh viên đến học tập, thư giãn. Các chị nhân Viên phục vụ rất thân thiện, nhiệt tình. Đồ uống có rất nhiều loại, đa dạng, ngon, đặc biệt là socola nóng rất ngon, thơm. Giá cả phù hợp với mặt bằng chung. Nay quán đang có chương trình ủng hộ trung thu cho trẻ em nghèo, rất có ý nghĩa. Sẽ ghé quán ủng hộ thêm nhiều lần nữa.",0,0,0,5,0,0
"Thật tuyệt vời, người lái xe đã gặp chúng tôi ngay sau khi làm thủ tục hải quan, lấy hành lý của chúng tôi và đưa chúng tôi ra xe. 
Chiếc xe thật tuyệt vời. Tôi chưa bao giờ đi xe minivan sang trọng như vậy.",0,0,0,0,4,0
"Đi du lịch Phú Yên trước rồi mới sang Quy Nhơn. Phú Yên ăn cái gì cũng rẻ hết, sang đây nhìn menu mình thấy hơi choáng chút vì chênh lệch. Tuy nhiên đó là so với Phú Yên thôi chứ mặt bằng chung các tỉnh du lịch khác vẫn hợp lý. Đi Eo gió hay Kỳ Co xong mệt ra ăn luôn chuẩn. Dọc dãy này cũng nhiều quán lắm. Tụi mình gọi cơm chiên hải sản, Tu hài và Mì xào. Cơm hơi mặn xíu nhưng hải sản tươi. Tu hài rất chắc , dai ngon. Phục vụ nhanh nhẹn.",0,0,0,4,0,0
"Giao mua tại chi nhánh quy Nhơn và đây chỉ đập củ xã giao hỏng
",0,0,0,0,0,0
"Cococamp nằm trên con đường biển như làng chài trong phim Hàn quốc ý mọi người. Biển làng chài nên ko được sạch đâu, nhưng bình yên thì dư, đủ để có thể xếp lại buồn phiền đó ạ.",4,0,0,0,0,0
"Vẫn là fan trung thành của KFC, nay nhà ta có thêm món pizza thần thánh hoàn toàn không có bột mà thay vào đó là gà chiên giòn kèm lớp phô mai béo ngậy với 1 ít ớt Đà Lạt đã tạo nên 1 món ăn cực kì mới đang thu hút đông đảo các bạn trẻ nha... giá dùng thử 1 người chỉ 79k thôi nhé mà có thêm 1 phần khoai tây chiên và 1 ly pepsi nữa nha... ăn bao ngon bao no nha... các bạn hãy đến thử món mới và cảm nhận đi nào... ngon ngon lắm đó nha",0,0,0,5,0,0
"Quán nướng của cô chủ trẻ tuổi, dễ thương và nhiệt tình. Đa số các món có giá cực kì học sinh, sinh viên nên tối đến cực kỳ đông, nhiều lúc đến kín hết cả bàn.hai gian đối diện nhau, không gian đơn giản, dễ thương, hướng ngoại. Kiều ngồi top view nướng thịt cũng thú vị á. Nhìn như kiểu đang đi Hàn Quốc chứ chả đùa. Nhiều phần ăn giá cực kì hợp lý như phần gà rán chỉ có 17k thôi. nướng ướp thấm, nhiều mà cũng rẻ nữa.",0,0,0,5,0,0
Món ăn rất tuyệt nhân viên nhiệt tình chu đáo đặt biệt có trà đá free không gian giống như 1 hội an thu nhả,0,0,0,5,0,0
"Nhân viên phục vụ nhân nhẹn , thân thiện . Giá cả ổn so với mặt bằng thành phố Buổi tối thường có chương trình guitar và hát . Khách cũng có thể lên hát và đàn vô tư . Nước uống ngon . 👍 Thích quán ở chỗ quán khá yên tĩnh , đến đây học vào buổi chiều thì tuyệt luôn ❤️ Sẽ luôn luôn ủng hộ quán !!",0,0,0,5,0,0
"Sân bay Quy Nhơn tọa lạc tại xã Cát Tân, huyện Phù Cát, tỉnh Bình Định. Sân bay Quy Nhơn cách trung tâm thành phố khoảng 30km về hướng Đông Bắc.
Sân bay này nhỏ và số lượng chuyến bay đi/đến ít. Nhưng phục vục rất tốt. Phía ngoài có chỗ đỗ xe, taxi phục vụ 24/24",0,0,0,0,4,0
"Mình thuê 1 Yamaha Sirius cho 2 ngày, 100k/ngày. Xe tính theo 24h, thuê giờ nào trả giờ đó, quá giờ tính thêm tiền. Xe tốt, mình đi Eo gió, Safari FLC và chùa Linh Phong, đổ 50k xăng, còn thừa đi loanh quanh mua sắm và ăn uống trong thành phố. Chủ xe nhiệt tình và thân thiện.",0,0,0,0,4,0
"Đẹp, có nước đá vôi trong núi chạy liên tục, tạo màu nước rất đẹp, không phải nước tù, đồ ăn ngon rẻ, ngồi mát mẻ
",4,0,0,4,0,0
"Trung tâm, tiện đi lại công tác. Mình ở phòng 1 giường đôi có lan can ra phía trước nhìn nhà lồng về đêm rất chill.",0,4,0,0,0,0
"View rất rất đẹp nha mọi người mọi người chụp hình hoàng hôn nên tới đây nha view đẹp, thoáng, mát!!! Đây là first option của mình nếu muốn đi rooftop bar",4,0,0,0,0,0
"Đứng sau kem thì su kem là món mình ưng thứ 2 trên đời hí hí. Bingo mới mở từ cuối tháng 4 á nè. Không gian bé bé xinh xinh, ấm cúng, đến uống ăn bánh uống trà học bài cũng được mà tới tụ tập cũng hay. Chủ quán dễ xương, nhiệt tình. Bánh su choux thì quá nổi tiếng rồi, hồi ở ĐN mình thích nhất ăn ở Chewy, về QN may quá có Bingo cứu vớt cho cái sự thèm ngọt của mình. Bánh trang trí quá yêu, su dai, mới ra lò thì vỏ sẽ hơi giòn. Nhân kem thơm thơm béo mịn. Làm set sinh nhật thì quá là okela. Ngoài ra thì quán còn có nhìu nhìu loại bánh khác nữa như crepe, mousse, cupcake.",0,0,0,5,0,0
"Nhân viên nhiệt tình thân thiện. Mình tới ĐL lúc 9h tối, đi lạc đường (do đường hơi khó kiếm), alo bạn nhân viên xong bản lấy xe máy ra đón tụi mình về ks.",0,5,0,0,5,0
"3 chị em mình ghé Chạm Spa vào buổi sáng, bị ấn tượng bởi không gian thiết kế rất hài hòa và ấm cúng, mùi hương chanh sả nhẹ làm mình thấy thư giãn. Đi bộ nhiều nên 2 chân mỏi rã rời, mình chọn dịch vụ massage chân tinh dầu kèm thêm đá nóng 60p, giá 220k . Tay nghề các bạn KTV ở đây khá tốt , làm bài bản chứ ko hời hợt như một số nơi khác, nhiệt tình và rất lễ phép.  Mức giá 220k tại trung tâm thành phố du lịch cũng như không gian và thái độ phục vụ tốt như vậy mình thấy hợp lý . Bạn nào đi chơi nhiều giống mình thì mình khuyến khích nên thử dịch vụ bên này nhé . Rất hài lòng!",5,0,0,0,0,0
"Sân bay dân sự và quân sự kết hợp, không rộng lắm nhưng sạch sẽ và nhân viên thân thiện
",0,0,0,0,4,0
"Sạch đep. Hiện đại. Có hồ bơi. Đầy đủ ấm siêu tốc, quạt điện, điều hòa, tv",0,4,0,0,0,0
"Cảnh cực đẹp, phục vụ ổn, dịch vụ chưa đa dạng lắm nhưng thái độ nhân viên tốt. Recommend cho các bạn ko thích nơi đông đúc. Tốt nhất đi ô tô với cả nhà lên đây nghỉ.
",5,5,0,0,0,0
"Quán bình dân, giá cả dao động từ 60k- 150k , khá hợp vị,nước chấm lạ miệng. Ghẹ tươi sống, ốc móng tay cháy tỏi ngon. Nếu ăn hải sản bình dân thì đây là điểm lý tưởng hơn cả xuân diệu
điểm trừ là đường đi hơi khó tìm",0,0,0,4,0,0
"Đi du lịch quy nhơn tình cờ biết được quán bánh bèo nóng này nên ghé vào. Quán nằm gần sát biển, đối diện với công viên gì đó. Buổi tối quán có để một vài bàn phía bên công viẻn này nên mình chọn ngồi ở đây. Thoáng mát hơn hẳn nhưng hơi tối một tẹo. Đúng như tên gọi, bánh bèo ở đây lúc đem ra còn nóng hổi luôn. Bánh bèo nhỏ, bột hơi dày. Ăn với nhân tôm khô chấy thì phải. Bên trên có rải thêm ít bánh mì chiên giòn. Nhìn chung ăn khá ngon. Một dĩa 12k, chưa bao gồm nem chả.",0,0,0,5,0,0
"Nhà xe dễ thương, bác tài dễ thương, xe chạy đúng giờ, nằm đúng chỗ đã đặt, có thêm sữa uống cho hành khách. Tuyệt vời ạ",0,0,0,0,5,0
"xe ở đây còn khá mới, chạy êm,mình thuê nguyên tháng,đến hạn họ gọi mang xe tới bảo dưỡng, yên tâm và thích dv của shop",0,0,0,0,5,0
"Ai đến quy nhơn nên ghé quán Út Lợi này ,Quán ngon , ghẹ tươi sống ,giá rất bình dân và sạch sẽ Quán nằm trên đường nhỏ nhưng chuyên về hải sản. Đường này có rất nhiều quán hải sản ,quán này ra đới sau nhưng món chế biến rất ngon, chi bán ghẹ tươi sống,ăn đâu hấp đó, đặc biệt ốc thập cẩm , ốc trộn rất ngon nước chấm thì đậm đà.",0,0,0,5,0,0
"Trang thiết bị Ok so với mức giá bình dân, phòng sạch sẽ, đủ đồ dùng cơ bản. Chọn phòng có view hướng biển khá xinh và thoáng. Đặc biệt cô chú chủ và nhân viên cực kỳ thân thiện luôn.",0,4,0,0,0,0
"Giá cả hợp lí, đi đông chia ra mỗi người không hết là bao. Mình thích kiểu nướng ngói vì thức ăn sẽ không bị cháy đen do than. Mỗi lần tới quán là gọi thịt bò nướng, sườn heo nướng với cả đâu bắp, ăn ngon dã man luôn. Lẩu hải sản ở đây rẻ mà nhiều lắm , ăn ba đứa một cái lẩu mà không hết ây",0,0,0,5,0,0
Chúng tôi ngồi ở vỉa hè trước mặt của một công viên nhỏ bên cạnh biển và thực sự thực sự thích 'banh beo' với bơ trộn nước ép sầu riêng. Chúng tôi cũng yêu hiếm 'nem' ăn với nóng chilipepper sause. Chỉ có 5 $ cho bữa ăn của chúng tôi (3 món và 3 nước trái cây).,0,0,0,5,0,0
Tìm thấy nơi này trực tuyến từ các đánh giá. Rất vui vì chúng tôi đã đến đây. Tôi và đối tác của tôi đều có những chiếc pizza lớn (không phán xét chúng tôi đã lấy đi một chút cho sau này haha) chúng tôi đã chia sẻ Diavola và pizza Truffle giữa chúng tôi.,0,0,0,5,0,0
"Thương hiệu nem chả nổi tiếng Quy Nhơn, sản phẩm hiện tại cũng khá đa dạng.
",0,0,0,5,0,0
"Cực kì thích luôn. Nhân viên nhiệt tình thân thiện. Đặc biệt là bạn Tâm, đã khiến mình hài lòng.",4,4,0,0,0,0
Phòng sạch sẽ + nhân viên thân thiện vui vẻ với khách hàng.,0,4,0,0,0,0
"Quán này bình dân, nằm trong con đường nhỏ nên coi bản đồ trước khi đi cho chắc ăn, hải sản rất tươi, đi sớm tầm 5h thì có chỗ, 7h tối là kín mít bàn, đông nghẹt, không có bàn ngồi đâu. Quán phục vụ dễ thương, để xe ngay phía trước quán luôn, có người coi xe miễn phí. Menu quán này ít món, chủ yếu là các món tôm hấp thôi: tôm càng, tôm hùm, tôm vỗ,cua huỳnh đế thì lúc có lúc không, các món ốc cũng đơn giản, không đa dạng lắm. Cháo hải sản 1 tô 70k, vừa nhiều vừa ngon, nhiều topping lắm: hàu, tôm, mực... mua thêm bánh tráng chín ăn kèm, no nê luôn. Chắc chắn còn quay lại quán này nhiều.",0,0,0,4,0,0
Hơi xa trung tâm nhưng yên tĩnh và thoáng mát,4,0,0,0,0,0
"Sách trẻ con nhiều kinh khủng mà sách về tâm lý, kĩ năng sống, nói chung là sách thật thì rất ít, tuy ít sách thật nhưng chất lượng sách khá được.",5,0,0,0,0,0
"Hải sản tươi, ngon, chắc nịch và nhiều đồ lạ. Lần đầu ăn con nhum to khủng bố thế. Sìa vừa to vừa ngọt. Giá cả quá rẻ so với 1 quán cỡ nhà hàng. Đĩa bào ngư có trăm mà to nhiều phát sợ. Thích nhất là sự chuyên nghiệp của nhân viên. Đông kinh khủng mà ko bỏ sót ai. Mình hỏi nhà vệ sinh ở đâu còn nhìn theo thấy mình vào đúng nơi mới quay làm việc khác. Cô chủ quán nhiệt tình giới thiệu, chu đáo và đáng yêu",0,0,0,5,0,0
"Bánh xèo ở đây ăn rất ngon, đặc biệt là nước chấm. Nước chấm ở Quy Nhơn nói chung ở bất kỳ quán ăn nào đều rất đậm đà và ngon. 
Dù đặc sản của quán là bánh xèo tôm nhảy nhưng tôi ấn tượng với bánh xèo thịt bò nhất.",0,0,0,5,0,0
"Đi Quy Nhơn nhiều rồi nhưng là lần đầu tiên mình ở khách sạn này. Gia đình mình vô cùng ấn tượng vì khách sạn hiện đại, phòng ốc xịn sò. Đi gần Tết nên khách sạn trang trí Tết rất ấn tượng; chỉn chu. Nhưng thích nhất vẫn là nhân viên vô cùng nhiệt tình; chu đáo, tư vấn từ a đến z những chỗ ăn chơi và đặc sản ở QN, chỗ nào mình cũng hài lòng. Chắc chắn sẽ quay lại.",0,5,0,0,0,0
"Waterbus là một chiếc phà giao thông công cộng cho người đi làm. Nó rất rẻ. Nó được đầy đủ nhanh chóng để tốt nhất để đặt trước. 
Coi chừng việc băng qua đường lớn để đến trạm nước ở Quận 1 là điều khó khăn.",0,0,0,0,4,0
"Phòng mới, sạch sẽ, rộng rãi, tủ, giường ốp gỗ đẹp, nền gạch men giả gỗ khá ổn.",0,5,0,0,0,0
"Hải sản tươi, nhất là món gỏi hàu. Diện tích hơi nhỏ nên mùi hải sản chưa xử lý được.",0,0,0,4,0,0
"Thật sự cũng không muốn nói, chứ mình đi VinaSun nhiều rồi toàn gặp mấy bác tài dễ thương không ah. Hôm nay gặp anh zai này😤😔😂.",4,0,0,0,4,0
"Phục vụ rất tốt, tới sớm nhưng vẫn hỗ trợ check in sớm",0,5,0,0,0,0
"Món ăn ngon giá cả hợp lý, không gian thoáng mát. Phục vụ nhiệt tình chu đáo",0,0,0,5,0,0
"Rượu đúng chất bầu đá Bình Định, mình sẽ tiếp tục ủng hộ.
",0,0,0,4,0,0
"Có chỗ để xe máy ở tầng trệt, ở trong hẻm nhưng đường đủ rộng để xe 4 bánh vào tới nơi.",0,5,0,0,0,0
"Do đường chính đông đúc nên nếu đi xe cá nhân phải đỗ xe ở bãi riêng, phí 80k/ ngày đêm.",0,0,0,0,4,0
"Đồ ăn được, ốc tươi
Cà na hôm nay mình ăn hơi nhỏ khui mệt 😅
Nước chấm hơi mặn
Nói chung là ổn thôi chớ hok có xuất sắc 😁
Được cái giá cũng hợp lý, ko mắc ko rẻ",0,0,0,4,0,0
"Đến ăn theo review trên này, quán mới chuyển qua cái hẻm ở đào duy từ thì phải k còn ở số 40 nữa. Đồ ăn: ngon Phục vụ: nhiệt tình, anh chủ nói chuyện rất thân thiện Giá cả: rẻ, rõ ràng, ở quán có menu giá đầy đủ nhé không như mn review trên này là k có giá Sẽ còn quay lại",0,0,0,5,0,0
"Ở ba đêm ở Aaron nhân viên nhiệt tình, phòng ốc mới và đẹp. Nếu lần sau đi Nha Trang nhất định sẽ quay lại Aarom",0,4,0,0,0,0
"Khu du lịch Bãi Trứng hay còn gọi là Bãi tắm Hoàng Hậu. Nơi đây có những viên đá hình quả trứng, sóng biển dập dìu đẹp đẽ, chỉ thích hợp để tham quan vào những buổi chiều mát. Ngoài ra còn có lăng mộ Hàn Mạc Tử...
",4,0,0,0,0,0
"Nem chả ơn đây giá cả khá rẻ và rất ngon,thích nhất là chả quế và nem
",0,0,0,5,0,0
"Khách sạn view đẹp có chỗ để xe.Tui đã ở và thấy rất tốt ,khách sạn ở đây giá cả hợp lí không quá đắt vào mùa du lịch và nhân viên phục vụ rấtttt nhiệtt tình và chu đáo.Khách sạn sạch sẽ và khanggggg trangggg cơ sở hạ tầng vẫn còn tốt.Phòng thì đẹp sạch sẽ ,các nhân viên thường xuyên dọn dẹp ,đầy đủ tiện nghi nói chung là tốt 5 saoooo
",0,5,0,0,0,0
"Sau bánh mì pate miền Bắc, loại bánh mì thứ 2 được ưa chuộng sau đó chính là bánh mì Như Lan, nhân bánh với chả giò kẹp cùng đu đủ trộn chua ngọt, giòn.",0,0,0,4,0,0
Đồ ăn ở đây rất ngon đặc biệt là món burger cùng với khoai tây chiên khác lạ hơn nữa tôi đã được thưởng thức coctial rất đặc biệt phục vụ dễ thương nhiệt tình làm cho trải nghiệm của tôi tốt đẹp hơn,0,0,0,5,0,0
"Giá cả hợp lý, hải sản tươi sống, phong phú. Chế biến thì cũng bình thường. Nói chung khá ổn. Nhân viên nhiệt tình.",0,0,0,4,0,0
"Mặc dù tôi không thể đặt trước với 3 S Limo do sự sắp xếp của các công ty, tôi vô cùng hài lòng với dịch vụ khách hàng được cung cấp bởi 3 S.
 Họ rất phản hồi trên phương tiện truyền thông xã hội, tin nhắn và email. Tôi hy vọng trong tương lai tôi sẽ có thể đi du lịch với họ.",5,0,0,0,0,0
"cho thuê xe với thủ tục đơn giản mà chi phí lại rẻ , mình rất thích dịch vụ bên bạn khi đi du lịch Quy Nhơn",0,0,0,0,5,0
"Đây là lần thứ 2 quay lại chỗ này. Ban đầu mình đặt chỗ khác do muốn trải nghiệm chỗ mới thử. Nhưng chỗ đó ngột ngạt quá nên đặt lại chỗ này. Quả nhiên không khí khác biệt hẳn. Phòng sạch sẽ lại rộng, có bàn trang điểm,bàn chải xịn,tủ đồ cũng rộng. Kế bên có hồ cá koi để ngắm. Giờ giấc thoải mái nha view cũng thoáng mát. Từ chỗ ổ đi lên 1 chút là có ngay quán cafe cún. Đầu đường có bách hóa xanh,nhà thuốc cũng tiện để mua đồ nhâm nhi buổi tối. Xe máy cho thuê cũng xịn xò không cần giấy tờ gì nhiều. Có dịp quay lại đà lạt chắc mình cũng chọn chỗ này để ở",0,5,0,0,0,0
"thực đơn hợp lý, quán ăn thoáng mát, sẽ đền lần nữa :)))))",0,0,0,5,0,0
"Để tim được 1 quán ăn ngon,hợp vệ sinh, và không gian hoài cổ thì Quy nhơn chỉ có không quá 2 quán. Quán không chỉ mang đến món ăn ngon mà còn đem đến cái hình ảnh để khách du lịch để lại 1 dấu ấn cho Quy Nhơn. Thức ăn của quán thì khỏi bàn đối với mình quá là ngon như cơm mẹ nấu thật,ngon đậm đà. nhưng về giá thì hơi chua chát, giá hơi cao so với người dân ở đây và dân văn phòng. Chỉ cần 1 bữa no thì đi 4 5 người phải bỏ ra mỗi người 150 - 200k.Có dịp ghé quán thì mình sẽ suy nghỉ về khoản tiền dó để lựa chọn quán khác bình dân hơn. Nhưng mình vẫn đánh giá cao về quán này",0,0,0,4,0,0
"Nhà hàng được coi là có khách nhất từ trước tới nay... có bán các loại hải sản như cua huỳnh đế, cua gạch, tôm hùm, tôm càng, cá mú, cá mặt quỷ, nghêu, sò, ốc các kiểu... một món ăn một hương vị khác nhau mang đặc trưng của vùng miền... mình biết tới nhà hàng từ rất lâu và không khi nào quán vắng khách cả... nhân viên ở đây phục vụ rất tận tình với khách hàng không riêng gì khách hàng ngoại quốc, nhà hàng có các dịch vụ phòng vip phục vụ các bữa tiệc liên hoan các kiểu...",0,0,0,5,0,0
"Lần đầu trải nghiệm do được bạn bè giới thiệu. Chất lượng và dịch vụ tốt, giá cả hợp lý. Các bạn giao xe rất thân thiện, nhiệt tình. Nếu có dịp quay lại, sẽ sử dụng dịch vụ tiếp.
",0,0,0,0,5,0
"Chuyến đi rất nhanh chóng và thoải mái. Cung cấp chỗ ở cho nhóm của chúng tôi để dừng nhà vệ sinh (ngôi nhà hạnh phúc)
 và hành trình an toàn. 5 * thực sự giới thiệu công ty này cho tất cả khách du lịch",0,0,0,0,5,0
"Rất ưng ý, phòng rộng, có cửa sổ thoáng, mình sáng dậy ra hành lang view rất thoáng, thoải mái, ngắm đc cả bình minh và view thành phố.",0,5,0,0,0,0
"Tôi sẽ quay lại nơi này. Một nơi nghỉ dưỡng yên tĩnh, bãi biển rất đẹp và sạch sẽ, nhân viên phục vụ thân thiện, lần sau quay lại tôi sẽ sử dụng dịch vụ spa. Ăn sáng chưa phong phú lắm, tôi thích món bún cá buổi sáng ở đây.",0,5,0,4,0,0
"Quán nhỏ, bình dân, đồ ăn ngon. Người địa phương mới biết quán này.",0,0,0,5,0,0
"Ra hồ Xuân Hương với chợ chắc tầm 5-8 phút, check in tự động nhanh chóng, hỗ trợ zalo nhiệt tình",0,5,0,0,0,0
"Rạp chiếu phim hiện đại, rộng thoáng. Tuy không thể so sánh với những rạp lớn ở Sài Gòn nhưng ở một tỉnh lẻ thì mức này đã rất tuyệt rồi. Rạp ở đây có suất chiếu phim khuya chứ không đóng cửa sớm như rạp bên siêu thị.",5,0,0,0,0,0
"Trang thiết bị Ok so với mức giá bình dân, phòng sạch sẽ, đủ đồ dùng cơ bản. Chọn phòng có view hướng biển khá xinh và thoáng. Đặc biệt cô chú chủ và nhân viên cực kỳ thân thiện luôn.",0,5,0,0,0,0
"Bữa nay được mấy đứa bạn rủ tới quán cafe inn. Tưởng quán nào chứ thì ra là mình chưa đi bao giờ hj. Quán này nhìn đẹp, cách trang trí quán cũng rất sáng tạo. Quán được các bạn trẻ hay tới. Mình Kêu ra mấy món thì đều ngon hết á. Nhân viên phục vụ nhiệt tình mà giá cả thì tùy từng món. Riêng có cafe thì rẻ mà mấy món khác cũng hơi cao. Nói chung cũng ok. Lần sau ghé lại tiếp",0,0,0,4,0,0
"Mình rất ưng nhân viên lễ tân và các bác bảo vệ ở đây.. rất thân thiện và nhiệt tình ! Phòng rộng rãi, sạch đẹp, tiện nghi và chuẩn bị cho khách từ cái nhỏ nhất như kim băng, dao cạo râu ,..v.v.. trên cả tuyệt vời so với giá tiền",0,4,0,0,0,0
"Cũng đẹp, ko rộng lắm, đi và ngắm trong vòng 1 tiếng là hết. Lối đi có phủ mành che nên cũng mát mẻ, nhiều WC và chỗ bán kem nước. Thú cũng ko nhiều lắm, có để đồ ăn để khách cho thú ăn miễn phí. Các bạn nhỏ vô đây chắc thích. Nhân viên nhiệt tình và thân thiện trả lời hướng dẫn khách.",4,0,0,0,0,0
"Lần đầu tiên tới Quy Nhơn và mình đã đặt ship 2 ly về nhà , theo cảm nhận của mình thì nước trái cây ngon hơn so với ly ô long chese , chese khá ngon nhưng nước thì k được ngon lắm so với cảm nhận của bản thân mình . Nhưng thay vì đó nhân viên rất ok",0,0,0,4,0,0
"Chợ nhỏ, có bán hải sản nhưng không nhiều, giá ok, có điều bán cua cột dây to quá, toàn cua lực sĩ =))
",5,5,0,0,0,0
"Hải sản tươi, nấu rất ngon mà giá lại rẻ",0,0,0,5,0,0
"Mong Quý Cty Vinasun trả lời giùm tôi câu hỏi trên để lần sau tôi không phải làm phiền các bác tài xế khi phải di chuyển ở những 
quãng đường ngắn!",0,0,0,0,0,0
Cơ sở vật chất hiện đại và sạch sẽ. Tôi đã đặt phòng 2 giường đơn nhưng hóa ra tôi có hai giường cỡ Queen,0,4,0,0,0,0
"Tìm trên Foody thấy quán này, mình dân du lịch ghé ăn thử, vào thấy toàn dân địa phương, có bàn còn toàn mấy cô chú công an ngồi :)) Mình không ăn được cay nên không nhận xét chất lượng do chỉ ăn chút ít. Bạn mình ăn cay được khen lấy khen để nên mình cho rằng rất ngon á :)). Giá quá rẻ luôn, tụi mình gọi 2 ly sữa đậu nành nữa hết đâu đó 50K. Bạn nào ăn cay được mại dô quán này nha :))",0,0,0,5,0,0
"Phong cảnh thiên nhiên hùng vĩ, non nước hữu tình, thích hợp vui chơi, tham quan, dã ngoại, phù hợp với tất cả mọi lứa tuổi
",5,0,0,0,0,0
"Đến đây thấy quán hơi nhỏ nhưng không gian ngồi rất thoải mái. Mấy món nướng ướp gia vị thấm, vừa ăn. Nhân viên phục vụ nhiệt tình. Giá không đắt",0,0,0,5,0,0
"Bánh xèo ở đây rất ngon. Mình thường xuyên gọi ship về nhà, bánh làm rất nhanh được ship trong khoảng 10 phút.
 Bánh rất ngon thêm một điểm cộng là rau ở đây cực kỳ tươi nhất là phần rau mầm và xoài xắt kèm theo",0,0,0,5,0,0
"Khách sạn nằm trong khu vực rất là yên tĩnh, phòng đẹp và khuôn viên có thể tận dụng để uống cà phê buổi tối. Tuyệt vời",0,5,0,0,0,0
"Ai đi Qui Nhơn nhớ ghé quán này, hải sản ở đây rẻ lắm luôn. Mình gọi nửa kí tôm càng, nửa kí tôm vỗ, 1 tô ốc thập cẩm, 1 tô cháo hải sản tô lắm, nước ngọt linh tinh mà tính hết có 375k, ăn mắc mệt luôn đó.Phải biết những chỗ như này để ăn được nhiều, chứ nhiều chỗ chặt giá ghê lắm á.",0,0,0,5,0,0
"Nhà hàng mát mẻ, phục vụ tận tình, giá cả hợp lí , hải sản thì luôn tươi sống, có dịp sẽ tới lần nữa.",0,0,0,5,0,0
"Gia đình mình có chuyến nghỉ ngắn ngày cuối tuần tại Avani, mình rất ấn tượng với dịch vụ của Resort, nhất là bạn lễ tân tên Cường đã take care gia đình mình từ đầu đến cuối và hỗ trợ mình cả issue liên quan đến bên booking.
Ngoài ra, mình cảm thấy rất đáng tiền với view biển, phòng ốc đầy đủ tiện nghi, bể bơi đẹp và đồ ăn ngon.
Nhất định mình sẽ quay lại đây nhiều lần nữa. Cám ơn Avani vì trải nghiệm tuyệt vời!",0,5,0,0,0,0
"Thực phẩm tuyệt vời, bầu không khí rất thoải mái. Bạn phải thử bia và cocktail Rooster của họ. Dot và Reece, bạn đã thực hiện một ngày!",0,0,0,4,0,0
"Khách sạn đẹp, ổn, mọi thứ đều tốt",0,4,0,0,0,0
"Anh Chị chủ xe nhiệt tình, vui vẻ, hỗ trợ khách nhanh và chu đáo. Xe mới,đẹp như xe gia đình chứ không phải đang đi xe thuê. Xe đi rất êm và an toàn. Đặc biệt là giá cả thuê xe rất hợp lí đối với mọi người.",0,0,0,0,4,0
"Giá cả thì đối với mình khá đắt: 54k một tô, bánh mì nướng thì:18k, nhưng ăn rất ngon. Mình gọi kem tuyết xoài, đá bào ở đây có vị rất ngon giống như nước xoài để lạnh rồi xay ra thành đá hay sao ấy, ăn có vị xoài rất rõ. Sẽ quay lại lần sau :3 .",0,0,0,4,0,0
"Hôm nay là thứ mấy? chắc chắn là thứ 2 :))) lại như thường ngày lon ton chuẩn bị rồi vi vu dọc dọc những con đường để tìm quán lạ mới mở để sống ảo úp hình lên face :)) quán có không gian màu vàng cực dể thương và mới mẽ ở quy nhơn, quán khá rộng và có nhiều chổ để chụp hình đẹp. về thức uống thấy khá nhiều để chọn lựa trong tầm giá từ 20-35k nhé, quán mới mở nên bao ngon nè. Cách phục vụ của quán mình khá thích mặc dù quán đông nhưng vẫn thân thiện chu đáo. rất phù hợp cho nhưng bạn trẻ học sinh sinh viên muốn tìm nơi chốn lạ để check in :))))",0,0,0,5,0,0
"Việc đưa đón đã chờ đợi chúng tôi và quá trình chuyển tiếp diễn ra suôn sẻ từ sân bay đến khách sạn của chúng tôi. 
Người lái xe rất hữu ích và thân thiện. Tôi sẽ đề nghị công ty này",0,0,0,0,5,0
Dịch vụ cho thuê xe máy luôn nói mình rất hài lòng về cách làm việc rất nhanh nhẹn và nhiệt tình của các bạn.,0,0,0,0,5,0
Dịch vụ thuê xe rất tốt thủ tục thuê xe rất nhanh gọn anh chu rất zt lần sau vào quy nhơn tối sẽ ủng họ dịch vụ này rất uy tín,0,0,0,0,5,0
"Tôi thích đi Sisters cho pizza hay mì ống ngon. Dịch vụ thân thiện, nhanh chóng và họ kiểm tra với bạn để xem mọi thứ diễn ra như thế nào. Thức ăn ngon và ngon.",0,0,0,5,0,0
"Thủ tục nhanh, check in rất dễ dàng. Không quá đông khách, tiện di chuyển
",0,0,0,0,4,0
"Lần thứ 3 thuê xe tại đây. Dịch vụ tốt, giá cả phải chăng, xe đẹp và mới. Địa điểm cho thuê xe máy được mình ưu tiên lựa chọn hàng đầu mỗi khi đến Quy Nhơn du lịch",0,0,0,0,5,0
"2 đứa vào lotte gọi 1 phần combo gà H- S có 2 miếng gà sốt, 1 phần khoai tây chiên và 1 ly nước Gọi thêm 2 cây kem socola Tổng thiệt hại là 95k Đồ ăn ok như các chi nhánh khác",0,0,0,5,0,0
"Nhân viên thân thiện, nhiệt tình, mình đã ở đây rất nhiều lần. Phòng ở rất là ổn. Vị trí gần biển",0,5,0,0,0,0
"Cuốn ngon, Bánh canh ngon nhưng sợi bánh canh rất ít. Mùi vị bánh canh vẫn giữ nguyên bao nhiêu năm nay. Mỗi lần về Quy Nhơn lại ghé vào quán để ăn. Quán đông nên phải chờ gần 10 phút, thỉnh thoảng hết chỗ đó khách đông. Không có chỗ để xe nên phải để xe bên cạnh quán.",0,0,0,4,0,0
Tài xế thân thiện và xe sạch sẽ.,0,0,0,0,5,0
"Shop có món cá ngừ đại dương phi lê ngon tuyệt. Lại rất rẻ so với thị trường. Chả ram tôm đất cũng ngon và rẻ. Phục vụ thân thiện, nhiệt tình.
",0,0,0,5,0,0
"🍒Lòng heo ở đây ăn ngon, thơm. Cắt miếng bự bự nhai đã miệng Nước mắm và rau xoài ăn chung cũng vừa vặn Tuy nhiên bánh hỏi thì nguội nên mình ko thích. Kiểu trời lạnh thì vẫn thích ăn gì ấm ấm hơn 🍒Giá 30k/phần cũng ok",0,0,0,5,0,0
"sử dụng vinaun cho tất cả mọi thứ, tài xế thậm chí đã đợi 45 phút để chúng tôi tham quan chùa Bửu Long, chỉ 30, 000 đồng cho một giờ chờ đợi. .
 . dịch vụ xuất sắc",0,0,0,0,5,0
"Rất ưng ý, ks trung tâm đi lại công tác rất tiện, xe máy cho thuê mới, phòng sạch sẽ thơm tho",0,4,0,0,0,0
"Mình và nhóm bạn đã đến Lang chài Nhơn Lý vào cuối tháng 7, đầu tháng 8… đúng vào thời điểm lý tưởng nhất, cảnh đẹp, đồ ăn ngon. Bọn mình không nghĩ chuyến đi này lại ưng ý đến vậy. Các bạn thử đi nhé!",5,0,0,4,0,0
"Đứng trên Hải Đăng quan sát Cù Lao Xanh cực đẹp, nhưng cẩn thận vì có chó dữ nên phải gọi đt cho những người canh giữ Hải Đăng trước để họ xích chó lại
",4,0,0,0,0,0
Chúng tôi thực sự thích phương thức vận chuyển này để đến Vũng Tàu. Hành trình nhanh chóng và đúng giờ. Đáng giá.,0,0,0,0,4,0
"Mình với người yêu về Quy Nhơn ăn đám cưới vài ngày thì thấy mọi người review khá tốt chổ này, cũng gần bến xe Quy Nhơn. Mình đi xe tới Quy Nhơn lúc 4h sáng thì tới đây thuê xe luôn. Chú còn nhắn cho mình sdt của chuyến xe đi từ BĐ về Sài Gòn. Xe mình thuê chạy khá ngon có điều con Wave RSX thì gầm hơi thấp. Ngoài ra tình trạng của xe khá tốt. Lúc trả xe cô chú còn tốt bụng chở 2 đứa ra bến xe. Trước đó mình có đặt xe mà ra trễ nên lỡ mất chuyến thế là chú chở ra xe nhà chú nói mình là người nhà nên được nhà xe giảm phí. Tóm gọn là review cực tốt cho hẳn 5* cho cô chú.",0,0,0,0,5,0
Nhân viên thân thiện. Vị trí thuận lợi cho việc di chuyển.,0,0,0,0,4,0
"Chắc chắn là dịch vụ !! Tôi muốn cảm ơn lễ tân, Ms Phat và Mr Phan, vì sự hiếu khách tuyệt vời. Họ thực sự thân thiện và hữu ích trong thời gian ngắn của chúng tôi ở đây. Họ nói tiếng Anh và rất chuyên nghiệp. Khi thanh toán, họ đề nghị liên hệ với dịch vụ vận tải của chúng tôi để kiểm tra xem họ có đến nơi hay không. Vị trí cũng tuyệt vời, thuận tiện và có thể đi bộ đến nhiều nơi. Phòng chúng tôi đặt có bồn tắm, sạch sẽ và gọn gàng. Chúng tôi thuê một chiếc xe máy và họ có một bãi đậu xe mini ở tầng hầm. Anh Hà bảo vệ cũng rất tốt bụng và giúp chúng tôi di chuyển chiếc xe đạp của mình. Nhìn chung, đó là một kỳ nghỉ tuyệt vời và đáng đồng tiền! Đây là điểm dừng chân đầu tiên của chúng tôi tại Việt Nam và chúng tôi rất yêu thích nó. Xin cảm ơn khách sạn V rất nhiều!",0,5,0,0,4,0
"Nhân viên nhiệt tình, tận tâm, lễ phép. Đáp ứng nhanh chóng các cầu của khách. Bảo vệ lễ năng động, luôn tự nguyện giúp đỡ khách nghĩ như mang đồ, hướng dẫn, đón taxi...một khách sạn đáng để nghĩ ngơi !!",0,5,0,0,0,0
"Quán này gần chỗ homestay mình ở, thèm trà sữa nên mua uống thử. Mình gọi trà sữa olong, trân châu và thêm váng sữa phomai. Trà sữa hơi ngọt 1 tí, nhưng ngon và đậm vị. Váng sữa phomai cũng rất ngon, đậm vị cream cheese. 👍",0,0,0,5,0,0
"Ngày đầu tiên từ sân bay về khu FLC, nhóm mình đã tìm được chỗ ăn trưa ở đây, quán khá rộng rãi, thoáng mát, nhân viên vui vẻ, nhanh nhẹn dọn hành lý cho nhóm. Nhóm mình gọi cơm trưa kèm ít hải sản, món nào cũng ngon, thích nhất mực xào rất tươi và ngọt, cá kho cũng vừa ăn, tép đất ram với thịt ba rọi rất bắt cơm, rau còn độ giòn, chỉ có canh chua hơi khác vị miền Nam nên mình cảm giác không ngon, món lên cũng nhanh. Gần quán là ngôi chùa có tượng***2 mặt khá đẹp, ăn xong có thể gửi hành lý ở quán để qua chùa tham quan, ăn xong có xe đưa về khu FLC luôn rất tiện.",5,0,0,4,5,0
"Quy Nhơn trở thành con mồi hot cho những hãng trà sữa có tiếng tăm ở những thành phố lớn khác khi nào vậy. Thêm 1 quán trà sữa Heekcaa mới mở cho những team truy lùng trà sữa lạ rồi nhé. Ở đây mới mở nhưng giá thì hơi chát, từ 39k-65k tùy chọn hương vị nhé, có cả món nước nữa, gần như là gấp đôi gấp 3 những hãng tà sữa khác nên bạn phải cân nhắc về chất lượng và đồng tiền bỏ ra. Mình thấy cũng khá là ngon, nhưng hơi chát so với đối tượng sinh viên để bỏ ra 1 khoản tiền uống trà sữa như v nhé.",0,0,0,4,0,0
"Ra từ thứ 6 thuê đến chủ nhật mà cô chú giao xe chạy chỉ cần mỗi cmnd mà không cần trả trước. Do vừa cho thuê vừa có tiệm sữa xe, nên xe chạy ngon như xe nhà chỉ đổ xăng rồi chạy thôi không cần lo gì khác. Chỗ thuê xe tốt nhất trong nhiều nơi mình đã đi qua.",0,0,0,0,4,0
Tại khu vực lắp ghép ở HCM có một quán cà phê nhỏ dễ chịu phục vụ đồ uống và bánh ngọt loại nhỏ khi bạn chờ đợi khởi hành.,0,0,0,4,4,0
Đến Quy Nhơn du lịch là quyết định sáng suốt nhất của 2 đứa mình. Cảm ơn cửa hàng vì đã cho bọn mình thuê xe mới với giá thật rẻ nha,0,0,0,0,5,0
"Quán rất thân thiện, đồ ăn ngon với giá cả hợp lý , món ốc hương - ghẹ - ngao còi - ốc móng tay đều rất ngon. Nếu có dịp đến quy nhơn lần nữa gia đình mình sẽ quay lại quán <3",0,0,0,5,0,0
Lần sau có bạn bè về quy nhơn công tác nhất định mình sẽ cho số điện thoại 27a Hoàng Hoa Thám và giới thiệu cho,0,0,0,0,4,0
"Đầu tiên, cô ấy rất tuyệt trên whatsapp vì đã liên lạc để sắp xếp chuyến tham quan của chúng tôi. Luôn trả lời nhanh chóng.",5,0,0,0,0,0
"Quán có 2 tâng, có phòng riêng để tiệc tùng sinh nhật, nướng ngói mềm, chín vừa , nguyên liệu cũng tươi niawx , mỗi cái quan đoong nên phục vụ hơi lấu xí xí . Gọi tính tiền mà đợi cung 5 , 10 phút",0,0,0,4,0,0
Dịch vụ cho thuê xe máy tại Quy Nhơn rất hữu ích. Các bạn giao xe đến tận nơi và rất nhiệt tình. Kết thúc 1 chuyến du lịch thú vị và cảm thấy ấn tượng với con người ở thành phố Quy Nhơn Like,0,0,0,0,4,0
"Không gian: khá rộng rãi, thoáng mát, sạch sẽ. - Món ăn: lúc mình đến 10h hết cháo rồi, dĩa đầy đủ từ lòng, phèo, gan, dồi, thịt... Rau ăn kèm khá nhiều. Bánh hỏi và nước chấm ngon. - Phục vụ: khá nhanh, ok. - Giá: 40k/người.",0,0,0,5,0,0
"Chất lượng tốt, thời gian hợp lý
Hướng dẫn viên rất nhiệt tình vui tính dễ thương nữa.  ( hướng dẫn viên Diễm rất đáng yêu)",4,0,0,0,0,0
"Chú chủ khách sạn rất dễ thương, nhiệt tình, thuê xe máy cực rẻ, còn chỉ mình chỗ ăn ngon nữa. Bạn tiếp tân lịch sự, dễ thương. Phòng 5 người ở thoải mái",0,5,0,0,0,0
"Pizza rất ngon và phù hợp với khẩu vị người VN. Quán tuy hơi nhỏ nhưng trang trí đẹp, nhân viên thân thiện.",4,0,0,4,0,0
"Lúc trc chỉ 17k/ tô nay lên giá xíu 20k/tô nhưng mà hương vị và chất lượng vẫn như ngày nào. Ăn ở quán nhiều lần rồi hôm nay mới có dịp review cho acebb cũng biết. Chả cá rất thơm,thịt cua tươi dai ko bở. Mình thích ăn nhất là bánh canh gạo. Rất rất ngon :)) Vẫn sẽ ăn dài dài ở đây",0,0,0,5,0,0
"Nhân viên rất nhiệt tình, đồ yody mặc rất đẹp rất thoải mái. Mình sẽ ghé ủng hộ nhiều nhiều",0,5,0,0,0,0
"Quán này mình ăn rất nhiều lần rồi , trước đây nó là quán kem thần thánh đối với sinh viên vì giá rẻ và chất lượng khá ổn , nhưng bây giờ nhiều quán xuất hiện với chất lượng ngon hơn nhiều nên chắc sẽ không ghé quán nữa . Hôm nay mình gọi món mì kem , mì là thạch được cắt sợi xong cho 1 viên kem và nước cốt dừa vào , ăn hơi kì kì , mình ăn không hết nổi nữa . Kem cuộn thì không mịn và ít béo , mà giá thì cũng ngang mấy quán khác . Hy vọng quán sẽ nâng cấp chất lượng để lấy lại thương hiệu",0,0,0,4,0,0
"Chúng tôi đã có một chuyến đi trong ngày đến Vũng Tàu bằng phà. Khởi hành lúc 8 giờ sáng, phà xuất bến đúng giờ và rất êm ái.",0,0,0,0,0,0
"Giá có hơi cao nhưng xứng đáng. Đến các diệp lễ như trung thu thì xếp hàng mỏi cổ nha. Bánh trung thu ở đây ăn hợp khẩu vị. Nhân viên thì bình thường, k đáng nói.",0,0,0,4,0,0
"Lại 1 recommend mà mình nhận được khi xem reviw du lịch tự túc ở Bình Định. Quán không quá rộng, sạch sẽ, xe để trên lề đường. Mình ăn bánh hỏi cháo Lòng ở quán vào buổi sáng, khoảng hơn 7h, quán không quá đông nhưng lên món vẫn lâu, đem đĩa bánh hỏi lên rồi khoảng 10 phút sau mới đem lòng lên. 1 phần ăn gồm 1 đĩa bánh hỏi, 1 đĩa lòng heo, 1 chén cháo và rau ăn kèm giá 35k. Bánh hỏi có nhiều rau mùi lắm nên ai không ăn được nhớ dặn quán trước, lòng nhiều và cháo nóng hỏi, chất lượng nhìn chung thấy ổn.",0,0,0,4,0,0
"thực đơn ít có sự lựa chọn, giá khá đắt so với mặt bằng chung. tuy nhiên ""sò mai hay sò may"" tươi ngon , lần đầu tiên ăn món này ngon tươi như vậy.",0,0,0,4,0,0
"Bún nạm xương bò, tô nhiều dã man. Mình theo foody đi ăn thử, gọi món ra nhanh, phục vụ nhiệt tình, bún ngon lắm, mà múc thiệt nhiều nữa . Đi ăn thử quán lề đường mà thành công. Nói chung là mình sẽ ủng hộ quán dài dài.",0,0,0,5,0,0
"Quán Sáu cao nổi tiếng về các món gà,chim cút. Thực đơn quán ko đa dạng nhưng cách chế biến đồ ăn ngon và lạ. Mùi vị thấy rất dễ ăn, có thể nói quán này khá đầu tư về không gian ngồi cho khách. Có 3 không gian để ngồi, ngồi nền chòi, bàn thấp và bàn cao. Kiểu gì cũng có luôn. Đồ ăn giá cũng ổn không quá đắt.",0,0,0,5,0,0
"Sạch sẽ và đầy đủ tiện nghi rất phù hợp với giá tiền. Vị trí rất dễ tìm, gần trung tâm thành phố",0,5,0,0,0,0
"Được khách sạn tặng 1 hộp quà lưu niệm nhỏ, bé nhà mình rất thích.",0,4,0,0,0,0
"Cơm gà, cơm món ở đây ăn đều ổn, gia vị rất vừa miệng, ngoài ra cơm tôm kho cũng ngon. Mỗi tội đến vào buổi trưa thì rất đông nên phải đợi tầm 30p mới có đồ ăn, buổi tối thì pvu nhanh hơn. Mình thích 1 điểm nữa là khi đi 2 người thì quán tự cân nhắc làm cơm món vừa đủ cho 2 người luôn chứ ko cần phải nhắc, ko lo bị chặt chém, ko như nhưng quán khác món ăn chỉ làm theo 1 cỡ dù ít hay nhiều ng ăn.",0,0,0,4,0,0
"Nhân viên Lễ tân thân thiện và chuyên nghiệp, phòng sạch sẽ & tiện nghi.",0,5,0,0,0,0
"Đến bến xe lúc 5h gọi phát anh chủ mang xe ra luôn. Dù rất sớm nhưng mà a vẫn vô cùng nhiệt tình, trước đó mình có gọi vài chổ gần hơn nhưng đều bị từ chối vơi lý do chưa đến giờ làm việc. May tìm được chổ cho thuê xe máy Hoài bảo, quá ư là nhiệt tình",0,0,0,0,5,0
"Du lịch bằng taxi ở Sài Gòn rất dễ dàng và rất rẻ miễn là bạn sử dụng một công ty có uy tín. Chúng tôi luôn sử dụng taxi Vinasun 
và thấy chúng thật tuyệt vời. Chỉ cần chọn địa chỉ bạn sẽ nói vì hầu hết không nói nhiều tiếng Anh.",0,0,0,0,5,0
"Quán nhỏ , chật chật , nóng nực , khói đồ ăn hấp vào cả người lẫn quần áo . Nhưng được cái là khách đông , nhân viên chạy đôn chạy đáo để bán kịp . Đồ ăn thì miễn bàn , siêu ngon . Giá cả hợp lí . Mình thích nhất là ăn món chân gà ở đây , ướp vừa miệng , nhâm nhi với bia hay ăn với cơm đều ngon . Lẩu ở đây rẻ mà nhiều lắm , ăn 3 đứa 1 cái lẩu mà no cực luôn . Đồ nướng cũng bình thường . Sẽ đến quán trong những dịp tới ❤️",0,0,0,5,0,0
"Dịch vụ nhiệt tình, và người địa phương. Lần sau ủng hộ nếu có dịp.",0,0,0,0,4,0
"Đi ngang qua thấy đông quá nên vô thử, hàng hải sản khá rẻ tươi ăn khá ngon, sẽ giới thiệu cho bạn khi bạn đến Qui Nhơn",0,0,0,5,0,0
"Ks phòng sạch sẽ, check tự động thuận tiện. Có dịp sẽ ghé lại sớm",0,4,0,0,0,0
"Menu này giá tết các bạn nhé... quán có rất nhiều món mới như gà cay phô mai, trà milk form, bingsu các loại, cà phê dừa... giá thành tương đối được so với mặt bằng và view của quán... mình vào quán và chọn món gà cay phô mai, sữa chua nếp cẩm và trà hoa Hibicus... Gà cay phô mai : tương đối dễ ăn có tobboki và gà... mà mình thấy hơi nhiều dầu mỡ... quán nên hạn chế 1 ít để ăn không bị ngáy... Sữa chua nếp cẩm : thức uống được nhiều người lựa chọn mỗi khi đến quán đặc biệt là chị em phụ nữ, ăn rất ngon và tốt nhé... ly nhiều nếp ăn rất ngon mà ko bị ngáy nhé... Trà hoa Hibicus : hoa hibicus ngâm đường thêm 1 ít bạc hà tạo nên hương vị lạ lạ mà uống ko thể lẫn vào đâu được... Quán luôn đổi mới và luôn bổ sung để phục vụ khách hàng tốt hơn...",0,0,0,5,0,0
"THANH XUÂN ĐẸP NHẤT LÀ ĐƯỢC DU LỊCH CÙNG BẠN THÂN🌼 Phú Yên - Quy Nhơn mùa này đẹp lắm. Mình vừa cùng cô bạn thân thuê xe máy tại đây và vi vu khắp các địa điểm du lịch. Cảm ơn vì đã cho tụi mình thuê xe mới với giá tốt nhất, giúp chúng mình có những trải nghiệm và chuyến đi thật tuyệt vời",0,0,0,0,5,0
"Đó luôn là một dấu hiệu tốt khi một khách sạn có uy tín chỉ giới thiệu một công ty taxi.
 Đây là một trong những đề nghị của khách sạn của chúng tôi và chúng tôi đã đưa họ khi ra ngoài và trong thành phố. Nhìn chung, chúng tôi rất hài lòng với dịch vụ nhận được. Luôn luôn yêu cầu họ bật đồng hồ và không chấp nhận một số ngẫu nhiên vì đồng hồ sẽ rẻ hơn 99% thời gian.",0,5,0,0,5,0
"Quán ăn mà nuôi cả chó lẫn mèo, để mèo trèo lên bàn nhìn cảm thấy không hợp vệ sinh lắm, thịt hơi ngọt, giá 39k 1 phần cũng ko hề rẻ so với mặt bằng chung",0,0,0,4,0,0
"Bạn lễ tân cực kì dễ thương, chổ ở đẹp,vị trí ngay trung tâm",0,5,0,0,0,0
Chủ khách sạn rất vui và nhiệt tình.tôi rất thích nơi này.,0,5,0,0,0,0
"Nhóm mình đi Quy Nhơn chơi. Được mấy anh chị đi trước hướng dẫn đến tiệm này để thuê xe. Công nhận đúng ý thật. Xe mới, chủ quán nhiệt tình thêm cái giá cả quá hợp lý. Quy Nhơn đẹp, tiệm này cũng quá dễ thương. Luôn ủng hộ dịch vụ cho thuê xe máy Quy Nhơn mỗi lần ghé nơi đây
",0,0,0,0,5,0
"Hướng dẫn viên rất nhiệt tình thân thiện. Thích nhất hướng dẫn viên “ Thành Phát” rất nhiệt tình, chụp nhiều ảnh đẹp cho đoàn. Và anh Thành Phát làm MC rất hay và tổ chức trò chơi cũng rất vui nhộn. Đêm gala để lại cho đoàn chúng em nhiều ấn tượng đẹp.
",5,0,0,0,0,0
"Ở quy nhơn,mình khám phá nhiều quán...nhưng chốt lại vị cua là ok nhất...món ăn đa dạng, nấu theo phong cách nhà hàng,giá rẻ ,mình hơi bất ngờ là quán hơi vắng...tại vì nằm ở đường nhỏ thôi...mọi người nên ghé..",0,0,0,4,0,0
Thích hợp cho gia đình và nhóm bạn relax cuối tuần ... i like it ...,5,0,0,0,0,0
"Mỗi lần ăn thì giá lại nhích lên một chút, hôm nay mình ăn 25k một tô rồi . Bánh canh ở đây theo mình thì nước dùng tuy đơn giản nhưng rất ngon , kiểu ngọt thanh chứ không quá dầu mỡ . Cọng bánh canh gạo to và cứng hơn so với cọng bánh canh gạo của quy nhơn , chả cá dai ngon . Cua cho khá nhiều nhưng mình thấy ít tươi , thịt cua hơi bùi . Khi ăn có thể ăn kèm bánh mì cho chắc bụng , thêm 3k cho một ổ bánh mì . Phục vụ nhanh nhẹn , không để khách chờ lâu dù quán rất đông .",0,0,0,5,0,0
"Thực đơn không phải là thứ đặc biệt nhưng chúng làm gì, chúng hoạt động rất tốt.",0,0,0,0,0,0
nhân viên cực nhiệt tình và nói chuyện hoi bị dễ thương luôn..có nước lọc ư miễn phí phòng sạch sẽ..ai muốn có view đẹp thì nên đặt sớm nha mình đặt muộn nên ở phòng hơi thấp nhưng cũng ok nè,0,4,0,0,0,0
"Nhân viên Nhi, Yến phục vụ siuu tốt lun, rất quan tâm khách hàng châm nước và đồ ăn liên tục, thân thiện. Đồ ăn đa dạng, nhiều món, ăn vừa miệng.",5,0,0,5,0,0
"Quán có nhiều hải sản tươi ngon như tôm, cua, bề bề mực nướng, các loại sò ốc, cá... chế biến nhiều mónm Giá cả hợp lý. Đặc biệt ở đây có món sứa rất ngon và món "" tủ"" của quán.",0,0,0,5,0,0
"Bây giờ tôi có cơ hội viết bình luận cho bạn vào ngày tôi thuê một chiếc xe máy của Huyền Anh dịch vụ của bạn rất tốt. Chuyên gia tư vấn rất nhiệt tình chỉ cho tôi những địa điểm ăn uống ngon và những địa điểm du lịch đi chơi rất uy tín và chất lượng, tôi sẽ giới thiệu cho bạn bè cơ hội khi có cơ hội",0,0,0,0,5,0
"Gần khu ăn uống Nguyễn Thị Định. Lai rai xong tấp qua hát hò rất thuận tiện
Âm thanh tùy phòng có phòng hay, phòng không",4,0,0,0,0,0
"Gần khu ăn uống Nguyễn Thị Định. Lai rai xong tấp qua hát hò rất thuận tiện
Âm thanh tùy phòng có phòng hay, phòng không",4,0,0,0,0,0
"Mình đến Quy Nhơn cùng gia đình trong chuyến đi du lịch hè dài ngày. Nhờ foody mà gđ mình đến quán Gà Trống ăn thử. Cơm gà chiên nước mắm rất ngon, giá cả phải chăng, quán sạch, nhân viên thân thiện. Hẹn sớm gặp lại.",0,0,0,5,0,0
"Mì đen ở đây ngon, nói mỳ đen tưởng lạ chứ thực chất là mỳ ý trộn sốt thôi. Cơm thố cũng ngon và thơm, hơi nhão, nếu chiên dạng cơm rang chắc sẽ ngon hơn. Có món lẫu tụi mình gọi nhầm, muốn ăn dạng lẫu trong chảo nhưng gọi nhầm dạng thố, có take note ít cay nhưng bạn ấy làm cay kinh khủng từ cái đến nước, tụi mình bỏ lại cũng nửa tô 😢 Wifi ổn. Giữ xe free. Nhân viên vui vẻ lịch sự.",0,0,0,4,0,0
Trải nghiệm tuyệt vời! Giao tiếp tuyệt vời. Xe đạp tốt. Rất khuyến khích.,0,0,0,0,5,0
"Hôm nay chủ nhật, nên mình và cô bạn ghé quán này với mục đích thưởng thức kem và tám chuyện. Cả hai mục đích đều thành công rực rỡ, vì thứ nhất, quán khá rộng, mát mẻ và có không gian dễ thương với tông chủ đạo màu trắng và những hình ảnh vẽ trên tường rất ngộ nghĩnh nên tám rất thích, Thứ hai là về phần thực đơn, quán món gì cũng có, nào bánh, nào sữa, nào kem...Chỉ cần chọn món mình thích là có ngay. Khách quan mình thấy đồ uống đây khá ngon, bánh cũng rất tuyệt. Nên sẽ còn quay lại nhiều lần.",0,0,0,5,0,0
"Mình tới đây mới lần đầu, không gian quán thì okie nhưng nước uống không ngon, hồng trà dở hơn mấy chỗ khác, vị nhạt, được cái lớp foam ngon, vừa miệng bù lại.",0,0,0,4,0,0
Buổi tối có hơi ồn một tí! Nhưng vẫn ok.,0,4,0,0,0,0
"Thời gian công tác ở Qui Nhơn được ghé nhà hàng này nhiều lần. Nói chung là không gian quán thoáng đãng , rộng rãi và mát mẻ . Nhân viên phục vụ nhanh nhẹn , thân thiện với khách hàng . Thời gian chế biến món ăn hơi lâu một tí nhưng bù lại được ăn ngon nên cũng đáng để chờ đợi. So với mặt bằng nhà hàng thì giá cả ở đây cũng không đắt lắm . Đồ ăn ở đây có nhiều món ngon lạ, cách chế biến cũng khá hấp dẫn . Ưng nhất là món hàu phô mai và súp khoai tây hải sản. Mem nào mê hải sản nhất định phải ghé đây ăn thử nà.",0,0,0,5,0,0
"Mình thuê xe tay ga đi 48h đi đèo QUY NHƠN, mọi thứ hoàn hảo. Chủ sở hữu nói tiếng Anh tốt và địa điểm gần Ariport, vì vậy nếu bạn có thời gian, đừng suy nghĩ kỹ! Và sự cầu xin này có một mức giá tốt, vì vậy đừng lo lắng, hãy hạnh phúc.",0,0,0,0,5,0
"1 quán trà sữa xinh sắn nằm ngay trên đường Trần Thị kỷ :)) nhìn từ ngoài thì mình cũng đoán chắc được view bên trong quán như thế nào rồi nhé. hầu như quán có rất nhiều nơi để chụp hình, ngoài cửa vào tầng 1 tầng 2 và ban công của tầng 2 có 2 cái ban để ngồi chắc cũng tại mình bên nhiếp ảnh nên thấy quán có đầu tư về view nên thấy view rất ok! ở quán match trà xanh ngon lắm, thấy giá cũng hợp lý tại quán gần khu sinh viên nên rất hợp lý. cũng là nơi để học bài lý tưởng nè. nhân viên phục vụ thân thiên, mấy bạn nữ nhân viên xinh nữa :)) có dịp sẽ ghé quán :))",0,0,0,5,0,0
Nơi tốt nhất để thuê xe máy hoặc xe tay ga. Họ đưa ra một mức giá tốt và họ sẽ đến giúp bạn nếu bạn có vấn đề với chiếc xe đạp. Cảm ơn rất nhiều cho các dịch vụ thân thiện tuyệt vời !!!,0,0,0,0,5,0
Biển Quy Nhơn vừa trong vừa lắm cá Trai Quy Nhơn vừa khá lại vừa chăm haha chúc anh chủ dịch vụ cho thuê xe máy quy nhơn giá rẻ ngày càng làm ăn phát đạt nhé,0,0,0,0,5,0
"Nội thất tuyệt đẹp, chất lượng hoàn toàn vượt xa so với giá mà khách sạn bán. Thích hợp cho gia đình cần không gian riêng",0,5,0,0,0,0
"Quán phong cách hè phố, thoáng mát, thoải mái, trời mưa ngồi như trở về tuổi thơ 😜. Nước ngon, giá trung bình. Một số món rẻ hơn mặt bằng chung. Menu nhìn rất yêu. Món mình thích nhất là Trà Đào, Trà đen machiato và cafe caramel đá xay. Riêng cafe cốt dừa khả năng giá rẻ nhấ quy nhơn với 20k ly to thật to 💋",0,0,0,5,0,0
"Thấy chủ quán bảo cách ăn là cuốn bánh hỏi với thịt rồi nhúng cháo, chấm nc mắm ăn. Cơ mà thịt bánh lên trước aqn xong rồi cháo mới lên , được cái cháo ngon, với hành ăn thơm chứ ko bị hăng. Quán đông nên lên đồ lâu",0,0,0,4,0,0
Khách sạn Quy Nhơn gần biển. Cửa sổ view rộng. Phòng sạch sẽ. Nhân viên nhiệt tình và thân thiện.,0,5,0,0,0,0
"Ồ. Mình đã vừa tìm được lại địa chỉ của công ty thuê xe tại quy nhơn này. Thiệt tình thì đã có dịp thuê xe tại đây. Phải nói là hết sức ưng ý. Xe thì mới mà giá lại hợp lý. Đội ngũ nhân viên rất nhiệt tình và hiếu khách. Phải nói là từ trước giờ mình đến quy nhơn du lịch thì hầu hết di chuyển bằng xe máy nên đã tìm kiếm hết các công ty thuê xe rồi. Giờ mới tìm được chổ ưng bụng nhất. Du lịch bụi nên mình tiết kiệm được bao nhiêu thì tiết kiệm thôi. Phải nói chắc chắn rằng mình sẽ quay lại quy nhơn và tiếp tục ủng hộ A Bảo Cảm ơn các bạn vì đã cho mình thuê những chiếc xe rất tốt, chuyến đi của nhóm mình rất vui vẻ mình rất hài lòng có dịp quay lại quy nhơn mình sẽ liên hệ các bạn nhé!",0,0,0,0,5,0
"Có 2 Khu Hotel và Resident (tiện cho gia đình có bếp, phòng khách...) phòng đẹp, yên tĩnh, view cao đẹp, ăn sáng ok
",0,5,0,0,0,0
"Sạch sẻ, gần trung tâm. Đi bộ tắm biển.",0,4,0,0,0,0
"Quy nhơn có nhiều chổ cho thuê xe máy nhưng chưa thấy chổ nào cho thuê xe chuyên nghiệp mà tận tâm như chổ này, xe mới , sạch sẽ bóng loáng, chuẩn bị đầy đủ mũ bảo hiểm và cả áo mưa cho khách, hỏi xin bảng đồ cũng có luôn, còn chuẩn bị list quán ăn ngon trong cốp xe cho khách tiện đi lại nữa. Quá sức tuyệt vời",0,0,0,0,5,0
"Hóng bên page Dalatmilk thấy cung cấp sữa cho Ming tea làm sữa tươi trân châu đường đen. sữa Dalatmilk thì đỉnh rồi, béo ngậy, không quá ngọt. chỉ hi vọng là trân châu đường đen làm sẽ ngon như mí quán mình đã được thử. Giá dùng thử trong 2 ngày 11 và 12/5 là 20k 1 ly nhé. sau đó tăng giá bao nhiu thì mình hổng bít hihi. nhưng cũng tầm trên 30k đó. đến thử lẹ nào",0,0,0,5,0,0
Đi xe khá tốt. Ab năm 2017 diễn ra suôn sẻ.,0,0,0,0,5,0
"Là quán coffe đường phố nhưng khá chất lượng . Quán hơi nhỏ , bàn ghế gỗ khá thấp . Nhưng đồ uống ở đây được pha chế rất điệu nghệ . Có nhiều loại khá ngon , và cũng có một số loại hơi khó uống vì bỏ quá tay bạc hà nên hơi bị hăng . Nói chung là giá cả khá hợp lí so với mặt bằng Qui Nhơn . Sẽ ủng hộ quán trong các dịp tới",0,0,0,4,0,0
"Nhân viên cực nhiệt tình thân thiện... điểm cộng lớn nhất của mình là không gian của TRÒN ❤️ Không gian thư giãn với sắc gỗ pha lẫn ánh đèn vàng ấm áp cảm giác cao cấp, sang trọng nhưng gần gũi, nhẹ nhàng. Đúng với tinh thần giải tỏa căng thẳng cho cả cơ thể và tâm hồn   Trước khi tìm đến TRÒN mình rất hay gặp tình trạng đau mỏi vai gáy, ngồi lâu ở phòng làm việc thật sự stress và cần một nơi thư giãn như TRÒN... đúng là lúc đi hết mình lúc về hết mỏi như lời đồn đó mn    TRÒN quả nhiên là nơi đáng để trải nghiệm đó:))) tin mình đi 😽",5,0,0,0,0,0
"Mặc dù kế hoạch của chúng tôi có một số thay đổi và chuyến bay của chúng tôi bị hoãn, chúng tôi đã được đáp ứng như mong đợi và được 
đưa đến khách sạn của chúng tôi ở TP.HCM một cách nhanh chóng và dễ dàng. Chúng tôi cũng đã sử dụng chúng để chuyển trở lại của chúng tôi và một lần nữa nhận được một dịch vụ tuyệt vời.",5,0,0,0,5,0
"Tôi có những trải nghiệm khá tốt với Vinasun, xe sạch và đẹp, tài xế vẫn ổn.",0,0,0,0,4,0
"Khu vui chơi tuyệt vời cho thanh thiếu niên với nhiều trò chơi vận động như leo núi, bắn cung, chèo thuyền... Khu nghỉ dưỡng với các Bungalow tinh tế. Không khí, khung cảnh tuyệt vời!
",5,5,0,0,0,0
anh quản lý đẹp trai nhiệt tình. Hải sản ok. Phục vụ nhah chóng. Nhớ mãi món cua Huỳnh Đế. LẦn sau sẽ tới nữa,0,0,0,5,0,0
"View thành phố đẹp, đi lại tiện lợi, xe máy cho thuê mới",0,5,0,0,0,0
Cảm ơn vì chuyến đi an toàn đến khách sạn của chúng tôi. Cả hai chặng chuyển giao đều đúng giờ và đưa chúng tôi đến nơi cần đến một cách an toàn.,0,0,0,0,4,0
Món cua của họ rất ngon.,0,0,0,5,0,0
"Thêm một tân binh nữa đã lộ diện - NY Coffee. Cảm nhận đầu tiên về tân binh này là bạn í mang một vẻ khá chất nhưng không chất. Chất ở chỗ nào? Chất ở cách chọn lựa màu sắc cho quán là tông trắng đen xuyên suốt từ chiếc ghế phải có đệm màu đen và sẽ thiếu thốn nếu không nói đến sự trau chuốt đến từng ngóc ngách trong quán. Không chất ở chỗ là ở đây đa phần phục vụ những vị khách biết hưởng thụ cuộc sống và cái đẹp vì theo mình quan sát thì ở đây không thể giải trí bằng đanh bài v...v. Do đó, những ng yêu cái đẹp hãy đến quán xem thử nhé! Còn một điều mà mọi người lo ngại ko kém đó là thức uống và giá cả. Thì khi đến quán mình và bạn đã gọi trà foam milk: 35000, matcha lattle: khoảng 25 hay sao đó mình qên gòi. Khi uống trà thìvij khá lạ không giống những quán khác mình cũng không biết diễn tả làm sao để các bạn hiểu nữa. Còn matcha lattle thì thơm mùi matcha khá là ngon đấy. Phong cách phục vụ rất tốt nhân viên rất là thân thiện lun í. Mình khuyên là hãy đến với bạn ấy vào chủ nhật để thư giản và cảm nhận cuộc sống sau một tuần vật vã. Quán đang giảm giá 20% đấy mọi người mau đến kẻo hết nhé!",0,0,0,5,0,0
Rạp chiếu phim CGV ở đó thoải mái.,4,0,0,0,0,0
"Phòng sạch sẽ, thơm, chị lao công cũng dễ thương hoà đồng. Cô chú chủ cực kỳ cute luôn á mọi người. View phòng đẹp, xung quanh yên tĩnh. Mọi người nên ghé nhaaaa.",0,5,0,0,0,0
Các món hải sản tuyệt vời!!! Theo mình: cho đến thời điểm hiện tại đây là nới chế biến hải sản RẤT ngon ở Quy Nhơn mà mình biết (gần trung tâm) kêu thử món nào cũng đều ngon! Rất hợp khẩu vị của mình! Chỉ có điều vì quán thường rất đông vào giờ cao điểm nên hơi... lộn xộn xíu 😜!,0,0,0,5,0,0
"Nghe đồn là đẹp nhưng địa danh này tính phí quá cao (100.000đ cho một khách tham quan, 40.000đ cho xe chuyên dụng vận chuyển khách vào tham quan, trẻ em không được miễn phí...). Mặc dù đẹp nhưng sẻ không bao giờ vào.
",4,0,0,0,0,0
"Nhân viên tận tình, chu đáo. Vị trí tốt, phòng ốc sạch sẽ, cách âm tốt. Tôi đã ngủ rất ngon",0,4,0,0,0,0
"Tuyệt vời, nhưng mình thích ngọn hải đăng không sơn lại, nhìn cổ kính hơn. Đảo rất đẹp, người dân thân thiện
",4,0,0,0,0,0
"Địa điểm khách sạn rất tốt, chỉ cần đi bộ xíu là ra biển, gần Vincom, gần cafe...",0,5,0,0,0,0
"Quy Nhơn hơi chán, đồ ăn đa phần toàn giá cao, cao hơn những địa điểm du lịch khác
",4,0,0,0,0,0
Luôn luôn sử dụng Vinasun trong tất cả các chuyến thăm của chúng tôi đến Việt Nam. Các trình điều khiển biết nơi họ sẽ đi và không bao giờ có vấn đề.,0,0,0,0,4,0
"Bún bò nạm nước ngon, nạm mềm. Quán bán đủ thứ, có bún phở rồi có miến lươn nữa. Quán bán đông mà món ra nhanh. Nói chung mình duyệt. Chắc chắn sẽ quay lại lần sau!",0,0,0,5,0,0
"Chấm 10đ cho Fleur Hotel Quy Nhơn
* Ưu điểm: KS đẹp, đối diện biển, buffet sáng ngon, nhân viên vô cùng ưng ý, thân thiện. Đặc biệt chị lễ tân Minh Hiếu rất đáng yêu.
* Điểm trừ nhỏ là cách âm phòng kém quá:(
",0,4,0,5,0,0
Rất hiệu quả. Người lái xe đã ở bên ngoài thiết bị đầu cuối với tên trên thẻ. Có mặt tại khách sạn 40 phút sau đó. Cảm ơn các bạn,5,0,0,0,5,0
Phòng rộng. hát cũng được. Trang trí đẹp. Giá cũng hơi cao . Phục vụ cũng bình thường . 😁,4,0,0,0,0,0
Tôi gửi cho họ hình ảnh của tôi từ di động của tôi và người lái xe đã tìm thấy tôi ngay khi tôi ra khỏi sân bay.,4,0,0,0,0,0
Hoàn toàn khuyến khích nơi này tôi sẽ còn trở lại,0,4,0,0,0,0
"Cafê đường phố nhưng chất lượng, với cafê nhiều abrabica và pha chế bằng máy, nơi yêu thích tín đồ cafê... có thể nhận thấy điều đó buổi sáng sớm với nhiều nữ công chức ngồi vỉa hè với 01 ly cafê espresso không đường, buổi tối là nơi hội tụ giới trẻ, các món giải khác ngon đặc trưng như soda việt quốc; chanh lắc; chocolate tuyết, trà chanh... ly nhựa mang đi tinh tế, thuận tiện..anh chủ quán dễ thương..điêu lạ quán bình dân mở nhạc bằng máy tính nên khách đến được tự mở nhạc mình thích",0,0,0,5,0,0
"Giá thực sự tuyệt vời vì nằm ngay Bùi Viện du lịch. Rất nhiều món ăn tuyệt vời để lựa chọn nhưng tôi luôn giới thiệu món tôm ban xe của họ, nó rất ngon. Một nơi tuyệt vời nếu bạn đang tìm kiếm một số món ăn ngon của Việt Nam.",0,0,0,4,0,0
"Công viên hoang dã đầu tiên ở quy nhơn đã mở cửa và được vào tham quan rồi nà, vào đây xem được nhiều con thú mà mình chưa thấy đến bao giờ :v thấy Quy Nhơn có cái này cũng tốt lắm luôn í, có thêm địa điểm vui chơi để mấy bạn nhỏ đi vừa chơi vừa học luôn, thêm nữa là cái cảnh nó cũng đẹp không kém nữa, và lại thêm một địa điểm cho các bạn sống ảo rồi hihihi
",5,0,0,0,0,0
"Con người Quy Nhơn thật là dễ thương và đáng mến, ai cũng chân chất thật thà và vô cùng dễ thương. Mình ở khách sạn Hoàng Hưng đường Nguyễn Lạc, giá phòng 400K, khách sạch sẽ và đẹp rất hài lòng. Sau đó hỏi thuê xe máy thì lễ tân khách sạn gọi cho mình chổ bạn Hoài Bảo, mình có nghe dịch vụ bên bạn tốt trước đó qua các bài review quy nhơn trên facebook, dịch vụ của bạn được đánh giá rất cao và sau khi trải nghiệm dịch vụ thì mình có thể cảm nhận đúng như vậy. Giao xe rất nhanh chóng, bên khách sạn gọi chỉ 10p sau là chúng mình đã có xe đi rồi. Lúc nhận xe thi thái độ phục vụ rất nhiệt tình và niềm nở, tư vấn cho gia đình mình đủ mọi chổ chơi và ăn uống ngon bổ rẻ. Còn giới thiệu các tour uy tín bên eo gió kỳ co nữa. Xe thì rất mới, sạch sẽ, mũ bảo hiểm rất đáng yêu và thơm. Giá cả theo mình là rẻ cho xe số 120K và xe ga 150K tính theo 24h bắt đầu từ lúc mình nhận xe, giao xe tận nơi và lấy xe tận nơi hoàn toàn ko tính thêm phí, mỉnh rất hài lòng khi thuê xe máy ở đây",0,0,0,0,5,0
Bữa sáng tuyệt vời với một bát phở gà thật ngon và nhiều thịt. Các món ăn khâc cũng rất tuyệt đặc biệt là món chè sương sa hạt lựu.,0,0,0,5,0,0
"Dịch vụ rất thuận tiện khi đến du lịch quy nhơn. Gần sân bay và có giao, nhận xe tận nơi, giá cả hợp lý. Các bạn giao xe máy thân thiện lại còn nhiệt tình chỉ đường và tư vấn các địa điểm vui chơi, ăn uống. Like",0,0,0,0,4,0
"Bạn có thể thăm nhà thờ Đá, mộ thi sĩ Hàn Mặc Tử, ngắm bãi đá trứng và biển xanh, có thể nhìn về phía thành phố và tàu thuyền leo đậu rất thanh bình. Bạn cũng có thể leo lên cao thăm mộ cũ thi sĩ Hàn Mặc Tử, dạo mát trong không gian rừng bạch đàn yên ả
",5,5,0,0,0,0
"Xe chạy hơi muộn nhưng đến đúng giờ vì không đón dọc đường, rất thích xe này, màu đẹp dịch vụ tuyệt vời. Tài xe phụ xe lịch sự.",0,0,0,0,4,0
"Nhớ bingo quá à bingo ơi! Mình với nhóm bạn ghé quán đầu tiên là vì tò mò, tại ai đi rồi cũng khen mà. Mà khen cũng đúng thôi, quán dễ thương quá mà :"">, nhóm tụi mình ai cũng thích. Quán bé bé xinh xinh, chỉ đủ kê vài cái bàn thôi nhưng điều đó không làm ảnh hưởng gì tới chất lượng đồ ăn, nước uống tại quán cả. Bánh ngon lắm nha, bánh nào cũng ngon, nhưng mình thích cảm giác mềm mịn, ngọt dịu lúc miếng bánh flan kem tươi tan ra trên đầu lưỡi lắm luôn ấy.",0,0,0,5,0,0
"Nhà xe không tăng giá sau dịch, hỗ trợ bà con khó khăn từ TP.HCM về, giá vé chỉ 260k trong khi các nhà xe khác tăng giá toàn 1tr trở lên. Cảm ơn nhà xe",0,0,0,0,5,0
Quá bình dân giá rẻ . Ăn chơi chơi gia đình rất được . Mỗi người 1 khẩu vị ăn theo cá nhân của mình quán ăn ngon nhân viên phục vụ rất chi là dễ thương chỉ cho mình địa chỉ ăn ngon đi kì co sao sao rất thân thiện . Nhà mình ăn 15 phần ốc 2con tôm hùm full gạch h nói tới vẫn còn thèm . 5 phàn hàu nướng phô mai trẻ em nhà mình nghiện nhất là món phô mai ở quán này . Cháo hải sản ngon lắm nha các bạn full hàu luôn . Tổng thiện hại chưa tới 1tr dậy là mọi người biết độ ngon rẻ ở quy nhơn rồi nha . Năm sau sẽ dắt gia đình ra quy nhơn sẽ ghé tiếp,0,0,0,5,0,0
"Chồng mình ra làm passport tiện ghé quân ún nước. Không gian quán đơn giản nhẹ nhàng. Nước pha ngon, bánh plan ngon. Nếu có dịp sẽ ghé nữa!",0,0,0,5,0,0
"Quảng trường xanh, rộng và thoáng mát của thành phố biển Quy Nhơn, rất thích hợp cho việc đi bộ. Ở đây đối diện vs các con đường lớn của TP, các tòa nhà ngân hàng cao tầng, siêu thị Coopmart, có vị trí khá thuận lợi. Nơi đây là nơi tổ chức các hoạt động vui chơi như hội chợ, Tiger Remix, Bài Chòi,... I love this square very much! 😇. Let's go to Quy Nhơn City Square. It doesn't make you disappointed.
",5,0,0,0,0,0
"Ông chủ thân thiện, nhiệt tình, xe đi rất tốt, giá cả bình dân. Lần sau mình có quay lại Quy Nhơn sẽ quay lại đây",0,0,0,0,4,0
"Thật sự rất cuốnnnn. Sẽ thật đáng tiếc nếu k đi. Trải nghiệm của mình tại đây rất tuyệt vời
",5,0,0,0,0,0
"Thuê xe máy ở đây rất lợi, thứ nhất là xe xịn, xe mới giá rẻ Thứ 2 là được giảm giá các dịch vụ như tour kỳ co eo gió và các homestay dễ thương quá trời quá đất luôn",0,0,0,0,4,0
"Đêm qua tôi đã có niềm vui đến thăm quán bar này và thưởng thức một vài loại bia và bữa tối. Các món ăn là phương Tây, rất ngon và giá cả hợp lý, như là bia. Chắc chắn tôi sẽ ghé thăm đây một lần nữa.",4,0,0,4,0,0
"Mực xé sợi tẩm gia vị ở đây cực ngon, mình hay mua combo mực xé sợi và mực ngào để ăn vặt và để sẵn mồi cho chồng mình nhậu, khỏi mắc công chế biến
",0,0,0,5,0,0
"Tài xế của hãng nhiệt tình lắm luôn. Chất lượng xe tốt
",0,0,0,0,4,0
"Đã quay lại lần 2. Phòng ở, trang thiết bị đầy đủ, sạch sẽ, tiện nghi, nội thất đẹp, đội ngũ nhân viên, lễ tân rất nhiệt tình, hỗ trợ du khách đến từng chi tiết nhỏ. So với các khách sạn cùng phân khúc rất là ok. Đặc biệt, view hồ bơi rất đẹp, thoáng mát, rộng rãi, nhìn thấy toàn bộ quang cảnh thành phố. Sẽ quay lại nhiều lần nữa !!!",0,5,0,0,0,0
"Tìm trên mạng quán chè này, đi qua lại 2-3 lần mới dám ghé vào do quán không những chỉ phục vụ mỗi món chè mà còn có bán cả cà phê & trà sữa nên cứ tưởng đi lộn. Không gian rộng rãi và có nhiều góc tự sướng . Ghé quán 2 lần nhưng chỉ ăn chè nên không biết mấy món còn lại ngon không. Riêng chè thì cực ngon, ly nhỏ chứ ko như ly ở Sài Gòn nhưng rất đậm đặc. Giá cả mình thấy cũng phải chăng - 18k/1ly- vừa phải , không đắt lắm , nhưng giá này hơi cao so với sinh viên.",0,0,0,4,0,0
"Thủ tục thuê xe nhanh dễ dàng. Nhân viên nhiệt tình mà giá cũng mềm. Xe đi rất êm, mình đi từ Quy Nhơn ra đến tận Tuy Hòa và quay về trong 2 ngày nhưng không gặp bất cứ trục trặc gì cả",0,0,0,0,4,0
"Nhân viên nhiệt tình, dễ thương. Giá cả phải chăng",0,4,0,0,0,0
Quán view đẹp Không gian mát mẻ Service tốt thân thiện Drink and food ngon Đặc biệt view sunset tầm 5h rất tuyệt,0,0,0,5,0,0
"Dù nắng hay mưa vẫn thích hương vị của KFC nhất... bởi món ăn đa dạng về gà hải sản mà còn hợp vệ sinh, an toàn, không ảnh hưởng nhiều đến sức khỏe... mình rất thích hương vị giòn cay của miếng gà, sớ thịt mềm mềm dễ ăn... mà ăn hoài không ngán.. ngoài ra mình còn thích bánh tart trứng do KFC làm ra mà chẳng đâu có được bởi khi dùng đều ăn nóng rất ngon mà ít bị ngáy nhé... KFC đang có chương trình tặng thẻ vip cho hóa đơn 200k, hoặc mua thẻ vip 100k hoặc đổi thẻ vip cũ 2016 lấy mới nhé... nhanh lên số lượng có hạn",0,0,0,5,0,0
"Bánh gạo ở đây ăn kèm với tôm, thịt bò, v.v. . Nó khuyên bạn nên thử khi bạn ghé thăm Qui Qui. Giá cả hợp lý",0,0,0,5,0,0
"Khách sạn chủ động up free lên phòng view biển cho mình. Phòng rộng, sạch và mới.",0,5,0,0,0,0
"chỉ với 15 K vnd bạn sẽ có được vé một chiều và với 30 K vnd một vé khứ hồi cho Sài Gòn Waterbus. đi xe đến điểm 
dừng cuối cùng mất khoảng 50 phút. bạn có thể nhận và quay lại sau, hoặc chỉ ở lại trên tàu và trở về. Boatride cung cấp hai giờ đồng hồ khỏi kẹt xe và tiếng ồn, một số cảnh quan ngoạn mục trên đường chân trời hiện đại của Sài Gòn và một góc nhìn dọc theo bờ sông. chúng tôi rất thích chuyến đi buổi chiều khởi hành lúc 15 giờ. 30 h và có một chuyến du lịch trở về hoàng hôn. rất đáng yêu không có tiền",4,0,0,0,4,0
Dịch vụ cho thuê xe máy tại Quy Nhơn rất hữu ích. Các bạn giao xe đến tận nơi và rất nhiệt tình. Kết thúc 1 chuyến du lịch thú vị và cảm thấy ấn tượng với con người ở thành phố Quy Nhơn.,0,0,0,0,5,0
"Một bữa ăn thanh mát, không dầu mỡ chiên xào giữa trưa nắng, cực thích luôn. Các bạn nhân viên sẽ hướng dẫn khách từng bước một để chọn một tô cơm đầy màu sắc cho riêng mình.",5,0,0,5,0,0
"Anh chủ hỗ trợ rất chu đáo nhiệt tình,sẽ giới thiệu cho bạn bè nè.giá cả hợp lý,rất hài lòng 5*
",0,0,0,0,5,0
"Wc sạch sẽ. Cái này chỉ nhỏ nhặt thôi nhưng mang lại sự tin tưởng và hài lòng của khách hàng khi đến với quán. Đồ ăn ngon là điều quan trọng nhưng dịch vụ cũng hết sức cần thiết. Mình đã đến và rất hài lòng. Sẽ quay lại lần sau. À! mà quán này rất hay có các chương trình khuyến mãi đó, lần nào mình đến cũng có các chương trình khác nhau các bạn nhớ theo dõi fanpage để biết thêm thông tin nhé. Chúc quán luôn đông nghẹt khách nè. LOVE YOU",0,0,0,5,0,0
Đây là nơi thích hợp để bạn bè và gia đình tụ họp sau 1 ngày làm việc.,0,4,0,0,0,0
"Sạch sẽ và rất thoải mái nhân viên phục vụ rất nhiệt tình và thật thà. Khi tôi bỏ quên bóp ở lễ tân nhân viên đã tự chạy tới đưa cho tôi bóp và tiền, giấy tờ tromg bóp đều còn nguyên",0,4,0,0,0,0
"Thời tiết những ngày này thật khô nóng và khó chịu, vậy thì sao chúng ta không cùng bạn bè, gia đình hay người ấy đi ăn kem nhỉ??? Kem jolly sẽ là địa chỉ tuyệt vời của các bạn trẻ, vì sao? Vì ở đây kem vừa dẻo, mềm và thơm. Ngoài ra, lại vừa ngon, vừa mát, vừa bổ dưỡng. Bên cạnh đó, không gian quán lại rất đẹp, thoáng đãng, mát mẻ nên rất phù hợp cho giới trẻ selfie các kiểu. Giá cả hạt dẻ vô cùng phù hợp với các bạn trẻ, với phương châm vừa ngon, vừa bổ dưỡng và phù hợp túi tiền , hy vọng Kem jolly sẽ mang đến địa chỉ đáng tin cậy của quý khách! Nào hãy nhanh chân đến với jolly 121 Lê Lợi để tận hưởng và cảm nhận nào các bạn !!!",0,0,0,5,0,0
"Nem chả ơn đây giá cả khá rẻ và rất ngon,thích nhất là chả quế và nem
",0,0,0,5,0,0
"Mới đầu nghe tên món, cứ nghĩ người ta sẽ bỏ bánh hỏi vào cháo lòng ăn luôn, sao thấy kì kì. Nhưng không phải vậy nhé, mỗi phần là 1 dĩa bánh hỏi trên mặt là lòng heo và sẽ có 1 chén cháo nhỏ kèm theo và 1 chén nước mắm. Mình ăn như là bánh hỏi heo quay thôi. Và có nhiều bạn thì chấm bánh hỏi vào cháo ăn nữa. Mỗi phần ở quán này là 30k. Quán chỉ bán từ sáng đến trưa thôi, rất đông nhé! Và bàn khá nhỏ và thấp nên hơi chật chội. Món ngon và lạ nè!",0,0,0,4,0,0
"Nhân viên thân thiện, nhiệt tình. Toilet rất sạch sẽ, mới, đẹp và tiện nghi. Tiện nghi đầy đủ, hiện đại, giường, drap, gối tinh tươm. Bữa ăn sáng nhiều món, vị ngon phù hợp người Sài Gòn và miền Nam. Gía bữa sáng cũng rất tốt. Vị trí khách sạn tiện lợi, đi đâu cũng gần.",4,4,0,4,0,0
"Quán có tiếng từ lâu, được nhiều người biết đến. Giá cả bình dân, không gian thoáng mát. Chuyên phục vụ sinh tố, các loại bánh bèo. Giờ mở cửa: 7h sáng- 8h tối. Giá trung bình: 10 nghìn- 20 nghìn/ người. Mỗi lần có dịp về quê, mình đều ghé vào đây ăn cho thỏa. Mình hay gọi một dĩa bánh bèo và kèm thêm 1 ly sinh tố. Bánh bèo ngon, mềm, nhân và hành phi ăn kèm rất thơm. Sinh tố ở đây thì quá nổi tiếng và không có gì chê được. Nếu ghé qua Quy Nhơn, thì không nên bỏ qua quán Kim Đình",0,0,0,5,0,0
"Dịch vụ tốt - lái xe trực tiếp từ khách sạn đến sân bay nhưng theo ý kiến ​​của tôi là đắt hơn (so với taxi).
 Không chênh lệch thực tế nhưng giá tăng gấp ba lần và không phải trong dịp Tết.",0,0,0,0,4,0
Phục vụ tận tình chu đáo. Điểm nghỉ dưỡng tuyệt vời!!!!,0,5,0,0,0,0
"Chỉ biết nói là quá xanh và đẹp. Tuy nhiên đường đi vào làng chưa có biển chỉ dẫn rõ ràng. Mọi người cần lưu ý đường đi nha.
",5,0,0,0,0,0
"Mình cho 10 điểm về độ tiện nghi mà khách sạn đem lại. Khách sạn trông rất mới và sang trọng, bên cạnh đó cũng rất sạch sẽ, có nhân viên dọn phòng hằng ngày.",0,5,0,0,0,0
"Ở đây sáng có bán thêm Bún Rạm Cua Đồng rất ngon , nhiều rạm , nước lèo đậm vị , sánh đặc chứ không lỏng bỏng như các nơi khác mình ăn , mỗi phần được kèm thêm ly trà đá , rất lịch sự , sạch sẽ , bài bản , các bạn thưởng thức nhé.",0,0,0,4,0,0
"Nhân viên phục vụ nhiệt tình dễ thương, đặc biệt là những bạn lễ tân hỏi thăm khách chu đáo. phòng rộng rãi sạch sẽ. khách sạn đối diện biển mà giá lại rẻ nếu có lần sau quay lại nha trang sẽ ở lại đây",0,5,0,0,0,0
"Khách sạn sạch sẽ nhân viên thân thiện , vị trí trong trung tâm nên đi lại rất thoải mái . Xung quanh ks có nhiều quán cf nhà hàng khu du lịch",0,5,0,0,0,0
"Ghẹ tươi, chắc thịt, ngọt, mà ở đây chỉ có ghẹ là ngon hà",0,0,0,4,0,0
"Đây là lần đầu tiên tôi đến thăm Quy Nhơn, và trên đường đến bãi biển, tôi thấy quầy bar. Tôi yêu bia thủ công nên sau khi đi bộ bên bờ, tôi đã đi đến đó. Tôi đã gặp một người bạn tốt, người chủ. Anh ấy cực kỳ tuyệt vời. Thức ăn, bia và tầm nhìn rất tốt cho tôi.",5,0,0,0,0,0
"Hải sản tươi ngon,nv tận tình xe đưa đón tận nơi,giá rất hợp lí",0,0,0,5,0,0
"Thoáng mát, sạch sẽ..phòng studio view đẹp (phòng trên tầng cao nữa thì đẹp :))). Đồ ăn hơi ít món nhưng ngon.",0,4,0,4,0,0
"Hướng dẫn nhiệt tình, được giới thiệu đồ ăn ngon, chi phí rẻ, đặc biệt là phần giới thiệu mua đồ làm quà mang về.. cảm ơn dịch vụ bên ad 🤝",0,0,0,0,4,0
"Là quán nhỏ trong khu võ đình tú nhưng chất lượng món ăn không hề nhỏ tí nào. Mỗi lần du lịch quy nhơn mình đều ghé quán này. Ghẹ thở oxy , ăn là hấp thịt chắc không bị ốp và hôi như mấy quán bên cạnh , giá từ 300k /1 kg theo thơi điểm",0,0,0,5,0,0
"Dịch vụ cho thuê xe ô tô giá rẻ hơn thị trường . xe đời mới . uy tín đàng hoàng sẽ ủng hộ khi về với quy nhơn 😊
",0,0,0,0,4,0
Người lái xe đã ở đó đợi tôi khi tôi đến và nhanh chóng đưa tôi về khách sạn.,5,0,0,0,5,0
"Tôi k nghĩ là quy nhơn có spa chuyên nghiệp như vậy...
Bước vào trong có mùi hương tinh dầu tạo cảm giâc thoải mái và dễ chịu
Nhân viên tư vần nhiệt tình dễ thương...
KTV chuyên nghiệp bài bản....
Cảm giác thoải mái khi đến nơi này...
Quán nằm ngay ngả tư chương dương va nguyễn thị định... để ý mới thấy vì bảng hiệu đặt bên trong...",5,0,0,0,0,0
"Đồ ăn chất lượng cao, hương vị tươi mới.",0,0,0,5,0,0
"Quy Nhơn Phú Yên thật đẹp và bình yên. Con người giản dị chân chất thật thà, mình sử dụng tất cả mọi dịch vụ ở đây chổ nào cũng tốt, không có chặt chém khách hàng ngược lại còn rất nhiệt tình và hổ trợ hết mình nữa. 1 trong những dịch vụ bản thân mình hài lòng nhất chính là dịch vụ cho thuê xe máy ở đây, mình thuê 1 xe honda vision 2017 ở đây trong 3 ngày, đi eo gió kỳ co trung lương hòn khô hòn sẹo, hầm hô tây sơn và cả sang phú yên nữa. Xe chạy tốt, êm và lợi xăng cực kỳ luôn, chạy 3 ngày mà mình chỉ phải đổ hơn 100k xăng cho tất cả các điểm du lịch, đúng là quá lợi luôn. Anh chủ thì rất nhiệt tình, trên đường đi không biết gì cứ gọi là ảnh chỉ tất tần tật từ quán bún cá ngon, bánh canh ngon, hải sản tươi giá rẻ và cả các địa điểm làm tour kỳ co uy tín nữa. Rất cảm ơn anh đã giúp đỡ tụi em thiệt tần tình trong chuyến du lịch vừa rồi, mong anh làm ăn phát đạt, ngày càng phát triển thương hiệu của mình lớn mạnh hơn nữa. hẹn gặp lại anh trong một dịp trở lại quy nhơn gần nhất",0,0,0,4,5,0
"Về nước uống thì mình thấy nước uống rất ngon, giá cả hợp lí. Machiato, trà xoài, trà chanh xả là 3 món nước phải gọi là đỉnh luôn. Machiato bên dưới là cafe, bên trên là 1 lớp kem, tưởng là rất ngậy nhưng lại dễ uống cực kì. Trà xoài thì có mùi thơm rất dễ chịu, trong li còn có cả xoài nữa. Còn trà chanh xả thì thơm cực kì, giúp detox cơ thể. Tóm lại mình thấy đồ uống giá cả hợp lí, ít béo, vừa miệng, bạn nào tập gym vào đây uống trà thì không sợ tăng cân luôn nhé 👉 Về không gian thì cực kì tĩnh lặng nên rất nhiều bạn đến để học bài, nhạc be bé đủ để thư giãn nhưng không gây mất tập trung, phòng máy lạnh nên mát cực, mấy hôm nóng quá mình toàn tới đây để tránh nóng thôi",0,0,0,5,0,0
"Tôi đến khách sạn tôi đã ở cách đây khoảng 15 phút và đang đợi, và hành lý của tôi như va li đã được chất lên một cách tử tế và suôn sẻ. 
Chiếc xe là một chiếc xe 10 chỗ ngồi và rất thoải mái để thuê. Tôi đến sân bay Đà Nẵng trong khoảng 30 đến 40 phút, lấy hành lý và lái xe thoải mái.",0,0,0,0,5,0
"Ngay sau khi tôi hạ cánh, tôi đã gửi cho họ một tin nhắn để cho họ biết tôi đã ở đó. Họ cho tôi biết người lái xe đang đợi tôi.",5,0,0,0,0,0
"Mình ở Sài Gòn ghé thăm, thấy các bạn review ok nên cũng ghé thử. Nói chung món ăn ổn và ngon. So giá với số lượng vầ chất lượng thì ngoài này rẻ hơn rất nhiều. Các bạn ở xa nên tìm địa chỉ: 22 Đào Duy Từ dễ tìm hơn nhé",0,0,0,5,0,0
"Lưu trú thuận tiện, check in tư động, tư vấn đầy đủ dich vụ, nv thân thiện",4,4,0,0,0,0
Rất nhiều thông tin và tốt đẹp để xem canh tác hữu cơ trong thực tế - nấm sò rất ngon và tôi không thể chờ đợi để thử chúng ở New Zealand - hy vọng tôi có thể tìm thấy nấm hàu ở đây,0,0,0,5,0,0
"Lại là món tủ của mình khi tới quán đây, Payaya Bowl, trưa đang đii ngoài sài gòn nắng nóng, vào đây ăn xong cái khoẻ ng lun á",0,0,0,4,0,0
"Ngoài hải sản, có thể gọi các món ăn với cơm như cá bớp kho tộ, sườn chiên mắm ăn rất ngon nhé, canh thì ăn canh cá bớp nấu chua hoặc rau cải nấu tôm :)) Giá cả phải chăng, mỗi người hết khoảng 120k-150k, nhân viên nhanh nhẹn, phục vụ nhiệt tình.",0,0,0,5,0,0
"Xe đẹp, đời mới, chất lượng, giá cả cạnh tranh Thái độ phục vụ tốt, tư vấn nhiệt tình Có hổ trợ mang xe giao tận nơi và khi trả xe đến tận nơi lấy, không thu phí phát sinh hay phụ thu Mình thuê từ 16h ngày 19/06 đến 16h ngày 21/06 chỉ tính 2 ngày. Tính thời gian rất lợi cho khách hàng. Vote 5 sao vì rất hài lòng với dịch vụ cho thuê xe máy của bạn Hoài Bảo",0,0,0,0,5,0
"Chất lượng dịch vụ tại fleur de lys oke, nhân viên thân thiện phòng ốc sạch sẽ đồ ăn ngon, nhưng ngày ở khách sạn gia đình được take rất tốt. mình thấy khách sạn ổn đáng để trải nghiệm so với tầm giá.
",0,5,0,0,0,0
"Quán này gần sát đường Xuân Diệu nè, do chính những người dân biển bán luôn nên ốc hay các loại hải sản ở đây là tuyệt vời nhé. Menu ốc thì đa dạng thôi rồi, đủ loại hết: ốc bươu, ốc hương, ốc nhảy, ốc trộn... Ngoài ốc thì còn sò lẹm, sò lông nướng, cháo hải sản... nữa nè. Ốc ngon, sò ngon là phải đi kèm với nước chấm ngon nè, có món thì chấm nước mắm nhưng có món thì chấm muối, có 2 loại muối dùng chấm là muối xanh với muối đỏ mà muối nào cũng ngon hết á. Giá cả thì cũng bình dân, từ 15k/1 dĩa. Vậy nên ai muốn ăn hải sản ngon mà rẻ thì lưu quán này vào rồi ghé ăn nha :))) Lưu ý là quán hết đồ sớm lắm nên tranh thủ đi trước 5h30 cho chắc nha ^^",0,0,0,5,0,0
"Đi quy nhơn vào mùa có mưa rào, nên mình tới đây thời tiết không tốt, mưa rào nhẹ, không thể ngồi ngoài ngắm biển được. Quán được bày trí rất đẹp, phong cách tây hoá, menu đa dạng món nước. Mình uống yaua thập cẩm không thấy ngon lắm, nhưng trình bày đẹp. Tóm lại, mình thích cái không khí gió biển ở đây, thật lãng mạn và đẹp.",0,0,0,4,0,0
"Lái xe gọi hẹn giờ trước và đợi đón đúng giờ. Nên sử dụng dịch vụ xe đưa đón san bay Phù Cát của đơn vị này.
",0,0,0,0,4,0
"Đến Quy Nhơn du lịch cùng người yêu lần đầu tiên thật may vì tìm được chổ cho thuê xe máy nhiệt tình và chất lượng. Xe mới cứng, mình thuê 1 xe Air Blade loại đời mới nhất 2018 giá chỉ 180K/ ngày. Xe mới roda có 1000km thôi, mới leng keng và đi siêu sướng, êm ru luôn. Chưa thấy chổ nào cho thuê xe máy xịn như chổ này
",0,0,0,0,5,0
"Bên cạnh là quán bán bánh, tiện thì mua về làm quà luôn.",0,0,0,0,0,0
"Lâu ngày muốn đổi vị 1 chút, mình ghé quán để thử món mới. Không gian rộng rãi, sạch sẽ, được trang trí ảo diệu, dễ dàng có được những tấm ảnh ưng ý. Các bàn đặt không quá sát nhau, có khoảng không gian riêng, đủ để mình tám xuyên không với con bạn mọi chuyện trên trời dưới đất mà không sợ ồn ào cho bàn bên cạnh. Đồ ăn ở quán tuy là món Âu nhưng cách chế biến lại hợp khẩu vị người Việt mình, rất dễ ăn. Nay giảm cân chỉ dám ăn gà cảm thấy hài lòng, hợp khẩu vị.",0,0,0,5,0,0
"Khách sạn sạch, đẹp, nhân viên nhiệt tình, vị trí thuận lợi, bữa sáng tạm ổn, phục vụ tận tình",0,5,0,0,0,0
"Ở qn thấy quán này là có menu ,cách pha chế khá riêng và đặc sắc hơn so với quán khác. Món mình hay uống là trà sữa bọt biển phô mai(hoặc muối biển cũng ngon, ít béo hơn phô mai 1 chút). Món này làm mình nhớ tới trà sữa ô long bọt biển của Gong Cha nhưng là phiên bản rẻ hơn, cũng vị trà hơi đắng nhẹ và lớp bọt sữa béo ngậy, tới viên chân trâu trắng cũng giống.quậy hết lên uống có vị ngọt thanh chứ ko béo gắt ngọt khé như trà sữa thông thường. Giá thành 1 ly này là 28k thôi (muối biển là 25k) ly to uống no luôn. Recommend món này nếu tới quán nhé.",0,0,0,5,0,0
"2. Quán biển Đông thật tuyệt, đến đây như thay đổi không khí hắn so với Quy nhơn, - Không khí trong lành - Được câu cá thoải mái. - Chủ quán nhiệt tình. - Các món ăn phong phú thỏai mái lựa chọn, ghẹ, cua đá, cá hấp, mựa hấp, ốc sò..bao la lại còn bơi tung tăng dưới nước.",0,0,0,5,0,0
"Nơi cho thuê xe đạp tuyệt vời với những chiếc xe đạp tốt, gần sân bay, mọi người rất thân thiện và hữu ích. Sẽ thuê lại ở đây. Cảm ơn 😊
",0,0,0,0,4,0
"Cảm ơn bạn đã ủng hộ dịch vụ bên mình. Khi nào bạn thuê nhiều ngày xin điện thoại đặt trước mình sẽ có giá ưu đãi cho bạn nhé. Hẹn gặp lại bạn.
",0,0,0,0,0,0
"Đồ ăn ngon rẻ,nhân viên vui vẻ nhiệt tình.có dịp sẽ quay lại",0,0,0,5,0,0
"vị trí tốt, nhân viên tốt, phòng tốt",0,5,0,0,0,0
"Gà rán ở đây ngon ơi là ngon, miếng gà thơm mà giòn tênh ăn mãi không ngán . View quán rộng rãi, đẹp, thoáng mát wifi thì cứ phải gọi là thoải mái nha, trưa nắng mà vô đây chắc là nhất rồi. Thích cách các Anh chị ở đây phục vụ gê gớm cứ phải gọi là nhiệt tình í, rất thân thiện, nói chuyện với khách rất nhẹ nhàng, vui vẻ. Khuyên các bạn nên ăn thử các phần combo nha rất là tiện, giá cả khá hợp lí mà còn được thưởng thức nhiều món hơn.",0,0,0,5,0,0
"Resort nằm ngay khu Ghềnh Ráng của thành phố Quy Nhơn xinh đẹp đây hehe. Thích nhất view ngắm biển, sáng có thể ngắm bình minh miễn phí. Mình đi chung với gia đình, nên quyết định chọn resort này để cả nhà cùng nghỉ dưỡng thật thoải mái. Ở đây có nhiều dịch vụ hạng sang chất lượng để tha hồ chọn nhé. Món ăn của nhà hàng ở đây cũng rất ngon. Xung quanh cây cối nhiều mang lại một không gian xanh mướt luôn. Gia đình mình nghỉ dưỡng ở đây ai cũng thích. Giá khá cao, tầm 3 triệu đến 5 triệu. Nhưng đổi lại là những điều rất đáng để trải nghiệm. Resort cách sân bay Phù Cát tầm 35Km, xuống sân bay đi taxi vào là tiện nhất!",0,5,0,5,0,0
"Rủ thêm vài đứa bạn thân, chuẩn bị vài bộ áo quần đep rồi ra làng chài Nhơn Lý là có cả đống ảnh đẹp, đồ ăn ngon mà lại rẻ. Mấy cô chú ngư dân dễ thương mộc mạc lắm. Làm du lịch nhưng cảm giác như người nhà vậy, rất thích!
",5,0,0,0,0,0
"Không gian sạch sẽ, lịch sự. Nhân viên nhiệt tình, có tay nghề khá tốt và lễ phép. 2 vợ chồng mình ghé qua khá muộn nhưng nvien vẫn rất niềm nở tiếp đón. Địa điểm masage lành mạnh rất đáng để ghé qua",0,4,0,0,0,0
"Phòng sạch sẽ, đầy đủ tiện nghi cơ bản, nhân viên và chủ khách sạn rất vui vẻ thân thiện. Nhất định sẽ quay lại Arise hotel khi có dịp đến với TP biển Nha Trang",0,5,0,0,0,0
"Tầm nhìn tuyệt vời từ quán bar trên tầng thượng và dịch vụ tuyệt vời, không thể tin rằng chúng tôi có toàn bộ mái nhà cho chính mình. Các món ăn rất đáng yêu, rất khuyến khích.",5,0,0,0,0,0
"Đi vòng vòng khu này tìm được massage bình định uy tín, nhiều dịch vụ bạn cũng nên trải nghiệm rồi cho nhận xét nha, mình thì 5 sao",5,0,0,0,0,0
"Ngon. Nước mắm chua ngọt bắt vị. Giá thì cũng ổn tầm 45-55k/ng là no. Sữa đậu nành ngon.
",0,0,0,5,0,0
"Lần đầu tiên mình rất ấn tượng với người dân ở sự đơn sơ mộc mạc rồi đến các địa điểm du lịch để chặt chém du khách, mình rất thích dịch vụ cho thuê xe máy của một người hoài cổ. duy nhất 27a hoàng hoa phát hiện xe này rất tốt, nhân viên và anh chủ rất nhiệt tình tư vấn cho chúng tôi những địa điểm đi chơi, ăn uống giá rẻ tại",0,0,0,0,5,0
"Nhà hàng Sisters với pizza, mì ý chuẩn kiểu tây, ngoài ra nhà hàng còn nhiều món khác như hamburger, bread, beef, và những món hấp dẫn khác, nhà hàng pizza mình thấy ngon nhất từ trước giờ được ăn ở quy nhơn, hương vị rất tây, nhà hàng có chú pet cực dễ thương Jymmy, không gian cũng rất lãng mạn cho những cặp đôi hẹn hì, nhà hàng còn nhận book tiệc như sinh nhật, Đặc biệt nhà hàng với dàn nhân viên trai xênh gái đẹp, phục vụ cực kì thân thiện, sẽ sẵn sàng tư vấn cho khách hàng nhiệt tình :))))",0,0,0,5,0,0
"Không gian quán rộng nhưng trang trí không đẹp, đồ uống bình thường không có gì đặc sắc ngoại trừ topping hạnh nhân béo béo khá ngon, nhân viên nhiệt tình",0,0,0,4,0,0
"Cà phê ở đây số 1 Quy Nhơn đó. Đúng là chỗ ngồi hơi hạn chế nhưng bù lại đồ uống đa dạng và ngon cực, đặc biệt là cà phê, rất thơm và đậm đà. Highly recommended",0,0,0,5,0,0
"Âm thanh hay ấm cúng, cuộc vui luôn được tiếp diễn không đứt quảng. Phục vụ nhiệt tình chỉ cần gọi là có. Năm sao
",5,0,0,0,0,0
"Đi ngang thấy quán trưng mấy chai nước lạ lạ đẹp mắt nên ghé vô quán uống thử, thấy nước trái cây ở đây ngon mà rẻ, thấy chất lượng không pha nước loãng nhách như mấy quán khác, lần sau sẽ ghé thử thêm nhiều món nữa.",0,0,0,0,0,0
"View đẹp. Nhân viên và quản lý rất nhiệt tình. Rất thích bạn Quý manager, chỉ mình mấy chỗ “sống ảo” cực đẹp ^^.",0,5,0,0,0,0
"Tụi mình thường tụ tập tới các quán trà sữa để thư giãn. Không chỉ để uống nước mà còn để chơi, học bài, làm việc nhóm . Quán cũng khá là ít khách, được chia làm 2 gian. 1 bên là ghế ngồi, còn 1 bên là ngồi trên sàn. Những lúc mình đi 1 mình thì mình ngồi ghế, còn có bạn bè thì mình ngồi trên sàn. View khá là đẹp, chủ quán lại thoải mái. Tụi mình chơi từ 9h tới 14h . Các chỉ nhân viên cũng rất vui vẻ . Thức uống cũng rất ngon .",0,0,0,5,0,0
Nơi tuyệt vời với một bầu không khí đẹp và trang trí! Món ngon Việt Nam. Ngoài ra các món ăn phương Tây có sẵn. Đội ngũ trẻ vô cùng thân thiện và hữu ích. Rất khuyến khích!,0,0,0,5,0,0
Cảnh quan đẹp và hùng vĩ đến đây thấy tâm trạng mình tốt hơn và thấy non sông gấm vóc của mình rất đẹp,4,0,0,0,0,0
"Khi bước vào quán này,mình khá choáng ngợp vì không gian quá sạch sẽ và quá sang trọng, cứ ngờ ngợ lạc vào chốn tây nào ấy chứ. Hehe. Nhân viên thì nhiệt tình thôi rồi luôn. Đồ ăn thì phục vụ nhanh lắm, một tí là có ngay, Vì bọn mình đi có 2 người nên chỉ gọi hai món thôi, cơ mà thật bất ngờ. Hai dĩa ú nụ, hai người ăn no cả bụng. Pizza ở đây vừa thơm,vừa ngon và không bị ngấy, cảm giác cứ như là đang tan trong miệng ấy còn món salab thì vừa miệng lắm luôn. Giá thì đối với người đi làm như mình thì cũng được, k đắt lắm. Lần sau lãnh lương phải chiến tiếp một bữa nữa mới được.",0,0,0,5,0,0
"Quán có các anh chị nhân viên toàn trai xinh gái đẹp 😍 và phục vụ rất nhiệt tình, đồ uống ngon mà chất lượng cao. Vị trí quán có view đẹp có thể ngồi tầng trên mà ngắm phố phường đông đúc nhộn nhịp. Ngoài ra còn có rất nhiều cảnh đẹp để có thể cùng bạn bè, người thân lưu lại những kỷ niệm đáng nhớ",0,0,0,5,0,0
"Noel này bạn đã đi đâu chưa, có đi đâu thì nhớ mặc đủ ấm trước khi ra đường nhé, Quy Nhơn nay lạnh lắm. Mình ghé lại quán lần 2, nay trang trí thêm làm mình hạo hức noel ghê, nay trang trí lại nên lung linh đi sớm sớm để coa chổ ngồi trong mìa noel này nhé! Như mình đã nói, nước ở đây khá ngon, không khá ngọt nhưng lại sớm, còn giá tiền thì mình thấy cũng ổn bình thường như những quán khác thôi. Có dịp mình ghé quán lại nữa nhé thử hết nốt menu hiha :))",0,0,0,5,0,0
"Phòng sạch sẽ, đầy đủ tiện nghi, mình book phòng tầm nhìn view đẹp, đáng tiền , nhân viên chu đáo và nhiệt tình",0,5,0,0,0,0
"Giao và nhận xe tại FLC Resort. Cám ơn anh Hoài Bảo vì nếu không có xe của anh thì cũng chẳng biết thuê ai. Alo và gửi mail nhiều nơi không tìm thấy đơn vị nào giao xe tại FLC Resort cả. Đọc đánh giá dịch vụ cho thuê xe số 1 Quy Nhơn và rồi alo cho anh Hoài Bảo. Tất cả diễn ra trên cả mong đợi. Bắt tay ký ngay 7 xe 3 ngày với anh, toàn xe và mới, chạy cực tốt. Mình gửi anh thêm ít phí giao dịch, vì mình hiểu resort cách tp 15km rất cực cho bên anh nhưng anh nhất quyết không nhận.  Làm việc rất chuyên nghiệp, máy chủ thái độ, vui vẻ và chiều khách hàng quá tuyệt vời. Chưa từng thuê máy ai mà nhiệt tình như vậy, giờ có 10 sao thì cũng cho anh 10 sao",0,0,0,0,5,0
"Lạnh lạnh như thế này mà đi quất kem thì khỏi phải bàn nhé, kem này khá là nổi tiếng ở Quy Nhơn vì ngon và giá cả cũng không mắc lắm. Ở đây menu có nhiều lựa chọn cho bạn từ kem đến nước uống, bật mí bạn thử ly cacao kem nhé ngon bá cháy luôn. Về view quán khá là dễ thương đẹp ấm cúng <3. Đều mình là sinh viên nên cũng ít khi lui tới đây để thưởng thức mấy món kem ngon. Có dịp và có tiền chắc chắn mình sẽ ghé lại quán nhiều nhiều <3 chúc quán năm mới mua may bán đắt nhé <3.",0,0,0,5,0,0
"Chỗ nghỉ ngay trung tâm thành phố, tiện đi lại, khách sạn sạch sẽ",0,5,0,0,0,0
"Dịch vụ tốt, lúc nào tôi tới Quy Nhơn tôi cũng thuê xe máy bên dịch vụ cho thuê xe máy quy nhơn Hoài Bảo. Xe tốt nhân viên nhiệt tình, tôi sẽ trở lại Quy Nhơn trong dịp tới và sẽ tiếp tục thuê xe bên bạn làm phương tiện đi lại cảm ơn bạn",0,0,0,0,4,0
"Đã đến Quy Nhơn rồi thì nhất định phải đi Cù Lao Xanh nhé mọi người 😍
Cảm ơn anh Nguyễn Đức Toàn và đội ngũ HDV siêu nhiệt tình và có tâm bên #CùLaoXanhTravel đã chụp cho nhóm em những bức ảnh tuyệt đẹp này 💯 Kết thúc một chuyến đi mĩ mãn hơn cả mong đợi. Tạm biệt Quy Nhơn và hẹn gặp lại vào một ngày không xa ❤️",5,0,0,0,0,0
"Ngay từ lúc bước vào quầy lễ tân, nụ cười của cô em tiếp tân tại quầy đã đủ khiến các bạn gia tăng niềm phấn khởi. Ở đây có 2 loại vé cho các bạn lựa chọn, đó là vé loại thường và vé loại VIP . Vé thường chỉ có giá 100.000đ, vé VIP có giá 250.000đ tương ứng với 2 loại phòng là phòng thường và phòng VIP. Sau khi mua vé, các bạn sẽ được nhân viên đưa đến phòng chờ. Nói phòng chờ có cả ghế dựa, ghế nằm “cực xịn”, nhiều anh nằm cái là “phê” ngủ luôn trước khi được em nhân viên nữ xinh xinh phục vụ.
",5,0,0,0,0,0
"Food: giá rất ổn và highly recommend mọi người thử burger nha, ngon lắmm",0,0,0,4,0,0
"Giá vé là công bằng và bằng mét. Ô tô điều hòa. Chuẩn bị sẵn bản đồ của bạn, nam sẽ dễ dàng hơn khi lái xe tìm vị trí của bạn.",0,0,0,0,4,0
"An toàn , giá bình dân ~300k/đêm . Có phòng 2 giường đôi thích hợp gia đình trẻ nhỏ. Ks trong hẻm taxi vào được , Đi bộ ra bãi biển hòn chồng 5p . Nên thuê xe máy 100k/xe số, 150k/tay ga nhưng phải alo trước ks chuẩn bị. Xe ở NT thường là hiệu SYM nếu bạn không có yêu cầu đặc biệt. Phòng tầng 8 view biển tuyệt đẹp. Phòng Sạch sẽ , chăn ga sạch, nước nóng lạnh đủ mạnh , có máy sấy tóc, tivi smart , máy lạnh đủ dùng. Có dịch vụ dọn phòng nếu bạn có yêu cầu.",0,5,0,0,5,0
"Jolly , kem tự chọn, với tha hồ các vị kem , các topping ăn kèm , kem ở đây rất ngon , mình thích vị dừa ở đây nhất , rất đặc trưng , thơm ngon , topping thì phong phú , nhân viên cũng thân thiện , lâu lâu mới có dịp ghé tiệm kem , ngồi tán gẫu với bạn bè những ngày rảnh rỗi là quá tuyệt rồi , tiệm có không gian cũng thoáng mát , quán hình như 10 đã đóng cửa rồi , . . . Nước uống ở đây cũng ngon lắm nha , Nói chung các bạn nên ăn kem thử ở đây 1 lần.",0,0,0,5,0,0
"Quán nhỏ ít món, ăn được, giá tương đối cao, điểm cộng là hải sản tươi. Món ốc nhảy tự nhiên, ăn dai dai ngọt ngọt. Đặt biệt có món ốc trộn theo như quảng cáo là ngon nhưng chưa thử.",0,0,0,4,0,0
"View thoáng đẹp, trước ks có cây phượng tím check in rất đẹp",0,4,0,0,0,0
Tôi đã thuê một chiếc xe máy ở đây cho một chuyến đi trong ngày bên ngoài thành phố và nhận được dịch vụ tốt nhất mà tôi có thể yêu cầu. Hoài Bão đã rất tận tình giải thích cho tôi các loại xe máy mà anh ấy đang gặp phải và loại nào phù hợp nhất với tôi. Tôi rất vui và chắc chắn sẽ giới thiệu bạn bè thuê xe máy của anh ấy.  Like dich vu cho thue xe may quy nhon Hoai Bao at 27a Hoang Hoa Tham quy nhon city,0,0,0,0,5,0
"Mỗi lần về quê lại ra Quy Nhơn chơi hay ghé quán này ăn lẩu và đồ nướng. Mấy đứa bạn ở Quy Nhơn giới thiệu quán này, mình ăn 1 lần thấy ok nên cứ ra đây là ghé quán này thôi. Menu quán này có khá là nhiều món, nhưng mình hay ăn bò cuộn nấm kim châm và lẩu hải sản. Nghe bảo đang có món lẩu Tả Pín Lù, nghe lạ lạ, là món đặc trưng của quán thì phải. Hẹn Tết về sẽ thử món này. Ahihi. Nhân viên phục vụ nhanh nhẹn, chỗ ngồi bàn ghế cũng khá ok.",0,0,0,5,0,0
"Saigon Transfers thật xuất sắc. Thông tin liên lạc của họ luôn nhanh chóng và đầy đủ thông tin. Họ là một công ty rất đáng tin cậy. 
Chiếc xe đã được cực kỳ sạch sẽ và thoải mái. Tôi chắc chắn sẽ đặt chúng một lần nữa. Rất khuyến khích.",0,0,0,0,5,0
Phòng rộng rãi thoáng nhân viên dễ thương,0,5,0,0,0,0
"Xe của cô chú SIÊU mới và sạch (sạch coong như mới rửa!) và máy rất khỏe. Chú Tính từng là thợ sửa xe nên chăm xe kỹ như chăm con vậy hehe xe nào cũng sạch như lau như ly vậy á :3. Mình thuê trong 3 ngày, chạy tầm 400km từ Quy Nhơn tới Đầm Môn và quay về mà không gặp bất kỳ vấn đề gì. Ngoài ra, chỗ cô chú rất gần bến xe khách nên các bạn đến đây bằng xe khách cũng tiện lấy xe ha, lười quá thì chú sẵn sàng mang xe ra bến cho các bạn chạy luôn :D Lần tới quay lại Quy Nhơn cháu nhất định sẽ thuê của chú Tính ạ :D",0,0,0,0,5,0
"Tô bún bự chà bá. Chả cá ngon, dai, nước lèo đậm đà. Thoang thoảng có vị chua nhẹ của thơm nấu cùng và đâu đó lẫn vào vị chua thanh của xoài. Tô bún cá ngon nhất tôi đã từng ăn.

Điểm trừ là quán hơi nóng. Giá cả cũng bình thường so với Sài Gòn nhưng với Quy Nhơn thì ở mức cao.",0,0,0,5,0,0
bể bơi có lẽ ít sử dụng nên chưa được chú trọng lắm. phòng k có đèn màu trắng nên mình make up hơi khó(vấn đề cá nhân thôi).hihi,0,4,0,0,0,0
"dịch vụ rất tốt, đặc biệt là đông khách nước ngoài bởi đội ngũ nhân viên tại đây rất nhiệt tình và nhanh nhẹn. Bạn chắc chắn sẽ hài lòng và thích thú khi di chuyển bằng xe máy tại cho thuê xe máy Hoài Bảo, ở đây toàn xe đời mới, chạy mạnh và êm, tiết kiệm nhiên liệu mà giá cả cho thuê lại rất hợp lý chỉ từ 100.000/ ng ày. Phục vụ 24/24 không phát sinh thêm phí phụ thu.",0,0,0,0,4,0
"Phòng sạch và mới, yên tĩnh dễ chịu. View thì khỏi chê",0,5,0,0,0,0
"Bánh mì lagu ở quy nhơn chỗ này ngon nhất. Ăn từ nhỏ đến giờ. Quản trong hẻm nên nhà khá nhỏ, đi lên lầu ngồi. Bánh mì không được hơ giòn quét bơ thơm cực kì ngon. Lagu nước đặc sệt nhiều củ với miếng thịt to 😍 thích cực, giá 25k 1 tô thì phải. Ăn đáng đồng tiền 👏",0,0,0,5,0,0
"Lúc đầu hơi hoang mang xíu vì quán nhìu món quá k bít lựa món chi :v khúc giữa thì hơi hoang mang vì đồ ăn ngon mà sao rẻ dữ vậy ta :)) khúc cuối thì hoang mang tột độ vì đã biết rẻ mà k nghĩ tới mức độ rẻ kinh khủng như vậy :)) tóm lại là quán hài lòng về quán luôn, đồ ăn ngon, không gian cũng ổn nữa, phục vụ tận tình dễ sợ luôn, hài lòng quá trời k có chỗ nào chê hết, mà thích nhất là cái lẩu tả pín lù có cá ngừ đại dương ngon quá chời, nước ngọt kinh khủng. Sẽ ghé lại để thưởng thức những món khác nhá",0,0,0,5,0,0
"Quán 2 tầng , rộng rãi , mát mẻ . Có điều khá nhiều muỗi . Nhân viên thân thiện phục vụ nhanh gọn lẹ . Kỉ niệm đáng nhớ nhất ở đây là khi đi ăn buổi chiều , đang ăn thì xe trật tự đi ngang qua hốt xe thế là lật đật bỏ dĩa kem chạy ra dời xe lên vỉa hè . Kem ngon , kem cuộn phải ăn liền chứ nhanh bị chảy nước . Gỏi k được ngon như mấy chỗ khác . Giá cả rất sinh viên ❤️ thực đơn đa dạng món ❤️ luôn ủng hộ",0,0,0,5,0,0
"Rượu ngon, nam vô tửu như kỳ vô phong
",0,0,0,4,0,0
"Hôm nay mình đến mưa quá chừng nhưng mình được nguyên dàn zai đẹp phục vụ tận tình, bạn thì dắt xe, bạn thì che dù cho mình vào để khỏi ướt, muốn rụng tim luôn. Bạn hot boy thì tư vấn nhiệt tình nước uống, mà mình thấy ở mặt bằng đẹp thế này mà giá cả thì quá rẻ, trà sữa chỉ tầm 22k một ly chà bá mà hương vị rất ngọt ngào, béo béo, thơm ngon. Mình đã đi hết những quán trà sữa nổi tiếng ở Quy Nhơn rồi nhưng hương vị mình cần thì giờ đến ở đây mình mới tìm ra.",0,0,0,5,0,0
"Quán này bán bánh hỏi lòng heo khá ổn, lòng heo sạch & ngon ăn không bị đau bụng :)) quán xa trung tâm nên hơi bất tiện xíu. 1 phần 30k ăn no nê bò càng, tính ra giá cũng được.",0,0,0,4,0,0
"Sau một ngày làm việc, mình và chị đồng nghiệp dừng chân ở quán 7 thơm vì cả hai có điểm chung là thèm ốc 😜.Hiện tại quán đang sửa chữa, hình như để mở rộng quán, nhưng vẫn đảm bảo được chỗ ngồi sạch sẽ cho khách hàng. Nhân viên phục vụ thì dễ thương, nhanh nhẹn, mình gọi món là có liền mặc dù khách tương đối đông. Gia vị quán nêm mình rất thích, vừa phải, nhiều quán thường chỉ chú tâm vào nước chấm, nên ốc thường hay nhạt, còn ở đây ngon cả nước chấm lẫn ốc. Hải sản tương đối tươi, bất ngờ nhất là giá, rẻ hơn mình nghĩ. Sẽ note vào những quán ăn quen thuộc.",0,0,0,5,0,0
"Đi hòn khô chơi rất ok, hải sản lại rất tươi ngon, quá đã 😄",4,0,0,5,0,0
"Mình chưa nói đến xe, nói đến thái độ phục vụ đầu tiên. Bạn đã đánh gục tụi mình khi xe khách của mình đi từ SG và đến Qn vào lúc 6h sáng. Bạn đã đứng đợi sẵn và có đủ 7 xe rồi, quá chuyên nghiệp.",0,0,0,0,5,0
Tôi tìm thấy hầu hết những thứ tôi đang tìm kiếm ở đây. Cái chính là bánh mì siêu chất. Hoàn toàn ngon. Tôi cảm ơn rất nhiều,0,0,0,5,0,0
"Mỗi sáng làm double shoot espresso nơi đây cảm giác thật sảng khoái. Mình đã tùng đi nhiều nơi, thưởng thức qua espresso tại những nơi đó nhưng có thể khẳng định 1 điều, đối với mình nơi đây là ngon nhất. One more like for this place.",0,0,0,5,0,0
"So với tầm giá thì địa điểm khá gần trung tâm rồi, tiện nghi đầy đủ. Phòng yên tĩnh, đi chơi về nghỉ ngơi tốt. Tivi các kênh hơi mờ mặc dù ko có time để xem. Nhân viên tiếp đón nhiệt tình, còn tặng quà cho bé nhà mình. Xe máy thuê đi chơi rất mới, đi rất thích. Chuyến du lịch hài lòng",0,4,0,0,0,0
"Tour du lịch Cù Lao Xanh của Toàn Nhỏ làm mình rất ưng ý. Thức ăn ngon, được tư vấn các góc sống ảo, đặc biệt là rất nhiệt tình. Nhất định mình sẽ quay lại lần nữa",5,0,0,4,0,0
"Xịn sò ạ!!!!! Lớn đầu rồi vẫn rất thích điều vào trong này chơi bời, tắm biển.... Rất thích hợp cho trẻ em chơi bời thoả thích, người lớn cũng bung lụa lắm ạ!!!! Đi tắm biển thì vào đây gửi xe cho an toàn, đừng để xe ở ngoài vỉa hè cạnh bờ biển nha, coi mất trộm như chơi ấy
",0,5,0,0,0,0
"Quán 2 màu đen- trắng , đúng tâm trạng là ngồi phê luôn, nước đa dạng , nhiều món, đặc biệt hệ thống đèn vàng trong quán là muốn xuyên tim luôn, thất tình mà vào quán này là y bon heng view dễ thương, sâu lắng , quán này mới đầu nhìn lại đi nhầm quán 223 Tăng Bạt Hổ, bà con để ý có cái I nữa, nên tránh đi nhầm quán ak",0,0,0,5,0,0
"Đẹp, có nước đá vôi trong núi chạy liên tục, tạo màu nước rất đẹp, không phải nước tù, đồ ăn ngon rẻ, ngồi mát mẻ
",5,0,0,0,0,0
Phòng sạch.. thoáng mát.. nhân viên thân thiện dễ thương. Nói chung là ok.,0,5,0,0,0,0
"quán trà sữa nằm ngay đường tăng bạch hổ! Vs thiết kế view quán có chút gì đó zể thương rất phù hợp với những bạn thích sống ảo nè! Quán cũng không rộng nhưng đc cái cách bố trí nên nhìn rộng thoải mái , bạn có muốn đến thưởng thức thì mìn khuyên nên đi sớm sớm chứ ko là ko có bàn ngồi đâu nhé, sáng vẫn đông lắm đấy! Nước của quán rất ngon nhé giá cả phù hợp cho tầm trung và các bạn như sinh viên học sinh nhé! Là 1 nơi lý tưởng cho những bạn sống ảo đấy :))))",0,0,0,5,0,0
"Đầu tiên là thời điểm thích hợp nhất để bạn đến Quy Nhơn là vào tầm tháng 3 đến tháng 9 nghe . Đặc biệt là trong khoảng thời gian này , biển Quy Nhơn rất trong xanh , thời tiết không quá oi bức như mùa hè và lượng khách đến đây cũng không quá đông . Nên bạn sẽ có thể cảm nhận trọn vẹn được hết vẻ đẹp bình yên của thành phố biển này. Thuê xe máy thì cứ lên Fb và google tìm là ra, địa điểm cho thuê xe máy hot nhất và được review nhiều nhất chính là dịch vụ cho thuê xe máy quy nhơn Hoài Bảo tại địa chỉ 27a Hoàng Hoa Thám. Cho thuê máy rất có tâm và nhiệt tình nha cả nhà, xe mới đi thoải mái, cứ yên tâm, có vấn đề gì bạn chủ xe sẽ có mặt hổ trợ liền nha",5,0,0,0,5,0
"Nhận và giao hàng ổn nhưng thông báo trước 1 ngày không thể đặt trước để trả lại sân bay 😩 nhân viên phục vụ đúng giờ
 và lịch sự, xe chỉ cách lối ra một đoạn ngắn",4,0,0,0,4,0
"Không khí trên quán bar thì khỏi chê rồi, nhạc rất hợp với không khí và khung cảnh khá ấm áp với sôi động. Một sự kết hợp lạ và độc đáo.",4,0,0,0,0,0
"Bánh hỏi ngon, lòng nhiều, đa dang các loại lòng heo. Lòng được làm sạch, ko có mùi hôi. Đặc biệt nước mắm chấm tuyệt vời, giá cả bình dân",0,0,0,5,0,0
"Ấn tượng đầu tiên khi vào quán là không gian rất thoáng mát, sạch sẽ. Cây cối rất nhiều nên những con người yêu thiên nhiên như mình thấy rất tuyệt vời. Đồ ăn ở đây khá ngon, đặc biệt là bún đuôi bò. Nhỏ giờ ăn bún cũng nhiểu rồi nhưng bún đuôi bò giờ mình mới ăn lần đầu tiên. Rất hợp khẩu . Nói chung giá cả ở đây cũng khá ổn. Nhân viên nhiệt tình, gọi món thì ra rất nhanh. Phục vụ rất lịch sự. Một điểm nữa là nhà vệ sinh của quán cũng rất sạch sẽ, bước vào cứ tưởng mình đang ở khách sạn 5 sao ấy.",0,0,0,5,0,0
"Là địa điểm tốt cho các tín đồ sống ảo: bãi biển đẹp, góc nhìn bao quát cả thành phố xinh đẹp, nước uống ngon. Bên cạnh đó bạn ghé thăm mộ Hàn Mặc Tử, mua 1 vài món quà lưu niệm bằng bút lửa. Đặt biệt là vào cổng miễn phí.    
",4,0,0,0,0,0
"Hồ bơi đẹp nằm ở tầng thượng, nhìn toàn view biển và Vinpearl.",0,4,0,0,0,0
"Tài xế thân thiện và xe sạch sẽ. Đây là một cách dễ dàng, không phức tạp để đưa đón trực tiếp đến khách sạn của bạn",5,0,0,0,0,0
"Ngoài ra, khách sạn ở khu trung tâm, gần bãi biển và các trung tâm thương mại, khu vui chơi của Nha Trang",0,5,0,0,0,0
"Khách sạn sạch sẽ tiện nghi, dịch vụ đa dạng.",0,5,0,0,0,0
"Vị trí siêu thuận tiện, tại trung tâm thành phố, nhưng không quá ồn ào, khá yên tĩnh.",0,5,0,0,0,0
