Review,giai_tri,luu_tru,nha_hang,an_uong,van_chuyen,mua_sam
"các món ăn ở đây không có gì đặc sắc, có lẽ nấu theo kiểu nhà hàng cho khách tây, nên các món không có j đặc trưng, nhiều món nhưng tầm thường, nêm nếm rất lạt lẽo, không đúng khẩu vị Việt",0,0,1,1,0,0
"Lần thứ 2 quay lại đây, vì giới thiệu quán cà phê rộng nhất quy nhơn nên mình mới đưa bạn tới đây chứ thật sự thì có rất nhiều lựa chọn khác tốt hơn, thật sự thì green chỉ được cái không gian rộng , đẹp chứ đồ uống thì fail hoàn toàn, sinh tố cam thì chua lè kiểu như pha nước chứ chắc chắn không phải nguyên chất cam, sinh tố cà chua và dứa cũng tương tự, lần trước uống capuchino dở rồi nên rút kinh nghiệm không kêu mấy món đó nữa :)) . Thái độ nhân viên không thân thiện, gặp khách không cười . Khách đang uống thì đem chổi ra lau rất mất thiện cảm.",0,0,0,2,0,0
Rất khuyên bạn nên ghé thăm quán bar thể thao này,3,0,0,0,0,0
Chợ khu 2. Khu vực bán đồ ăn và các đồ khác. Đồ cũng tưoi. Nhiều khách du lịch ghé mua. Nằm đường nguyễn huệ.,0,0,0,0,0,5
"Tôi bắt xe 7 chỗ đi từ sân bay về nhà.Thái độ của tài xế không vui vẻ khi đón chúng tôi.mặt thì nhăn nhó thái độ thì lơ lơ.gia đình đi 
7 người.tài xe mở cốp xe rồi để tôi tự xếp hành lý vào.sau đó dẹp lun 2 ghế sau để chất vali lên.5 người trong gia đình phải dồn vô ngồi ghế giữa. 2 người ngồi ghế trước.lên xe thì nóng.tôi yêu cầu tài xế mở máy lạnh thì tài xế bảo cả sáng h đậu ngoài nắng nên nóng.chạy
 10p vẫn chưa thấy mở máy lạnh.mà trong xe nóng như cái lò 5 người ngồi chen nhau.hỏi tiếp thì không trả lời.sau đó mình yêu cầu nhiều quá mới kêu đang mở.về gần đến nhà mới thấy quạt nó thổi mát được xíu.ngồi trên xe 30p mà như cực hình.yêu cầu công ty xem xét lại thái độ làm việc của tài xế chạy xe 6898 lúc 10h sáng ngày 10 tháng 7.nghiêm túc phê bình.",1,0,0,0,1,0
"Điểm mua sắm quà lưu niệm lý tưởng, đầy đủ hàng hóa của các làng nghề truyền thống của vùng quê đất võ Tây Sơn, Bình Định. Nơi đây là điểm cung ứng hàng hóa của người nông dân nên giá cũng rất bình dân. Hãy đến đây khi đến với Bình Định, vì không muốn khi về quên mang theo món đặc sản truyền thống, tinh hoa của đất võ Tây Sơn 😍",0,0,0,0,0,5
Xe báo chạy 18h tối nhưng cuối cùng tới 18h30 mới xuất phát. Và theo lịch thì 5h sáng hôm sau thì tận 5h30 người trong đoàn báo lại vẫn còn cách Quy Nhơn 40km - sự việc khiên cho đoàn chúng tôi xém bị trễ công việc.,0,0,0,0,3,0
"Quán chắc làm việc với lê tân FLC để đưa đón miễn phí. Nhưng đồ ăn thì cơ bản đắt và không tươi. Lúc hỏi nhân viên mực tươi không thì nhân viên nói tươi, nhưng lúc mang ra thì mực không tươi và cảm nhận đc ngay là đồ đông lạnh. Hàu nướng mỡ hành thì quá dở, 1 vỏ mà có tới 2 con hàu và không bằng quán vỉa hè. Khuyến nghị du khách không nên đến quán này.",0,0,0,1,5,0
Có một chuyến đi vào tối thứ Sáu thông qua giao thông rất nặng vào giờ cao điểm.,0,0,0,0,1,0
"Phải nói xe này là tồi tệ nhất trước giờ đi . AI MÀ ĐI VỀ ĐÀ NẴNG KHÔNG NÊN ĐI NHÉ .Nó thả cách thành phố 15 -20km phải tốn 300k tiền xe về tới nhà. Trong khi đặt đã nói về tới bến xe . Còn ô phụ xe thì thôi mặt lúc nào cũng nhăn khách này nọ . Không cho nổi chai nước suối , cái khăn lạnh nữa . Đúng xe dỏm
",0,0,0,0,1,0
Sáng nay mình ghé shop Cứ nghĩ shop có mấy hệ thống có thương hiệu khá thấy vọng khi mua đồ tại shop phục vụ kém thái độ ra mặt mọi người cẩn thận vô phải mua chứ ko mua coi chừng bị chưởi nha nói chung đồ ko đẹp mà thái độ phục vụ còn tệ hơn,0,0,0,0,0,1
"Trải nghiệm mua sắm tại chợ là tuyệt vời.hay nan lại vài giây để có một trái nghiệm thú vị.
",0,0,0,0,0,5
"Ăn no, món ăn ngon, gia đình mình ăn xong cả bàn ngổn ngang đĩa niêu vì mỗi đĩa rất ít. Cơm và cá ngon, canh hơi chua quá, tôm bình thường, kho quẹt bình thường, rau thập cẩm trình bày mất thẩm mỹ. Điểm trừ là phục vụ kém, ra đồ chậm, không biết gợi ý cho khách, ko miêu tả đc độ ít của đồ ăn. Nước ngọt và bia cũng phải gọi mấy lần mới có",0,0,0,2,0,0
Nhà sách nay bị thu hẹp đi rất nhiều so với trước vì bên cạnh là của hàng xe máy yamaha  mở rộng cửa hàng thuê phần đất của nhà sách. Nên vì thế nhà sách bán đồ cũng ít hơn trước. Không còn đông vui nhộn nhiệp tấp nập như trước đây,0,0,0,0,0,3
"Quên nói về thức ăn - kêu nhum gì mà thê thảm , không béo gì hết, chỉ 1 màng mỏng , ăn không cảm nhận được gì luôn , tôm mũ ni giá 2 tr2 /kg vậy mà lúc chế biến không hề đem lên cho khách xem, lúc order thì pv nói 1 con chỉ khoảng mấy lạng cuối cùng tính tiền 1 con gần cả ký lô- - Nói chung tránh xa quán này ra",0,0,0,1,0,0
Không có lotte mart nên phải đến siêu thị Big C. Bình thường,0,0,0,0,0,4
"Vào siêu thị mà bị bảo vệ đi theo sau từ ngoài cổng cho tới mỗi khu vực quầy hàng, cảm giác rất khó chịu
",0,0,0,0,0,3
"Pig c giá thì có rẻ .nhưng hàng khuyến mãi thì mua về không dùng được.đặt biệt là đồ ăn khuyến mãi hạn dùng còn lâu mà mua về mấy bì hư hết trọi.mình bị 2 lần rồi .lần trước mua trúng đồ hết hạn mang qua trả lại không chịu trả lại tiền mà biểu mình mua món đồ khác sao cho đủ tiền.vãi thật
",0,0,0,0,0,2
"Mình hay ghé Nhà hàng Ngon ở Trần Hưng Đạo để dùng bữa với bạn bè và đối tác. Ở đây có không gian rộng rãi, thoáng mát, lịch sự. Các món ăn cũng đa dạng, và được chế biến dễ chịu.",0,0,5,5,0,0
"Đón xe taxi Vinasun ở sân bay tân sơn nhất ga quốc nội, nghe thấy gần bắt đầu đổi thái độ hung hãn, ko phải nói chuyện mà chửi vào mặt khách, lái xe thì lao như điên và thắng gấp liên tục với sự cố ý, đạp thắng liên tục chỉ trong 10m. Ngay vòng xoay bùng binh, quẹo trái bất chấp, tưởng chừng tông xe luôn rồi. Đến nơi, hỏi giá thì không thèm trả lời. Mình nhìn lên thấy 36.000 thì đưa 40.000, tài xế quay lại hét vào mặt 36 với 10 là 46.000",1,0,0,0,1,0
"Điểm mua sắm lâu đời ở Quy Nhơn và các huyện thị lân cận. Đầy đủ và bình ổn giá. Vào dịp tết rất nhộn nhịp, nằm ngay trung tâm dễ tìm, có bus đi ngang.
",0,0,0,0,0,4
"Sân bay cách trung tâm TP Quy Nhơn khoảng 30km. Hơi bất tiện trong việc đi lại. Tuy nhiên sân bay rộng, đẹp. Phòng chờ Vip rông rãi.
",0,0,0,3,0,0
"Cảnh quang chưa Đep. Nếu được mở rộng thêm. Khắc các câu thơ hoàng mặc tử
Và các ban thơ .tạo ra các điểm nhấn sinh động. Vệ sinh môi trường quá nhớp",3,0,0,0,0,0
"Đồ khá đầy đủ, có thể mua dừa trái, đồ về làm quà (nem, cá mực tôm khô, các loại mắm) ở đây. Chợ mở cả ngày tuy nhiên có nhiêu khu chỉ mở sáng sớm. Ghé chợ tầm chiều tối có thể ghé ăn ốc Thúy kiều ở ngay gần đó
",0,0,0,5,0,5
"Sân bay nhỏ, nhưng thiết kế khá hiện đại, đồ ở đây bán rẻ như mua ở tp Quy Nhơn. Nhưng một số đồ không có ví dụ Bánh Hồng, nên ai muốn mua đồ đặc sản như Bánh Hồng, thì mua ở tp Quy Nhơn nhé.
",0,0,0,0,3,3
"Không gian rất sang trọng và ấm áp, nhân viên cũng rất nhiệt tình.",4,0,4,0,0,0
"Giường hơi mềm, không phù hợp lắm với người bị đau lưng",0,3,0,0,0,0
Có thể do dịch nên ít khách. Phòng có mùi mốc,0,2,0,0,0,0
"Xem mng review nên cũng ham hố đến thử 😃 Một đĩa gồm hai bánh hình tròn chỉ to bằng bàn tay xoè ra. Ăn cũng không có gì là đặc sắc cả, trừ việc vỏ bánh khác so với vỏ bánh ngoài Hà Nội. Ăn uống xong xuôi đến lúc ra tính tiền đớ luôn. 65k/ đĩa gồm 2 cái bé. Trong khi những chỗ khác 25-30k/ đĩa đc bánh to ơi là to. Cũng do lỗi tại mình không xem xét giá trước 😞 coi như một bài học cho cả nhà. Thử 1 lần cho biết và sẽ không quay lại vì giá cả không xứng với hương vị đem lại 😥 Được cái không gian rộng rãi, thoáng mát.",0,0,0,2,0,0
"Tài xế có tâm :)) khách nhịn tè từ trên đèo nhịn xuống đã đành, đằng này tới nơi có hộ dân sinh sống vẫn đi tu tu chả thèm dừng dù khách la réo xin đi vsinh. Mồm mình thay cho quả thận phát tín hiệu được hơn tiếng đồng hồ rồi vẫn chưa được giải cứu. Rip my bladder
",0,0,0,0,2,0
Lên tầng 5 chơi bowling và xem phim tuy nhiên cảm thấy thất vọng. Hệ thống điều hòa không hoạt động gây cảm giác ngột ngạt và thiếu không khí,2,0,0,0,0,0
"Cách âm kém, ko có hỗ trợ KH về các vật dụng mượn thêm vào buổi tối (như tô muỗng)",0,2,0,0,0,0
"Tôi thấy quán cần đào tạo lại nhân viên, để ý để review . Bản thân tôi sẽ không bao h quay lại.",1,0,1,0,0,0
"Hôm nay, tôi gọi phòng vip họp mặt bạn!!! Khi nói chuyện với nhân viên đặt phòng. Mới hỏi một câu thi lại đáp một câu, ko biết tôn trọng khách hàng!!! Tôi khuyến cáo mọi người ko nên tới nhà hàng nay! Cho dù thức ăn ngòn mài cách phục vụ thế này ko chấp nhận được😠😠😠",0,0,0,1,0,0
"Xe khá là hôi, mùi ẩm mốc bốc lên rất khó chịu cộng với chỗ giường nằm có các con vật be bé nhìn kinh v*i.
",0,0,0,0,2,0
"30/4 vừa rồi đông khách, vợ mình đợi 30"" chưa đi được thang máy.",0,3,0,0,0,0
"Nằm ở đường Diên Hồng Quy Nhơn. Quán này cũng khá nổi tiếng ở đây về độ ngon. Nhưng mình thì cũng thấy được thôi, chứ không ngon lắm. Vì ăn nhiều sẽ ngấy vì mình thấy hơi nhiều dầu. Một người ăn tầm hai cái là vừa đủ no. Bánh nhiều tôm và nhiều thịt bò, đặc trưng là bò và tôm đều rất tươi, rau sống ăn kèm thì toàn rau non và ngọt, nước chấm cũng vừa miệng Quán cũng khá sạch sẽ, mà tại giá hơi chát nên ảnh hưởng một phần độ ngon của nó.",0,0,0,3,0,0
"Một khách sạn hoàn hảo , đánh giá cao,",2,0,0,0,0,0
"Mình ăn ở đây 2 lần rồi vì quán rất đông vào buổi trưa nên mình chọn phòng riêng. Về giá cả thì hơi cao hơn mặt bằng chung ở Quy Nhơn nhưng vị ddồ ăn một số món rất ngọt đối với mình. Có thể đây là điểm check in lý tưởng của nguời Quy Nhơn vì ở Quy Nhơn 1 quán không gian rộng và bắt mắt như vầy chỉ có 1 đến 2 quán. Tuy nhiên, với mình ngon vẫn là quan trọng. Chắc vì ở Sài Gòn có nhiều quán đẹp và ngon nên mình hơi kén. hihi :)",0,0,0,3,0,0
"Có chỗ để xe máy ở tầng trệt, ở trong hẻm nhưng đường đủ rộng để xe 4 bánh vào tới nơi.",0,2,0,0,0,0
"Nhiều mặt hàng mua sắm. Rạp CGV hơi ít xuất chiếu.
",0,0,0,0,0,3
"Tài xế chạy quá nhanh, quá ẩu. Nằm ngủ chẳng yên",0,0,0,0,2,0
"Phòng khá cũ. Mình ở 2 lần 1 lần ở phòng bình thường thì thấy ok. 1 lần ở studio view biển thất vọng thực sự. View biển đã bị chắn bởi công trình (này thì không phải lỗi của khách sạn nhưng hơi bị trái so với kì vọng của mình). Phòng thì cực kì nóng nực. Lúc mới check in vô thì bật điều hoà đúng mode và nhiệt độ thấp nhưng vẫn cực kì nóng. Gọi nhân viên lễ tân thì bạn nói câu “biết sao không?” nghe rất chối với khách hàng. Đến ngày hôm sau qua đêm rồi vẫn nóng và gọi lễ tân lần nữa thì lại có câu trả lời tương tự về việc phòng hấp hơi nhiều kính, không chủ động hỏi khách cần quạt hay cho người lên check, phải để mình yêu cầu mà vẫn còn lưỡng lự. Thực sự sau lần này chắc sẽ không quay lại nữa.",0,1,0,0,0,0
"Đa dịch vụ. Đồ ăn tươi, chế biến ngon. Hải sản phong phú, giá ổn. Phục vụ cũng nhanh, nhân viên ít cười nhưng khá thân thiện, dễ thương. Canh nghêu chua , canh cải tôm, cá bóp chua rất ngon. Thỉnh thoảng cơm hơi cứng. Rau luộc xanh. Có xe đưa đón tại FLC, đây là điểm cộng cho quán. Dịch vụ du lịch Kỳ Co trọn gói. Ngoài ra, Hoàng Thao còn giúp bạn gọi xe đưa đón sân bay (giá cực tốt!)",5,0,5,5,5,0
"Nhà hàng có view đẹp, nhân viên Thành Long phục vụ nhiệt tình, thức ăn ổn, sẽ quay lại. Món bông cải dầu hào ăn rất tươi không có dầu mỡ.",5,0,5,5,0,0
Chợ bán hải sản tươi ngon nhưng giá hơi cao,0,0,0,0,0,4
"Tôi sẽ chụp lại nếu có nhu cầu đi du lịch Vũng Tàu, tuy nhiên tôi không nghĩ mình sẽ làm như tôi đã thấy nhiều nơi tốt hơn ở Việt Nam.",3,0,0,0,0,0
"Hôm qua ba về quê nên thay mặt nhà đi ăn đám cưới con cô hàng xóm. Suýt nhầm với khách sạn sài gòn quy nhơn, bà con chú ý nha. Có nhà hàng tầng hai với cả tầng ba nữa. Không gian khá rộng nhưng trần nhà hơi thấp, tạo cảm giác bí. Trang trí đẹp, lung linh ghê luôn, âm thanh, ánh sáng ổn, đoàn vũ công biểu diễn tốt. Đồ ăn cũng ngon, có mấy món nướng không ok lắm. Thịt bò nướng giấy bạc bị khô, gà nướng mật ong thì không thấm lắm. Nhân viên không nhiệt tình, kiểu hơi lơ là
",0,0,2,3,0,0
"Tôi đã được đón bởi corp này và tài xế khăng khăng tôi đặt chiếc túi nhỏ của tôi trong cốp xe cùng với chiếc vali. 
Tôi đến khách sạn của mình và anh ấy đã thay đổi từ chối đưa cho tôi chiếc túi nhỏ của tôi và khẳng định tôi đã không đưa nó cho anh ấy. Anh ta từ chối mở cốp xe và để tôi nhìn, trở nên hiếu chiến, hung bạo và đe dọa tôi trước khi cướp tiền của tôi và lái xe đi.",1,0,0,0,1,0
"Được nghỉ tết sớm nên mình và chị bạn hẹn nhau hú hí ở bobo Station Trần Cao Vân. Không gian ở đây đẹp nhưng mình thấy hơi chật, chỗ để xe cũng không rộng mấy, nên hơi bất tiện khi đông khách. Nhân viên ở đây thì khá nhiệt tình, đồ uống cũng đa dạng. Mình gọi một trà sữa ôlong, nước uống thơm mùi trà, nhưng hợt nhạt. Chị bạn thì khá hài lòng với thức uống của quán. Chắc quán khá đông nên bàn ghế bỏ sát sát nhau, nên thấy hơi bất tiện khi nói chuyện với nhau.",0,0,0,3,0,0
"Nói chung năm nào cũng đi coi vải ở đây. Vải mới có nhiều, cập nhật xu hướng nhanh. Có điều giá hơi cao nếu người mới đi mua, chưa biết cách nhắm tầm giá sản phẩm. Vải cao cấp có nhiều",0,0,0,0,0,2
"Trên hình google đẹp nhưng đến nơi thì mới thấy thực tế. Đi vào giờ chiều nên đông khách du lịch.
Cảnh đẹp nhưng rác rất nhiều. Hy vọng ban điều hành khu du lịch trang bị thùng rác đầy đủ
Bãi chỉ có highlight là mấy hòn đá to, dạng như quả trứng.
Bác bảo vệ hơi làu bàu",1,0,0,0,0,0
"Chúng tôi đã làm theo các đề xuất trên TripAdvisor và thực sự thất vọng. Bát đĩa bẩn và thức ăn không ngon chút nào. Tôi đã có một món salad bún gạo thuần chay, thật kinh khủng. Món súp của bạn tôi không có chút hương vị nào. Không thể giới thiệu nó.",0,0,0,2,0,0
"Tôi được một người bạn địa phương giới thiệu đến ăn ở đây nên tôi đoán mình đã gặp xui xẻo. Địa điểm hấp dẫn, đối diện công viên, gần dinh thống nhất. Dịch vụ là dễ chịu. Tôi vừa gọi món chả giò tươi và một ly nước chanh. Nhà hàng không bận rộn. Chờ 20 phút, hỏi, xem người khác phục vụ. Cuối cùng thì những chiếc nem khá khô cũng như một đĩa nem rán bị nhầm lẫn nhanh chóng bị vứt đi. Đối với tôi, không ấn tượng chút nào, nhưng những người khác dường như có đồ ăn trông ngon.",0,0,4,4,0,0
"Khe vịn mở cửa tủ quần áo hơi cạn nên khi mở hơi khó, dễ gãy móng tay, nên khoét sâu hơn hoặc có nắm cửa bên ngoài.",0,2,0,0,0,0
"Nước và càe tạm được nhưng phải gọi là quá đắt đỏ . Nước ở đây thấp nhất là 35k . Thái độ nhân viên thì không được thân thiện cho lắm . Tuy nhiên điểm cộng là view nhìn ra biển khá đẹp ( nhưng hơi lạnh ) , trong phòng điều hoà thì ấm hơn nhưng không có gì đặc sắc . Có thể lựa nhiều quán trong nội thành view đẹp hơn mà giá cả phải chăng hơn .",0,0,0,3,0,0
"Mình book phòng view biển nhưng view không đẹp, có nhiều tòa nhà, công trình đang thi công che khuất tầm nhìn. Không được đẹp như hình mô tả.",0,2,0,0,0,0
"Trên thực tế, một tài xế taxi khác đã cố gắng giả vờ như anh ta ở đó để đón tôi và tài xế công ty Saigon Tranfers của tôi đã nhanh chóng giải tán anh ta.",0,0,0,0,3,0
"Gia đình đi thì đăng kí với sdt này. Tham quan vào thứ 4 và Chủ Nhật giờ hành chính. Gọi sdt này để đăng kí trc, bác bảo vệ nói thế ấy",2,0,0,0,0,0
"Quán cà phê và khách sạn, trong chính khách sạn, chúng tôi không chỉ ở trên bãi biển. Họ làm sạch bãi biển và làm sạch. Có một số giường tắm nắng với ô. Biển sạch. Nơi này thật đẹp. Nhưng rất nhiều rác trên bờ biển gần làng. Bạn có thể đi chèo thuyền kayak trên đảo ở đây.",0,3,0,0,0,0
"Cách âm kém, đêm hôm phòng bên cạnh cười nghe rõ. Không có nhân viên hỗ trợ xách đồ. View biển nhưng trước mặt có công trình xây dựng",0,2,0,0,0,0
"Đánh giá 1 sao cho rạp chiếu phim starlight, hôm mình đi xem phim tối mồng 6 tết rạp 1, màn hình coi mà nhòe ánh sáng xanh, đã reset màn hình lại trong lúc đang xem nhưng vẫn k hết. Lần đầu xem cũng như lần cuối :)",1,0,0,0,0,0
Thực phẩm tốt nhưng đắt tiền cho những gì bạn nhận được,0,0,0,3,0,0
"Đã trải nghiệm. Tổng đài gọi báo sẽ đón trước 30' nhưng tài gọi điện trước 1 tiếng, phải kiên quyết lắm mới làm tài đồng ý 30'. So sánh với limousine bên hoa mai thì xe nhỏ hơn nhiều. Khoảng cách giữa các ghế rất chật. Không có chế độ massage. Mình đi chuyến đà lạt - tphcm mà đến 300k so ra không đáng giá tiền.
",0,0,0,0,2,0
"Bãi biển cho du khách tắm, ở đây toàn những nhà hàng hải sản. Chưa tới nơi đã có người giới thiệu dẫn đi tour ra đảo
",3,0,0,0,0,0
"Cửa hàng cần quản lý lại nhân viên và cách phục vụ. Khi đưa lại thẻ cho khách phải đưa luôn bill và số bàn đầy đủ, không đưa 2-3 lần.",0,0,0,2,0,0
"Nơi bán linh kiện điện tử uy tín trên toàn quốc cũng như o quy nhơn Bình Định. Mọi người ghé xem nhé !!!
",0,0,0,0,0,3
"Shop tư vấn rất nhiệt tình, nhân viên rất hoà đồng, đủ đồ cho bé... Mình rất hài lòng... Mọi ng ghé shop nha... Rất đủ đồ dành cho mẹ và bé... Rẻ hơn mọi shop trên quy nhơn
",0,0,0,0,0,5
"Họ chỉ đặt menu vào bàn của bạn và bỏ đi, không có lời chào nào cả.",1,0,0,0,0,0
"Một chuyến đi quá thất vọng: mua vé 19h xuất bến. Nhưng nhà xe gọi có mặt 17 h lúc 16h 23p làm không kịp ăn uống trước, khi ra đón xe tói 18h50 phút mới có xe. Xe chở dư 1 khách. Chở hàng rất nhiều: trái cây ở Long Khánh ( 1h chờ lên trái cây) chạy tới Hàm thuận ăn tối lúc 24h: quá đói vì ko kịp ăn chiều, Đồ ăn không thể tưởng tượng nổi( giống như đồ ăn xe tù 20 năm trước) phở : bánh phở + nước ko sôi vài lát thịt ko chín ... Không tưởng tượng nổi Xe tiếp tục hành trình tới 7h sáng mới dừng ăn sáng và đi tolet khi khách la ó vì mắc vệ sinh. Ăn mì gói 40k khách tự trả, 12 trưa tới sông cầu ăn trưa khách tự trả. Tới 13h30 tới phù mỹ xuống xe. Hành trình kinh khủng: phong cách phụ vụ kiểu ko cần khách. Rất giận dữ. Hi vọng trong đời ko có chuyến xe lập lại. Rất may chưa đặt vé vào xe này. Số xe 51B- 29697 xe cty chơn mỹ thuê",0,0,0,0,1,0
"Là khách du lịch đến Quy Nhơn, zai yêu 4t đánh mất dép, khiến mình phải bế em suốt quãng đường đi dạo chơi và tìm đc shop trên gg, sau 15 phút liên hệ shop đã có mặt giao hàng tận nơi, và còn nhiệt tình mang theo 2 mẫu để chọn,  zai yêu nhà mình rất thích, đôi dép vừa xinh lại có đèn nhấp nháy sau mỗi bước đi, khiến hắn thích thú lắm, chuyến đi vui càng thêm ý nghĩ❤️ Thanks shop nhiều💋💋💋
",0,0,0,0,0,4
"Một trong những quán bún cá nổi tiếng nhất ở Quy Nhơn. Có 2 chi nhánh đều nằm trên đường nguyễn huệ. Không gian rất rộng, bàn ghế sạch sẽ, bài trí đẹp, chuyên phục vụ các đoàn khách du lịch. Menu đa dạng, có bún riêu, bún chả cá, bún cá thu cá ngừ, bánh bèo, bánh cuốn, giá tương đối cao. 1 tô bún khá nhiều, nhìn rất hấp dẫn nhưng mình thấy chất lượng giảm nhiều so với hồi trước. Nước lèo khá nhạt, chả hơi ngọt, ăn không đặc sắc lắm. Nhân viên hay lơ khách, không nhiệt tình",0,0,0,2,0,0
Hàng hóa đa dạng phong phú. Gửi xe miễn phí,0,0,0,0,0,4
"Địa điểm đáng tin cậy để du khách mua đặc sản lưu niệm, bất ngờ vì giá rẻ hơn nhiều so với các quán lân cận mà lại ngon hơn. Mực rim ở đây ngon quá mà rẻ hơn. Lần sau sẽ mua tiếp.
",0,0,0,0,0,5
"Chủ khách sạn không cho khách nhận phòng ngay mà dắt đi xem tùm lum và chê phòng khách đã đặt để khách đổi phòng khác giá cao hơn! Phàn nàn khách đặt phòng từ booking.com nên khách sạn phải trả cho booking.com mất 30%. Đòi phụ thu 30% vì tới lúc 10h30 dù đã báo trước và đã có xác nhận từ khách sạn, phải đòi qua khách sạn bên cạnh thuê thì mới ko phụ thu nữa. Nói chung tiếp đón khách quá kém, còn những lúc khác thì bình thường.",0,2,0,0,0,0
"Đây là những món mà gđ mình đến quán ăn. Món ăn ở đây rất ngon và hợp giá tiền,đồ ăn trang trí bắt mắt,các bạn đến đây hãy ăn thử món rong nho salad và lẫu sứa nước lèo nhé vì nó rất ngon 🥰🥰 không gian thoáng mát sach sẽ có xe đưa đón free tại FLC và nv phục vụ nhiệt tình dễ thương.Có dịp sẽ quay lại quán nhé ❤️❤️❤️",0,0,5,5,5,0
"Hồ bơi ngày mồng 5/12 nhân viên báo đang bảo trì, do đó không dùng được trong ngày lưu trú ở khách sạn.",0,2,0,0,0,0
"""Chợ đầy đủ mặt hàng, rộng thoáng. Nơi mua sắm thường xuyên của em""",0,0,0,0,0,5
"Máy lạnh cũ nên không điều chỉnh được nhiệt độ, hơi nóng",0,2,0,0,0,0
"Hôm nay ghé tinh hoa mua rau câu ăn , nhiều loại quá không biết chọn sao luôn , và sau một hồi lựa qua lựa lại mình chọn 1 hộp rau câu sữa bắp màu xanh xanh . Giá một miếng là 3k có bán từng miếng và mình mua 1 hộp 10 miếng 30k . Một miếng khá to , 2 đứa ăn 10 miếng muốn ná thở luôn . Rau câu được bảo quản lạnh nên ăn mát mát , theo mình thì hơi ngọt nên ăn hơi nhanh ngán đó là điểm trừ duy nhất . Vì rau cau giòn , thơm mùi sữa bắp , cà phê . Sẵn mua cái bánh bông lan trứng muối nữa nhưng không thích lắm vì cốt bánh không chắc , và mắc . Vậy nên khuyên các bạn nên ăn thử rau câu ở đây nha ^^",0,0,0,5,0,5
"Tôi đã đặt chỗ có xác nhận qua điện thoại Đã có nhưng sau đó được thông báo (4 ngày trước khi khởi hành) bởi sao limousine họ từ chối chở người nước ngoài vì họ sợ người nước ngoài có nguy cơ cao mắc bệnh covi 19, thậm chí tôi đã nói với họ rằng tôi đã làm việc ở Việt Nam được 3 năm Đã sẵn sàng.",0,0,0,0,3,0
"Nếu các bạn đi du lịch Quy Nhơn thì lên đến nơi này
",5,5,5,5,0,5
"Chợ đủ thể loại, hải sản cũng ngon, vệ sinh sạch hơn các chợ khác như khu 6, ...",0,0,0,0,0,5
Cá nhân mình thấy phòng hơi thiếu sáng,0,3,0,0,0,0
"quá tệ, đặt vé số giường cũng như không, khách ưng ngồi ghế nào ngôi
",0,0,0,0,1,0
"Nhà hàng toát lên vẻ đẹp mộc mạc của châu Âu, đặc biệt là trong những tháng lạnh hơn. Thức ăn được lấy cảm hứng từ Pháp với sự biến tấu địa phương của Việt Nam. Nhưng việc lạm dụng bột ngọt trong bữa ăn khiến chúng tôi rất đau đầu và cho rằng chúng tôi sẽ không bao giờ đặt chân đến nhà hàng này nữa. Đồ ăn và dịch vụ ở Duong tốt hơn rất nhiều.",0,0,2,2,0,0
"Có rặn san hô đẹp, Nước biển trong xanh, ngồi thuyền bè thưởng thức đồ biển rất tuyệt, giá ra hòn khô cũng vừa pải với một nơi du lích. Có điều là phòng thay đồ rất ít và ko có nước ngọt tắm lại
",5,3,0,0,0,0
"Tôi không hiểu nhân viên ở quy nhơn kiểu gì khách hàng vào thấy cũng làm ngơ chẳn ai chào hỏi tiếp đón không bằng thế giới di động. Để khách đợi chờ không ai tới hỏi. Chỉ mạnh ai nấy làm việc. Thật tệ cho các nhân viên ở NguyenKim Quy nhơn
",0,0,0,0,0,2
"Không có nhà hàng hải sản số 2 trên TripAdvisor, đi taxi về đây ăn tối tối qua! Oder hai hàu nấu ăn bằng tỏi, đây là một trong số đó, (hình 1) nghĩ rằng màu sắc là màu xanh lá cây, yêu cầu các nhân viên, họ nói không có vấn đề! Khoảng 2 giờ sáng, cơn đau không chịu nổi của tôi, khoảng 3 giờ sáng - 4 giờ sáng, tôi bị nôn và tiêu chảy ít hơn 7 lần trong 1 giờ, cơ thể cảm thấy lạnh và nóng. . không thể tưởng tượng được những gì tôi đã trải qua đêm qua! Phải gọi TAXI đến bệnh viện lúc 4:30 sáng! ! ! Cái quái gì thế ! Một con hàu tiêu diệt tất cả kỳ nghỉ của tôi, ngay bây giờ, chính xác 1: 04 giờ chiều tôi vẫn đang ở trong bệnh viện được điều trị! ! ! Hy vọng nhà hàng cho tôi câu trả lời! ! !",0,0,1,0,0,0
Thiếu giá treo quần áo nên đồ đang dùng ko có chỗ treo móc,0,2,0,0,0,0
"Nhân viên bảo vệ ảo tưởng sức mạnh nghĩ khách hàng thích mình rồi lại nháy mắt đưa tình các kiểu
""Sao 2 em chạy vậy,bộ say anh hả""
Nhân viên thật là ải chỉa:)) đừng để tui gặp lại nữa tui mà gặp nữa tui ỉa pẹc pẹc banh cái siêu thị =))))😏pủm pủm ỉa tám đống 💩💩💩💩💩💩💩",0,0,0,0,0,1
Vị trí gần biển nhưng do khách sạn nằm trong ngõ nên view biển căn góc không thực sự đẹp như trong hình,0,2,0,0,0,0
"Siêu thị Big c... Bán đủ đồ.. Người làm việc.. Đuổi hết là vừa.. Mất lịch sự.. Làm việc không tận tình.. Khách hàng là.. Rác.. Sẽ không bao giờ trở lại...
",0,0,0,0,0,1
"Quán này ở ngay ngã tư trần phú nên dễ tìm. Giá cả hợp lí, tết phụ thu có 8k/ly thôi, có cả bán bánh ngọt kèm theo mà mình chưa thử. Chiều mình đi cũng đông mad buổi tối thì khách đông lắm. Không gian khá rộng, nhiều tầng, nhiều góc dễ thương thích hợp để sống ảo . hôm mình đi có cây đào nhìn đẹp lắm mà không có chỗ chụp. Nước uống không ngon mấy, nhất là latte tiramisu, ngọt lắm luôn. Nhân viên thân thiện, khá nhiệt tình.",0,0,0,3,0,0
"Nhân viên quầy làm thủ tục không biết đọc tờ giấy f0, làm khó dễ khách hàng
",0,0,0,0,2,0
Bán rất nhiều đồ đặc sản kg chỉ của Bình định mà cả các tỉnh khác.,0,0,0,0,0,5
"Không có chổ để xe hơi, cấm hút thuốc trong phòng, máy lạnh không mát",0,2,0,0,0,0
Tổng thể rất kém! Nhà hàng yên tĩnh bẩn thỉu và đồ ăn chỉ ở mức trung bình. Tôi sẽ không quay lại đâu. Con lợn đói là lựa chọn tốt hơn cho bữa sáng kiểu Anh ngon miệng !!,0,0,1,0,0,0
"Mình rất thích cách phục vụ ở nhà hàng Hoàng Thao, sạch sẽ, thoáng mát và phục vụ nhanh, đồ ăn tươi ngon mà giá lại mềm nữa.",0,0,5,5,0,0
"Lần trước di thấy ok nhưng lần đến Qui Nhơn ghé lần nữa thì thất vọng hẳn - Nhân viên phịc vụ chậm chạp , kêu món ăn xong dọn được vài món thì ngưng luôn , để ngồi ngó nhau chơi, nhắc hai ba lần mới bưng tiếp lên 1 món rồi lại ngưng - Thắc mắc thì trả treo, nói 1 tiếng cãi 1 tiếng ( nhân viên nam tròn tròn ) - Bực bội gì đâu - Thái dfooj phục vụ như vậy thì chả bao giờ ghé nữa",0,0,0,1,0,0
"Khách tới hỏi mua máy mà không ai đến chăm sóc. Dịch vụ quá tệ mà lấy tiền khách nhanh nhưng giao hàng mất hơn 1 ngày, trong khi đó bán kính chỏ có 7km
",0,0,0,0,0,2
"Khách sạn có thể thuê gọi xe luôn cho mình, tuy nhiên xe hơi cũ, chạy hơi lọc xọc.",0,2,0,0,2,0
Đó là một nơi bị bỏ hoang nằm trên một bãi biển rất rất rất bẩn! Thật buồn làm sao nó bẩn thỉu ..,2,0,0,0,0,0
"Quán đông, khách chờ dài cổ, phục vụ thì cũng nhiều người nhưng không phát huy được nhân lực. Món ruột của quán là cơm gà nhưng theo mình thì cũng không ngon lắm. Có khi thịt gà khô hoặc bở! Không quay lại nữa!",0,0,0,2,0,0
"Thức ăn trung bình. Vị trí khó tìm, không chỗ đậu xe. Nhân viên phục vụ ...trung bình",0,0,0,2,0,0
"Thái độ nhân viên rất chán, đồ uống thì như nước lã, giá lại đắt k xứng đáng với ly nước gì cả, kiểu kinh doanh chỉ có cái view khách vào check in thôi thì cũng k khá đc
",0,0,0,2,0,0
Bể bơi hơi bé so với mình hy vọng ,2,0,0,0,0,0
Hơi xa thành phố đối diện là điểm thu mua phế liệu nhìn chưa Mỹ quan,0,2,0,0,0,0
"Nhân viên phục vụ rất nhiệt tình, vui vẻ và lễ phép",0,0,5,0,0,0
"Mình mua 1 bịch lạp xưởng ăn sạn không, cục nào cũng sạn và bị thối , đã đem trả lại siêu thị , họ đã trả lại tiền . Mong big c kiểm soát chất lượng hàng hóa hơn",0,0,0,0,0,1
"Quán ngay biển, thoáng nhưng không hiểu sao đợt mình ngồi đây lại không có chút gió biển nào Nước uống bình thường Trang trí đẹp, lung linh",0,0,0,3,0,0
"🔆 REVIEW QUY NHƠN - PHÚ YÊN 4 NGÀY 3 ĐÊM 🔆 - UPDATE PHẦN 2 Nghe đồn Quy Nhơn đẹp lắm, đồ ăn ngon mà rẻ lắm. Đính chính là tin đồn là đúng thiệt nha. Xách balo lên đi thôi 💙 ❌ Mình book Lang homestay Quy Nhon 1 phòng to 350k/1 ngày, 3 ngày 1050k. Ngày cuối cùng 12g là phải trả phòng nhưng mình ở thêm đến 4g mới trả chị chủ chỉ phụ phí thêm 50k thôi. Cực thích ở đây do đến sớm hơn dự định 7g sáng đã có mặt ở Quy Nhơn, chị gọi chổ cho thuê xe máy quy nhơn của anh Hoài bảo giao xe máy cho mình thuê xe máy đi ăn sáng rồi dọn phòng, 8g30 là mình đc nhận phòng rồi. ( K hề phụ phí gì hết) ❌ Mình đi xe Phương Trang, giá vé 265k x 4 = 1060k. Nên book vé xe sớm để nằm ở dưới sẽ khoẻ hơn nằm giường trên. Lúc đi mình book 7g45 tối, xuất phát từ Bến xe Miền Đông, lúc đến trên mạng ghi 10g sáng, nhưng mà 6g30 sáng đã đến rồi, đi tầm 10 -11 tiếng là đến. Nên canh để đặt xe cho hợp lý. Lúc về mình đặt xe lúc 5g chiều, 6g sáng hôm sau về đến Sài Gòn. (Quy Nhơn - Sg có trung chuyển, Sg-QN phải đi taxi ra BXMD) ❌Taxi từ Q8- BXMĐ 60k +taxi từ BX QN về homestay 100k + taxi từ BXMD về lại Q8 100k = 260k ❌Thuê xe máy 400k ( 3 ngày) + Đổ xăng 80k Do mình muốn đi Phú Yên nên thuê oto, chị chủ homestay cho thuê luôn nha. Xe 4 chỗ 800 + xăng 470 = 1270k ❌Mua đồ ăn vặt 100k, sợ trên xe đói nên mua dự trữ ❌3 nước suối lớn 8x3 = 24k, ở đây rất nóng nên khát nước suốt. Nên mua nước đem theo vì nước ở những nơi tham quan rất mắc.",0,4,0,3,3,0
"Trước đi mấy lần với người lớn thì nhân viên thân thiện, nay đi với bạn thì nhân viên không biết là người khác hay cùng một người mà nghĩ tụi tui nhỏ tuổi hơn rồi làm cha làm mẹ hỏi câu nào nhăn nhó nói chuyện giọng cứ kiểu muốn nhai nuốt khách hàng, 2 đứa tức ói máu gần chết mà không làm đc gì.",0,1,0,0,0,0
Nếu không thì rất nhanh và thuận tiện để đến đó,0,0,0,0,2,0
"ồ ăn ngon nhưng phục vụ chậm, chắc do mới mở. Lần sau sẽ quay lại chắc sẽ tốt hơn. Nhân viên nhiệt tình dễ thương",0,0,0,3,0,0
"Lựa chọn của du khách nếu đến thành phố biển mà chưa biết ăn gì hay đơn giản là chỉ muốn dùng cơm trưa. Ở đây nổi tiếng nhất là món cơm gà. Rất ngon, tuy nhiên giá cả thì hơi cao tí, khoảng 70.000vnd/phần. Nhưng nói chung đắt xắt ra miếng ma.",0,0,0,5,2,0
"Hàng hóa đa dạng, đủ các mặt hàng đặc sản của Bình Định nhưng giá cả hơi đắt!
",0,0,0,0,0,3
"Cống nhà vệ sinh bốc mùi hôi, phải chịu đựng 1 ngày, hôm sau mới đổi được phòng (giá tăng). Tổ reception lớn tiếng gây với nhau ồn ào khi có khách đến quầy giao dịch (tổ trưởng)",0,2,0,0,0,0
"Cách trung tâm không xa qua hết cầu nhơn hội là tới. xe điện từ bãi xe đến cổng là thấy không hài lòng. Nhưng khuôn viên cực đẹp các bạn trẻ chụp hình thì cực ảo nhìu trò chơi phong phú nhưng giá vé cũng chưa hợp lí, đồ ăn và nước giá cao... nếu ghé cửa biển thì nên mang theo trái cây nước vào tụ tập dọc biển ngồi thì phê. Có mỗi cái khuôn viên rộng đẹp để check in sống ảo thôi. Mà đi bộ cho hết thì chắc cũng hết cả buổi",3,0,0,2,0,0
"quán này mỗi lần muốn ăn đồ nhật là hay ghé , mà giờ quy nhơn cũng chỉ có mỗi chỗ này bán, mà đồ ăn thì rất hợp khẩu vị , vừa ăn , không bị ngấy , món ăn đa dạng, nhân viên nhiệt tình, mỗi tội món nhật cũng ít người biết ăn , nên quán hơi vắng.",0,0,5,5,0,0
"Có 2 Nhân viên bảo vệ, có 1 nhân viên không thân thiện. Khách thuê xe máy di chuyển hết xe thì hỗ trợ không tốt cho khách. Phòng tắm có mùi hôi dù không sử dụng gì",0,2,0,0,1,0
đây là một nhà hàng địa phương và rất nổi tiếng,0,0,5,0,0,0
"Khách sạn không có thang máy, mình có con nhỏ, mang hành lý lớn, được nhân viên xếp cho tầng 1 nhưng mang vali lên được đó cũng bở hơi tai. Nền nhà thường bị ỉ nước, chắc là do mùa mưa, bé nhà mình hay chơi trên sàn nên không được sạch sẽ lắm. Ngày thứ 2 yêu cầu nhân viên lên dọn phòng thì không thấy cái remote tivi đâu nữa, thế là bé khỏi xem tivi.",0,1,0,0,0,0
"Thái độ phục vụ của nhân viên ở đây quá tệ rồi, mong ban quản lý nên xem xét lại
",0,0,0,0,0,2
"Hải sản tươi sống ngon. Tôi thường mua tôm cua sống để đi câu ở đây nhốt cả ngày không chết.
",0,0,0,0,0,4
"Sân bay mới nhưng nhếch nhác, phân luồng rối rắm. wc thiết kế bất tiện, bồn rửa thấp ko ra thấp, độ mạnh vòi xả khi yếu khi mạnh tung toé. 3 sao là châm chước lém rùi!
",0,0,0,0,2,0
Chỉ sau đó họ nói với tôi rằng họ không có nó.,1,0,0,0,0,0
"Vừa mới ghé quán dùng 1 phần sushi tổng hợp, 2 trứng hấp và một số món chiên ( lo ăn quá, quên chụp hình). Cảm nhận đầu tiên là quán yên tĩnh, giống như ở Nhật kinh khủng, nhân viên thì dễ thương. Thật sự thích phong cách nhà hàng Nhật như thế này.",0,0,5,5,0,0
"Nhân viên phục vụ thái độ không lịch sự, còn nạt nộ khách",0,0,1,0,0,0
"Tôi đã ghé thăm Foodshop 45 trong nhiều năm và chưa bao giờ phải thất vọng. Ngồi ngay bên Hồ Trúc xinh đẹp và nổi tiếng, nơi John McCain bị bắn hạ, bạn có một tầm nhìn tuyệt vời, một bầu không khí tuyệt vời và một đội ngũ nhân viên yên tĩnh nhưng chu đáo. Các món ăn được đầu bếp Việt Nam chế biến 100% theo bối cảnh và phong cách Ấn Độ. Có nhiều nhà hàng Ấn Độ ở Hà Nội, có vẻ chính thống hơn, bởi vì họ là người Ấn Độ quản lý. Tuy nhiên, đã thử tất cả chúng, tôi vẫn quay trở lại nơi ám ảnh cũ của mình, Foodshop 45",0,0,4,4,0,0
Mình đã đặt 11 phòng cho kì nghỉ và rất thất vọng.,0,1,0,0,0,0
"Không gian tồi hơn rất nhiều so với bài quảng cáo Buổi sang ko phục vụ trên tầng hai, giảm không gian nên quán khá đông khách Thái độ nhân viên nữ bên nhà kính ko được tốt Đồ uống không ngon",0,0,0,1,0,0
"Xe chay qua nhanh vao ban đêm, hẹn khách 17h30 nhưng đón 18h00. Còn giao nhận hàng hóa dọc đường nhiều",0,0,0,0,3,0
"Khách sạn gần ở quảng trường, bãi biển, trung tâm, tuy nằm trong hẻm nhưng có ban công nhìn ra biển. Giá rẻ phòng tốt nhân viên + cô chủ dễ thương hiền lành, dưới ks có tạp hoá quán ăn cho thuê xe máy giá bình dân. Tiêu chuẩn dành cho các bạn tiết kiệm đây là sự lựa chọn tốt nhất",0,4,0,0,3,0
"5 con ghẹ 3 con tươi ăn cực ngon, vỏ màu nhạt nhạt, 2 con màu sẫm có vẻ ghẹ chết ko ăn được, 300k/ 1kg ghẹ",0,0,0,3,0,0
"Đồ ăn ngon nhưng hơi mắc, phục vụ hơi chậm nếu quán đông.",0,0,0,2,0,0
Tóm lại dịch vụ tệ. Nghỉ chơi .,0,0,0,0,0,1
"Đây là một trong những vựa Hải sản tươi tại Quy Nhơn với nhiều mặt hàng hải sản được bán hàng ngày. Và Cảng Quy Nhơn cũng là bến tàu du lịch, cano của các du khách muốn đi Hải Minh, đi Cù Lao Xanh, Kỳ Co hoặc Hòn Khô, Cảng Quy Nhơn cải thiện thêm 1 chút về vệ sinh nữa thì sẽ rất tuyệt vời.
",0,0,0,4,0,4
"Dịch vụ đặt xe khá tốt, tuy nhiên mình ko hài lòng việc tài xế sử dụng điện thoại liên tục trong thời gian lái xe - vừa ồn ào, vừa nguy hiểm. Mà tình trạng này hình như mấy năm nay là tình trạng chung của các xe đường dài..
",0,0,0,0,3,0
"Tôi đã đợi một lúc cho đến khi họ đến để hỏi tôi xem có gì sai với thức ăn không. Tôi lặp lại những gì tôi đã nói, rằng tôi đang đợi món cá mập nướng của mình.",1,0,0,0,0,0
"Thức ăn nêm nếm vừa ăn nhưng đồ ăn hơi ít so với giá. Phục vụ hơi lâu. Chè củ năng hạt lựu hơi ngấy, xôi xoài ngon.",2,0,3,3,0,0
"Siêu thị nằm ngay trung tâm thành phố quy nhơn. Luôn tấp nập khách ra vào mua hàng mỗi ngày. Luôn cải thiện và nâng cao chất lượng dịch vụ cho khách hàng. Ngày càng có nhiều sản phẩm đa dạng để cạnh tranh với các siêu thị khác trên địa bàn
",0,0,0,0,0,3
"Rạp quá tệ. Ghế bẩn còn hôi. Đã vậy còn có muỗi. Chất lượng phim tạm được.
Nhân viên thì không có được 1 người để cho khách trong rạp bấm điện thoại thoải mái, đã vậy còn cười nói vô tư mà không có lấy 1 nhân viên để nhắc nhở. Lần đầu vào xem phim La Llorona suất chiếu 20h30 ngày 12/05/2019 thì rạp chiếu nhầm phim, phải loay hoay gần nửa tiếng mới chiếu đúng phim. Trải nghiệm quá tệ.
Rạp này chắc dùng để phục vụ cho học sinh thì được. Người lớn vào xem chắc rước bực vào lòng. ",1,0,0,0,0,0
"Nhà hàng có xe điện và oto đưa đón khách từ FLC đến nhà hàng tận nơi. nhiều Hải sản tươi chế biến ngon. Không gian rất thoáng mát và đặc biệt nhân viên và chủ quán rất vui vẻ , thân thiện với khách. Chắc chắn sẽ quay lẠi với quán hoàng thao này !!!",0,0,5,0,5,0
"Đặt phòng 2 giường,tầng trên cùng,hướng biển.Nhưng khi tới nhận phòng thì không nhận được phòng như vậy.Cô chủ không thân thiện",0,2,0,0,0,0
Quy Nhơn có một số siêu thị quy mô vừa và BigC là một trong số đó. Không biết ngôn ngữ địa phương có thể khiến bạn chậm mua hàng nếu thứ gì đó không có sẵn trên kệ. Mọi người rất hữu ích mặc dù. Quán trà rất tốt.,0,0,0,0,0,4
"Nơi này trước kia có cửa sau thông với trung tâm thương mại bây giờ không còn nữa kiểu hơi chật hẹp hơn nhưng vẫn nhìu sách vậy nhé mọi người yên tâm
",0,0,0,0,0,4
"Không gian thoải mái, sang trọng",0,0,4,0,0,0
"Nhà vệ sinh của phòng gia đình dùng kính trong, không thoải mái khi ở cùng gia đình, nhất là khi có trẻ em, phòng gia đình nên gắn thêm rèm nhà vệ sinh sẽ tốt hơn. Không có bãi đậu ô tô, để xe bên ngoài đường đối diện. Hồ bơi nhỏ.",0,1,0,0,0,0
Đây là nhà hàng mà tôi rất thích và đã nhiều lần đưa gia đình và nhiều bạn bè đến đây.,0,0,4,0,0,0
"Quán bán đặc sản bình định ngon ít chỗ bán, hải sản chuyên mực câu chất lượng, ngon, rẻ. Đáng tiền, uy tín.",0,0,0,0,0,5
"Biển đẹp, Lúc mình ghé trời hơi âm u. Tuy nhiên giá cả chặt chém, người kinh doanh xô bồ, phức tạp
",4,0,0,0,0,2
"Mình ở FLC gọi điện thoại book chỗ trc,có xe đưa đón miễn phí. Nhân viên nhiệt tình,tuy nhiên vào thấy quán menu chưa có nhiều lựa chọn, có thể do mình đi vào mùa mưa bảo. Giá thì ko rẻ nhưng quán làm nhanh,hợp khẩu vị. Quán chỉ xuất hoá đơn trực tiếp có thu phí thêm 5% nhưng cách nói chuyện của nhân viên dễ thương ,giải thích rõ ràng để mình hiểu và chấp nhận thêm phí. Nhược điểm quán có nhiều ruồi ơ trên bàn,mấy bạn phục vụ biết ý điều chỉnh quạt công suất lớn,nhưng quán cũng nên xem để cải thiện tình hình.",0,0,5,3,0,0
"Tuy nhiên, nhà hàng cần cải thiện thêm chất lượng dịch vụ. Các món ăn lên còn chậm, kể cả những món không cần chế biến cầu kỳ, và nhân viên thỉnh thoảng còn quên/ ghi nhầm món khách gọi. Đỉnh điểm là tuần trước mình gọi phần bún chả, phát hiện có sâu trong đĩa rau sống. Tuy nhiên khi gọi nhân viên lại thì bạn nhân viên chỉ điềm nhiên nhìn, rồi nhặt chiếc lá có sâu mang đi. Tuyệt nhiên không có một lời xin lỗi hoặc đề nghị đổi phần ăn (phần rau) khác cho khách. Dù rằng ai cũng có lúc sơ suất, nhưng với một nhà hàng có phân khúc khách hàng cao cấp thì quy trình kiểm soát Vệ sinh an toàn thực phẩm, chuẩn bị đồ ăn và xử lý tình huống của nhân viên thế này theo mình là rất tệ.",2,0,2,2,0,0
Nhân viên thật là ải :)) đừng để tui gặp lại tui mà gặp lại tui ỉa pẹc pẹc banh cái siêu thị =)))) 😏pủm pủm ỉa tám chồng 💩💩💩💩💩💩💩,0,0,0,0,0,1
"Khách sạn vô cùng tăm tối, tạo cảm giác không mấy ấm cúng và sang trọng",0,2,0,0,0,0
"Mua được bể cá cực xinh của shop. Các bạn nhân viên ở đây cực nhiệt tình và dễ thương. Tư vấn hết nấc mặc dù mình hỏi lòng vòng cả tiếng mới mua.
Vậy mà vẫn có người vote 1* cho nhân viên, thiệt tội cho các bạn ý. Có thể lúc đó bạn ý đang phải trả lời khách online, chứ mình vào các bạn nhân viên nhiệt tình lắm!",0,0,0,0,0,5
Bữa sáng hơi ít món ăn. Khách sạn gần biển và có tầm nhìn đẹp.,0,0,0,2,0,0
"Giá cả hợp lý, nhân viên thân thiện, ship hàng tận nơi, mình rất hài lòng bữa sau ghé ủng hộ nữa ạ",0,0,5,0,0,0
"Dịch vụ tốt, nhưnh mỗi tội giờ đi trễ gần 30 phút.
",0,0,0,0,3,0
"khách ở từ thứ 3 đến thứ 7, mà khách sạn không hề lau dọn phòng.",0,1,0,0,0,0
"Bánh ngon, để được lâu.
Tặng mọi người khen lắm.
Cảm ơn Shop
",0,0,0,5,0,5
"Thấy Foody Quy Nhơn giới thiệu nên cũng tìm đến đây ăn thử đặc sản Phù Mỹ - Bình Định. Quán nằm ở con đường nhỏ nên cũng hơi khó tìm. Quán rộng lắm, chia nhiều khu: khu ngồi bàn cao, bàn thấp, ngồi trong nhà, ngồi bên ngoài. Nhân viên phục vụ đông, nhanh nhẹn. Mình ăn món Bún rạm tô lớn 20k. Bún này lạ lắm, mang 1 tô bún khô kèm rau cùng chén nước rạm. Khi ăn thì sẽ chan vào tô bún, nếu thích ăn khô thì chan ít, mà thích ăn nước thì chan nhiều. Tô nước rạm nêm nếm gia vị đầy đủ rồi nên cũng khá ok. Rạm nhiều, đặc keo. Khi ăn cho thêm ớt trái, ớt bột đêr khỏi bị tanh. Một phần như vậy có cho thêm bánh tráng nướng để ăn kèm nữa. Tuỳ khẩu vị của mỗi người thôi nhưng theo mình món này rất bình thường, không đặc sắc.",0,0,0,3,0,0
Bữa sáng ngon nhưng chưa phong phú. Vị trí gần biển là điều mình thích nhất. Nhân viên hỗ trợ nhiệt tình từ lúc đặt phòng đến khi nhận phòng và trả phòng.,0,4,0,3,0,0
"Chợ này nổi tiếng về các loại hải sản tươi và phong phú quanh năm lại nằm ngay trung tâm thành phố, trả giá thoải mái !!",0,0,0,0,0,5
"Shop bán đồ đẹp, giá cả lại rất phù hợp. Đặc biệt thích nhất là chị shop rep ib nhanh mà lại rất dễ thương, tư vấn nhiệt tình. Mình sẽ mua đồ của shop dài dài
",0,0,0,0,0,5
"Có đầy đủ các loại đặc sản của Quy Nhơn. Nên mua ở đây vì giá cả hợp lý. Không nên mua ở phòng chờ trong sân bay, rất đắt.
",0,0,0,0,0,5
"Nhiều khách du lịch mà 1 số đồ ít quá, không đủ để bán. Giá hơi cao",0,0,0,0,0,4
"Tôi có thể hiểu nếu một nhà hàng vẫn tồn tại mà không có thứ gì đó trong nhà bếp, nhưng tôi không hiểu tại sao họ không đến nói với tôi và họ đã đưa cho tôi một cái gì đó ngẫu nhiên từ thực đơn mà họ cho là phù hợp.",1,0,0,0,0,0
"5 năm trước
Trung tâm thương mại Quy Nhơn,  07 Nguyễn Tất Thành , P.Lý Thường Kiệt ,tp Quy Nhơn . Luôn là nơi mua sắm đáng tin cậy của người dân tp Quy Nhơn. Ở măt trước xung quanh những shop thời trang , shop điện thoại di dộng.",0,0,0,0,0,4
"Mình có chị bạn ở Nha Trang về, chị ấy nghe đồn đâu ra cà phê tiền tỷ ở Quy Nhơn nên bắt mình dẫn đi. Thế là sau một hồi loanh quanh cũng tìm ra quán này. Nhìn đằng trước thì cũng bình thường,nhưng bên trong đúng là quá rộng, khá xanh mát và trong lành với cây cối rợp mát và hồ cá Koi thiệt bự,thiết kế phòng 2 theo kiểu nhà kính nên nhìn lên,nhìn xuống đều thấy rất thân thiện. Công nhận quy mô bự, cơ mà đồ uống nhìn đẹp mắt mà uống dở quá. Ba người chả ai uống hết được phần nước của mình. Giá cũng cao,nên mình đi một lần cho biết chứ không quay lại đâu.",0,0,0,2,0,0
"Ok không quá cao, đồ mặc được, chất vải câc thứ ok... nói chung nhìn tổng quan không chê gì mấy. Nếu mà giá hợp lý hơn thì có vẻ đông khách...vì nhiều shop khác giá ngang hoặc hơn đồ vẫn chất hơn chút. Nói chung ok nha ae
",0,0,0,0,0,4
"Xe chạy rất chậm , khởi hành sớm hơn dự kiến nhưng mà xe chạy và trả khách muộn",0,0,0,0,2,0
"Có dịch vụ giao hàng, nhưng ko nhận giao nước giải khát
",0,0,0,0,0,3
"Bạn mình kêu nước ép mix giữa cà rốt và thơm, giá lẻ mỗi loại là 35k. Vậy mà mix lại vẫn cùng dung tích của một loại mà giá 69k, GẤP ĐÔI?! Kêu bạn nhân viên ra hỏi thì xin lỗi rối rít vì quên báo giá xem tụi mình ok không. Cuối cùng cũng chỉ xin lỗi vs giải thích. Nước cũng dở, giá không tương xứng chất lượng, được mỗi không gian rộng với view biển đẹp.",0,0,0,3,0,0
"Xem review thấy khen ngon mà sao đi ăn thấy hơi bị thất vọng. Nước phá lấu nhìn giống phá lấu trong sài gòn, ăn cũng có vị ngọt ngọt nhưng kết hợp với mì tôm thì thật thảm họa 😂. Mình ăn chả thấy ngon gì luôn. Mà sao dân tình khen dữ vậy trời. Bên Hai Bà Trưng tuy nhìn ko ngon nhưng ăn hợp khẩu vị hơn. Đc cái là thịt, lòng, gan nhiều thoy. Có lẽ ăn với bánh mì đỡ hơn nhưng mình nghĩ mình chả hợp với khẩu vị của quán đây. Cảm thấy hơi bị tiếc 20k 😐",0,0,0,1,0,0
"Rau ngon, xoài chua lét, bánh xèo chiên lại nên rất cứng, dày và dầu mỡ!
Nước mắm ăn được, nước chấm đậu phộng thì nhạt nhẽo!",0,0,0,2,0,0
"Tui o phong 308 ks muong thanh quy nhon. Ks qua te. Nem nam luong , men va nem nam rat ngua. May lanh thi hieu retech giong voi nhung ks binh dan . Voi cai gia phong 1560. Ks 4 sao ma kieu nay thi ko con gi de noi. Chia tay muong thanh quy nhon...",0,1,0,0,0,0
"Khá tiếc vì 1 khách sạn mang tiêu chuẩn 4 sao nhưng khách hàng phải tự xách hành lý từ tầng hầm lên khách sạn, sau đó tự xách hành lý lên phòng. Phòng mình ở máy lạnh bị hỏng, mùa hè Nha Trang rất nóng, khách sạn không có hướng giải quyết và củng không thể đổi phòng khác cho gia đình mình, 2 đêm lưu trú tại đây mình hoàn toàn ở trong căn phòng bị hư máy lạnh và không nhận được bất kì lời xin lỗi nào từ phía nhân viên tại đây. Nhân viên lễ tân rất kém, thái độ phục vụ khách hàng không hề chuyên nghiệp, lời nói rất không tôn trọng khách hàng (Chỉ trừ nhân viên lễ tân ca đêm) !! Minibar sơ xài, chỉ có trà cà phê và suối, toilet bốc mùi hôi mình phải nhờ nhân viên HK đốt tinh dầu cho bớt mùi và nền toilet có các mảng bám rất bẩn. Đây là 1 trong những khách sạn có đội ngũ lễ tân phục vụ tệ nhất mình từng trải nghiệm ! Mong các bạn cải thiện.",1,1,0,0,0,0
Đây là lần đầu tiên mình đánh giá 1 sao trong đời.,0,1,0,0,0,0
Chúng tôi đã tính phí 280 k cho 1. Hành trình 2 km mất 10 phút lúc 11 giờ sáng. Thật khó để tranh luận khi chúng tôi có một ít trong xe.,0,0,0,0,2,0
Cẩn thận với giá cả. Cần mặc cả khi mua hàng. Cẩn thận với người bán. Họ khá hung dữ. Nên đi tham quan xem cho biết. Hàng hóa k nên mua ở đây. Đa phần là đắt và kém chất lượng.,0,0,0,0,0,1
"Thức ăn dưới mức trung bình so với giá họ đang tính. Nếu bạn muốn xé 2 miếng thịt trên đĩa thịt của họ hoặc món bánh manoushe khô nhất (bánh pizza kiểu Li-băng) mà tôi từng ăn trong đời này, thì hãy tự mình nếm thử. Nhưng đừng nói rằng bạn đã không được cảnh báo. Nhân viên đã ngồi xung quanh và trò chuyện thay vì phục vụ khách hàng. Các vũ công múa bụng cũng biểu diễn tối đa 5 phút, những lần khác họ chỉ ngồi, ăn và trò chuyện với những nhân viên phục vụ còn lại. Hãy tiêu hàng triệu đồng của bạn cho một bữa ăn đúng nghĩa ở một nơi khác. Đầu bếp hoặc chủ sở hữu cũng sẽ bỏ qua bạn nếu bạn không phải là người Ả Rập, tôi không ngạc nhiên khi chỉ có 3 khách hàng khác trong nhà hàng của bạn. Bạn đang ở Việt Nam .... hãy thức tỉnh chính mình",0,0,0,2,0,0
"Đi Quy Nhơn ăn ở đâu cũng hài lòng trừ quán này. Ban đầu gọi sò huyết thì hơi nhỏ, tạm chấp nhận, tôm rang muối cũng nhỏ xíu như hình. Đến món tôm tít cháy bơ tỏi ban đầu bưng ra thì thấy y hình đẹp mắt đó nhưng ăn thì thôi rồi, chẳng có thịt. Mình kêu phục vụ ra nói tôm tít cháy tỏi này bên em làm tôm sống hay chết, pv nói tôm sống. Mình nói: tôm tít chắc chắc là tôm ngộp bên em đem hấp bỏ tủ lạnh, giờ đem ra chế biến, anh dân Đà Nẵng ăn hải sản ngày bữa gì ko biết. Đã từng ăn tôm tít ngộp đem hấp cấp đông, mua về chế biết thử rồi nên mình biết. Với lại mình nói nếu tôm sống không thể nào bên em chế biến nhanh như vậy. Mình nói thì nhân viên có đem vô làm lại dĩa khác. Sau khi về mình đi vệ sinh thì thấy dĩa tôm tít đó họ đổ hết vào thùng rác. Bó tay !",0,0,0,1,0,0
"Một trong những địa chỉ ẩm thực nổi tiếng ở Hà Nội, phở Lý quốc Sư sạch sẽ, không sang trọng và hương vị cũng chẳng xuất sắc nhưng nhiều người đồn thổi. Trung bình nhé!",0,0,3,3,0,0
"Khu vui chơi mua sắm hiện đại, có rạp chiếu phim, có khu vui chơi cho trẻ em",3,0,0,0,0,0
"Quán này là có mấy bạn nữ còn trẻ bán, kế bên có 1 cô mời nước,ko uống bị nói lớn tiếng. Ốc ăn như ốc tạp, thúi có, hư có, nghe mùi gián ,tươi có nằm chung 1 đĩa. Giá ko rẻ ,ko ngon Thềm quán cao, nên khj dân phòng tới, là khách nhảy lên thềm. Món ăn đag dạng, nhưng bán ko có tâm, Nói về đặc sắc thì ko có, thua xa mấy quán còn lại.",0,0,0,1,0,0
"Nơi tốt với siêu thị trên tầng 3. Nhà cung cấp tầng 2 có vẻ thoải mái và vui vẻ hơn khi đàm phán, giá cả rất hợp lý. Có thể mua thực phẩm để mang về làm quà lưu niệm tại siêu thị trên tầng 3.",0,0,0,0,0,1
"Trong cơn đói của buổi trưa đầu hè, còn gì tuyệt vời hơn ngồi thưởng thức đặc sản Bình Định. Tré Bình Định sực sực, kẹp thêm ít rau ta nói nó đã.
Cuộn thêm miếng bánh xèo với bánh tráng ít rau dưa chấm nước chấm bánh xèo, còn gì tuyệt vời hơn nữa. Ta nói nó nhức cái nách đó mà, ăn xong uống thêm chai nước nha đam, đi chục km đi bộ cũng thấy nó đã cái nư 😁
Đến Bình Định nhớ ghé lại gần thưởng thức với nẫu nha, 30k/cái bánh xèo 🍽 như ly nước Sài Gòn mình thôi😊",0,0,5,5,0,0
"Mình là du khách được giới thiệu đến tiệm mua bánh hồng, bánh ít lá gai về làm quà. Bánh hồng 70k/kg, bánh ít lá gai 3.500 / cái. Tiệm chuyên bán bánh Tây và bánh kem là chủ yếu. Nhân viên phục vụ dễ thương, và kiên nhẫn tư vấn bánh cho mình. Tiệm còn hỗ trợ cắt bánh hồng ra thành các miếng nhỏ nhé. Bánh mua về gia đình mình khen ngon và muốn mua thêm. Các bạn ghé thử nhé.",0,0,0,5,0,5
"Tôi đến đây với vị hôn thê của tôi. Tôi là người Anh và cô ấy là người Việt Nam. Chúng tôi đã thấy vô số đánh giá trực tuyến và 
nghĩ rằng sẽ rất tuyệt nếu thử vì tôi chưa có đồ ăn thoải mái trong ngày lễ này.",0,0,0,3,0,0
"Hải sản ở đây tươi sống. Nên đi vào buổi chiều lúc cá mực lên. Vô đây chỉ muốn mua hết chợ. Nhưng các gian bán hàng ở đây bán thách nên phải trả giá. Ghẹ lơn tầm 160 - 180k ghẹ nhở tầm 130k. Ốc móng tay 70k- 80k. Cua thịt từ 120k- 150k. Đó là những món mình hay mua, con nhưng món còn lại mình ko biết. ^^ Chúc ai ghé nơi đây có 1 hôm đi chợ thật thú vị.",0,0,0,0,0,4
"đèn phòng toàn màu vàng nên cảm giác phòng hơi tối, ăn buffer sáng của khách sạn về món ăn thì cũng bình thường nhưng giá thì hơi đắt. thuê xe máy thì khách sạn chỉ tính theo ngày nên đi thêm mấy tiếng cũng tính cả ngày. hơi mắc",0,2,2,0,2,0
Tôi không tin đây là cách an toàn nhất để đến Vũng Tàu.,0,0,0,0,1,0
"Thật là một trải nghiệm nhà hàng thú vị và thư giãn. Đi xuống một con hẻm nhỏ và trong khi một số tòa nhà xung quanh ngóc ngách nhỏ này đang được trùng tu, nhà hàng này vẫn kiên nhẫn ngồi đó chờ bạn ghé thăm. Lối trang trí thế giới cổ của Pháp, dịch vụ thân thiện và đồ ăn ngon. Chúng tôi thích nó đến nỗi chúng tôi đã quay lại ba lần. Và lần gần đây nhất là trận chung kết World Cup bóng đá nên chúng tôi đã ăn và sau đó xem trận đấu với những người bạn đồng hành cũng như người dân địa phương. Những phát súng ăn mừng do Barman truyền tay nhau. Bầu không khí tuyệt vời.",5,0,5,5,0,0
Đồ ăn sáng chưa phong phú.,0,0,0,3,0,0
Vé vào kì co là 90k vậy là quán cơm họ thu 360k trên mỗi đầu người cho suất cơm trưa. Quá đắt ko đáng để vào đây ăn.,0,0,0,1,0,0
"Tiện nghi có một số hạn chế. Không có bàn ủi trong phòng, muốn ủi đồ phải thuê khách sạn. Đối với ks 4 sao thì tôi thấy đây là khuyết điểm",0,3,0,0,0,0
"Thái độ của bạn phục vụ vô cùng bất lịch sự, confirm món ăn mà nạt vô mặt khách. Từ quản lý cho đến nhân viên đều có thái độ bất lịch sự. Đem đồ ăn ra để lên bàn 1 cái đùng rồi quay đi. Khi kêu tính tiền, thì không ai đáp. Mình phải gọi 3 lần thì bạn nv mới hất hất đầu. Cảm giác là mình đi xin ăn chứ không phải là đến ăn trả tiền (giá đồ ăn cũng không rẻ).Quá thất vọng, không bao giờ quay lại.",0,0,0,2,0,0
"hàng xinh, vải đẹp mẫu mã đa dạng, giá cả hợp lý, chủ shop nhiệt tình tư vấn <3",0,0,0,0,0,5
Món ăn sáng không ngon lắm. Mình đặt món mì quảng nhưng lại dùng sợi mì hủ tiếu ,0,0,0,3,0,0
Mình thấy ko phù hợp tiêu chuẩn ks 4*. ăn sáng sơ sài ít món lắm luôn. phòng tắm thì bé quá làm gì cũng vướng. phòng mình ở ko có tắm đứng mà chỉ có bồn thui.,0,2,2,0,0,0
Thi thoảng có mùi cống từ lỗ thoát nước,0,2,0,0,0,0
"Quán siêu rộng, tận 3 tầng. Tầng trên cùng là chuyên ăn đồ nướng, với view thoáng nhìn ra được Quảng trường. Ở đây có thể gọi theo buffet giá nhiều loại 189k/người, set 289k và 389k, 489k thì có thêm nhiều loại thịt và hải sản hơn. Ngoài ra còn có combo vip giá 1.289.000 gồn có bò wagyu, tôm hùm, cá hồi na uy, sò điệp, cua tuyết, hàu nhật... đồ ăn miễn phí cho buffet là lẩu hải sản cơm trộn thố đá salad cá hồi kim chi khoai tây kén rau củ quả và các loại maki.",0,0,5,5,0,0
"Nhân viên không chuyên nghiệp, lấy ví của khách !
",0,1,0,0,0,0
Quầy bar k mở và thiết kế bồn tắm hơi bí bách,0,3,0,0,0,0
"Nói thật là mình k khoái món này lắm. Mình thấy bánh xèo Nghệ An ngon hơn 😂😂😂. 20k/1 cái khá ít. Mình đi 3 ng, gọi 6 cái mới đủ. Có 3 vị là bò, tôm, mực. Ở Quy Nhơn nên hải sản khá nhiều, mình thấy tôm và mực tạm đc nhưng nếu ăn thì ăn tôm ngon hơn. Lớp vỏ rán k giòn, kiểu kiểu bột ấy. Nhân thì có ít giá đỗ và bò/tôm/mực. Ăn kèm bánh tráng và rau thơm. Chỉ thử 1 lần cho biết thôi.",0,0,0,3,0,0
"Tôi đã đi taxi Vinasun vào ngày 1 Thứ Sáu tuần trước 14 tháng 6 từ Trung tâm Vincom đến đường Bùi Viện. 
Khi tôi đến đích, tài xế nói 30, 000 đồng, tôi nói không phải là 60 K đồng được hiển thị trong Đồng hồ. Anh nói 30 k. Tôi chuyển cho anh 500 K đồng để đổi, anh chuyển cho tôi hình như đổi 50 K đồng. Tôi cảm thấy trong lòng rõ ràng là thay đổi sai. Anh ấy nên trả lại cho tôi 470 k dong hoặc 440 K dong. Tôi cũng có lỗi vì đã vội vàng gặp bạn tôi ở đường Bùi Viện. Bạn bè của tôi đã khuyên tôi sau sự cố này là hãy lấy Grab Cab từ bây giờ và cũng đảm bảo rằng bạn có một thay đổi nhỏ với bạn, trong trường hợp các tài xế không có thay đổi cho bạn. Tôi đã rất tin tưởng vào Vinasun Tai, chuyến đi còn lại của tôi, tất cả những gì tôi đã lấy Grab Cars, và sau đó trên hành trình của tôi ở Hồ Chi được an toàn.",1,0,0,0,1,0
"Chúng tôi đang ngồi trong một quán bar cơ bản trống rỗng, gọi đồ ăn - sau 45 phút chúng tôi yêu cầu hóa đơn đồ uống như chúng tôi nói chúng tôi sẽ rời đi. . . . .  họ nói không có thức ăn đang đến, chỉ 5 phút sau (20 phút sau) mất 65 phút để đến nơi.",0,0,1,0,0,0
"Chỗ vui chơi bên bờ biển. Có thể mua đồ uống và đồ ăn nhẹ để ngồi ghế ngắm biển. Vệ sinh không sạch sẽ lắm.
",4,0,0,3,0,0
"Nhà hàng có người quản lý tệ nhất mình từng gặp, mình đi có đem theo xe đẩy em bé, thay vì ko thích có thể nói lịch sự thì mình cũng hiểu, đằng này đụng vô xe đẩy của mình rồi tỏ vẻ khó chịu, sau đó quay ra nói lớn với nhân viên để cho mình nghe thấy “sau này khách nào có xe đẩy thì nói để ở ngoài hết”, vâng, vừa ăn vừa bế con chắc ăn ngon lắm. Cách cư xử quá kém như cái chợ của chị quản lý nha",0,0,2,0,0,0
"Không vào ăn vì ăn sáng rồi, thấy người cùng đoàn vào ăn nói ăn không ngon, có thể do không hợp khẩu vị, giá hơi đắt, 25k/đĩa mà được có xíu bánh bằng quả trứng vịt, phải 2 đĩa mới đủ ăn
",0,0,0,2,0,0
Không có chỗ đậu dành cho xe oto.,0,2,0,0,0,0
Người Quy Nhơn rất thân thiện TRỪ nhân viên Surf Bar. Tôi đến sử dụng dịch vụ trả tiền chứ không phải xin. Còn hút cả thuốc lá ngay cạnh bàn khách hàng có trẻ nhỏ. Nhắc nhở còn thái độ.,2,0,0,0,0,0
"Khá hiện đại & rộng bát ngát, thơm tho, sạch sẽ & lịch sự. Khách nước ngoài vào đây rất nhiều. Có đầy đủ rạp phim, khu ăn uống, cafe, shopping, gym,...v...v....Hầm giữ xe thì rộng bao la, nhưng bị cái có tính phí giữ xe nhé & giá mắc luôn 😞.",2,0,0,0,0,0
"Sân bay nhỏ , vắng khách nên làm thủ tục nhanh, có xe buýt vào trung tân Tp Quy Nhơn
",0,0,0,0,3,0
"Nhìn ra sông, không khí yên bình, thức ăn tuyệt vời, giá cả hợp lý và nhân viên thân thiện.",0,0,5,5,0,0
Đồ ăn chờ rất lâu dù quán không hề đông khách . Đồ ăn tệ kinh khủng so với quán ăn ngon Sài Gòn thì quán ăn ngon ở Hà Nội thật sự là rất rất tệ.,1,0,0,1,0,0
"Sushi rất ngon! Tôi đã có Maki bơ ngon và chồng tôi đã đi với một cái gì đó mạo hiểm hơn, một cuộn Sushi chiên lớn với cá ngừ và cá hồi. 
Theo anh, đó là món sushi tốt nhất anh từng có và sau đó anh không còn đói nữa, một điểm rất quan trọng bởi vì đó luôn là lý do để anh không đi đến những quán sushi. Chúng tôi yêu nó!",0,0,5,5,0,0
"Xe rất chật, bọn mình đi 2 đứa con gái nhưng vẫn chật, 1 nam 1 nữ đi chắc còn chật hơn nữa, so với giá dịch vụ quá tệ, k có gối, k có xe trung chuyển, dịch vụ tệ 1 saooo
",0,0,0,0,1,0
"Rất thích phong cách quán Santorino coffee tea. Có thể nói đây là quán cafe đáng để ghé thăm nhất ở Quy Nhơn. Do đi công tác cả tuần nên mình cần tìm một quán cafe yên tĩnh và có đồ ăn để lf việc thì Santorino chính là nơi tuyệt vời nhất từ món ăn cho đến các món desert như flan phô mai hay món mix có nhiều thạch rất sáng tạo. Thích nhất chú chó Alaska cực dễ thương. Quán nhỏ xinh nhưng cũng đủ làm cho khách cảm thấy thoải mái nhất. Khách Tây ở đây đến dùng bữa khá nhiều.
",0,0,5,5,0,0
"Dắt bạn về quê chơi, 2 đứa suốt ngày cứ đồ chiên nóng rồi trà sữa nên nó đòi ăn trái cây cho healthy. Thế là dắt nó tới quán này, quán xanh nhìn yêu lắm mà hơi khó tìm 😂😂 2 đứa gọi matcha đá xay với trái cây tô. Không thích matcha đá xay lắm vì xay không kĩ, hút trúng đá miết mà vị cũng không ngon, uống xong mình bị nhức đầu nữa 😭😭 nhưng trái cây tô ngon nha màu sắc cũng bắt mắt lên hình đẹp. Sẽ ghé lại để ăn trái cây tô!",0,0,0,3,0,0
"Vị trí xa xôi mà lại không có bãi biển của riêng mình để tắm. Phòng ốc thì tạm được, đạt mức 3 sao. Dịch vụ thì đơn sơ, nghèo nàn. View thì tạm được, còn xa mức 5 sao một khoảng cách không hề dễ san lấp. Thái độ nhân viên thì gọi là đạt ổn ở 1 số bộ phận. Cá biệt có bảo vệ cứ gọi khách là ""thằng"" ầm ĩ
",0,3,0,0,0,0
Khách sạn nên thay gương ở trong thang máy cho đẹp.,0,0,0,0,3,0
"Treo đầu dê bán thịt chó, mua vé Limousine mà đẩy lên xe sơ cua, hôi mốc thí mẹ, không nói gì về trả tiền thừa luôn. Người gọi thì cục súc. - Xe không cho được chai nước lọc. Xin chừa, nếu làm ăn kiểu này ai còn dám đi.",0,0,0,0,1,0
"Không gian quán nhỏ xinh, bài trí nhìn rất ấm áp. Quán sạch sẽ, gọn gàng. Chè khúc bạch ở đây thì ngon khỏi bàn rồi, vị vải thanh, nhẹ nhàng hoà cùng thạch rau câu mềm mịn thêm hạt điều béo béo nữa. Ăn hết chén rồi nhưng hương vị vẫn còn đọng lại, lại muốn ăn thêm chén nữa ^^ Bánh ở đây khá ngon. Riêng có một điểm trừ nhỏ là toppoki, toppoki ở đây không ngon, vị lạ lạ bánh gạo thì nhão nhẹt, chả cá hơi tanh. Giá cả ở đây thì rất phù hợp với học sinh, sinh viên.",0,0,0,3,0,0
"Nhà bạn mình ở gần đây nên cả đám kéo nhau ra đây uống cf,tiện chụp choẹt 1 xíu đặng sống áo...:) Tuy nhiên sau khi order đồ uống xong thì bạn nv phục vụ nói đây là nhà hàng nên nếu chỉ kêu nc ko sẽ phụ thu thêm 10k/nguoi. Mình thấy ko hợp lý cho lắm. Nhưng thôi,coi nhu 10k là tiền view đê chụp hình cũng được. Đồ uống tụi mình toàn kêu soft drink với nước dừa nên ko biết chất lượng đồ uống ỏ đây ntn.",3,0,2,0,0,0
"Sân bay lâu năm của khu vực miền Trung. Trước đây là sân bay quân sự được chuyển đổi thành sân bay dân sự sau này và bây giờ được mở rộng làm mới và hiện đại lên sân bay quốc tế cho các chuyến bay trong khu vực châu á.
Sân bay có không gian rộng rãi vì toạ lạc ngoại thành cách trung tâm QN 35",0,0,0,0,3,0
"Quần áo thời trang, nhân viên nhiệt tình, cửa hàng đẹp, có nhiều hình thức thanh toán tiện lợi
",0,0,0,0,0,5
Đồ ăn ngon nhân viên phục vụ nhiệt tình thoái mái. Không gian rất đẹp :))) nhất định sẽ quay lại nhà hàng,5,0,5,5,0,0
"Không khí tốt đẹp, ban nhạc tuyệt vời và nhân viên thân thiện. Vấn đề duy nhất là thức ăn, rất nặng và 
cả hai chúng tôi phải ngủ ngay sau đó và chỉ ăn salad vào ngày hôm sau!",5,0,0,3,0,0
Running manchine trong phòng tập thể dục không hoạt động. Hồ bơi hơi bẩn,3,3,0,0,0,0
"Một trung tâm mua sắm địa phương, có thể là trung tâm lớn nhất! Dễ dàng tìm thấy hầu hết mọi thứ và đối với khách du lịch, bạn có thể bổ sung một số phụ kiện và bánh răng du lịch còn thiếu tại đây! ",0,0,0,0,0,5
"Nhân viên trên xe nhiệt tình thân thiện, còn thái độ nhân viên đặt vé/hủy vé chắc là không cần khách. Vé cũng không rẻ so với nhiều hãng khác chất lượng tương đương.",0,0,0,0,2,0
"Thiếu nhiều vật dung cơ bản: khăn giấy trên phòng, bàn là hỏi nhân viên nhiều lần mới có do cả Ks có 1 bàn là duy nhất.",0,1,0,0,0,0
"5* mà làm ăn lật lọng, khách đặt phòng thì nói khách đến trước 23h59 sẽ có phòng, khách đến lúc 23h50, đã bán phòng cho người khác, lật lọng trở mặt kiểu tao không cần. Blacklist dù có cho thêm tiền cũng không ở ks này, mang danh 5* cơ đấy.
",0,1,0,0,0,0
"Đi du lịch thì xác định là ăn đặc sản rồi, cũng tại có tụi nhỏ nên lại phải vô quán cơm. Được recommend là đến Quê Hương 2 nhưng mà nói thật mình thấy nấu ăn cũng bình thường, nv phục vụ k chú tâm săn đón khách lắm. Hôm sau mình ăn ngay trong khách sạn Mường Thanh thấy còn ngon hơn giá cả thì tương đương mà tôm cá tươi hơn hẳn. Note để các bạn nào đi du lịch nghe tư vấn mà định qua đây thì nên cân nhắc nhé.",0,0,3,3,0,0
"Dịch vụ tạm ổn với sân bay quốc nội, tuy nhiên với tiền năng phát triển du lịch và kinh tế thì cần phải nâng cấp lên thành sân bay quốc tế mới xứng tầm.",0,0,0,0,3,0
"Nhân viên phòng vé tuy hoà thái độ lồi lõm, vô văn hoá. Nhân viên phòng vé lê hồng phong cũng không kém. Chúc nhà xe làm ăn tốt với dàn bán vé mất dạy như vậy.
",0,0,0,0,2,0
"Tất nhiên, nơi này đã làm nên tên tuổi của mình trong những năm qua nên giờ đây, bản ngã của họ vẫn được cung cấp mặc dù đồ ăn cũng rất ngon.",0,0,0,3,0,0
Mua gì cũng có. Giá cả hơi thất thường tùy theo người bán,0,0,0,0,0,2
"Dọn phòng chưa chú ý, hết giấy vệ sinh nhưng cũng không bổ sung",0,1,0,0,0,0
View đẹp và nhà hàng có 3 cấp độ. Dịch vụ tốt. Thức ăn ra nhanh chóng. Nhiều loại thực phẩm và nhiều lựa chọn ăn chay. Bia hơi đắt tiền ...,5,0,5,5,0,0
"Quán nhân viên bao che với nhau để chống chế khách, nhân viên làm lỗi mà quản lý bao che, còn dám nói một dĩa dưa hấu 2 miếng nhỏ mà 50k. Chả có nhà hàng nào món tráng miệng sau ăn mà thu tiền khách. Chủ nhà hàng mà muốn biết thì liên hệ để bít việc nhân viên làm như thế nào. Đã vậy còn k dám cho khách chụp hình nhân viên thì điều đó có nghĩ là như thế nào, chụp để có bằng chứng đối chiếu. Ngày 16/07/2020 lúc 20:77. Hoá đơn 1tr4 Ăn 5 món đoàn gồm 13 người",0,0,0,1,0,0
Đóng góp như cầu cuộc sống của người dân ở QN,0,0,0,0,0,5
"Đường đi vào hơi chông gai. Tới nơi thì tuyệt vời. Bãi biển sạch đẹp. Mọi người ở quanh vùng đều ý thức giữ gìn bãi biển xanh, sạch & đẹp.
",4,0,0,0,2,0
"Nhân viên phục vụ nhiệt tình, nhanh nhẹn. Tuy nhiên sàn nhà dơ bẩn, rác khắp nơi. Gia đình mình gọi bún chả cá và bún cá ngừ. Chất lượng quá bình thương",0,0,0,2,0,0
Công ty du lịch của chúng tôi đã đưa chúng tôi đến đây nhưng tôi không thấy nó có gì nổi bật. Nó rất tối và gần như hang động. Thức ăn rất ổn. Chúng tôi đã tự mình tìm thấy những nhà hàng khác mà chúng tôi đã quay lại vài lần. ,0,0,2,4,0,0
"Bạn nên mua vé cho số ghế 40 - 79 vì đây là ghế ở giữa thuyền. 
Điều hòa không khí ở phần trước và sau không hoạt động tốt trong khi phần giữa thì tuyệt vời. Họ bán các loại bia v.v.",0,0,0,0,3,0
"Chợ ở trung tâm thành phố, có rất nhiều mặt hàng, hải sản tươi sống
",0,0,0,0,0,3
"Gà quá nhiều thịt , bên trong còn dầu khá ngán . Khoai tây chiên bào sợi nhỏ nên mau bị mềm . Nước coca đi kèm ít . Cơm khô , rời rạc , không thơm . Joli được mỗi cái kem ngon hơn KFC và Lotte , kem có mùi sữa , thơm , béo . Giá cả ở đây đắt hơn Lotte . Nhưng thu hút được nhiều em nhỏ vì ở đây có chú ong vui nhộn , đến ăn và chụp hình rất dễ thương . Sẽ đến quán với những dịp khuyến mãi ❤️",0,0,0,3,0,0
"Chị chủ shop nhiệt tình, thân thiện, gói các kiểu quà tặng theo nhiều phong cách tuyệt vời
",0,0,0,0,0,5
"Ghé đây vài lần, hải sản ở nhà hàng Hướng Dương rất tươi ngon, quán khá lớn nằm ngay eo gió nên rất dễ tìm.Mình khá bật ngờ vì trang trí khá ấn tượng và lịch sự. Bày biện cũng trang trọng và hấp dẫn.Quán để nhạc nhẹ nhàng, khách ra vào đông nhất là vào buổi tối Không gian trầm và nhẹ nhàng. Phục vụ nhiệt tình, nhanh nhẹn",0,0,5,5,0,0
"Một trong những quán cf tệ nhất tôi từng đến . Nhân viên gương mặt như muốn giết khách hàng khi chúng tôi gọi đồ uống . Bàn dơ chúng tôi đề nghị lau bàn , nhân viên miễn cưỡng cầm dẻ lau như muốn vức vào mặt khách , thiết nghỉ các bạn ko nên đến đây vì nơi đây ko mang lại dịch vụ tốt nhất cho bạn . Nếu ông chủ muốn phát triển quán hơn tôi đề nghị nên có cách quản lí nhân viên tốt hơn với thái độ phục vụ khách hàng .",0,0,0,1,0,0
"Bãi tắm mới được xây dựng theo phong cách Hawaii, khá dễ thương. Bãi biển đẹp và sạch. Nhân viên thân thiện, vui vẻ, nhiệt tình.Điểm trừ là giá cả khá đắt (chắc do đối tượng chính là người nước ngoài) và nước uống không ngon.",3,0,2,0,0,0
Hòn khô là du lịch qua đảo ăn uống chụp hình thôi chẳng có gi đặc biệt.ai coi tiktok nhiều tàn bị lừa như mình vô hơi thất vọng ko như tưởng.vô thì kèo néo khách đi qua đảo để ăn nhà bè giá cao với lấy phí chở đi 100k nguời lớn là chủ yếu.còn đi vô quán cafe co co gì đo củng vậy tới ngay đường cục nhìn quán thất vọng quẹo ra.nói chung ko như là mơ titok review ảo.ở đây nên học theo bình hưng ai qua bè nào ăn thì chở qua miễn phí đã ăn rồi thì nên free chở qua vì củng khá gần.,2,0,0,2,2,0
"Nếu bạn không thể tìm thấy một nơi thích hợp để đi du lịch, bạn có thể thử nơi này. Thức ăn không tệ và dịch vụ là ok. Cài đặt có thể sáng hơn vì nó có vẻ đã cũ.",0,0,0,3,0,0
"Chuyện là, con bạn có ông sếp người Trung quốc bị đau bao tử sốt 40 độ nhờ nó gọi cho chiếc taxi trở đi bệnh viện. 
Đúng lúc mấy đứa đang lang thang trên đường điện thoại nhỏ hết tiền 😤😭😭>''< *Siêu đen đủi*",0,0,0,0,1,0
"Đã đi đến đó hai lần, lần đầu tiên rất tốt nhưng nhìn thấy một con chuột trong nhà hàng lần thứ hai ....",0,0,0,1,0,0
"Ăn thử ở đây một bữa trưa nhưng không cảm thấy đẳng cấp của nhà hàng 5 sao của Avani . Bếp nấu bình thường ,
 không gian không đặc sắc và giá thì chưa xứng với chất lượng . Các bạn cần cố gắng nhiều",0,0,3,3,0,0
Thực phẩm Việt giá Tây,0,0,0,3,0,0
"Chợ nhỏ dành cho người dân bản xứ. Chợ bán đủ loại rau, củ, thịt, cá, hải sản...",0,0,0,0,0,5
Cả 5 món ăn đều khiến tôi thất vọng-không vui vì đây là nhà hàng cuối cùng của chúng tôi ở Việt Nam - và thời gian trong bếp kém quá,0,0,0,1,0,0
"Cách âm chưa đc tốt lắm, hành lang hơi nhỏ nên cách khách đứng ở phòng nói chuyện thì hơi bị ồn.",0,3,0,0,0,0
"Mua 2 lần trong 2 ngày thì được giao 2 loại bánh khác nhau, chất lượng và mẫu mã khác nhau. Ngày đầu gói bằng lá chuối, ngon, dẻo, nhân nhiều. Ngày hôm sau lại giao bánh gói bằng giấy , bánh nhão, nhân ít, người giao hàng nói là do bánh mới làm nên như vậy. Ngày hôm sau bánh sẽ dẻo. Nhưng sự thật không như vậy. Bánh vẫn nhão. Nên cẩn thận khi mua ở đây.
",0,0,0,2,0,0
"Nhà hàng với các món ăn ngon, giá rẻ, nhân viên phục vụ tận tình, chu đáo, thân thiện. Có bãi đậu xe an toàn",5,0,5,5,0,0
"Tôi không hiểu nhân viên ở quy nhơn kiểu gì khách hàng vào thấy cũng làm ngơ chẳn ai chào hỏi tiếp đón không bằng thế giới di động. Để khách đợi chờ không ai tới hỏi. Chỉ mạnh ai nấy làm việc. Thật tệ cho các nhân viên ở NguyenKim Quy nhơn
",0,0,0,0,0,2
Máy lạnh Daikin nhưng điều khiển chỉ cho tắt mở và tăng giảm nhiệt chứ không điều chỉnh được chế độ quạt và làm lạnh.,0,3,0,0,0,0
Siêu thị Big c... Bán đủ đồ.. Người làm việc.. Đuổi hết là vừa.. Mất lịch sự.. Làm việc không tận tình.. Khách hàng là.. Rác.. Sẽ không bao giờ trở lại...,0,0,0,0,0,1
Vô đợi đồ ăn và nhân viên ko nghe khac kêu Ngon nhung phục vụ hơi sai. Nếu có thay đổi sẽ ghé lại. Chúc mai mắn,1,0,0,3,0,0
"Anh nhân viên tư vấn không nhiệt tình chút nào hết trơn, giấy tờ thủ tục phức tạp",2,0,0,0,0,0
"Chưa bao giờ review vì lười mà phải review hãng xe này, phải nói là tệ hại nhất từ trước tới chừ từng đi, vé xe thì đắt, trả về đà nẵng thì thả cách trung tâm gần 15km, xe thì nhận rất nhiều hàng hoá, trên đường dừng rất nhiều lần, ngủ ko nổi, đã vậy mình gửi xe máy thì xuống xe do quá nhiều hành lý bận tìm chìa khoá nên mình ko để ý là chưa gắn gương, cx ko thèm gắn cho khách, vãiiii, 1 lần và mãi mãi ko bao h đi lại hãng nàyy! 🤬🤬🤬🤬🤬🤬🤬",0,0,0,0,1,0
"Sản phẩm ưng ý, người bán có tâm, giá cực kỳ hợp lý nhé!
",0,0,0,0,0,4
"dở mà mắc kinh khủng, 30k 1 phần gà viên sốt cay đc 6 cục chút xíu còn canh kim chi thì leo queo 5 khúc kim chi vài cục đậu hủ leo queo mấy sợi nấm kim châm, nói chung hết sức tệ phục vụ còn tệ hơn mấy bạ hãy đến cà cảm nhận",0,0,0,1,0,0
"Chúng tôi đã thưởng thức nhiều bữa ăn ở đây trong tuần của chúng tôi tại Quy bù. Nhân viên luôn dễ chịu, thức ăn rất ngon. 
Họ có thực đơn được in bằng tiếng Anh, được đánh giá cao cho nhóm của chúng tôi.Có ít nhất 3 nhà hàng sushi trong thành phố, nhưng nhà hàng này cung cấp các món ăn chất lượng tốt nhất và các món ăn chính hãng được chế biến bởi các đầu bếp Nhật Bản. Mỗi khi chúng tôi đến đây, họ đặc biệt chú ý đến mọi khách và chắc chắn rằng chuyến thăm của họ là trải nghiệm khó quên. Tôi rất muốn giới thiệu ramen của họ và tôi khá chắc chắn rằng đó là ramen thực sự duy nhất xung quanh. Giá nói chung là cao hơn so với những nơi khác, nhưng phần cũng lớn hơn. Và thành thật mà nói, ai muốn tiết kiệm về chất lượng. Chúng tôi sẽ trở lại để biết thêm.",5,0,5,5,0,0
"Sân bay có thiết kế không gian khá đẹp, khách ít nên mọi tiện nghi điều ổn. Ai tùng đi nhiều sân bay ở Viêt Nam sẽ biết, gần như Sân Bay Phù Cát là đẹp nhất Việt Nam. nó đẹp không phải vì to lớn hay đông đúc, mà nó đẹp bởi khiến trúc rất hiện đại, đẹp mắt, rất nhiều không gian cho việc trang trí. Khác hẳn với sân bay Cam Ranh, cũng là một sân bay tầm cở và mới xây nhưng chả có gì đăc sắc hết, họ sử dụng không gian chủ yếu cho việc quảng cáo và mua bán haiz
",0,0,0,0,3,0
"Đã đặt bữa sáng theo set banh mi x4 với cà phê miễn phí. Thỏa thuận có vẻ tốt. Chúng tôi gọi 2 trong số các loại cà phê trước, sau đó gọi thêm 1 loại sau đó khoảng 15 phút. Thật không may, bánh misa hoàn toàn nhạt nhẽo về hương vị. Khi chúng tôi đến thanh toán, họ tính thêm tiền cho 1 ly cà phê. Giải thích của họ là nó chỉ được bao gồm nếu bạn đặt hàng tất cả cùng một lúc. Lố bịch.",0,0,0,2,0,0
"Chợ nhỏ nhưng là khu chợ hải sản có từ lâu . Trước đây là nơi tập kết hải sản vì là khu chợ gần nơi ghe tàu khai thác hải sản cập bến. Hiện nay khi phát triển du lịch, bến đỗ ghe tàu đã chuyển đi nơi khác, chợ khu 2 vẫn bán hải sản chủ yếu vào buổi chiều, rất tươi và nhiều loại. Giá cả cũng phải chăng. Các loại rau củ quả, thịt heo - bò, gia vị, trái cây . . .. tương đối đầy đủ.",0,0,0,0,0,5
Đây là món bánh tồi tệ nhất mà tôi từng nếm. Không có hương vị. Bánh mì rất dày và cứng (Bên ngoài bánh phải giòn và ngay khi bạn cắn vào sẽ thấy mềm). Các loại rau chỉ là khủng khiếp! Tất cả những gì tôi nếm là hành trắng. Tiết kiệm tiền của bạn.,0,0,0,2,0,0
"Không nên gọi vào số điện thoại của tổng đài, tổng đài viên câu giờ rất mất thời gian trong khi phí gọi là 8k cho 1 phút tính cho người gọi. Phí gọi quá cao. Mình gọi hỏi cái số điện thoại để gửi hàng thôi mà mất 2 phút, tính ra là 16k.
",0,0,0,0,2,0
"Cơ sở hạ tầng chưa được, chưa an toàn vệ sinh",0,0,0,0,0,2
"Tôi đã đến đây nhiều lần, tôi thích sushi, nhưng ở Quy Nhơn tôi chỉ biết cái này, đề nghị của tôi cho nhà hàng này để cải thiện thực đơn và hương vị.",0,0,3,0,0,0
"Thấy mọi người đánh giá tốt nên vào ăn thử. Nhưng thực sự là thất vọng và không muốn quay lại quán này luôn. Mình ở phòng Vip, phòng hôi dình, nhân viên phục vụ chậm chạp, đồ ăn không ngon, nguội. Giá thì quá đắt so với nhà hàng Hương Việt ngay bên cạnh mà lại đẳng cấp hơn hẳn. Nói chung là quán này mọi người k nên vào. Cứ vào Hương Việt ăn vừa ngon, sạch sẽ, giá hợp lý, quán lại sang trọng, ngồi phòng Vip giá vẫn giữ nguyên so với bt.",0,0,1,0,0,0
Cả hai chúng tôi đã có một thời gian tuyệt vời và thích nấu ăn (và ăn!) Các món ăn khác nhau - Cảm ơn bạn đã có kinh nghiệm tốt,0,0,0,3,0,0
"Mượn bàn ủi nhân viên báo hết bàn ủi, nhờ dịch vụ giặt ủi thì k có trong ks",0,1,0,0,0,0
hệ thống nhà vệ sinh hơi có mùi! còn mọi thứ khác rất tốt!,0,3,0,0,0,0
"Có một chiếc taxi vinaun tại quầy taxi. Được sử dụng đồng hồ cho các chuyến đi trong quá khứ của tôi. Vì vậy, tôi nhấn mạnh vào một mét. 
Khi tài xế từ chối, tôi nói tôi sẽ xuống xe. Vì vậy, anh không có lựa chọn nào khác ngoài việc lên đồng hồ. Khi tôi đến đích, tôi yêu cầu nhận. Nhưng người lái xe từ chối đưa cho tôi một biên lai và thậm chí đã chửi tôi khi tôi khăng khăng. Vì tôi chỉ có một mình, tôi chỉ ném tiền vé cho anh ấy và rời khỏi xe. Ít nhất tôi vẫn còn nguyên vẹn.",1,0,0,0,1,0
"Món ăn bình thường nhưng giá quá chát so với mặt bằng, tôi chỉ đến để xem những đánh giá đúng không. Sẽ không quay lại.",0,0,0,1,0,0
"Quán nổi tiếng lâu đời Mình ghé 2 đứa ăn 2 tô bánh canh hết 40k Mình thấy cũng bình thường, không có gì ngon đặc sắc lắm Bánh ít, được có mấy sợi ăn cho vui à 😆",0,0,0,3,0,0
Quán đẹp rộng rãi gần biển mát mẻ. Vào có dặn nhân viên ra cho mình gọi đồ. 15’ chả thấy nhân viên nào ra order. Vẫy tay gọi nhân viên cũng bơ luôn. Trong khi nhân viên quán rất đông. Nhắc lại rất đông.,0,0,2,2,0,0
"Nhân viên ở quầy thanh toán rất chán, khách cần thêm thông tin về món hàng thì thái độ rất khó chịu mặc dù khách hàng đã hỏi một cách rất nhẹ nhàng và lịch sự. Mặt nhân viên muốn quát vào mặt khách, mặt rất cau có. Nhân viên tên: Lê Thị Thuận ở quầy thanh toán
",0,0,0,0,0,2
"Bữa nay gần trung thu mà ở quy nhơn thấy có bánh này lạ với hot quá nè, ai cũng muốn thử loại bánh mới này thay vì bánh trung thu truyền thống hết hà. Mà cũng đúng ý chứ bánh trung trung rau câu ăn đỡ ớn hơn bánh bình thường nhìu, bỏ tủ lạnh xong còn mát mát ăn đã dã nữa chứ hehe. Bánh còn nhìu màu sắc hình thù nữa, hình cũng vui mắt với đa dạng hơn, Túm lại là tui cũng kết mấy cái bánh trung thu rau câu nì lắm rồi đó hehe",0,0,0,5,0,5
"Thiệt sự thì nhà mình cũng có khách sạn đang cộng tác với Booking, khách nào khách nấy nhà mình chiều quá trời chứ chưa bao giờ dám nạt khách như bên Arise luôn. Thêm vào đó bên khách sạn phải có trách nhiệm giải quyết cho khách khi overbook chứ không phải là lên giọng ""là hết phòng rồi đó"" với khách.",0,2,0,0,0,0
"Nhân viên rất nhiệt tình, đồ yody mặc rất đẹp rất thoải mái. Mình sẽ ghé ủng hộ nhiều nhiều",0,0,0,0,0,5
"Xe của hãng taxi này rất nhiều ở Sài Gòn, Tài xế rất nice những một số cũng không được nice lắm. nhưng vì số lượng xe nhiều nên rất là tiện.",0,0,0,0,2,0
"Nhà hàng xinh xắn, đồ ăn ngon với giá cả hợp lý",0,0,4,4,0,0
"Nhà hàng này nhìn cực kỳ sang trọng luôn nha, vừa kết hợp nhà hàng và khách sạn luôn á nên có hồ bơi và bàn ngồi cà phê và ăn sáng đồ các kiểu luôn, nhân viên nhà hàng cực kỳ lịch sự là thân thiện, do đi theo công ty nên menu được chọn sẵn rồi menu gồm 7 món khác nhau chưa kể trái cây tráng miệng, đồ ăn ngon và cừa miệng cá ăn khá là ngon và tươi, ướp và tới nên có độ ngon và tươi nhưng không có bị tanh nên khá là ưng ý",0,0,5,5,0,0
"Chợ cá tươi, giá không mắc tuy nhiên phải biết thương lượng. Chợ chuyên bán hải sản tươi sống và các mặt hàng thực phẩm đơn giản. Các chủ sạp hàng dể mến thân thiện. Lưu ý khi đến chợ bằng xe máy nên gởi xe trong chợ nếu không dể bị CAGT phạt",0,0,0,0,0,5
"Quán hơi nhỏ và khá ít bàn ghế , nhìn sơ qua không mấy ưng ý cho lắm . Giá cả ở đây nói chung là cao hơn các quán hải sản khác . Giá tầm 10k trở lên . Ốc trộn không ngon cho lắm . Càng cúm núm 40k một phần ngon nhưng hơi ít . Bình thường ở mấy quán khác 10k một phần thì ở đây cao hơn 5k nhưng chất lượng lại không được ưng ý khách hàng lắm . Tóm lại thì mình nghĩ là mình sẽ không quay lại quán này nữa . nhân viên ít mà phục vụ hơi chậm",0,0,0,3,0,0
"quán ăn bình dân với khá nhiều lựa chọn các món quà vặt Hà Nội, nơi thú vị để tụ tập bạn bè, không phải là ưu tiên lựa chọn của mình khi tiếp khách công việc.",0,0,0,3,0,0
"Cảnh quang tạm được. Không có nhiều dịch vụ vui chơi. Xung quanh nhiều nhà hàng biển. Đồ ăn giá khá cao
",3,0,0,3,0,0
ần đầu tiên mình đến ăn và bị 3 ô bác bảo vệ xua đuổi bảo là hết bàn. Sau đó mình vẫn vào và bảo chủ quán e có đặt trước thì mới được vào. sau đó lúc ăn xong ra lấy xe thì bác bảo vệ vui tính bảo xin 5 ngàn đồng. Khu vực để xe này 5 ngàn đồng. Bún chả cũng tạm được. Nước chấm ko ngon bằng bún chả đắc kim hàng mành. Never comeback again.,1,0,0,3,0,0
"Giữ xe hách dịnh, khách để xe sát bậc thềm thì quản lý ra đôi co chỉ chỏ (mặc dù không có biển cấm để, xe nhân viên vẫn để sát bên), nhân viên thu ngân thì không giải thích chương trình khuyến mãi, kẹo đường khuyến mãi cho trẻ em thì kêu máy hư khởi động lâu...dù khách hàng lâu năm Vinmart nhưng quá thất vọng",1,0,0,0,0,0
"Tôi và người yêu giận nhau hơn 1 tuần rồi. sau đó tôi đc 1 người bạn giới thiệu quần áo ở đây đẹp lắm. Nên tôi quyết định mua 1 chiếc váy tặng ny để làm hòa. kết quả là chúng tôi đi nhà nghỉ ngay sau đó.
",0,0,0,0,0,4
"Xe chất thêm quá nhiều người, sai quy định, 14h là h xuất phát nhưng 15h chưa đi, xe tệ nhất đó h mình từng đi, mọi người đừng nên sử dụng dịch vụ này
",0,0,0,0,2,0
"Phòng kín bí có mùi khó chịu như xe ô tô, điều hòa kêu to. Đèn phòng tắm sắp hỏng, nháy nháy liên tục, 1/4 bóng đèn ngoài phòng hỏng.",0,1,0,0,0,0
"Đây là Big C đầu tiên ở Bình Định, Với thiết kế tòa nhà đẹp, nơi đây có cũng bán khá đầu đủ giống như các Big C ở Hồ Chí Minh nên mình rất thích mỗi khi về quê có thể mua sắm đồ ở đây.",0,0,0,0,0,5
"Hãng xe này so với Grab thì mắc hơn tuy nhiên cách đào tạo nhân viên thì dở , bởi họ không được đào tạo kỹ năng cơ bản khi phục vụ
 khách hàng , với tôi chọn Grab khi di chuyển là lựa chọn hàng đầu ,",1,0,0,0,1,0
"Đây là lần thứ 2 mình quay lại quán này. Quá thật rất thất vọng, lần thứ 1 mình vào quán là hồi Tết, quán làm đồ uống và bánh cũng được. Còn bây giờ, mình rủ bạn vào quán uống lại, view thì vẫn như hồi Tết, nói chung cũng được nhưng quả thật nước dở quá xá luôn. Bạn mình đứa nào cũng chê cả, phần kem quá ngọt, ăn nó bột bột sao á, phần nước thì dở tệ. Nhân viên phục vụ thân thiện. Vì đồ uống dở mà giá cả thật sự quá cao so với mặt bằng Quy Nhơn nên chắc chắn không có lần quay lại nữa đâu.",0,0,0,1,0,0
"Sân bay tuy nhỏ nhưng bố trí khá thuận lợi,hợp lí cho khách di chuyển. Hàng hóa trong sân bay đa dạng,cách phục vụ tận tình. Cảm giác rất hài lòng. Một điểm cộng cho Quy Nhơn. Giúp cho khách hàng hài lòng và muốn quay trở lại hơn.",0,0,0,0,4,4
"Đã hết cách ly xã hội; mọi người, mọi việc đã hoạt động bình thường, mà nhân viên bảo vệ Siêu thị chặn khách hàng không cho vào với lý do ko có khẩu trang! Việc làm này liệu có quá mức cần thiết? Hôm nay lần đầu đến đây! Phải để vợ con vào còn mình ra quán nước vỉa hè ngồi chờ! Lần đầu và cũng là lần cuối mình đến đây!
",0,0,0,0,0,2
"Nếu vào chợ để ngắm nghía nhiều sản phẩm độc lạ thì ok, còn mua hàng ở đây thì mắc hơn ở chỗ khác một tí",0,0,0,0,0,2
"Đẹp và lớn. Giống như một khu chợ bình thường, và bạn có thể tìm thấy hầu hết mọi thứ với giá rẻ (không phải giá khách du lịch). Nhiều cửa hàng khác nhau bên trong. 3 tầng.",0,0,0,0,0,4
"Sau 11 ngày xuyên Việt, chúng tôi đã thử món phở được đề xuất này. Tôi đã ăn súp ngon hơn nhiều ở Việt Nam và nhân viên ở các nhà hàng khác thân thiện hơn nhiều. Các nhân viên thân thiện như ở hầu hết các thành phố phương Tây. Đánh giá quá mức.",0,0,0,3,0,0
"Xếp phòng không đúng booking, tôi phải yêu cầu lại đến 2 lần mới tìm phòng như booking. Cảm thấy bớt vui cho chuyến đi này. hi vọng Ksan cải thiện điều này để khách có chuyến đi vui vẻ trọn vẹn. cảm ơn",0,1,0,0,0,0
"Dịch vụ quá bèo.ViP chỉ matxa thông thường. Ngoài ra giá cả thì cần gì tính giá trên trời. Quản lý phục vụ quá nghiệp dư. Tốn tiền vô ích. Đào quá tệ
",1,0,0,0,0,0
"Thật là một sân bay nhỏ! Giá thực phẩm khá đắt. Đó là gần 50.000 đồng cho một bát mì ăn liền với một số miếng thịt bò.
",0,0,0,2,0,0
Cảm giác quầy tiếp tân khách sạn hơi tối tăm. Nên cố gắng thay toàn bộ khăn tắm mới,0,2,0,0,0,0
"Vị trí nhà sách ở trung tâm Quy Nhơn, sách đủ thể loại nhưng chưa phong phú, hơi nhỏ và chủ yếu mua văn phòng phẩm. Cần đầu tư hơn nữa các đầu sách mới, đặc biệt sách nước ngoài.",0,0,0,0,0,3
"Tiếng sập cửa khá to, Khách sạn nên có khuyến nghị khách nhẹ tay khi sập cửa. Phòng gym quá nghèo nàn.",0,1,0,0,0,0
"Sân bay địa phương, vừa phải không quá đông, dịch vụ không có nhiều nhưng cũng tạm ổn.",0,0,0,0,3,0
"Lễ tân va nhân viên thiếu thân thiện khách từ lúc vào và ra trả phòng không nhận đc câu chào hỏi và cảm ơn, nv dọn phòng không thay bàn trải kem đáng răng, hai ngày ko không có nước lọc... quá tồi",0,2,0,0,0,0
Phục vụ quá chán ko nhiệt tình trả tiền trước là bơ khách luôn mực thì rõ đắt mang ra đc 1 con bé như ngón chân,0,0,0,2,0,0
"Chúng tôi đã có một bữa tiệc lớn, nên việc đặt hàng rất khó hiểu. Pizza là tốt, nhưng không hoàn toàn kiểu Mỹ (tôi là một người sành ăn, 
vì vậy tôi không quan tâm). Pasta, rissoto, pizza, bánh mì kẹp thịt, cánh gà có sẵn",0,0,0,3,0,0
"Cả nhà mình đi siêu thị Big C QN sắm đồ, lựa đồ 3 tiếng đồng hồ đc 1 xe đầy, nhận thấy sắp đến giờ đóng cửa nên ba mình để xe đồ bên chỗ đầu dãy gần ngay chỗ thanh toán để đẩy ra tính tiền cho dễ, nhưng mẹ , em và mình đang bên quầy quần áo cách đó 5 mét nên ba mình để xe đó chạy lại kêu cả nhà đi về. Hý hửng đi ra kiếm cái xe méo còn ở đó nữa. Hỏi nhân viên ngay đó chúng nó.cứ đứng cười rồi kêu ko biết , hỏi bảo vệ thì nó kêu chắc sắp đóng cửa nên nó đẩy xe ra xả hàng luôn . Trong khi còn ng ta đang mua sắm mà ko hề nhắc nhở, hỏi xe đồ của ai hay bắt loa báo sắp hết giờ hoạt động, điều mà siêu thị cùi bắp nhất cũng có thể làm để nhắc khách hàng về cho đúng giờ kinh doanh của siêu thị. Mà quan trọng nhất là ko hề có ai đứng ra tìm giúp cái xe.mới vừa đc đẩy đi đâu đó giúp khách, toàn đứng đực ra lõ.mắt ngó cảm giác khách hàng như thứ gì vậy á. Không xin lỗi khách, không hỗ trợ khách, trả lời kiểu ko có trách nhiệm gì hết . Lỡ khách có thói quen để đồ cá nhân trên đó rồi quay lưng lại lấy đồ quay qua mấy cái xe rồi mấy ng đền ko mà đầy xe đi ko thèm hỏi dù thấy ng ta đứng thù lù cả gia đình cách mấy mét ? Giờ sắp đóng cửa chứ chưa.phải quá giờ đâu mà vậy ?",0,0,0,0,0,1
Bảo vệ là vị trí tệ nhất vì lúc mình đến thì là khoảng 5-6h. bác bảo vệ ngồi uống bia không quan sát được khách. hướng dẫn vào chỗ đỗ xe cũng lớn giọng nên khá mất vui với bác này. các phần khác đều ok,0,3,0,0,0,0
"Một số khách ăn uống xong bầy vỏ hướng dương và hạt dưa tại phòng gym, khách sạn nên gắn quy định để khách biết ý bỏ rác vào thùng.",0,3,0,0,0,0
"Rượu bàu đá chính gốc chất lượng, sản phẩm đẹp với nhiều mẫu mã và bao bì bắt mắt. Tôi sẽ mua để làm quà tặng cho gia đình, bạn bè và đồng nghiệp của tôi",0,0,0,0,0,5
"Đây là lần đầu tiên cảm thấy rất khó chịu khi đến CGV xem phim, rất k hài lòng vì nhân viên bán vé, hỏi và chốt 1 cách dồn dập, nước thì k cho chọn loại nước, k hỏi KH có thẻ thành viên hay k, k có nhân viên trực phòng rạp, tự đi vô tự kiếm chổ ngồi. 😤
",1,0,0,0,0,0
"Giá vả hợp lý, người bán chân thật, thân thiện",0,0,0,0,0,5
"Thị trường có tất cả các loại quần áo bạn cần và với một phần nhỏ của giá, chỉ khi bạn chuẩn bị mặc cả có thể khá thú vị!",0,0,0,0,0,3
"Xem thật tuyệt vời. Nhân viên đã vô ích. Anh ấy khó mà phát hiện ra rằng những bức ảnh trên thực đơn trông to hơn rất nhiều so với thực tế. Đã đặt hàng nhiều loại nguồn điện nhỏ ngay cả đối với loại ""lớn"". Ra đĩa bên nhỏ. Chúng tôi hỏi liệu chúng tôi có c",0,0,0,3,0,0
"Trên hình google đẹp nhưng đến nơi thì mới thấy thực tế. Đi vào giờ chiều nên đông khách du lịch.
Cảnh đẹp nhưng rác rất nhiều. Hy vọng ban điều hành khu du lịch trang bị thùng rác đầy đủ
Bãi chỉ có highlight là mấy hòn đá to, dạng như quả trứng.
Bác bảo vệ hơi làu bàu",3,0,0,0,0,0
"Cô chú vs mấy bạn bán hàng vui vẻ thân thiện, tư vấn tận tình, bạn nv đóng hàng siêu cẩn thận. đồ ngon giá cả hợp lý. Thanh toán cô còn giảm giá cho mk. 1địa chỉ uy tín để mọi ng mua quà khi đến quy nhơn
",0,0,0,0,0,5
Để suất chiếu 9h mà tới rạp báo là suất sớm nên chưa có test phim. Thiệt là khó chịu! Làm ăn không chuyên nghiệp!,2,0,0,0,0,0
"Good parking and price! Bãi đậu xe rất rộng rãi, nhà hàng ngay dưới sân rất tiện cho ăn uống nếu ko muốn đi ra ngoài",0,5,5,0,5,0
"Quán câu cá khá thú vị, nhân viên vui vẻ thân thiện đồ ăn ngon chất lượng, địa chỉ cũng dễ tìm mọi người đến tham quan và câu thử
",4,0,4,0,0,0
"NHÂN VIÊN NHIỆT TÌNH, LỄ TÂN TUYỆT VỜI, QUẢN LÝ TỐT.",0,5,5,0,0,0
Nhà hàng có view nhìn ra cau Thu Thiêm và công viên Bach Dang rất đẹp vào buổi tối,0,0,4,0,0,0
"Quá tệ. Không có gì đặc sắc cũng như thu hút người khác. Làm kiểu: thấy họ dơ khu miền cũng chìa trốt.
",1,0,0,0,0,0
"Chuyến xe T21 chạy Nhơn Hải có nhân viên lấy vé tên Vân vô cùng mất lịch sự và thái độ không tốt đối với hành khách, nhất là học sinh. Cô ta la mắng, ghét bỏ và có hành vi chiếm ghế học sinh rất nhiều lần, phải nói là lần nào cũng vậy và không có thái độ hối cãi. Chèn ép gây áp lực cho các em học sinh đây là hành vi không thể nào chấp nhận được. Mong xí nghiệp sẽ chấn chỉnh và giải quyết hợp lý. Xin cảm ơn!
",0,0,0,0,2,0
Xe quá tệ. Xe chạy đúng 24g cho tuyến sài gòn quảng ngãi. Bình thường chỉ 15 tiếng cho những vận tải khác,0,0,0,0,2,0
"Tác phong nhân viên tạm được, các line tính tiền chả hiểu sao lại không chịu mở ra nhiều nhiều chút.
",0,0,0,0,0,3
"Rượu bây giờ chả biết đâu là thật đâu là giả, dần dần rồi thương hiệu rượu bầu đá bình định bị mai một mất
",0,0,0,3,0,0
Mình và bạn mình lần đầu tiên tới đây.đồ ăn khá rẻ nhưng rất thất vọng với thái độ phục vụ của nhân viên quầy thực phẩm ăn tại chỗ(mang về) nhăn nhó không hướng dẫn cho khách.và nhân viên thanh toán sản phẩm colour plus khi tôi nghe không rõ giá tiền phải thanh toán.tôi hỏi lại thì nhân viên nhân viên (Ừ..) với 1 thái độ khó chịu.chưa gặp trường hợp nào làm trong ngành dịch vụ mà như thế.chắc là khinh thường chúng tôi vì ăn mặc nhà quê.,0,0,0,2,0,0
"Đồ ăn rất vừa miệng, không bị ngọt như khách sạn khác. Người Bắc như mình ăn thấy ngon. Mặc dù hơi ít món nhưng do dịch bệnh ảnh hưởng nên mình nghĩ như vậy là tốt rồi. Sẽ quay lại ở.",0,0,5,0,0,0
"Phòng view ổn, nhân viên nhiệt tình, dịch vụ tốt. Hơi tiếc là phòng của mình không mở được cửa lùa để nghe được sóng biển vỗ",0,3,0,0,0,0
"cần cải thiện bồn tắm, nắp xả nước hay bị tắc, khó xả nước",0,2,0,0,0,0
"Bánh ít lá gai ăn rất ngon, chả ram tôm đất cũng ngon.
Sẽ gọi điện nhờ shop gửi ra Hà Nội.",0,0,0,0,0,5
"Thức ăn ổn, không có gì đáng chú ý. Tôi gọi cà phê nóng và nó ấm, gần như nguội. Tuy nhiên, nước ép trái cây họ mới làm, đó có lẽ là thứ tốt nhất mà tôi có. Dịch vụ kém. Đã cố gắng gọi cho các máy chủ nhưng họ quá bận trên điện thoại của họ. Sau đó, sau một thời gian, họ thực sự bắt đầu quét và lau sàn nhà trong khi khách hàng đang ăn. Bên trong quá tối, có lẽ cần nhiều ánh sáng hơn?",1,0,0,3,0,0
"Địa điểm trung tâm Phố Biển. Trên ban công tầng 12 mình ở nhìn ra biển rất thích. Tiện nghi phòng ok,tuy hơi cũ.",0,3,0,0,0,0
Phòng 'AC là trung tâm nên rất nóng khi mới vào phòng. AC mất nhiều thời gian để hạ nhiệt. Ngoài ra cửa phòng vệ sinh khó ra vào vì phòng vệ sinh nhỏ.,0,3,0,0,0,0
"Tác phong nhân viên tạm được, các line tính tiền chả hiểu sao lại không chịu mở ra nhiều nhiều chút.",0,0,0,0,0,4
"Quán chỉ hợp ăn chơi, bạn nào muốn ăn hải sản đầy đặn chất lượng thì nên chọn quán khác nhé.",0,0,0,2,0,0
"Toilet bố trí không phù hợp lắm. Gương lớn chiếu vô giường khó ngủ. Cách âm kém, ồn.",0,3,0,0,0,0
"Cơ sở xuống cấp trầm trọng, đi vào thì nv đang ngủ, kêu mãi mới có người, lên phòng xông hơi thì đợi nó bật máy cả tiếng chưa có hơi nóng. phòng ốc hôi kinh dị.",0,1,0,0,0,0
"Món đa dạng, vị ổn, ăn được, giá hơi cao, không gian đẹp, phù hợp cho khách du lịch và đoàn khách, nhưng để nhớ tới món ăn thì ... có vẻ chưa.",0,0,5,0,0,0
"Một tập đoàn lớn mà không có 1 phòng nhỏ cho anh em tài xế nằm nghỉ ngơi,để tài xế đi lang thang
Sếp tôi là member,là khách đang sử dụng dịch vụ bên phía bạn,tôi chở sếp đi chơi golf thì tôi cũng là khách,khách đến nhà không trà thì cũng rượu
Không có nổi 1 cái room cho ae tài xế nghỉ ngơi thì có xứng đáng dc 5 sao ko ?,tôi xin phép cho tạm 1 sao",1,0,0,0,0,0
"Phòng sạch sẽ, thoáng, nệm êm, đầy đủ thiết bị",3,0,0,0,0,0
"Mình được bạn giới thiệu cho tour kỳ co trọn gói 300k trên fanpage Du lịch biển Bảo Nam, thế là thấy cũng ok nên đặt tour bên đó luôn. Sáng cùng đồng bọn đến Nhơn Lý, anh chủ ra đón đến nhà hàng cực kỳ thân thiện. Tầm 9h đi cano ra kỳ co, cano xịn ghê, đi tầm 10p là đến đảo rồi. Bọn mình tha hồ chụp ảnh tắm biển các kiểu,cảnh đẹp mê hồn. trưa anh hướng dẫn viên của Bảo Nam đưa bọn mình ra bãi dứa lặn ngắm san hô thỏa thích xong về nhà hàng tắm nước ngọt, ăn hải sản muốn ngập mặt luôn, 8 món. là lá la nghỉ ngơi một lúc bọn mình về lại QN. Chuyến đi quá tuyệt, dịch vụ ok",5,0,5,5,5,0
"Ở qui nhơn nghe có nhà hàng quê hương nổi tiếng lắm , đi đâu cũng nghe tiếng hết trơn có tới 2 chi nhánh lận , mà sao mình lại không thích quán này cho lắm và cảm thấy không ngon . nhân viên phục vụ có vẻ không thân thiện , mặt chẳng thân thiện tí nào . menu có nhiều món , giá cả cũng được . mình ăn địa chỉ 2 cảm thấy ở đây hơi tối và nóng nực . cơm khá nhạt , hơi mềm. gà giòn nhưng cũng bị nhạt mất , ăn chả thấy ngon gì hết . chắc sẽ không quay lại",0,0,2,2,0,0
"Chỗ ngồi đủ thoải mái nhưng các cabin có xu hướng nóng lên khá nhanh vào chuyến đi buổi sáng (full cabin). 
Về cơ bản, bị giam ở trong nhà, mặc dù bạn có thể đi bộ xung quanh bên trong thuyền.Trong chuyến trở lại của chúng tôi, một nhân viên đã đậu xe máy của mình tại một trong những khu vực xem (Chỉ có 2 người một lúc). lần tới",0,0,0,0,2,0
"Không hài lòng về cách trả khách. Xe thả số ít người về Quy Nhơn xuống khu vực Phú Yên, kêu chờ xe sau lên chở nhưng xe sau còn xa, xe sau lên phải ngồi tạm chật chội để tới Quy Nhơn trong khi bỏ tiền ra nguyên chặng giường nằm. Cần thay đổi cách vận hành và điều phối, anh phụ xe cũng có trách nhiệm ở lại cùng khách nên mới bắt được xe.",0,0,0,0,1,0
Phòng 4 người nhưng chỉ cho 2 đôi dép muốn mang phải mượn,0,2,0,0,0,0
"Gia đình chúng tôi 16 người đến quán và đã đặt bàn sẵn, thật sự các món ăn ở đây rất ngon và độc đáo. Đặc biệt tôi là một người con sinh ra và
 lớn lên tại vùng đất này tôi rất thích ăn các loại mắm, quán đã mang lại cho tôi một món ăn đậm chất quê hương, mang lại hoài niệm mà bất cứ người con xa quê nào cũng nhớ “ mắm nêm ăn với bún”. Chúc cho quán ngày càng phát triển",0,0,5,5,0,0
Điểm cố hữu của các sân bay địa phương là khó khăn trong việc làm vé và thực hiện chuyến bay.,0,0,0,0,3,0
Xe đi qua khúc đỗ xăng một lúc thì quay lại để đổ xăng làm tốn thời gian. Còn dừng đi vệ sinh lúc 1h30 sáng ở bãi đất trống,0,0,0,0,2,0
"Bữa sáng ngon miệng, nhà hàng hơi nhỏ vào giờ cao điểm (7-8 giờ sáng) thường không còn bàn trống",0,0,0,3,0,0
"Tôi đều ghé Kim Đình mỗi lần đến Qui Nhơn. Nằm ở vị trí đắc địa, đường Nguyễn Huệ, trước mặt là công viên rộng với cây xanh cao vút quanh năm rì rào gió biển. Quán có thực đơn khá phong phú: chè, sinh tố và cả bánh bèo phong cách Quy Nhơn. Ngon, mát mẻ, giá bình dân là đặc điểm của Kim Đình.",0,0,5,5,0,0
"Nhân viên dễ thương, nhiệt tình",0,5,5,0,0,0
"Gia đình đã có dịp trải nghiệm dịch vụ ở đây. Tất cả các Phòng đều có View biển đẹp, món ăn ngon, nhân viên phục vụ rất ân cần, vui vẻ. Mình sẽ giới thiệu bạn bè biết đến.
Khách sạn có Nhà hàng Hoa lớn nhất Quy Nhơn, món ăn rất ngon",0,5,5,5,0,0
"Với các bạn ăn khỏe thì quán có cơm, rau salad và nước sốt ăn thêm, không tính thêm tiền.",0,0,0,3,0,0
Yêu nơi này. Không khí tuyệt vời. Thức ăn ngon và nhân viên rất thân thiện. Chúng tôi đến đây hai lần trong một ngày để thử những thứ khác nhau.,5,0,5,5,0,0
Chất liệu và màu sắc của ghế sofa nhìn không được sang trọng và phù hợp với khách sạn 4 sao.,0,2,0,0,0,0
"Tôi đến đây 2 năm trước, và gần đây vừa trở lại cho một chuyến thăm ngắn. Thức ăn hơi khác so với những gì tôi nhớ nhưng nói chung là rất tốt. 
Không khí ấm cúng và đội ngũ nhân viên tuyệt vời như mọi khi. Rất khuyến khích khi bạn đi du lịch một mình, bạn không thể tìm thấy những người bạn mới ở bất cứ đâu nhanh hơn thế này.",5,0,5,5,0,0
"Sân bay thiết kế đẹp, thoáng mát. Các sản phẩm đặc sản địa phương đa dạng nhưng hầu hết du khách sẽ không mua đồ ở sân bay vì  giá khá cao. khu vực chờ được bố trí rất khoa học và thoải mái.",0,0,0,0,4,3
"Nói, sin chow (xin chào), khi bạn vào và nói, hãy tiếp tục (cảm ơn bạn), khi bạn đã hoàn thành. 
Xe taxi thường chỉ có một vài đô la vì vậy làm tròn số dễ dàng và chỉ tốn của bạn khoảng 26 xu nhiều hơn.",0,0,0,0,3,0
"Mình ko thích pizza lắm, lớp vỏ bánh quá dày Tuy nhiên, với giá cả này thì chất lượng vậy là ổn Phục vụ lâu, chờ hơn nửa tiếng mới ra món😔😔😔 Ko gian quán hẹp",0,0,0,2,0,0
"Thị trường Mẹ và Bé Quy Nhơn về mặt chung shop này bán giá cả rẻ hơn các shop khác, tư vấn tận tâm, duyệt.
",0,0,0,0,0,5
"Hơi tệ, nhân viên nhiệt tình nhưng có lần ko biết giá nước, phim gắn 16+ thì tại sao lại có những đứa u10 vào ồn ào, mất trật tự.",2,0,0,0,0,0
"Đa phần mình hay vào đây xem phim & ăn uống, giá rất ok, ko quá mắc lại rất sang & đẳng cấp 👍",2,0,0,0,0,0
"Đồ ăn khá ngon, thực đơn phong phú, cách phục vụ khá chuyên nghiệp.",5,0,5,5,0,0
Nước hồ bơi cảm giác không sạch lắm.,2,3,0,0,0,0
"Là một quán nhậu, với cách nấu và bài trí bình thường, tôi đã làm birtbday cho con gái ở đây, được nhà hàng trang trí và có 2 chú gấu đón tiệc rất dễ thương, tôi thích nhất món cá chình nướng muối ớt của nhà hàng",0,0,0,3,0,0
"Cô chú vs mấy bạn bán hàng vui vẻ thân thiện, tư vấn tận tình, bạn nv đóng hàng siêu cẩn thận. đồ ngon giá cả hợp lý. Thanh toán cô còn giảm giá cho mk. 1địa chỉ uy tín để mọi ng mua quà khi đến quy nhơn
",0,0,0,0,0,5
Có  ship  hàng hóa  thì  nhớ  thứ  ngày  đi nói  đợi  4 tiếng  là  có  hàng về  cho anh chị  mà  chờ  hoài  ko có  đành phải lên chở  về  mất  uy tín quá,0,0,0,0,0,2
Thức ăn không tươi + không ngon + phục vụ siêu chậm như không muốn tiếp khách. Never come back và cũng ko giới thiệu bạn bè,1,0,1,1,0,0
"Giá cả chuẩn, phục vụ nhiệt tình, nhiều đặc sản địa phương, nên mua tại đây vì được nhiều cô chú địa phương giới thiệu.
",0,0,0,0,0,5
"Mình đi 4 người gọi phần 4 người thì quán mang ra 1 phần như ảnh. Tất nhiên dĩa rau như vậy sẽ khôg bao giờ đủ cho 4 người. Mình ăn hết rau và xin thêm dĩa nữa, lúc sau tiếp tục xin thêm 1 dĩa rau và bánh tráng cuốn. Sẽ không có chuyện gì nếu như lúc tính tiền quán bảo xin 2 lần rau và 1 lần bánh tráng nên tính thêm tiền 10k 😅😅😅😅😅. Nói chung 10k cũng ko là vấn đề nhưng vấn đề ở đây là ở Quy Nhơn ăn thêm rau cũng tính tiền hả mng ơi ?? Điều này ko hề xảy ra ở địa phương mình (Đà Nẵng) nên đây là một sự bỡ ngỡ ko hề nhẹ :)))) mng đi du lịch ăn quán này nhớ hỏi trước khi ăn nhé ạ !!",0,0,0,2,0,0
"Phòng gần thang máy, cách âm không tốt nên thang máy chạy là nghe tiếng.",0,3,0,0,0,0
"Sân bay Quy Nhơn không dùng vào mục đích như tên gọi từ khoảng năm 1995-2000 trở đi rồi, thời đó mình chưa tới 10 tuổi, giữa Lê Duẩn và Diên Hồng là các bãi đất trống, vị trí đậu máy bay trực thăng ở ngay Ngân hàng VIetcombank bây giờ, mỗi lần có máy bay đáp là mấy đứa nhỏ từ khắp xóm xung quanh, từ các con hẻm chạy ùa ra để xem, cánh quạt máy bay trực thăng gần đụng vào vị trí đứng xem của lũ nhóc bọn mình. Quy Nhơn ngày ấy đất rộng, bình yên, không bao giờ gọi là TP du lịch như bây giờ. Sau năm 2000 thì bắt đầu quy hoạch xây dựng ngân hàng ở khu này, mình đá banh từ năm 2000 đến năm 2008 đến lúc học ĐH thì bãi đất ở Vietcombank là bãi đất cuối cùng còn xót lại đã được xây lên, riêng vị trí công viên bãi cỏ cột cờ như bây giờ từ khi không dùng làm sân bay thì nổi lên là điểm thả diều vào dịp hè, thời gian gần đây tỉnh nhà phát triển du lịch, ốp đá, tạo không gian đi bộ văn minh và sạch đẹp, tuy nhiên vẫn còn nhiều người không ý thức vứt rác bừa bãi, chỉ có đi tuần tra, bắt xử phạt mới nâng cao ý thức được thôi, còn cứ bỏ đó thì vẫn cứ xả bừa bãi.",3,0,0,0,0,0
Nhân viên làm thủ tục nhận phòng muốn thu thêm tiền trẻ em 12 tuổi. Trong khi trên boking đã ghi rõ số lượng người lưu trú và tuổi các cháu.,0,1,0,0,0,0
"Đi tháng 10 biển động mạnh không qua hòn khô được, biển dân sinh tự khai thác đường khá xấu và cực kỳ nhiều rác
",2,0,0,0,0,0
Quán phục vụ nhanh và thân thiện. Dễ tìm và rộng rãi. Đồ ăn ngon và giá cả phải chăng. Sẽ quay lại 👌,0,0,4,4,0,0
Ks 4* ăn sáng quá nghèo làn. Ở 3 ngày mà cả 3 ngày cũng chỉ có vài món giống y nhau ko khác. Cửa ko cách âm. Nói chuyện ở hành lang là trong phòng nghe hết.,0,1,0,1,0,0
Giá bình thường như mọi quán. Thức ăn hơi thừa muối.,0,0,0,2,0,0
"Quà của shop rất đẹp , gói quà đẹp , nhân viên tư vấn nhiệt tình  giao hàng nhanh . Sẽ ủng hộ shop lâu dài.
",0,0,0,0,0,5
Chả giò không ngon và khá nhiều dầu mỡ. Phở rất ngon và đồ uống rẻ.,0,0,0,3,0,0
"Mình có người quen giới thiệu,ăn nhưng khi đến đây mình quá thất vọng,NV xem thường khách,đồ ăn thì toàn leo teo ko ra ra gì hết,toàn đồ đông lạnh,mà giá bán quá cao,so với những nhà hàng khu đó.thất vọng",0,0,0,1,0,0
"Quán chuyên bán các loại hản sản như ốc các loại, sò , nghêu, xìa, vẹm xanh, hàu, tôm, ghẹ hấp, nướng. Ngoài ra còn có bán cả trứng tan, nem nướng, chả ram, kem plan, rượu nếp, bia rượu và nước giải khát các loại. Không gian hơi nhỏ và khá ít bàn ghế , nhìn sơ qua không mấy ưng ý cho lắm . Giá cả ở đây nói chung là cao hơn so với mặt bằng chung. Giá tầm 15k- 30k, một số món theo thời giá. Ốc trộn không ngon cho lắm . Càng cúm núm 40k một phần ngon nhưng hơi ít .",0,0,0,3,0,0
"Chả hiểu cái mạng tại BigC sao mà quẹt PC covid k thèm ra mã luôn, mọi thứ còn lại khi đi siêu thị tạm ổn, ah, mình muốn mua lẻ chuối thì k bán lẻ như coopmart (1 nải nhiều quá mình ăn k hết lại hư uổng)
",0,0,0,0,0,3
"Mua 2 lần trong 2 ngày thì được giao 2 loại bánh khác nhau, chất lượng và mẫu mã khác nhau. Ngày đầu gói bằng lá chuối, ngon, dẻo, nhân nhiều. Ngày hôm sau lại giao bánh gói bằng giấy , bánh nhão, nhân ít, người giao hàng nói là do bánh mới làm nên như vậy. Ngày hôm sau bánh sẽ dẻo. Nhưng sự thật không như vậy. Bánh vẫn nhão. Nên cẩn thận khi mua ở đây.
",0,0,0,3,0,3
"Resort tự dán mác 5 sao, giá thì 5 sao nhưng chất lượng chỉ đáng 3 sao, phần xây dựng, tiện tích chỉ 2 sao.
Phần xây dựng xuống cấp, trần hành lang bong tróc từng miếng, nước chảy thấm thành vệt hở hoác, tường lem nhem lồi lõm rất xấu, sơn bạc màu hết k thây sửa chữa, cửa phòng cả cửa chính và cửa trong phòng mốc ố đen bẩn, cửa ra lô gia kéo gãy tay mới được, phòng wc thì ổ cắm chỉ dành cho dao cạo râu, k sấy tóc được, sàn dùng nhựa đi chân đất cảm giác rất bẩn, thiết kế nội thất k sang trọng. Hành lang nối từ lễ tân sang khu nhà hàng bị cắt điều hòa đi nóng khó chịu.
Buffet sáng thì siêu tệ, đồ ít, ở 5 ngày thì 90% món là giống nhau, chỉ ngày đầu + cuối có đổi 1 món. Resort biển nhưng chỉ có 1 ngày đầu có 1 món cá là đồ biển, còn lại toàn đồ ăn nhanh như ở thành phố.
Bể bơi tiếp tục là điểm trừ, nước đục nhờ nhờ chắc phải 1 tháng chưa thay nước, phòng wc giữa bể bơi nhìn bên ngoài bẩn thỉu k được dọn dẹp, cửa dán decal lung tung, đèn k có, chỉ dẫn k có nên cũng k dám vào bên trong.
Ở quá xa Quy Nhơn nên nếu đi lại tpho chơi thì hơi tốn tiền taxi.
Biển nằm cạnh làng chài nên k sạch lắm, đi tắm vớt dc 1 đống vỏ gói mì tôm.",1,1,0,1,0,0
"Mình với bạn mình đã có chuyến du lịch tại Nha Trang và Apus là nơi đầu tiên mình lựa chọn ở lại. Là du khách lần đầu trải nghiệm tại đây nhưng nhưng nhân viên luôn luôn hỗ trợ mình rất nhiều, giới thiệu nhiều địa điểm đẹp. Không có lí do gì mình không quay trở lại Apus Hotel trong thời gian sau.",0,1,0,0,0,0
Vừa bị lừa từ một chiếc taxi đã đổi 500000 của tôi thành 20000 đừng nhảy lên một chiếc taxi từ phố vui. Tổng cướp. Một chiếc taxi 2 chỉ tốn 22,1,0,0,0,1,0
"Âm thanh quá dỡ, nhân viên phục vụ không chuyên nghiệp
",2,0,0,0,0,0
"Vị trí quá đẹp, gần biển, gần quảng trường. Chất lượng khách sạn kém, nhà vệ sinh, máy lạnh có vấn đề. Có cảm giác như nhà trọ.",0,3,0,0,0,0
"Hàng hoá đa dạng , giá cả hợp lý , nhân viên tư vấn rất nhiệt tình và đặc biệt dịch vụ Vinmart có dịch vụ đi chợ hộ rất tiện cho khách hàng trong mùa dịch này luôn 🙂",0,0,0,0,0,5
"Nhân viên lịch sự mà khi xuống xe để đi trung chuyển trong nội thành thì xe trung chuyển bắt khách chờ 30’ (ai vội thì tự bắt xe khác đi?)
",0,0,0,0,2,0
"Đa dạng về các đặc sản của miền trung, tạo sự phong phú khi khách mua.
Giá cả đa dạng từ thấp lên cao, hợp túi tiền của từng đối tượng khách.
Không gian rộng rãi, thoáng mát, sạch.
Không thúc ép khách hàng, nhân viên dễ thương.
",0,0,0,0,0,4
"Sân bay nhỏ,vắng khách,làm thủ tục nhanh ,có nhiều hàng quán,giá cả dễ chịu
",0,0,0,0,3,3
"Tôi thấy toàn review tốt và rate 9.2 ngạc nhiên quá, có lẽ có tiểu xảo. Vợ chồng mình vào, tổng cộng có 1 bàn đang ăn, bên ngoài có khoảng 3 kí ngao, 2 kí sò lông, 4 con ghẹ, 2 con tôm hùm và 1 con cá song, còn lại không có gì. Nên đành ăn cơm trứng, thịt lơn với giá không hề rẻ. Ở đây so sánh nhanh tôm hùm bán 1,8 tr trong khi Hoàng Thao 1,3tr/kg. Quán cũng bình dân, được cái nhân viên tận tình.",0,0,0,1,0,0
"Nên biết lựa và trả giá, đi bên này mua 180k ghẹ to qua chỗ khác có 120k. Mang về luộc thúi hết 2 con.",0,0,0,0,0,1
"Ở đây bán các mặt hàng đặc sản Bình Định. Sản phẩm đa dạng, giá cả phải chăng.",0,0,0,0,0,5
"Ngày 2 chuyến, tàu đi chậm , hết 2 tiếng, tàu cũ kỹ, cần được cải thiện cho người dân đi chuyển thuận tiện hơn
",0,0,0,0,3,0
"Sân bay OK, mới tới lần đàu nhưng ổn",0,0,0,0,3,0
"Mình đã mua đặc sản về làm quà tại đây giá rất ok
Mọi người ai cần mua đặc sản về làm quà theo bản đồ chỉ dẫn rất dễ tìm để mua quà nhé",0,0,0,0,0,5
"Đến nơi bảo vệ đòi tiền tip, không bán vé khách lẻ, không cụ thể trong việc bán vé, không có chỗ đậu xe. Khách lẻ bắt phải ghép tour với khách đoàn nếu Bảo vệ liên hệ ghép tour. Trải nghiệm rất tệ, bắt xe lên và về không được gì. T
",2,0,0,0,0,0
"Nước không ngon, nhạc quá lớn và không phù hợp với không gian. Phục vụ chậm.
",0,0,0,2,0,0
"Lẩu hải sản không được ngon lắm. Giá trung bình chứ cũng không rẻ. Sạch sẽ, nhân viên nhiệt tình",0,0,0,3,0,0
Tránh nơi này! Bánh tráng cuốn khi sờ vào rất cứng và có mùi vị rất lạ. Họ tưới cây trên tường phía trên bạn bằng hệ thống phun nước. Nước rơi xuống thức ăn và đồ uống của bạn.,0,0,0,2,0,0
"Bữa ăn 5 người có khách ta, khách tây. Gọi đồ ăn lâu, Nhân viên phục vụ chậm và không tư vấn được cho khách",1,0,0,0,0,0
"Hôm nay gia đình tôi đến nghĩ dưỡng FLC, cạnh đó có vài nhà hàng tuy nhiên sau nhiều vòng xe tham khảo tôi đã ghé đến nhà hàng bảo nam. Nhà hàng thoáng mát có sân vường rộng rãi Có hồ hải sản lớn tùy mình lựa chọn hải sản tươi sống Mình thấy nhân viên phục vụ thiệt tình chu đáo Đồ ăn thì củng vừa miện, giá thì củng hợp túi tiền bình dân Đánh giá nhà hàng 3* rất hài lòng",0,0,5,5,0,0
"Bình thường mình đánh giá khá tốt về Quán ăn ngon và mình thích Quán ăn ngon ở Phan Đình Phùng vì không gian đẹp, ko quá ồn ào. Nhưng mới đây, nhân viên có thái độ phục vụ ko tốt lắm, chờ mãi mới có bạn ra ghi order đồ ăn rồi cách phục vụ rất ư là thiếu nhã nhặn với khách.",1,0,0,4,0,0
"Vẫn những trò chơi cũ thêm được 1 trò mới là nhà nhún. Nhưng là điểm tốt nhất ở Quy Nhơn để đưa trẻ đến chơi vào các ngày Lễ Tết. Còn ngày thường thì hầu như đóng cửa. Có nhiều trò vận động và tư duy cho trẻ em khi đến đây như lái xe, tàu điện, tàu lửa siêu tốc, nhà banh, trò chơi cảm giác mạnh, phao nổi, tô tượng, vòng quay, chuồng ngựa... Ở đây dịch vụ đều mang tính chất tự phát nên chưa có bài bản và quy mô, do đó cũng chỉ phục vụ vào cuối tuần và các ngày nghĩ lễ là chính. Giá cả bình quân từ 20-25.000 đồng 1 trò chơi tầm 3-5 phút mỗi trò. Giá mềm nên bay vèo 100.000 đồng vài phút rất nhẹ nhàng, êm ái
",3,0,0,0,0,0
"Quá nhỏ, phòng đã cũ rồi nội thất không hiện đại.",0,1,0,0,0,0
"Big C các mặt hàng rất đầy đủ, đa dạng, phong phú. Hiện tại tầng 3 đang sửa chữa nên sắp xếp đồ mới khó tìm. Chỉnh sửa lại rất đẹp, rộng rãi. Có CGV ở tầng 3 cũng rất tốt. Tầng 1 thì nhiều khu vực thay đổi liên tục. Có các quán cafe view cũng tương đối đẹp. Tầng 2 chủ yếu tầng game, mình ít đi tầng này nên không rõ lắm. WC ở đây cũng sạch sẽ lắm, nơi tụ tập đông người tầng nào cũng có wc mà lại sạch nữa, rất tốt.
",0,0,0,0,0,4
"Tính đến tháng 5 năm 2022, 60.000 ₫ đến sân bay. Khi đến từ sân bay cũng vậy. Tôi không biết vì không có thời gian biểu ... Tôi rời đi lúc đúng 3 giờ, vậy có thể một giờ lúc 0 phút mỗi giờ? 1 giờ đến sân bay. Xin vui lòng đến với nhiều thời gian.",0,0,0,0,3,0
Tệ! Chỉ giữ xe vé Tháng. Không cho khách gửi xe. Dẹp bán đồ đi. Làm bãi giữ xe Tháng,0,0,0,0,0,1
Quán có không gian rộng. Đẹp . Nhưng nhân viên còn chưa mấy hài lòng. Gọi đồ ăn làm hơi lâu. Rồi đem ra còn nhầm. Ly để uống trà sữa còn chùi rửa chưa sạch. Nhìn không mún ún. :3. Nói không phải chê. Mình góp ý để qans càng ngày càng tốt hơn.,0,0,0,2,0,0
Làm ăn lom com.giá quản cáo thì ok.nhưng đến quán giá thì khác.làm ăn hai mặt.ko đáng để khách du lịch đến.,0,0,0,1,0,0
"nhân viên có tâm, thấy bịch rau sà lách của khách có lá bị héo thì lấy ra rồi mới cân. Rất tốt, tiếp tục phát huy.
",0,0,5,0,0,0
"Ẩn mình trong khoảng sân cổ kính xinh xắn, chúng tôi nghĩ đồ ăn rất ngon và ngoài rượu, giá đồ ăn cực kỳ ổn sau Singapore và London. Sẽ cố gắng và phù hợp trong một chuyến thăm khác! Cá ngừ đại dương và vịt hầm",0,0,5,5,0,0
"Đồ ăn chủ yếu theo vị Âu, không hợp khẩu bị người Việt. Nhân viên phục vụ không thân thiệ, không có thái độ tốt với khách hàng",0,0,0,2,0,0
"Đây là quán kem tự chọn nà, thích ăn kem gì lấy kem này rồi đem ra cân, chả biết tính tiền bao nhiêu 1gr nữa.. Nhưng mà kem cũng không có được ngon lắm đâu, được cái là có nhiều topping... Ăn ở trong sài gòn ngon hơn nè. Ở đây có bán thẻ m bánh nữa, kì ghẻ, tiệm kem mà có bán bánh, bởi vậy nên đánh cũng không ngon luôn. Giá thì cũng bình thường thôi à. Quán thì sạch sẽ, đẹp đã, sống ảo tốt nè. Nhấn viên thì mình không thích lắm, kiểu như nhòn vô là không có cảm tình rồi. Vô tình ghé vô ăn thôi, không có ấn tượng gì quán này..hihi",0,0,0,3,0,0
"Chúng tôi đã ăn tối ở đây với gia đình và bạn bè. Việc phục vụ thức ăn rất hào phóng. Nhân viên rất có sức chứa & quan trọng hơn, thức ăn cũng ngon!",5,0,5,5,0,0
"Phòng có mùi khó chịu khi nhận phòng..máy lạnh kêu to,ồn khó ngủ..bể bơi trên sân thượng 10 năm chưa thay nước.",0,1,0,0,0,0
Vị trí khá bất tiện cho đoàn đi xe ô tô vì đường một chiều và nằm trong hẻm.,0,2,0,0,0,0
"Phòng hơi nhỏ , nhưng chủ yếu là tiếng ồn xung quanh quá nhiều .",0,1,0,0,0,0
"Điểm trung chuyển khách bằng xe buýt từ TP Quy Nhơn đến sân bay Phù Cát, giá vé từ 50-100k/người.
",0,0,0,0,3,0
"mấy lần đặt taxi gọi lên tổng đài đặt xe xong nhắn tin cho mình sdt tài xế này nọ xong đợi 1 hồi... tài xế không tới, gọi lại thì nói huỷ rồi
 nhưng không báo cho khách biết là không được, đặt lại cuốc khác cũng y chang nên thiệt là bất đắc dĩ lắm mới di xe của vinassun",0,0,0,0,1,0
"Hôm trước đi team với công ty mình có dùng bữa buổi trưa tại nhà hàng này. Món ăn đã được dọn sẵn ra bàn. 1 bàn 10 người cũng được khoảng 5,6 món. Cá chiên nếu nóng sẽ giòn ngon hơn. Cá nhiều thịt nhưng vì dọn trước đến lúc mình ăn cá đã nguội rồi. Mướp xào tôm và tôm rim thịt ăn tạm được. Có món canh cua rau đay là còn nóng nhiều cua. Nêm nếm vừa ăn được nhất trong các món. Nhà hàng này có view biển đẹp. View biển chủ yếu là quán cafe thôi, còn ăn sảnh bên trong khá nóng.",0,0,3,3,0,0
"Sau đó, anh ta chuyển tôi cho một người lái xe khác, vì anh ta tự xưng là quản lý. Người lái xe thứ hai này đã chuyển hành lý của tôi vào xe của anh 
ta (trông không giống xe Vinasun và không có đồng hồ đo). Người lái xe đầu tiên thông báo cho anh ta tiền để tính tiền cho tôi.",1,0,0,0,1,0
"Mỗi khi mình đi về Quy nhơn là luôn muốn thử món ngon sứ “Nẫu”. Bánh xèo vừa ngon giòn và tôm rất tươi. 
Mọi người ủng hộ quán nhé. Giá 30k/bánh đáng đồng tiền vì tôm vs thịt bò nhiều. Ăn đã luôn.",0,0,4,4,0,0
"Không hiểu vì sao quán này đc rate cao vậy luôn. Mình đến du lịch và tình cờ ghé vào, đến sớm quán chưa full mà phục vụ siêu chậm. Giá cả mắc so với mặt bằng chung ở Quy Nhơn - nếu không nói đây là bữa sáng phí mồm nhất mình ăn ở Bình Định! Giá ghi 35-50k/ phần, nhưng dọn ra là dọn chung vào 1 đĩa luôn và đồ siêu ít. Chưa kể, mình đi 4 người, gọi 3 phần (vì 1 ng không ăn được lòng) nên ngồi ăn ké bánh hỏi. Nhưng khi thanh toán vẫn bị tính 4 phần. Dọn chung vô 1 đĩa rồi phục vụ bảo bỏ 4 phần nên mình nhác cãi luôn. Nói chung ai du lịch thì tránh xa quán này dùm!",0,0,0,1,0,0
"Nhà hàng nấu khá ngon, vừa miệng người Việt, không quá chua tay như ở Thái Mình ăn món cua sốt khá ngon, cua chắc nhưng không được thấm sốt",0,0,4,4,0,0
"Thề, quán này ngồi mát với tâm sự bạn bè, hẹn hò với người yêu khá phù hợp. Nhưng điểm tệ nhất của quán là bao nhiêu năm qua không nâng cấp được thức uống ở đây. Phải nói thức uống ở đây khá tệ, không được món nào, đến nước chanh cũng pha hời hợt như nước đường vắt lát chanh vào cho có vị vậy.",0,0,0,3,0,0
"Vât dụng của giường k đc thay khi hết 1 chuyến quá hôi hám! Khi nói tiếp viên đổi thì tiếp viên nói k có đồ đổi đổi là đổi sao? Vật dụng mất vệ sinh có thể lây bệnh cho ng khác! Từ ng đi trước ! Trải nghiệm lần 1 sẽ k có lần sau!
",0,0,0,0,1,0
"Quán trông có vẻ đẹp,kem tuyết khá ngon, nhưng cái làm mình không bao giờ quay lại đây là thứ 2 là không gian quán khá bí,quán k có điều hòa nhưng cửa số thì đóng kín,bật cái quạt quay qua quay lại khá bần ^^ và cực kì nóng nhất là vào mùa hè, ngồi 1 tí thôi nhưng nóng k chịu nổi, 2 cái wifi 5 cục nhưng phải nói là chậm hơn rùa(load FB và youtube 144p không nổi), giá cả k tương xứng với chất lượng,nói ngắn gọn v thôi.",0,0,0,3,0,0
Hồ bơi hơi bẩn và để không đó hơi lãng phí.,1,0,0,0,0,0
"Đọc các nhận xét khác nhau, một số tốt từ những thực khách hài lòng, một số đánh giá trung bình mmm và một số từ những khách hàng quen không quá hài lòng.",0,3,0,0,0,0
"Quán có cơm gà, cơm món Mình đi 6 người, gọi dạ trường luộc, cá kho, tôm rim, gà chua ngọt, canh cá Đồ ăn được Có món gà chua ngọt là chế biến kiểu gỏi gà, không ngon, mà đắt Đánh giá chung là cũng ok",0,0,0,3,0,0
Một quán ăn tệ hại !,0,1,1,0,0,0
Mình đi công tác nên cần một chỗ trung tâm Đà Lạt tiện đi lại nhưng phòng phải thoáng một chút chứ ko phải ks nhà hộp ko có cửa sổ hay ánh sáng mặt trời. Mới ở lần này nhưng thấy phù hợp với yêu cầu của mình. Lần sau công tác sẽ ghé lại. Hẹn gặp các bạn tháng sau.,0,3,0,0,0,0
Phòng tầng thấp còn có muỗi,0,1,0,0,0,0
"Nhà Hàng ăn ngon và rất tốt, chất lượng, cảnh đẹp, nhân viên Truyền phục vụ rất chu đáo và nhiệt tình",5,0,5,5,0,0
"Sản phẩm giao đúng hẹn , ngon và nói chuyện với khách vui vẻ !
",0,0,5,5,0,5
"Quán này nước bt, không gian chỉ có 1 góc ở trên lầu là ok. Còn lại bt, đặc biệt không biết phải tại cách sắp xếp không gian của quán không, mà buổi tối đi rất ồn, không nói chuyện đc gì cả, toàn tiếng người là người y như quán Nice hồi xưa .",0,0,0,3,0,0
"Chất lượng sản phẩm tốt, nhiệt tình với khách hàng
",0,0,0,0,0,4
"Được bạn bè giới thiệu vô đây là ăn quán nầy vì nghe đồn rất nổi tiếng, nhưng mình thấy cũng chả đặc sắc lắm, chưa kể là khá thất vọng. Quán ăn trông cũng sạch sẽ, phục vụ thì chỉ lẳng lặng đem đồ ăn, chả nói năng gì hết trơn á. Bún thì lèo tèo, ít lắm, cũng có chả cá, giò, hành lá, lạc, giá...cơ bản giống bún cá của mình nhưng k có cá nha. Nước thì bị ngọt, không hợp vị lắm, chắc do mình không ăn hợp đồ ăn của cái eo đất nước. Đến vùng đất mới thì nên thử đồ mới, nên cũng không có gì là tiếc cả. Ăn cho biết, có kinh nghiệm cho lần đi sau.",0,0,0,2,0,0
"Dịch vụ tốt, không khí trong lành, hậu mãi. Phát huy tốt hơn nữa
",0,0,0,0,0,5
"Khách sạn dơ, không vệ sinh cẩn thận, mặt kính đóng bợn, bình nước nóng đóng mốc, review có vẻ tự đánh giá.
Edit: mình nói thêm là hình mình chụp là SAU KHI đã xuống lễ tân bảo vệ sinh lại phòng cho mình rồi, nhưng kết quả thì như hình.",0,1,0,0,0,0
"Dịch vụ quá bèo.ViP chỉ matxa thông thường. Ngoài ra giá cả thì cần gì tính giá trên trời. Quản lý phục vụ quá nghiệp dư. Tốn tiền vô ích. Đào quá tệ
",2,0,0,0,0,0
Tôi đã dừng chân ở Qui Nhơn hai ngày với bạn tôi và chúng tôi chỉ ăn ở nơi này.,0,0,0,3,0,0
Đi mùa vắng khách (sau dịch Covid) nên khu tập gym và bar ko hoạt động.,0,2,0,0,0,0
"Đôi lúc điều hòa hơi khó điều chỉnh, bố trí điều hòa trong phòng chưa làm mát được cả phòng nhanh chóng.",0,2,0,0,0,0
"50k vé vào cổng và .... chỉ có tham quan. Khu vực rất rộng và rỗng, không có quá nhiều hoạt động vui chơi hay thăm thú, ít trò chơi, ít khu ngắm cảnh, ít chỗ chụp hình. Vé chơi trò chơi cũng khá mắc.
Cảm nhận chung nếu đi teambuiding mua vé trọn gói trò chơi thì chắc sẽ đỡ chán hơn. Còn tham quan, ngắm cảnh, mong chờ giống Đầm Sen hay Suối Tiên thì ... thôiiii.",3,0,0,0,0,0
Mình thường ghé qua đây mua bánh tráng dừa mang vào SG làm quà.,0,0,0,0,0,5
"Cửa phòng tắm không khít, nước nóng phải chờ nước chảy vài phút mới nóng. Phòng hơi nhỏ.",0,3,0,0,0,0
"Nhà hàng nhỏ nhưng không gian rất thoải mái, dễ chịu, món ăn rất phù hợp với khẩu vị của mình, đặc biệt là nước chấm gia vị rất ngon. 
Các loại nước uống cũng đa dạng.",0,0,5,5,0,0
"Đường xung quanh chợ ko giao thông được. Rất bẩn và mua bán hổn độn.!!!!
",0,0,0,0,0,2
Mình hài lòng về phong cách phục vụ 5 stars tại đây. Bạn Truyền và Yến luôn nhiệt tình hỗ trợ cho nhà mình,5,0,5,0,0,0
"Mình vừa đặt một con gà thả vườn ở nhà hàng Mộc Viên, nửa con nướng, nửa con hấp cùng với bộ lòng xào mướp. Từ lúc mình đặt thì khoảng 1 tiếng sau thì đã xong, lúc mình mang về gà vẫn còn nóng. Cả nhà ăn xong ai cũng nói gà khá ngon, ăn vừa miệng. Đặc biệt, mình rất thích phần đồ ăn kèm rất là nhiều như dưa chua, dưa chuột, cà chua và rất nhiều loại nước chấm khác nhau (tuỳ theo sở thích mỗi người). So với mặt bằng chung tại Tp.Quy Nhơn thì 1 con gà/195k cũng không quá đắt, cũng không rẻ quá, tóm lại là giá cả phải chăng, đồ ăn ngon, thế thôi!",0,0,5,5,0,0
Giá service khá hợp lý,0,3,0,0,0,0
"Đồ quá nhiều! toàn mẫu mới hàng mới mà giá quá rẻ, 1 chiếc maxi xịn sò chỉ có 100k còn được tặng kèm theo mũ rộng vành và túi xách. Dịch vụ tốt, thủ tục đơn giản nhanh gọn, được freeship tận khách sạn... Quá tuyệt vời!
",0,0,0,0,0,5
"thái độ nhân viên Việt có vẻ mất dạy, còn mọi các nhân viên khác ok
",0,2,0,0,0,0
Rất tệ quán thì mưa dột chuột gián bò ngổng ngang đèn thì k có tường thì rỉ sét cứt chuột lum la . Tôi sẽ không bao giờ tới quán này nữa,0,0,1,0,0,0
Không có miễn phí nước suối,0,3,0,0,0,3
Chỉ cần trở về từ một ổ taxi với công ty này. Tôi đã bị lừa bởi một trong những tài xế của họ khi đang thay đổi.,1,0,0,0,1,0
Mr. Thông đã hỗ trợ tôi rất nhiều trong kỳ nghỉ vừa rồi. Tôi đã quên đồ và anh ấy đã trợ tôi lấy lại đồ của mình.,0,3,0,0,0,0
"Mình uống ở Chất 2. Nhân viên quán không hề thân thiện với khách. Lúc mình ra lấy đồ uống, 2 tay bưng khay nên ko mở cửa vào được, nhiều nhân viên đứng gần đó nhưng không ai giúp mình, họ chỉ nói chuyện với nhau hoặc lướt điện thoại. Lúc mình hỏi về menu cũng chỉ trả lời qua loa, giống như muốn đuổi khách đi 😒",0,0,0,1,0,0
"Gọi đồ hàng tiếng không bê ra, gọi tính tiền thì kêu ""bếp đang làm"" và không cho thanh toán mà bắt phải lấy hết nhưng vẫn không bê nốt đồ lên. Sau nửa tiếng sau thì món vẫn không lên nổi và nó đành phải trừ chỗ đó vào hoá đơn, mặt sưng lên như cái l trâu. Phục vụ kiểu bố đời, một lần đến tởn đến già!",0,0,0,1,0,0
"Đoàn nhà mình thử hết các loại của quán, không thích bánh xèo trứng lắm, các loại còn lại ngon, đặc biệt bánh xèo tôm đất. Rất ấn tượng với góc rửa tay của quán. Nhân viên nhiệt tình, thân thiện nhưng không nên cằn nhằn khi khách xin thêm rau sống vì đoàn mình ăn rau rất nhiều :)))))",0,0,0,3,0,0
Bãi xe không thuận tiện,0,2,0,0,0,0
"Xe chạy ẩu và vô trách nhiệm. Hẹn khách cho khách chờ mà không đón. Gọi không nge. Lái xe thì lái ẩu . Chạy bất chấp tính mạng hành khách . Nguy hiểm
",0,0,0,0,2,0
"Ấn tượng với không gian ở đây, không gian nhà gỗ nhưng rất sang trọng, ấm cúng. Có nhiều góc chụp để checkin sống ảo. Giá cả phù hợp, cà phê rẻ chỉ từ 9.000 đến 10.000/ly à, ngoài ra còn những loại nước ép, trà lipton.. Tuy nhiên, menu món nước ít đa dạng như các quán cfe khác. Ở đây có phục vụ cơm trưa, tối nữa, những món ăn dân dã như cơm niêu, cá kho, canh riêu..rất thích hợp cho những bữa tiệc công ty, gia đình, các đoàn tour khi du lịch tới Quy Nhơn. Mình cực ấn tượng với món gà quay kèm xôi lên mẹc ở đây, ngon đậm đà. Giá cũng rẻ nữa, đi nhóm 4 5 người gọi 1 gà quay và thêm ít món nữa, ít lon bia mà chưa tới 500k. Nhìn bill mà thấy ngạc nhiên gà 195.000/con, tụi mình còn tưởng nhà hàng tính nhầm nữa cơ :)). Nói chung là hài lòng 👍👍",0,0,5,5,0,0
"Không gian yên tĩnh có chỗ ngồi uống cà phê, sạch sẽ, dễ di chuyển, thái độ nhân viên phục vụ tốt",0,0,5,0,0,0
"Trước đây mình rất thích phở 10 Lý Quốc Sư, nhưng tháng 7/2014 vừa rồi mình qua ăn hơi thất vọng.",0,0,0,2,0,0
"Mình đi 4 người ghé qua Quy Nhơn, thấy quán có review cao nên ghé vào ăn.
Mình gọi bún thập cẩm có sứa khá khó ăn.
Vị nhạt nhẽo.
Trong quán bày bán hàng hóa như trạm dừng phục vụ xe khách.
Giá cao so với chất lượng.",0,0,0,2,0,0
"Không còn ngon như trước, thấy có khách đoàn ghé nên không còn chú trọng vào thức ăn , giữ xe chảnh chẹ",0,0,0,2,0,0
"Cần đưa đội hình xe mới vào phục vụ, các xe cũ đã xuống cấp. Cần nâng tần suất chuyến xe trên các tuyến để dân đi lại thuận tiện tiết kiệm thời gian.",0,0,0,0,2,0
"Giá vé không đắt. Bạn phải trả 15. 000 VND cho một vé. Thời tiết tốt, nhưng con tàu không được nhìn thấy hiện đại.",0,0,0,0,3,0
"Hải sản ở đây ngon, giá bình dân hơn nhiều siêu thị khác.",0,0,0,5,0,5
"Quán không gian được, âm thanh cần cải thiện hơn nữa. Nội thất trang trí cần thú vị hơn. Nhìn chung quán khá tốt
",0,0,3,3,0,0
"Quán nằm ngay bờ biển, không gian thoáng đãng, mát mẻ thích hợp cho những ngày hè. Trang trí đẹp, phù hợp với giới trẻ. Đồ uống tạm ổn.",5,0,5,4,0,0
"Quán cũng khá bình thường, nếu bảo mình cho điểm thì mình chỉ cho điểm được thôi. Vì mình ăn thấy không có gì đặc biệt. Cả bò lẫn mì cay. Được một cái là nồi mì rất nhiều và đầy. Mỗi người ăn một thố là đảm bảo ăn không nổi cái gì nữa là no mất rồi. Mình thấy bò né ít quá,có vài miếng còn trứng thì chiếm chủ đạo rồi. Còn mì cay thì lèo tèo một ít hải sản với nấm kim châm. Nước chấm khá là nhạt, chung quy chỉ là được thôi chứ không ngon.",0,0,0,3,0,0
"Bữa trưa đầu tiên tớ ăn ở đây, tớ gọi cũng khá nhiều món. Cơm gà là món must try ở đây nhg tớ thấy cũng bình thường, cơm thì theo kiểu nửa cơm nửa xôi nên ăn lạ miệng tí thôi, gà xối mỡ ăn cũng ko có gì đặc sắc lắm. Quán rất đông, chủ yếu là khách du lịch. Giá bt nếu so với HN nhg là đắt nếu so với mặt bằng giá của QN)",0,0,0,3,0,0
"Sân bay khá là nhỏ. Chỉ phục vụ các chuyến bay trong nước. Tầng 2 có nhiều cửa hàng bán đồ đặc sản như cá ngừ, mực khô, nem, các loại bánh và hải sản khô. Giá cả đắt hơn so với bên ngoài.
",0,0,0,3,3,0
"Vườn hoa rộng, thoáng, sạch, sát biển. Cạnh khách sạn Hải âu.
Khu vui chơi trẻ em hoạt động các buổi tối và cả ngày vào t7, chủ nhật. Nhiều trò như bể bóng, xe điện, bể câu cá, đu quay...
",3,0,0,0,0,0
"Mình cảm thấy phục vụ quá tệ, và chăm sóc khách hàng quá tệ.",0,2,0,0,0,0
" - Các hệ thống giải trí tại chỗ hoàn toàn không hoạt động (trên cả hai xe buýt), vì vậy don không mong đợi giải trí theo phong cách hàng không",0,0,0,0,2,0
"Huong vi khong xuat sac, thieu tinh te, dac sac nhu bun cha Hue. 1 phần ăn quá nhiều, ăn cho cố... cảm giác giống như ăn để “vỗ béo”. Ẩm thực là …ăn xong vẫn còn thèm",0,0,0,2,0,0
"Quán này cũng được bạn địa phương giới thiệu. Không gian hơi nhỏ nên mùi dầu mỡ khá đậm, nếu làm cho thông thoáng được thì sẽ tốt hơn. Bánh xèo tôm và thịt bò đều ok. Hơi nhiều dầu do muốn có vị giòn, khác bánh xèo miền Nam. Nước chấm thì hơi ngọt, ai không quen thì có thể pha thêm nuớc mắm mặn. Giá bình thường 50k-60k/người cho ăn sáng thì không rẻ nhưng no đến xế chiều ! Dân địa phương cũng ăn nhiều. Có 1 quán tương tự ngay sát vách thấy rất vắng khách. Sẽ còn quay lại.",0,0,0,3,0,0
Bể bơi tầng 7 nước hơi bẩn và 3 ngày ko thay.,2,2,0,0,0,0
"Nhà xe lừa rạt, đặt xe giờng phòng 450k tới nơi đi xe giường nằm phải trả 400k mà không được thông báo trước",0,0,0,0,1,0
"Đây là một khu phức hợp mua sắm với một cửa hàng tạp hóa lớn. Nơi này cũng có quán cà phê, máy ATM, một số nhà hàng và sân chơi cho trẻ em.",0,0,0,0,0,4
Nhiều lựa chọn nhưng nhân viên sales thì thô lỗ,1,0,0,0,0,0
"Đậu xe ngoài đường, hơi bất tiện",0,0,0,0,2,0
"Đồ ăn ngon lắm, tươi và dễ ăn nữa. Không gian mở thoải mái thoáng mái buổi tối có nến trông lãng mạn vô cùng, đi chung với người yêu là hết sảy luôn. Sẽ ủng hộ dài dài",0,0,5,5,0,0
"Nhà xe như cc, đặt vé giường buồng limousine mà xếp mình lên xe giường nằm, xong nói ko đi thì thôi ở lại
",0,0,0,0,2,0
"Chợ bán hải sản rẻ, đa dạng, rất tươi. Đặc biệt đi chợ vào buổi chiều.
",0,0,0,0,0,4
"Cách trung tâm không xa qua hết cầu nhơn hội là tới. xe điện từ bãi xe đến cổng là thấy không hài lòng. Nhưng khuôn viên cực đẹp các bạn trẻ chụp hình thì cực ảo nhìu trò chơi phong phú nhưng giá vé cũng chưa hợp lí, đồ ăn và nước giá cao... nếu ghé cửa biển thì nên mang theo trái cây nước vào tụ tập dọc biển ngồi thì phê. Có mỗi cái khuôn viên rộng đẹp để check in sống ảo thôi. Mà đi bộ cho hết thì chắc cũng hết cả buổi",4,0,0,0,3,0
"Nhà hàng gia đình, họ làm cho tôi hạnh phúc mỗi ngày. Thực phẩm tươi ngon giá rẻ. Bạn có thể thấy rằng họ muốn phát triển.",0,0,5,5,0,0
"Bó Hồng xưa rồi, Nay chỉ có Bó thịt thôi. Là bó thịt đó nhé. Mình có nhận đặt Bó thịt cho ngày lễ 20/10 sắp tới. Gía từ 100-150-200k. Có chịu nhận theo yêu cầu nhé. Các soái ca mau đặt để tặng lễ cho các chị e soái tỷ đi nè nhá. Hihi Hình của quán tự chụp cả nhà đừng COPY TKS.",0,0,0,0,0,5
"Công viên thiếu nhi mà toàn thấy người lớn.
Ban đêm rất mát, có nhiều hàng quán ăn vặt giá rất rẻ.
Buổi chiều sau 17:00 dân địa phương đổ ra đây tắm biển rất đông, không có dịch vụ trông xe mà cứ để xe trên bờ rồi đi bộ xuống thôi. Bãi cát phẳng và mịn.
Bãi biển rất sạch, không có kinh doanh dù, hàng rong, bán dạo... hy vọng thành phố Quy Nhơn tiếp tục phát huy và giữ môi trường sạch như hiện tại.",3,0,0,0,2,0
"Thiệt sự thì nhà mình cũng có khách sạn đang cộng tác với Booking, khách nào khách nấy nhà mình chiều quá trời chứ chưa bao giờ dám nạt khách như bên Arise luôn. Thêm vào đó bên khách sạn phải có trách nhiệm giải quyết cho khách khi overbook chứ không phải là lên giọng ""là hết phòng rồi đó"" với khách.",0,1,0,0,0,0
"Quán đẹp, hải sản ở đây khá ngon , đúng vị biển, tôm mực tươi ăn rất ngon luôn, giá cả lại quá hợp lí so với các nhà hàng hải sản trên thành phố, Nhân viên phục vụ rất nhanh nhẹn, dễ thương, thân thiện, phục vụ khá nhanh , món ra nhanh khi đông khách hay vắng khách đều vậy luôn, nhân viên rất lịch sự. Cửa hàng đẹp sáng sủa, trang trí hiện đại , đến rồi muốn đến hoài hoài. Chất lượng món ăn thì quá đạt chuẩn luôn. Nhất định sẽ đến lại nữa , ngon quá mà",0,0,5,5,0,0
"Có rất nhiều thức ăn thú vị (dành cho cá sấu chúa), nhưng nó thực sự đắt và bạn không kiếm được nhiều thức ăn. Tôi không thể giới thiệu nó.",0,0,0,2,0,0
"Đây là Big C đầu tiên ở Bình Định, Với thiết kế tòa nhà đẹp, nơi đây có cũng bán khá đầu đủ giống như các Big C ở Hồ Chí Minh nên mình rất thích mỗi khi về quê có thể mua sắm đồ ở đây.",0,0,0,0,0,4
Hết sữa tắm hết dầu gội đặc biệt mở lọ ra rất hôi mùi. Bồn cầu ko dội khai rình vòi rửa mặt đầy vết dầu bết. Thất vọng,0,1,0,0,0,0
"Cửa hàng có đầy đủ sản phẩm , giá mềm",0,0,0,0,0,5
"Chị thu ngân nói chờ lấy bì giấy để đựng rượu, chờ 10p ko thấy, hỏi lại kêu chờ tiếp, 30p kêu chờ tiếp, 1 tiếng sau anh đi kiếm bì giấy quay lại báo ko có bì giấy!? Bắt chờ hẳn 1 tiếng để nhận lại sự thờ ơ và làm ngơ như chả có gì. Con người làm việc mà như 1 cỗ máy vô cảm, ko có lấy 1 nụ cười, lời xin lỗi hay cảm ơn cũng ko có. Ngán ngẫm.",0,0,0,0,0,1
Món ăn rất ngon và vừa miệng. 2 anh chị phục vụ (chị Huyền và anh Quân) rất dễ thương với nhiệt tình luôn! Gia đình sẽ quay lại nhà hàng!!,5,0,5,5,0,0
"Ở gần trung tâm nên gì cũng có, rất tiện ích và sầm uất",0,3,0,0,0,0
"Không nên mua ở đây
Vì giá quá đắt đỏ.
Đồ kô tươi ngon.
Một sự lựa chọn tồi khi mua sắm tại đây!",0,0,0,0,0,2
"Đã 3 lần ghé ăn tại quán Tom Thai ở Takashimaya , lần đầu từ lúc mở cửa khai trương, nói chung về món ăn Thái ở đây rất đặc thù, đậm chút sắc Thái hơn các quán khác ở SGN đó là Cay (nhiều món phải báo nhân viên làm ít cay hơn!!). Thấy dạo này khách đông nên cũng chúc mừng quán bán tốt, tuy nhiên một số món phục vụ lâu có thể do khách nhiều hơn trước! Sẽ quay lại nữa!",2,0,4,4,0,0
"Đồ ăn nhiều và đặc sắc, nhưng giá thì trên trời! Chắc chắn k nên mua gì để tránh bị hớ! Vào chợ chỉ nên ăn thôi các bạn nha!",0,0,0,3,0,0
"Tổng đài viên cãi tay đôi với khách là thấy service quá tệ rồi. Thua xa Mai Linh. Cả gia đình anti luôn vinasun vì có 1 bạn nữ 
tổng đài viên ở tphcm nói chuyện với khách hàng quá mất lịch sự.",1,0,0,0,1,0
"Mình là khách du lịch từ miền Bắc vào, được giới thiệu quán bún cá này khá nổi và cũng gần khách sạn mình ở nữa. Kì vọng cũng khá nhiều nên bị thất vọng cũng hơi hơi, sở dĩ vì bún cá ngoài Bắc rất ngon nên ăn phiên bản miền Trung hơi không hợp chút xíu. Mình ord bánh canh chả cá thu 30k gì đấy. Nước dùng thì ngọt nhưng là ngọt kiểu đường ấy. Bánh canh thì hình như là của gói ăn liền, lúc món ăn ra bánh vẫn đóng thành cục và ăn thì cứng cứng rất khó chịu... (ít nhất cũng nên trần qua chứ :() Được cái ăn chả cũng ổn, không gian quán thoáng đãng, rộng rãi, có quạt và wifi cũng như bán 1 ít đồ ăn vặt mực khô khá ngon (60k 1 hộp).",0,0,0,3,0,0
"Hẻm hơi nhỏ nên đôi khi xe k vào được vì hàng quán dân kinh doanh, nhưng đi bộ cũng k quá xa",0,3,0,0,3,0
Giờ giấc sai quá lệch hẳn 1h30p đặt vé 16h30 mà xe 18h mới chạy,0,0,0,0,3,0
"sân bay mới nâng cấp nhưng nhà chờ ko nhìn thấy máy bay được, hơi tệ,cả khu sảnh chờ ra máy bay có mỗi 1 cái nhà vệ sinh dùng chung, đi xa bất tiện vô cùng.ko thích sân bay này cho lắm.
",0,0,0,0,2,0
"Một trải nghiệm mua sắm, ăn uống tuyệt vời, một số cửa hàng, quán bar và nhà hàng xinh xắn, được chuẩn bị để đi lên cầu thang như một hàng đợi lớn để nâng",0,0,0,0,0,4
Các món hải sản được ưu tiên ở đây và là thứ bạn cần gọi.,0,0,0,3,0,0
"Ngoài ra, tôi ngửi thấy một mùi lạ (tiềm ẩn) từ unagi, như thể lươn chưa được chế biến đủ tốt nhưng mùi nướng bao phủ nó khá tốt. 
bf của tôi dường như không đồng ý. anh ta nuốt chửng tất cả cá chình makis và temakis, tôi không chạm vào một con.",0,0,0,2,0,0
chúng tôi tới quán Ngon ăn. Món ăn tạm ổn nhưng chúng tôi không hề hài lòng chút nào với thái độ phục vụ của quán.,0,0,0,3,0,0
Lối đi ra vào chỗ cổng hi vọng có thể cải thiên để bớt trơn trượt khi trời mưa.,0,2,0,0,0,0
"Lần đầu mình ra thành phố nha trang để hưởng tuẩn trăng mật đặt được ngay khách sạn sạch sẽ, nhân viên dễ thương, dọn phòng rất có tâm, lần sau vợ chồng mình sẽ quay lại đây!",0,5,5,0,0,0
"Rạp nhỏ. Không dễ tìm. Phòng chiếu số 3 ghế ngồi có mùi ẩm mốc. Suất chiếu 10h10 buổi sáng thứ 4 chỉ có 6 khách. Bỏng không nóng.
",3,0,0,3,0,0
"Wifi yếu thật sự, mình nghĩ nên khắc phục ạ",3,0,0,0,0,0
"Thiết kế là tốt đẹp. Miễn phí miễn phí là tốt đẹp. Tuy nhiên, thức ăn của họ quá mặn. Ngạc nhiên khi người quản lý nói rằng đó là do sở thích của tôi. Không bao giờ trở lại!",0,0,0,2,0,0
"Sàn phòng lau chưa kỹ, đi bị rít chân",0,1,0,0,0,0
Phòng có tủ lạnh nhưng ra khỏi phòng thì điện tự tắt nên cũng vô dụng.,0,1,0,0,0,0
"Tôi rất ko hài lòng về thái độ phục vụ của nhân viên tính tiền. Thái độ của nhân viên cứ ""hầm hầm"" vậy, nói thì cứ như quát vào mặt ng ta. Ng ta mua đến quầy tính tiền rồi còn hỏi có tiền trả ko vậy là thái độ ""khinh thường"" à. Nên tôi đề nghị ban quản lí coi, điều chỉnh lại thái độ của nhân viên.",0,0,1,0,0,0
"Lâu rồi mới được về quê nên nhất định phải đi ăn bún cá. Mọi lần thì toàn ăn bún cá Quê hương thôi, nhưng do sáng nay dậy trễ nên phải đi ăn bún cá chỗ khác. Chạy một đoạn thì thấy bún cá Phượng Tèo. Chỗ này mới mở, ngày trước bún cá PT chỉ là quán nhỏ nhỏ thôi. Vậy mà bây giờ không gian quán rộng và thoáng mát ghê. Bún chả cá ở đây 25k/tô. Theo mình thấy thì hơi ít, vì mình ăn không thấy no. Phải gọi thêm một chén chả cá không để ăn kèm. Bún chả cá thì ăn cũng được, nước lèo cũng ngọt và thơm. Ngoài ra mình còn gọi thêm cuốn chả cá. Khuyên mấy bạn là đừng gọi món này nha. Ăn dở lắm :( cuốn không khéo, mà cuốn lại bị khô nữa. Nói chung là ăn ngán lắm. Được cái là cô phục vụ cũng vui vẻ.",0,0,0,3,0,0
Rất thích. Chắc chắn sẽ ghé lại khi đến Nha Trang,5,5,5,0,0,0
Hồ bơi nên được dọn dẹp thay nước mỗi ngày.,1,0,0,0,0,0
"Vị trí ngay biển, view ổn nhưng nước uống không thật sự ngon. Mình đánh giá chỉ ở mức trung bình. Nhân viên rất năng động",5,0,0,3,0,0
"Quá tệ thái độ của nhân viên cực tệ nhất là 1 bạn nam cao to trong đó khách kêu od bạn í cứ lơ đi, thậm chí không thèm nhìn 1 cái,tôi sẽ không bao
 giờ tới đây nữa :)) , nhân viên thì để các trẻ nhỏ hất cát tứ tung tôi nhắc nhở thì tỏ thái độ",1,0,0,0,0,0
"Ta nói chớ không gì rẻ bằng việc ăn ốc ở Quy nhơn luôn. Lúc trước thì quán này không nổi nhưng kể từ khi mình học đại học ở Sài Gòn thì quán này nổi như cồn luôn. Ốc ở đây khá rẻ !! Hồi tết mình ăn thì 10k/ dĩa, hè này thì vật giá leo thang rồi 12k/ dĩa, riêng dĩa hầu nướng thì 15k/ dĩa. Ốc tươi ngon nhưng mình nghĩ quán nên cải thiện lại cách sơ chế chứ như bây giờ thì làm mất vị ngon của ốc đó. Thường thì khách đến quán chủ yếu là rẻ. Muối với nước chấm cũng tạm ổn. Vì lượng khách khá đông nên quán khoogn kịp dọn dẹp nên khá dơ.",0,0,0,3,0,0
"Sảnh rọing lớn nhưng buôn bán còn ít gian hàng
",0,0,0,2,0,0
"Thực sự thì quán này không phải là một nhà hàng mà là một quán ăn hải sản thôi,vì nó không xây dựng cầu kỳ sang trọng như những nhà hàng mình đã từng đi qua. Nhưng phải công nhận một điều là quán nằm ở mặt tiền đắt đạo gần khu nghỉ dưỡng FLC nên khách du lịch đến đông ghê luôn. Hải sản ở đây đáp ứng yêu cầu của những vị khách khó tính về chất lượng vì nó cực kỳ tươi và ngọt tự nhiên, đồ ăn được chế biến rất nhanh và hợp lý nên rất vừa miệng. Cho nhà hàng 1 like.",0,0,5,5,0,0
"Giá thì ngang bằng sài gòn, đồ thì không có gì hết, con tôm giống như con tép, kim chi thì ít, cải thảo thì không có... Phục vụ thì không được thân thiện. Menu hình ảnh không được đẹp ( không phải chê, chỉ là góp ý để quán khắc phục) Chúc quán ngày càng đông khách.",0,0,0,2,0,0
Chỗ nghỉ ok nhưng ace không nên ăn ở quán ngay đối diện đó. Hơi đắt và đồ ăn cũng không ngon,0,4,0,2,0,0
"Bãi tắm sạch, tuy nhiên các ghềnh đá khá nguy hiểm. Mọi người cẩn thận khi đến đây",3,0,0,0,0,0
địa chỉ trên booking cần cụ thể hơn. mình mất nhiều time để tìm khách sạn. số nhà có trùng lắp mọi người cần chú ý,0,3,0,0,0,0
"Mình mua hộp mực rim me với giá 85k về mở ra thì bên trong mực đã bị mốc. Vào cửa hàng hi vọng mua được đồ chất lượng tốt hơn ngoài chợ mà cũng k hơn.
",0,0,0,1,0,0
"Đến Quy Nhơn bạn không thể bỏ lỡ một địa điểm vừa thưởng thức cà phê nước uống vừa ngắm toàn cảnh biển thành phố, đó là Surf Bar.
 Quán này có view đẹp, không gian rộng rãi, chụp ảnh tuyệt vời!",5,0,5,5,0,0
Rất ngon và ấn tượng với các món hải sản ở đây. Phong cách phục vụ cũng rất nhiệt tình. Vì đi gia đình nên mình rất thích không gian nhà hàng,0,0,5,5,0,0
"Hải sản ở đây tươi sống. Nên đi vào buổi chiều lúc cá mực lên. Vô đây chỉ muốn mua hết chợ. Nhưng các gian bán hàng ở đây bán thách nên phải trả giá. Ghẹ lơn tầm 160 - 180k ghẹ nhở tầm 130k. Ốc móng tay 70k- 80k. Cua thịt từ 120k- 150k. Đó là những món mình hay mua, con nhưng món còn lại mình ko biết. ^^ Chúc ai ghé nơi đây có 1 hôm đi chợ thật thú vị.",0,0,0,0,0,5
"Quầy k có giá, tính tiền lâu, nên nhà dơ, cần cải thiện thêm",0,0,0,0,0,2
"Đồ ăn ở quán này ngon bánh xèo bột dày, rau mầm tươi và xanh, ăn kèm với topping dưa leo và xoài rất hợp.Chả cá ngon.Giá cả 30k/1 cái. Dĩa 2 cái. Thái độ nhân viên: Hôm mình đi ăn quán không đông lắm nhưng mà mình gọi nhân viên xin đồ thêm rất khó khăn. Mình phải lặp lại đến 3-4 lần nhân viên mới mang ra mặc dù nhân viên đông.. Mình cảm thấy khá thất vọng và khó chịu",0,0,0,3,0,0
"Vì vậy, lần tới khi tôi quay lại thành phố Hồ Chí Minh, tôi sẽ chỉ gắn bó với Grab và Vinasun, chắc chắn!",0,0,0,0,3,0
"Vừa rồi con mình đám cưới đặt trầu cau và mâm quả bên tinh hoa làm rất đẹp :) ngoài bánh kem thì đông sương , hay bánh su ở tinh hoa gia đình mình rất thích ăn . Góp ý tinh hoa là nhiều khi đông khách nên có lộn chút xí . Nhưng chất lượng rất oke .",0,0,0,5,0,5
"Địa điểm nhìn nhếch nhác, tối, cũ. Chỉ có phòng 1 người, có bồn tắm bên trong, kiểu ""thư giãn"" sau chầu rượu cho các ông. Giá đắt hơn các spa xịn khác có dịch vụ massage. Nếu bạn là phụ nữ hoặc nam mà thật sự cần massage để thư giãn trong sáng, đi nhóm...thì không nên đến đây.",2,0,0,0,0,0
"Sản phảm chất lương, giá cả hợp lý, nhân viên nhiệt tình, thân thiện, sẽ đến lần nữa.",0,0,0,0,0,5
Không khí và dịch vụ dễ chịu nhưng thức ăn ở mức trung bình. Mì hải sản không có nhiều hải sản. Sườn heo có hương vị nhưng hơi dai.,0,0,0,3,0,0
"Quán không để giá, khi mình hỏi giá như thế nào thì chủ quán 30-60k tuỳ loại, ĐIỀU ĐĂNG CHÚ Ý LÀ BÁN RẤT MẮC RẤT ÍT ỐC, lúc tính tiền mình cứ tưởng phần 30k không đó vì hồi trước có ăn cùng bạn 1 lần, Lúc hỏi sao giá cao vậy thì đủ lý do xăng, giá ốc tăng… khác xưa. Tiếc quá kinh doanh kiểu bập bõm này chắc không có lần 2",0,0,0,1,0,0
"Chúng tôi theo đoàn đến nơi này. Ấn tượng đầu tiên là không gian khá rộng rãi. Đội ngũ nhân viên rất nhiệt tình và chuyên nghiệp. Thức ăn là tuyệt vời, Cảm ơn tất cả các bạn.",5,0,5,5,0,0
"Sách trẻ con nhiều kinh khủng mà sách về tâm lý, kĩ năng sống, nói chung là sách thật thì rất ít, tuy ít sách thật nhưng chất lượng sách khá được.",0,0,0,0,0,4
"Món ăn vừa dở vừa mắc. Gia đình mình 3 người, 2 lớn 1 nhỏ, gọi món gì cũng ko xong vì họ ko muốn tiếp đoàn ít khách. Món ăn thì nêm muối, chẳng có vị gì đặc trưng. Món gà kho gừng như hình chỉ có vài miếng mà đến 115k, món canh rau tập tàng nấu tôm thì chắc được 1 con tôm đập dập ra 95k í trời! Đĩa dưa giá nhìn xấu chẳng dám động đũa. Bán đã mắc và dở mà đến nỗi cơm cũng tính thêm. Không bao giờ quay lại đâu!",0,0,0,1,0,0
"Để đánh giá về bánh kem thì mình thấy tiệm bánh kem này cũng khá lâu và khá hót. Mình đặt bánh sinh nhật ở đây lần thứ 5 rồi, Bánh ở đây nó không bị ngắn cái lớp kem, nên ăn thoải mái. À nay quán có thêm bánh su kem ngon bá cháy nữa đấy, mình có thể đến tận tiệm để mua hoặc alo sđt của quán là có người ship đến tận miệng ngay. Quán nằm ngay ở ngã tư nên đi qua đi lại dễ thấy nhé> vẫn vậy thôi có dịp lể, hay sinh nhật gì thì mình cũng đặt quán này à rất tinh tưởng.",0,0,0,5,0,5
"Món ăn bình thường nhưng không có điều gì bằng việc BẤT LỊCH SỰ. Mình muốn thanh toán bằng thẻ tín dụng thì đòi phí. Mình ăn hết 970k thu 35k tiền thẻ. Mình bảo j kì vậy, quán làm to mà đi thu phí của khách. Thế là 1 tràng bất lịch sự sổ ra. Còn nói mình nhỏ mà ... ủa nhỏ tuổi hơn thấy không đúng thì nói thôi. Làm chủ quán lớn không chịu lắng nghe học hỏi còn thái độ.",0,0,0,1,0,0
"Tuy nhiên, điểm trừ cho nơi đây là giá bán các sản phẩm khá cao so với những khu chợ khác và lối đi bị các tiểu thương chiếm lấn nhiều, gây khó khăn cho việc di chuyển.",0,0,0,0,2,0
Không gian lớn sạch sẽ nhiều mặt hàng phong phú và đa dạng phong cách đẹp sang trọng phì hợp với khách hàng,0,0,0,0,0,4
"Tới chỗ dữ đồ mà không thấy nhân viên, đi sơ sơ thấy đang tám chuyện. Hỏi thì nói ""Khu này không phải dữ đồ, đi qua bên kia chứ trời""",0,0,0,0,0,1
Về quê tránh dịch mà gặp ăn cướp...dịch vụ cả chất lượng kém cỏi,0,0,0,0,1,0
"Bán đồ hải sản khá tươi, quần áo, thức ăn giá phải chăng.",0,0,0,0,0,5
"Dịch vụ như quần què từ thái độ quản lý đến nhân viên, mua nồi chiên không dầu tư vấn không kỹ cho khách, khách đến phản hồi thì bảo tư vấn rồi nhưng khách không nghe, quản lý hay nói ngắt ngang lời khách và bỏ đi làm việc riêng khi đang tư vấn. Còn nhân viên thì thôi, quá thái độ, cách nói chuyện k tôn trọng khách hàng, khách nói 1 thì trả lời 10, nhăn nhó, khó chịu. Ví dụ khi mua nồi chiên k dầu tiếng nghe rất ồn, gọi lên cửa hàng, thì phải check xem khách mua nồi chiên hãng gì, nếu mua hãng đó đúng ồn thiệc thì phải tư vấn hãng đó ồn hay s chứ, bắt bưng nguyên cái thùng lên cho tụi nó xem, (đi bảo hành cũng bắt KH đem lên cho tụi nó sửa, chắc mua tủ lạnh bị hư cũng bắt bưng nguyên tủ lạnh lên tế tụi nó). Đem nồi chiên lên xong bảo nó đổi thì nói k hổ trợ đổi mẫu khác, vì mẫu này k hư mà bản chất nồi ồn.. ủa.. trong khi chỉ tư vấn đổi trong 35 ngày thôi. Nchung lần cuối cùng mua hàng ở đây. Mn tránh xa “ĐIỆN MÁY CHỢ LỚN” ra nhé!
",0,0,0,0,0,1
"Khá thất vọng. Không quay lại! Mình gọi món gỏi bò , bbq pork và bbq beef.. Đồ ăn dở, phục vụ chậm. Không đáng với giá.",0,0,1,1,0,0
"Nhà hàng Mộc Viên là một nhà hàng đủ tiêu chuẩn phục vụ khách du lịch với không gian rộng rãi thoáng mát, đồ ăn được nêm nếm theo yêu cầu, phục vụ tận tình. Quý khách đi theo nhóm nhỏ hoặc gia đình, nhà hàng vẫn có không gian riêng tư. Nếu có dịp đến Quy Nhơn, nên ghé Mộc Viên để cảm nhận ẩm thực miền Trung nói chung và ẩm thực Bình Định nói riêng",0,0,5,5,0,0
"Mình đã đến cửa hàng mình thấy hàng hóa rất đa dạng, giá cả rất phải chăng, đồ ăn được. Có ship hàng tận nơi nữa.",0,0,5,0,0,0
"Nhân viên bảo vệ ảo tưởng sức mạnh nghĩ khách hàng thích mình rồi lại nháy mắt đưa tình các kiểu
""Sao 2 em chạy vậy,bộ say anh hả""
Nhân viên thật là ải chỉa:)) đừng để tui gặp lại nữa tui mà gặp nữa tui ỉa pẹc pẹc banh cái siêu thị =))))😏pủm pủm ỉa tám đống 💩💩💩💩💩💩💩",0,0,0,0,0,1
"Uhmmm mình nghĩ là địa chỉ ks ý. Địa chỉ ks là 44 Trần Khánh Dư, nhưng đường Trần Khánh Dư có 2 số 44 lận, nên ai đi lần đầu sẽ hơi khó kiếm. Nhưng không sao ạ, vì alo cho ks là được hướng dẫn ngay. Quen rồi thì thấy vị trí ks rất ok, gần siêu thị, nhà thuốc, có nhiều tiệm ăn ngon, và cách hồ Xuân Hương tầm chưa tới 2km.",0,4,0,4,3,0
"Mọi thứ đều ok, trừ việc khăn tắm. Thuê 1 ngày 1 đêm chỉ đc cấp đúng 1 khăn tắm do k.sạn đưa. Ko bít bạn tắm rửa bao lần và khăn nó có bị dơ hay ko thì vẫn thế, lễ tân cũng chỉ trả lời "" đã cấp khi nhận phòng rùi sáng mai mới thay mới ạ"", nếu đến ngày mai 12h bạn trả phòng mà sáng đó khăn dơ thì nhận được câu"" trả phòng trong ngày không thay khăn đươcc ạ"", hic, có cái khăn mà tui dùng từ khi nhận phòng: sáng - trưa - chiều - tối- rồi sáng ngày mai - trưa ngày mai khi trả phòng vẫn bị lễ tân từ chối cho xin 01 cái khăn sạch để tắm trước khi ra về hic",0,3,0,0,0,0
"Nước uống khá là ngon, giá cũng được, có điều bánh gạo làm bị nát quá, ăn bở bùng bục. Có lẽ do địa hình ko thuận lợi lắm nên mặc dù tối t7 mà cũng vắng khách ghê.",0,0,0,3,0,0
Thái độ của một vài nhân viên lễ tân nữ và nam,0,2,0,0,0,0
"okay nha bà con, trong đây hàng quán nhiều vô đối, có nhiều quán ngon, bánh thì mình thấy breadtalk okay hơn, ngoài ra thì ko có hoạt động vui chơi gì, chủ yếu ăn uống vs mua sắm quần áo, mỹ phẩm thôi nha",3,0,0,0,0,0
"Theo mình biết đây là chợ tập trung phục vụ chủ yếu cho khu vực lận cận (khu tái định cư phường Trần Quang Diệu). Chợ được thành lập cỡ 10 năm trở lại đây, chợ có diện tích không lớn lắm nhưng được quy hoạch nên các gian hàng, sạp hàng cũng gọn gàng sạch sẽ. Giá cả ở chợ này mình đi chợ cũng thấy tạm ổn, không cao hơn những chợ khác là bao nhiêu. Chợ chỉ bán vào buổi sáng, buổi chiều đóng cửa.
",0,0,0,0,0,5
"Góc review Quy Nhơn Lịch trình 4 ngày 3 đêm Chơi xả láng ở Quy nhơn hết khoảng 5tr5/ng. Trong đó Vé mb + resort 4 sao 4n3d khoảng 3tr. Resort nằm sát biển view rất đẹp có nhiều chỗ chụp ảnh check in. 🛑Từ Hà Nội đi Quy Nhơn bay mất khoảng 1h30 la đến sân bay Phù Cát. Đi taxi vào trong thành phố quy nhơn hết khoảng 500k 🚖 33km. 🛑 Ở resort 4 sao royal gồm tổ hợp ăn chơi nhà hàng, bar , quán cf, khu nghĩ dưỡng. Rất là chim ưng. Ngoài ra mọi người có thể check trên travelkola để book trước phòng 🚖🚖🚖 Về lịch trình di chuyển đi thăm quan. ⭐️⭐️Ngày đtien mình 9h đã có mặt ở resort do bay chuyến sớm. Đến chụp ảnh check in ở tại resort rồi nghỉ ngơi. O đây đẹp nên chụp được khá nhiều ảnh. Sau khi nhận phòng ăn uống buổi trưa chiều bọn mình di chuyển xuồng ghềnh đá cách resort royal khoảng 300 mét (chỗ này có ngôi mộ nhà thơ hàn mặc tử). Tiếp theo là thuê xe máy đi tháp đôi vì nó cũng khá gần tp quy nhơn (đen cái là bị đi nhầm đường :)) Tối ra suft bar view rất đẹp nhé",0,0,4,0,0,0
"Mình đánh giá 2* cho sân bay này vì trải nghiệm dịch vụ hãng hàng không KHÔNG TỐT, cụ thể là nhân viên của tại quầy checkin của VietNam Airlines phục vụ tại quầy thủ tục vào ngày 19feb2021, khung giờ từ 14h50-16h50.
Nhân viên tại đây rất kiệm lời, làm việc thiếu chuyên nghiệp. Khách đến từ trước giờ mở quầy mà khi đến làm thủ tục thì xếp ghế hàng cuối cùng với lý do hết chỗ. Sân bay thì lại không được phép làm thủ tục trục tuyến để khách có quyền chọn ghế ngồi.
Nói chung đi du lịch cả hành trình vui ơi là vui, đến khúc về thì bị FAIL chỗ này.
Hi vọng Cảng có biện pháp can thiệp đến chất lượng CON NGƯỜI.
Sân bay thì mới đẹp, giá của các dịch vụ tại đây tạm ổn (giá đồ ăn, nước uống, quà lưu niệm,... bằng với giá được bán tại các cửa hàng bên ngoài sân bay. Nếu ai ngại xách đồ thì vào đây mua giá cũng y chang bên ngoài nè).",0,0,0,0,2,0
"Khu di tích bán vé nhưng dịch vụ vệ sinh quá tệ, không có nước, không có người quản lý. Không bao giờ quay lại",1,0,0,0,0,0
"Nhà hàng rất lịch sự,đồ ăn rất ngon,tươi sống đến tận hồ để lựa chọn rồi xuống chế biến giá cả thì rất phải chăng nhân viên phục vụ rất chu đáo.Có xe đưa đón tận nơi.",0,0,5,0,5,0
"Quán rất đông nhưng chất lượng chỉ ở mức bình thường. Giá ko đắt, hải sản tươi nhg nếu ai kỳ vọng chế biến hải sản ngon như
 Đà Nẵng thì ko có đâu a. Mình đi ăn mấy quán hải sản thấy ngon nhất là hấp và nướng mỡ hành thôi. Ở Quy Nhơn các món nướng phô mai đều dùng phô mai con bò cười nên dở lắm. Ở quán hải sản Hải Sỹ này mình ưng nhất là rau muống xào và canh ngao. Nhân viên đông nhưng vẫn hay bị quên và nhầm đồ",3,0,3,3,0,0
Tôi đi bộ xung quanh và vào để ăn trưa. Dịch vụ thực sự tệ. Phải mất khoảng 10 phút khi công cụ hỏi tôi muốn gì. Tôi gọi món thịt bò nướng với khoai tây chiên và một lon coca với giá khoảng 7 euro. Tôi phải đợi hơn nửa tiếng và thịt bò đã nguội. Tôi cho 2 sao vì hương vị ngon mặc dù trời lạnh. Tôi đoán có những nơi tốt hơn để ăn trưa.,0,0,0,2,0,0
"Hôm qua ba về quê nên thay mặt nhà đi ăn đám cưới con cô hàng xóm. Suýt nhầm với khách sạn sài gòn quy nhơn, bà con chú ý nha. Có nhà hàng tầng hai với cả tầng ba nữa. Không gian khá rộng nhưng trần nhà hơi thấp, tạo cảm giác bí. Trang trí đẹp, lung linh ghê luôn, âm thanh, ánh sáng ổn, đoàn vũ công biểu diễn tốt. Đồ ăn cũng ngon, có mấy món nướng không ok lắm. Thịt bò nướng giấy bạc bị khô, gà nướng mật ong thì không thấm lắm. Nhân viên không nhiệt tình, kiểu hơi lơ là
",0,3,0,3,0,0
Chợ bán hải sản tươi ngon giá mềm nhất ở Quy Nhơn. Có rất nhiều loại hải sản cho bạn lựa chọn để chế biến.,0,0,0,0,0,5
Tiếng xe máy lên dốc hơi ồn,0,2,0,0,0,0
"Anh chị lễ tân rất nhiệt tình, nói chuyện vui vẻ hay cười tạo cảm giác thoải mái và thân thiện cho khách, phòng đẹp hết nước chấm luôn, nhà vệ sinh sạch sẽ",0,5,5,0,0,0
"Âm thanh quá dỡ, nhân viên phục vụ không chuyên nghiệp
",1,0,0,0,0,0
"Nhà hàng hải sản Dương Râu là một trong những nhà hàng được khách du lịch đặc biệt yêu thích khi  đến thành phố biển Quy Nhơn. Menu của quán vô cùng đa dạng với rất nhiều những món hải sản tươi ngon, chất lượng. Đầu bếp tài năng, giàu kinh nghiệm, mang đến cho khách hàng những món ngon tinh tế, hấp dẫn nhất.

Cua ở Dương Râu rất được yêu thích, như cua sốt trứng muối, cua rang me, miến cua, lẩu riêu cua… Các món hải sản khác thì nhiều vô kể luôn nha. Hầu hết những món phổ biến nhất đều có đầy đủ cả.

Hải sản luôn đảm bảo độ tươi ngon, hấp dẫn. Đặc biệt bạn có thể thấy chúng còn đang tung tăng bơi lội trong các bể nuôi nữa nhé. Khi đến quán bạn chỉ cần chỉ xem muốn ăn loại nào, vị gì, lúc này đầu bếp sẽ chế biến tại đó theo yêu cầu của bạn luôn nè.

Không gian quán thì siêu rộng rãi với 3 tầng khác nhau. Thích hợp để tổ chức tiệc tùng, liên hoan, hội họp. Đội ngũ nhân viên cực kỳ thân thiện, dễ gần, phục vụ chu đáo, nhiệt tình. Giá cả được niêm yết công khai, minh bạch. không chặt chém. Điểm 10 cho chất lượng, điểm 10 cho phục vụ bạn nhé.

",0,0,5,5,0,0
"Khu mua sắm bán rất nhiều đồ đẹp, nhưng hơi mắc ,tôi thích nhất đến đây đi dạo, và ăn uống",0,0,0,4,0,3
"Người bán ở đây nhìn mặt khách du lịch mà chặt đấy, mình đi 2 người vô hỏi giá tới tận 50k/phần - 2 bánh. Lúc đó mình có nói sao bánh xèo đây mắc vậy vì mình cũng dân miền Trung thì ng bán ở đó bảo bán 2 năm nay giá vậy rồi, thái độ lại vừa cười nhạt vừa báo giá khiến mình cũng cảm thấy k dc tôn trọng vậy nên mình đứng dậy đi luôn. Nói chung là các bạn nên cẩn thận.",0,0,0,1,0,0
"Chổ gửi xe máy bất tiện vì nhỏ và 3 khách sạn dùng chung, lấy xe để trong phải tự lấy, mất nón nếu để ngoài không cất trong cốp.",0,3,0,0,0,0
"Cách xa thành phố 45p thuộc xã An Nhơn.
Rộng rãi thoáng mát, có hơi lộn xộn hàng quán ở sảnh đi nhưng nhìn chung khá ổn.
Sân bay nhỏ vắng người nên làm thủ tục cũng không phải chờ lâu cho dù là cuối tuần.",0,0,0,0,3,0
"(Bản dịch của Google) Thật tốt khi có thể mua internet và phạm vi giá khác nhau, nhưng tôi đã gặp khó khăn trong việc tìm vị trí. Đừng để bị mất!
",0,0,0,0,3,0
"Chưa có sự nổi trội lắm, nhưng tôi thấy nó đang phát triển thêm một bước tiến mới. Mong trong thời gian sắp tới sẽ không làm tôi thất vọng.
",0,0,0,0,0,3
"Chúng tôi đã ăn ở đây 2 lần trong một tuần, 1 bữa trưa và 1 bữa tối, chủ yếu là do thuận tiện cho khách ở các khách sạn gần đó. Cả hai lần, cùng một thực đơn và khẩu phần vì không có phần đặc biệt cho bữa trưa hoặc phần khác cho bữa trưa và bữa tối. Không phải tất cả các món ăn đều là món ăn Việt Nam chính hiệu vì có sự kết hợp của một số món ăn không ngon.",0,4,0,2,0,0
"Cơn ác mộng. Chạy ẩu kinh khủng. Ngồi mà run. Xe thì xuống cấp tồi tàn. Nhắn tin khẩn cấp cho hotline không được. Đang năn nỉ tài xế chạy chậm lại. Ngồi ghê sau giồng lắc kinh khủng. Cầu mong  chuyến đi kết thúc
",0,0,0,0,2,0
"Trò chơi cho bé có may thì hư máy thì cho xu vào ko hoạt động.
",3,0,0,0,0,0
"Đúng địa chỉ, siêu thị có bán bánh mì và các đồ ăn tươi sống như thịt cá, trái cây tươi và nhiều đồ gia dụng khác. (mặt tiền đường 31 tháng 3, tầng 1 TTTM An Phú Thịnh)
",0,0,0,0,0,5
Nhà hàng có không gian mở và có thực đơn phong phú. Chúng tôi đã gọi đồ ăn nhưng không đúng. Tôm nướng BBQ không có gì đặc biệt cũng không phải là thịt bò. Địa điểm là một nhà hàng thịt bò. Không có gì đặc biệt hoặc tốt đẹp để viết về nơi này. Thức ăn được thực hiện kém và trình bày thì tệ. Không ấn tượng. Điều thú vị là người phục vụ sẽ cảm thấy cá nhân khi bạn đặt câu hỏi về cách nấu nướng của anh ta. Có người phục vụ nấu thức ăn.,0,0,2,2,0,0
Ít nhất phải nói rằng thực phẩm không có hương vị quá đắt và nhàm chán. Cách trình bày ngớ ngẩn kỳ cục. Thậm chí không thể biết một món ăn được cho là bao gồm những gì cộng với cách chuẩn bị rõ ràng như vậy từ trước. Tránh ra !!!!,0,0,0,1,0,0
"nhân viên nhiệt tình, support khách hết mình",0,0,5,0,0,0
"Các khái niệm là tốt đẹp, và giá cả tốt. nhưng thức ăn tạo hương vị cho dịch vụ và chất lượng tổng thể của bữa ăn. là trải nghiệm tồi tệ nhất của chúng tôi cho đến nay. chúng tôi bắt đầu chuyến đi của mình tại Meat & Meet, nơi bạn tự nấu đồ ăn cho mình, nhưng họ quan niệm về tất cả những gì bạn có thể ăn. hương vị của thức ăn ở nơi đó tốt hơn gấp 1000 lần và dịch vụ cũng vậy. bầu không khí thực sự tốt tại Nhà hàng Bar Grill Garden, nhưng chỉ có vậy. bạn thực sự cần phải thử một trong những địa điểm khác trong thị trấn nếu bạn thích khái niệm này :)",0,0,0,2,0,0
Hơi xa trung tâm tí nhưng mọi thứ tốt. Dịch vụ ổn. Có bán nhiều đặc sản tươi của vùng Bình Định tại chỗ cho khách mang lên máy bay. Nhà chờ rộng và mát mẻ.,0,0,0,0,4,4
"Sân bay Phù Cát cách Quy Nhơn khoảng 30km. Ngày trước là sân bay quân sự, sau đó chuyển sang thương mại. Cách đây vài năm, sân bay khá nhỏ, chỉ đi các chuyến trong nước. Còn bây giờ, qui mô sân bay lớn hơn, khai thác thêm các chuyến quốc tế. Cảng khá đẹp, khang trang hơn sau khi xây dựng và tu bổ lại. Các quầy bán đặc sản giá chấp nhận được, mà đặc sản lại rất ngon. Ẩm thực Bình Định khá đa dạng, ngon tuyệt cú mèo.",0,0,0,4,3,3
"Anh chủ tư vấn rất nhiệt tình. Bánh hồng, bánh ít rất ngon. Anh Ttư vấn  có tâm lắm : nếu chiều tối em bay thì trưa mai em hãy lấy bánh ít cho mới và ngon , mẻ này sáng mai anh giao. Và đúng như vậy, về bánh ngon dẻo ai cũng khen ngon. Chỉ tiếc vác ít bánh hồng về quá. Bánh hồng ngon ngọt thanh nhẹ, bên ngoài có bột trắng phủ nên ăn thú vị lắm.
",0,0,0,0,0,5
"Cân nhắc khi đến đây. Mang tiếng bar mà đồ uống như quán cafe bình thường, nhạc chán  không có nhạc sống. Được mỗi chỗ ngồi view sát biển.
",3,0,0,2,0,0
"Một khu nghỉ ngơi ngắm cảnh rất đẹp.
- Từ đầu cổng vào bạn sẽ phải cuốc bộ trên các bậc thang lên xuống khoảng 200m để đến khu vực chính là quán cafe để ngắm cảnh. Giá vé cổng vào 40k/ng lớn, trẻ em dưới 1m miễn phí.
- Quán cafe nằm sát biển với view rất đẹp nước trong xanh kết hợp với núi và đá rất hợp để chụp hình sống ảo. Giá cả nước khoảng 50k/ly.
- Ở đầu cổng vào có nhà hàng để nghỉ ngơi ăn trưa gọi món hoặc cơm phần. Cơm phần giá 250k/khách, theo mình thấy là khá mắc so với những gì được đưa lên, cá kho bé tẹo teo cho 3ng ăn.
Đi ngắm cảnh buổi trưa rất nắng và leo bậc thang khá mệt, buổi chiều chắc sẽ ổn hơn.",5,0,3,4,0,0
"Giá rẻ, hương vị chấp nhận được. Bạn có thể đến đó cho hương vị địa phương. Nhưng nếu bạn muốn tìm một
 cái gì đó thực sự làm hài lòng bạn, nó không phải là nơi thích hợp.",0,0,3,3,0,0
"Mình vào quán ăn xong thì bị tính 105k/ 2 đĩa. Sau đó ra ngoài kể chuyện cho anh Taxi thì ảnh kêu do khách du lịch nên họ chém đó, nhiều khách cũng phản ánh vậy rồi 🙅🏻‍♀️🙅🏻‍♀️🙅🏻‍♀️ Không bao giờ quay lại quán này. Các bạn nên cẩn thận.",0,0,0,1,0,0
Nhà hàng hải sản Hoàng Thao cũng rất là ok và đẹp. Nơi dừng chân cho các bạn khi đến eo gió,0,0,5,0,0,0
Khu vực ăn uống và mua sắm yêu thích của tôi ở Việt Nam và tôi ở ngay phía bên kia đường tại khách sạn ly ly. Rất nhiều nhà hàng tốt ở đây và lựa chọn tuyệt vời,0,0,4,0,0,0
"Nhân viên đùa nhau hất nước vào đầu, tay khách. Nhân viên không xin lỗi khách hàng . Không mang khăn hay bất cứ gì để lau cho khách hàng.",1,0,1,0,0,0
"Tôi đã ăn trưa với một người bạn sau một vài năm vắng bóng khi dùng bữa tại nhà hàng này. Thật đáng buồn là thức ăn đã bị trôi xuống đồi. Trong khi món Cá hồi của bạn tôi được nấu ngon, thật đáng buồn là món thịt lợn cốt lết và bánh creme brulee của chúng tôi lại không. Thịt lợn đã chín quá và rất khô. Bánh creme brulee là sự nhất quán của trứng bác mặc dù phần trên là caramel rất ngon. Đĩa pho mát ở mức trung bình vì các loại pho mát có vị quá giống nhau.",0,0,2,3,0,0
"Buổi tối rất mát mẻ thoáng đẹp, Nv nhiệt tình. Mình đi tối mùng 3 tết rất đông nhưng các ban nhanh nhẹn. Đồ uống dở ẹt ko ngon, giá tiền là giá view thôi :) Phù hợp cho tâm sự nói chuyện sống ảo, ko phù hợp thưởng thức đồ uống",0,0,0,3,0,0
"Cửa hàng bán đặc sản Bình Định, có bánh hồng, bánh ít lá gai, nem, chả, tré, bánh tráng dừa, các loại hải sản khô, tươi, một nắng. Rất đa dạng, giá cả phải chăng",0,0,0,5,0,5
Mình có search trên các web giới thiệu quán chè này ở Qui Nhơn nhất định phải thử Mình ord chè khúc bạch với sữa chua hạt đác thì thất vọng vô cùng hic Cả 2 món đều thật sự không ngon tí nào cả. Và không gian quán cũng không đẹp gì nên mình quyết định mang ra biển ăn Với cả các bé nhân viên phục vụ nói chuyện cũng không thân thiện lắm Thử cho biết vậy thôi chứ sẽ không quay lại ạ,0,0,0,2,0,0
Quá tệ. Không bao giờ đi xe Chơn Mỹ nữa,0,0,0,0,1,0
"Đến nhà hàng, không có nv ra tiếp, nv phục vụ chậm, đồ ăn bình thường, không gian Nhật nhưng đồ ăn không có phong thái Nhật. Nói chugn là chán",1,0,1,1,0,0
Bữa sáng theo mình không được ngon,0,0,0,2,0,0
"Điều kiện phòng chưa đúng chuẩn 4*: thiếu hộp khăn giấy phòng khách, áo choàng, chỉ 2 gói trà mà không có cafe, cách âm chưa tốt, bồn tắm ko có chỗ để đặt xà bông",0,2,0,0,0,0
Rất nhiều đặc sản địa phương Giá hơi cao nhưng được,0,0,0,0,0,5
"Nhà xe làm này ăn ko có uy tính, mọi người đặt xe bên đây thì phải cân nhắc kỹ. Mình gọi điện đặt xe di đà lạt chuyến 12h nhà xe nói 11h30 cho xe đến đón, xong khoảng 11h30 nhà xe có điện lại nói là xe xuất phát trễ khoảng 12h30 sẽ cho xe đến đón, xong mình và người nhà chờ đến 12h45 vẫn ko thấy xe đến đón thì gọi điện cho nhà xe thì gọi miết ko ai nghe máy, làm mình và gia đình ngồi chờ trong sự ức chế vì ko có câu trả lời từ nhà xe, làm cho mình và gia đình lỡ mất các dự tính ban đầu, lần đầu tiên mình mới gặp phải 1 nhà xe cư xử ko xem khách hàng ra gì, làm ăn ko có uy tính, ko xem trọng khách hàng, nếu xe hay tài xế gặp vấn đề gì thì phải gọi điện báo khách hàng biết để xử lý chứ đằng này ko báo khách hàng gọi điện thì ko bắt máy ko 1 lời giải thích, mọi người đặt xe thì né né cái nhà xe Lạc Hồng này nhé.
",0,0,0,0,2,0
 - Xe buýt ban đầu bỏ lỡ khách sạn của chúng tôi thêm 20 phút cho cuộc hành trình,0,0,0,0,1,0
"Những khách phòng khác rất ồn rất khuya rồi mà họ vẫn nch lớn tiếng r cười giỡn, Tụi mình thấy rất khó chịu.",0,1,0,0,0,0
"Thị trường Mẹ và Bé Quy Nhơn về mặt chung shop này bán giá cả rẻ hơn các shop khác, tư vấn tận tâm, duyệt.
",0,0,0,0,0,4
"Một địa điểm tham quan du lịch, nghỉ mát tốt hiện nay tại Quy Nhơn
Bạn chỉ cần đi hết Cầu Thị Nại (thành phố --> khu kinh tế Nhơn Hội) là sẽ thấy ngay khu du lịch phía bên tay phải
Bạn nên đi vào những ngày không phải dịp lễ, tết để có những bức ảnh đẹp nhất mà không phải lay hoay chọn hướng vì quá đông người
Vé vào cổng ngày thường cho nhu cầu tham quan rất rẻ (50.000 1 người) và bạn phải trả thêm phí trò chơi nếu bạn có nhu cầu khi vào bên trong
Tại đây cũng có nhà hàng và khu ăn uống cho nên bạn không phải đi đâu xa hay là đem theo cả mớ đồ ăn cả
Sẽ rất thú vị cho những cặp tình nhân đi du lịch vì ở đây có rất nhiều homestay qua đêm và view thì miễn bàn luôn nhé!",5,5,5,5,0,0
"Ly Mojito như là mình uống chanh ko đường vậy. Chỉ cảm nhận được 1 xíu rượu Rhum thôi ko cảm nhận được vị nồng của rượu gì cả. Kiểu pha chế lắc ko đều hay s í. Mà chỗ rượu ko, chỗ chua ơi chua. Mà hông có muỗng nên dùng ống hút khuấy khó mà đều nên đành chấp nhận chứ nhân viên mang nước kèm bill ra thanh toán liền ngay lúc đó rồi. Mình ngồi khá xa quầy pha chế nên thôi đành chấp nhận luôn. Sinh tố xoài thì ôi thôiiii chua thôi rồi 🤣 Được cái view biển rồi đèn lung linh thôi. Mọi người nên chọn món nào an toàn xíu như nước ngọt chẳng hạn nha :))))",0,0,0,1,0,0
"Đầy đủ mọi thứ, giá phải chăng",0,0,0,0,0,5
"Nam Lễ Tân thì vui vẻ , nhưng hướng dẫn đỗ xe ko chuẩn , và một người khác có vẻ như là nhân viên trực đêm ,có cách hướng dẫn thiếu thân thiện khi khách đậu đỗ chưa chuẩn ( thực chất là đậu theo sự hướng dẫn của bạn lễ tân nam trước đó ) , mỗi người 1 cách hướng dẫn . Rất bất tiện vì ko có chỗ để xe , tuy nhiên điều đó được thể hiện qua booking rồi nên đó không là điểm trừ.",0,3,0,0,0,0
"Rộng, thoáng, hệ thống xử lý chất thải tốt, có tương đối nhiều gian hàng, có khu vui chơi, rạp phim hiện đại, khu ăn uống thì hơi ít. TT mua sắm ngay trung tâm thành phố, thuận tiện, bãi đậu xe rộng rãi. Rất thích
",0,0,0,0,0,4
"Không đáng tiền và mọi ng sẽ say sóng nếu đi ngắm san hô 15"" ngồi thuyền ngắm mất thêm 50k/ ngừoi
",2,0,0,0,0,0
"Cuối tháng 6 vừa qua, gia đình mình đã có chuyến du lịch tại Quy Nhơn và đã chọn Flora Hotel.

Bên ngoài Flora mới mẻ khang trang, tầng trệt rộng rãi có thể để xe du lịch gia đình từ 4 đến 16 chỗ.

Vì đã đặt trước qua mạng nên việc check in nhanh gọn. Nhà mình đã đặt 2 phòng, 1 phòng 4 người và 1 phòng 2 người, phòng mới, sạch đẹp, ngăn nắp.

Sàn của các phòng là sàn gỗ nên mình đi chân không thì luôn cảm giác ẩm ẩm hơi khó chịu. Phòng 4 người, có 2 ổ cắm điện, hơi ít vì mọi người đi chơi về đều cần dùng. Mình gặp rắc rối với vòi xịt nước toilet, mở xài mà bị kẹt cứng nên nước cứ chảy liên tục, phải 2 người đè và đẩy mới hết.

Ăn buffet sáng thì tạm được chứ không đến mức ngon, nước mắm pha rất sai, có thể là do vị người Quy Nhơn nó vậy. Có một món duy nhất mình cảm thấy ngon là bánh ít trần vì ăn không cần dùng nước mắm. Sáng ngày thứ nhất mình chọn uống nước cam, thật sự thì nó là nước đường có màu cam.Sáng ngày thứ hai mình chọn nước chanh mà rót ra không dám uống vì rót ra có cặn sữa đậu nành, kiểu như là rửa cái bình đựng nước chứ không rửa cái vòi nên nó đóng máng sữa lại.

Các em nhân viên ở đây rất thân thiện nhiệt tình, chỉ là mình thấy vẫn thiếu người nên giờ buffet là bay điên cuồng.

Mình hy vọng Flora sẽ xem xét lại để ngày một tốt và phát triển hơn, cảm ơn Flora đã góp phần cho chuyến đi của gia đình mình thêm thú vị.",0,3,0,2,0,0
"Shop đa dạng mẫu mã, nhiều loại, nhân viên tư vấn chi tiết, phù hợp nhu cầu khách hàng, mình đã mua đồ và rất ưng ý, sẽ ủng hộ shop dài lâu.
",0,0,0,0,0,5
"Trung tâm mua sắm tuyệt vời! Ngay cả một số món ăn phương Tây như mì ống thực sự, v.v.",0,0,0,0,0,5
Tìm đến quán vào ngày đầu tiên ghé thăm Hà Nội. Không ngon như lời đồn. Nói chung là ăn cũng tạm được. So với những quán khác tại Hà Nội thì không nổi trội lắm. Tuy nhiên nem cua bể cũng khá ngon.,0,0,0,3,0,0
"Muôn màu muôn vẻ, giá thành sản phẩm Cao, nên cần phải có kinh nghiệp trả giá để mua được sản phẩm tốt",0,0,0,0,0,3
"Dù mình chưa đặt bánh nhưng mà shop đã tư vấn rất nhiệt tình, mình rất thích",0,0,5,0,0,0
"Chúc cho quán ngày càng phát triển, làm ăn phát đạt. Hẹn ngày gặp lại ko xa.",0,0,5,0,0,0
"Giá quá đắc mà trà sữa lại quá bình thườg, vị nhạt thua xa các quán trà sữa khác ở quy nhơn như bobo chẳng hạn mà giá cả quá mắc hơn cả gong cha hay phúc long mà 2 thương hiẹu đó uốg ly nào thấm ly đó k hề tiếc tiền khi bỏ ra, còn quán trà sữa này uốg mà tiếc tiền kinh khủng vì nó k đág",0,0,0,1,0,0
cần kiểm định lại thang máy (giấy kiểm định đã hết hạn).,0,2,0,0,0,0
"Dành cho ai đi công tác nếu có ý định ở tại khách sạn này thì xác định là sẽ ko được xuất hoá đơn đúng số tiền đã trả đâu. Email lại khách sạn thì không trả lời, gọi điện 3 số điện thoại thì không được số nào cả.",0,1,0,0,0,0
"Lúc các cô buồng phòng đến dọn phòng buổi sáng cho mình, thì các cô dọn rất nhanh nhưng mình thấy dọn chưa được sạch sẽ",0,3,0,0,0,0
"Khách sạn thì giá phòng ok, nhân viên cũng thân thiện nhưng mình ghét 1 điều là, trước khi trả phòng thì mình đã thu xếp hành lý không sót thứ gì, chỉ còn cái điện thoại đang sạc mình luôn nhớ sẽ rút luôn khi ra về ( vì tính hay quên), but khi ra về lại quên thiệt, mới đi đc tầm 3km thì nhớ nên đt về khách sạn nhờ lấy dùm vậy mà lễ tân báo 2 lần tìm ko ra but mình chắc 1 điều là bộ sạc nằm ở đó. Bực đến giờ dù hơn 1 năm, mình vẫn chưa mua dc cục sạc zin. Mỗi lần đt sạc lâu vào lại nghĩ đến và giận (tính gì thù dai quá). Nên hôm bữa đi 1 nhóm bạn thật đông mà mình quyết bàn ra nên quay ra đi ks khác. Đó là trải nghiệm của mình.",0,3,0,0,0,0
"Rất nhiều vật dụng có thể mua ở đây, giá phải chăng",0,0,0,0,0,5
"Mình mới ăn bánh xèo bò, tôm và bánh ít, bánh hồng",0,0,0,3,0,0
"Giá rất mắc, combo 4 món chuông gió nhỏ, 2 lót cốc nhỏ mây, 1 quạt đan nhỏ, 1 phin pha cafe sứ in chữ Sai Gon, người bán báo 1,200,000đ. Mình thấy mắc quá không mua, bảo em thôi chỉ lấy quạn đan thôi, chị báo 100,000đ. Mình đưa 200,000đ, chị bán nhất quyết không thối lại tiền, không cho mình đi luôn. Kiểu nhất quyết phải mua mới được đi ấy.",0,0,0,0,0,2
Hình như quản lý ở đây ko sao sát nên nhân viên phục vụ ko được chu đáo.,2,0,0,0,0,0
"Dịp lễ quá đông vaof ngồi 1 tiếng mà không phục vụ nào hỏi thăm. Mình gọi vài lần cũng dạ dạ xong đi đâu mất tiêu. Vào trong chỗ pha chế mượn menu thì quản lý mới hỏi menu đâu, nhân viên bảo hết rồi. quản lý quán trình quá tệ dù nhân viên phục vụ nhiều.
",0,0,0,1,0,0
Trễ giờ check in phòng vì dọn dẹp trễ. Khăn tắm xin khá lâu mới có,0,3,0,0,0,0
"Món ăn tạm được, (1ki)ghẹ tươi(400k/1kí), mực giai nhưng ko ngọt(200k /1 dĩa), món sứa nước lèo ăn ko ngon, nồi nhỏ xíu(320k) nhà mình 5 ng mỗi người được 1 chén, nghêu con to(150k/1 tô). Canh cải 80k /1tô. Theo khẩu vị thì ko có gì đặc sắc vì menu không có giá nên khuyên các bạn nên hỏi giá trước khi gọi món. Theo mình thì giá này chát quá.",0,0,0,1,0,0
"Không có nhà chờ máy lạnh nên hơi nóng bức.
Xe chạy đúng giờ, canh đúng thời gian để lên máy bay.
Giá ve 50k/khách, nếu đi ít 2,3 người thì ok, nếu đông người thì nên đi taxi tiện lợi hơn.",0,0,0,0,3,0
Hải sản nhà hàng rất tươi và đậm chất Quy Nhơn. Món bò nhập cũng rất ok. Mình thích vị ở đây và sẽ quay lại nếu có dịp ghé Quy Nhơn :) Delicious Taste!,0,0,5,5,0,0
"Nơi này trước kia có cửa sau thông với trung tâm thương mại bây giờ không còn nữa kiểu hơi chật hẹp hơn nhưng vẫn nhìu sách vậy nhé mọi người yên tâm
",0,3,0,0,0,0
"Chúng tôi đã ghé thăm nhà hàng này trên đường đến sân bay. Vì chúng tôi đi cùng một nhóm nên chúng tôi đã có menu cố định nhưng tôi đã kiểm tra menu và nó rất đẹp. Thực đơn rượu cũng tốt. Các món ăn chúng tôi đã thử đều rất ngon, dịch vụ tốt, cà phê đặc biệt rất ngon. Tôi ước mình có nhiều thời gian hơn để thử những món khác trong menu.",0,0,5,5,0,0
"Lần đầu ghé siêu thị thấy rộng, nhiều đồ, giá rẻ. Nhưng hơi buồn vì thanh toán nhân viên trả thiếu 100k nhưng vì không để ý. Đi ra khỏi siêu thị mới để ý. Không đáng gì, nhưng vẫn cảm thấy hơi hụt hẫng 😂",0,0,0,0,0,3
"Phòng hơi tối, chật hẹp, hồ bơi quá nhỏ có lẽ chỉ phục vụ cho trẻ con và chụp ảnh chứ k có giá trị sử dụng là mấy, quán ăn thì k hoạt động... Cơ bản là phù hợp vs giá tiền",0,3,0,0,0,0
"Quá tệ. Tối qua vá xe, lúc chưa vá vẫn còn hơi chạy được vá xong thay vỏ ruột luôn. Lại vá thấy qua loa, mình vá xe mà bảo mình lên đánh giá 5 sao cho dịch vụ thuê xe. Vá xong mình đi làm dẫn bộ hơn 7km giữa trưa. Mong chú có tâm hơn xíu",0,0,0,0,2,0
"Sân bay Phù Cát là một sân bay lưỡng dụng ở huyện Phù Cát, tỉnh Bình Định, miền Trung Việt Nam. Sân bay này do Tổng công ty cảng hàng không Việt Nam, một cơ quan của Cục Hàng không Dân dụng Việt Nam, quản lý. Năm 2019, sân bay này phục vụ khoảng 1.6 triệu lượt khách. Hiện nay sân bay đã có nhiều tuyến đường bay thẳng và có thể đón được các loại máy bay cỡ trung như Airbus 321.
",0,0,0,0,3,0
"Thức ăn rất ngon, tôi ăn bánh xèo với thịt bò và tôm. Các món ăn được làm tươi và chất lượng tốt. Nhân viên nói tiếng Anh nhưng không có vấn đề. 
Giá có thể cao hơn một chút so với những nơi khác nhưng tôi thực sự khuyên bạn nên ở đây",0,0,5,5,0,0
"Trải nghiệm mua sắm tại chợ là tuyệt vời.hay nan lại vài giây để có một trái nghiệm thú vị.
",0,0,0,0,0,5
"Quán mát mẽ ok dịch vụ tốt. Nhưng vô lý ở chỗ khách vào uống nước ở quán trả tiền rồi lúc về lại mất thêm tiền giữ xe trước quán. Hazz...
",0,0,0,2,0,0
"Tôi thích cơ sở này và thức ăn ở đây thực sự ngon. Dịch vụ nói chung là tốt và chu đáo. Tuy nhiên nó là đắt tiền nhưng chất lượng ở đó đáng giá. Tuy nhiên, vấn đề lớn nhất của tôi với nơi này là nó quá ồn ào một cách vô lý. Tôi không bận tâm đến những vũ công múa bụng và điều đó làm cho nơi này trở nên độc đáo nhưng âm lượng của âm nhạc lớn không thể chịu được vào buổi tối. Tôi sẽ quay lại địa điểm trong giờ ăn trưa nhưng tôi ước rằng họ giảm âm lượng trong buổi tập múa bụng của họ vì lý do chính tôi đến cơ sở này là đồ ăn của nó và thưởng thức bữa tối ngon miệng nhưng âm nhạc mà tôi ước họ có thể bật nó xuống vì lợi ích của những tiếng trống tai của khách hàng.",5,0,1,4,0,0
"Hôm check in bọn mình lên tầng nhận phòng thì có 1 nhóm nhân viên nam ngồi ngoài cửa phòng của bọn mình, có bạn nam còn vừa bước ra từ phòng của bọn mình (có vẻ vừa đi wc ra), thấy bọn mình vào nhận phòng mới đứng dậy đi sang phòng khác để bọn mình vào. Thật ra nếu gặp khách khó tính họ đã yêu cầu 1 phòng mới vì phòng bọn mình nhận rõ ràng là chưa dc dọn sạch như yêu cầu. Nhưng thôi, mùa dịch vắng khách mình cg ko khắt khe.",0,3,0,0,0,0
"Trước hết, đây là nơi ba lô quan trọng nhất. Nếu bạn không muốn đi chơi với khách du lịch ba lô, đừng đến đây.",1,0,0,0,0,0
"Bánh bèo bán đắt hơn so với giá trị. Ở Quy Nhơn nhiều hàng ăn bình dân lề đường mà ngon lắm, không cần ghé vào đây làm chi.",0,0,0,2,0,0
"Mùa dịch nên ks cắt giảm nhiều dịch vụ, với mình thì ok vì ko ở ks nhiều",0,3,0,0,0,0
"Mình đi du lịch rất nhiều vùng miền ở VN, cảnh vật và con người là 2 yếu tố quan trọng để khách du lịch ấn tượng và nhớ mãi về mảnh đất nơi họ đi qua. Nhà hàng này làm mình có ấn tượng không tốt, cách làm việc không thể chấp nhận nổi. Mình đặt bàn đặt chỗ theo thực đơn cho đoàn 7 mâm các kiểu từ buổi tối hôm trước, sáng 9h alo gọi điện để kiểm tra lại ( vì biết bây giờ QN đông khách có thể có trục trặc) nhà hàng báo em không nhận đoàn chị nữa. Quá choáng!!",0,0,0,1,0,0
"Chất lượng so với mặt bằng chung những quán trà sữa quy mô nhỏ ở Quy Nhơn thì khá tốt. Đa số mấy quán có mùi hương liệu nhưng ở đây ko có. Tất nhiên cũng ko thể so sáng với những thương hiệu nhượng quyền Đài Loan. Quán khá nhỏ nhưng trang trí sạch sẽ, chỗ ngồi ổn. Chỉ có điều cửa ra vào hẹp, rất khó chịu khi đụng phải khách đứng order. Điều mà mình muốn góp ý với quán là đá trong ly nhiều so với giá tiền, tuy giá size lớn hợp lý nhưng hầu hết là đá nên thành ra không rẻ tý nào thà quán làm ly nhỏ thôi còn dễ chịu hơn.",0,0,0,2,0,0
"Mình mua đúng 1 lần ko quay lại lần 2. Giá mắc ở quy nhơn ko nói. Vấn đề là nhân viên ko nói rõ với mình quán bán trân châu nào, làm mình về thắc mắc với admin là sao ko phải loại trân châu truyền thống. Đã vậy admin còn mỉa mai mình kêu mình đáng lẽ phải đi hỏi quán đó là trân châu gì. Ủa vậy sinh ra vị trí thu ngân order hay bạn nhân viên đứng trực tiếp đưa nước uống cho khách để làm gì. Sao quán ko biết tự động giới thiệu cho khách để khách khỏi nhầm lẫn. Hoặc có khi khách hàng đúng nhưng cách gọi thạch của quán và của khách khác nhau thì sao??? Nước uống tạm ổn ngoại trừ cách chăm sóc khách hàng của quán quá tệ. Còn lại ko gian quán được, chỗ ngồi chờ rộng rãi, nhân viên khá dễ thương và chú bảo vệ hiền. Vậy thôi!!!",0,0,0,2,0,0
phòng bi a hơi nóng vì chắc lâu ko ai lên chơi nên ko được chăm chuat,0,0,0,2,0,0
"Tôi đặt pizza bánh pizza xúc xích 26 cm nhưng nhận được một bánh pizza 20 cm với một số miếng thịt màu xám có vị rất xấu. 
Tôi sẽ không bao giờ quay lại đây nữa. Tôi rất thất vọng về nhà hàng này.",0,0,0,1,0,0
"Nước dở , nhân viên phục quá kém, Khách hàng phản ảnh vì phải uống ly nhựa thì bắt khách phải chịu trả lời bướng thay vì hoà nhã. Mình uống ly cooktail giá 100k cho lần đầu và  lan2 2 ly yaout đúng kiểu lề đường. Đi 2 lần bể mộng check in. Chắc chắn sẽ ko bao jo quay lại đây lần nào nữa.",0,0,0,1,0,0
"Nằm cạnh xa lộ An Dương Vương, Phía Ngoài là biển bên xa là trường ĐH Quy Nhơn. Thoáng mát nhiều trò chơi miễn phí có phí cho trẻ em...
",3,0,0,0,0,0
"Chúng tôi dừng chân tại thành phố Quy bào, để tham quan và tìm thấy chính mình trong một trong những nhà hàng trang trí nội thất
 đẹp nhất của các mặt hàng lịch sử không khí thư thái và tự nhiên. Thực đơn của nhà hàng này đi kèm với nhiều lựa chọn các món ăn được chế biến bởi các đầu bếp với ẩm thực Việt Nam rất ngon và ngon, dịch vụ thân thiện và chào đón và hầu hết giá cả cũng rất hợp lý cho cả người dân địa phương và du khách. Chúng tôi đề nghị nhà hàng này cho tất cả mọi người.",0,0,5,0,0,0
Lựa chọn hàng hóa tuyệt vời,0,0,0,0,0,4
"Quán ăn sạch sẽ và ấm cúng, có nhiều món ăn đẹp mắt. Hàu trên dĩa sắt có vị ngon và béo ngậy rất hợp vị",0,0,5,5,0,0
"Trên hành trình, nó dừng lại nhiều lần cho nhà vệ sinh và thức ăn. nếu không ai cần nghỉ ngơi, tài xế tiếp tục hành trình.",0,0,0,0,3,0
"Khách du lịch cũng nên đến thử vì địa điểm cũng trung tâm mà nhà hàng rất sạch sẽ, sang choảnh. Có tầng trong nhà dùng để đỗ xe và hai tầng trên ăn. Hình như toà nhà tích hợp cả Hotel thì phải. Giá cả ở đây siêu hạt dẻ. Chỉ 15-20k một thứ. Quán có bánh xèo và bánh căn. Đã không bán nem lụi nữa. Chất lượng bột bánh ở đây ngon. Nhân nhiều vô kể. Ngon nhất là vị bò. Tôm chưa ngon lắm và mực thì bình thường. Nhưng so giá thì cũng khá bõ. Bánh không to lắm. Nhân viên dịch vụ bình thường. Bánh ra khá nhanh. Trà đá thơm",0,0,5,5,0,0
"Chưa mở lại dịch vụ giặt ủi, tivi ko mở được.",0,1,0,0,0,0
"Đồ ăn ngon, đa dạng, không gian ấm cúng nhân viên pv tốt. Anh quản lý rất đẹp trai cùng với chị chủ cực kì dễ thương sẵn sàng giúp đỡ khách.
 Tôi được bạn giới thiệu ăn ở đây 3 lần và lần nào cũng là 1 trải nghiệm thú vị",5,0,5,5,0,0
"Nằm cuối đường Nguyễn Huệ, khách hàng chủ yếu là dân địa phương. Giá hải sản ở đây rất rẻ so với những nhà hàng ở đường Xuân Diệu.
 Khách khá đông nên phục vụ không nhanh.",0,0,3,4,0,0
"Xin lưu ý rằng có những kẻ lừa đảo ngoài kia giả vờ là bạn hoặc họ có thể là nhân viên của bạn sử dụng 
thẻ Vinasun của bạn để lừa đảo khách du lịch. Họ đã cướp của tôi 500 đô la.",0,0,0,0,1,0
"Xe đi từ quảng ngãi vào bình dương mà 3 tiếng đồng hồ chưa ra khỏi quảng ngãi, xe thì hàng chất đầy xe, trể lịch trình khách hàng, nhận khách ngồi cả dưới sàng!!! Quá tệ!
",0,0,0,0,1,0
"Đồ ăn ở đây khá ngon, hợp khẩu vị, phù hợp với người ăn kiêng, view đẹp, thoáng mát, giá cả phải chăng.",0,0,5,5,0,0
"Cá nhân tôi cảm nhận thì quán nhỏ nhưng rất đông, có lẻ vì khách follow review, bánh xèo tôm ko ngon. Bánh xèo bò thì ok hơn một chút. 
Nhìn chung thì vẫn ko nhon bằng bánh xèo diên hồng.",0,0,3,3,0,0
"2. Mình đã book vé trên vexe rẻ, thanh toán tiền tận cửa hàng rồi nhưng tới sáng hôm đi lại bị hủy vé, tới khi liên hệ lại thì vé đã được đặt cho người khác. Thật không thể chấp nhận được. Tới nhà xe thì nhà xe bảo không biết, của bên Vexe làm chứ không phải bên mình làm. Vậy bên nhà xe Thanh Thủy liên kết với bên kia để làm trò đùa à ?
",0,0,0,0,2,0
"Bốn hoặc năm điểm dừng, 45 phút lên sông, thả xuống tại một nơi nào đó ở ngoại ô và sau một giờ, 
bạn sẽ phải đợi ở đó, cùng một chiếc thuyền đưa bạn trở lại - một 45 phút xuống sông.",0,0,0,0,3,0
"Đa dạng dịch vụ, nhân viên Co.opmart nhiệt tình và hàng hóa phong phú.
",0,0,0,0,0,5
"Phòng ốc thoáng mát, sạch sẽ và đầy đủ tiện nghi.",0,3,0,0,0,0
Nên chú ý chính xác về việc check in- out của khách để việc thanh toán nhanh chóng.,0,3,0,0,0,0
"Chợ nhỏ , nhưng hải sản tươi sống . Khi mua nên trả giá khoảng 20-30% .",0,0,0,0,0,5
"Không gian quán thoát mát, phụ vụ nhiệt tình và cô chủ quán rất dễ thương, tiếp đãi chúng tôi rất ân cần.",0,0,5,0,0,0
"Hồi thời sinh viên, mình chả dám ăn ở đây một lần vì quá mắc.Nghe nói rất nổi tiếng nhưng giờ mình đi ăn thì thấy cũng bình thường giá cũng ổn chứ không cao gì. Bình thường từ nội dung đến hình thức, mình thấy cũng được chứ không đánh giá cao lắm, mình thấy nó hơi ngọt. Thực đơn thì đa dạng lắm, thứ gì cũng có và được cái quán mới xây lại khang trang , rộng rãi, mát mẻ. Mấy bạn phục vụ thì không được nhanh nhẹn lắm. Chắc tại mình nghe khen dữ quá, nên giờ mình hơi thất vọng.",0,0,0,3,0,0
"Phòng 501 nhà tắm bị đọng nước cả ngày, không có khoá cửa nhà tắm.",0,2,0,0,0,0
"Phòng ko cách âm, quá ồn, ko thể nghỉ ngơi, sáng trưa chiều tối đều bị ảnh hưởng bới tiếng ồn bên ngoài! cơ sở vật chất ko đầy đủ, ko có hộp khăn giấy, nước vòi sen chảy yếu! toilet lâu lâu kẹt nút ko bấm đc! nói chung ks cần cải thiệt cơ sở vật chất! so với giá tiền thì chưa tốt!",0,1,0,0,0,0
"Hàng hóa hơi ít, nhỏ gọn, kiếm ít đồ làm bếp mà chỉ thấy có 1 con dao hay 1 cái kéo, được cái nhân viên khá thân thiện
",0,0,0,0,0,3
"Xem thật tuyệt vời. Nhân viên đã vô ích. Anh ấy khó mà phát hiện ra rằng những bức ảnh trên thực đơn trông to hơn rất nhiều so với thực tế. Đã đặt hàng nhiều loại nguồn điện nhỏ ngay cả đối với loại ""lớn"". Ra đĩa bên nhỏ. Chúng tôi hỏi liệu chúng tôi có cần đặt hàng bên có nguồn điện hay không thì họ nói không và chúng tôi được thông báo là có nguồn điện đi kèm với rau. Nó đi kèm với một lát bánh nướng tròn. Cũng gọi một thực đơn lập sẵn có kích thước bằng một món khai vị bình thường. Tất cả thức ăn đều có vị ngon nhưng kích thước tổng thể và giá cả của các bữa ăn chính không xứng đáng. Một người khác trong nhóm của chúng tôi đã gọi món khai vị chả giò lớn hơn cả ổ chính của chúng tôi. Nơi tốt để đi ngắm cảnh trên sân thượng và uống một ly bia, nếu không thì đừng bận tâm.",0,2,0,2,0,0
"Ksan nhỏ, nằm trong ngõ, các tiện ích đi kèm của 4 sao là không xứng đáng. Không gian chật hẹp, View biển thì ok, phòng view city thì cực xấu",0,2,0,0,0,0
"Bánh xèo tôm nhảy có vị riêng đặc trưng, giá cả bình dân hợp lý, phục vụ nhanh. Nhà hàng có đặt thêm những chiếc bánh hồng, 
bánh gai bé xíu trên bàn để khách hàng ăn thêm cũng rất thú vị.",0,0,5,5,0,0
"Nhà hàng này không xa khách sạn của tôi, không có nhiều người ở đó trên đường 6 giờ chiều, nên tôi ăn tối nhẹ. Đó là tốt, dịch vụ là nhanh chóng.",0,0,4,0,0,0
" Tôi đã mua một nam châm. Ở phía bên kia của bãi biển, có một cửa hàng lưu niệm khác. Nó rẻ hơn 10000 so với nhân viên bán hàng, nhưng nó đắt hơn Hội An. Không có Nam châm Đà Nẵng ở Hội An.",0,0,0,0,0,2
Chị lao công cũng rất thân thiện.,0,3,0,0,0,0
Tiếng ồn của các máy móc từ các nhà cao tầng xung quanh làm ảnh hưởng đến sự yên bình,0,2,0,0,0,0
"Hôm nay cuối tiaafn lại có dịp ghé quán cùng với điwsa em của mình. Hình như những trẻ em thường thíh ăn gà rán thì phải. Quán hôm nay khá đông, mà chỉ toàn ba mẹ dẫn các bé tới ăn. Điển hình con em của mình cũng ghiền hà rán không kém, mình kêu một combo 99k mà một mình nó chén sạch. Chắc chủ nhật quán khá đông, mua mà chờ order với chờ món khá lâu, nhưng ăn cảm thấy ngon, nên cũng tạm chấp nhận. Mình thấy nhân viên ở đây bình thường, như các cửa hàng bán gà khác, không thấy gì là khó chịu.",0,0,0,3,0,0
"Tôi đặt xe chuyến 11h ngày 10/2/2022, đến lúc này là 2h chiều sau 7749 cuộc gọi qua lại họ lấy lý do hư bố, sau đó hư camera hành trình, sau đó đổi cho tôi đi chuyến của hãng khác, rồi lại hẹn tới lui… vẫn ko có xe đến đón
",0,0,0,0,2,0
"Không có bãi đậu xe riêng, thực đơn sáng ít lựa chọn nhưng món ăn ổn",0,1,0,3,0,0
"Quán chuyên hải sản tươi sống, dù ngày lễ đông khách vẫn đủ phục vụ du khách đến tham quan, mua về! Tốt cho 5 sao!",0,0,0,5,0,5
"Thật sự đến ăn và thất vọng, bánh hỏi và lòng heo lúc mang ra đều nguội (mình thích lòng đc chần nóng hơn). Giá khá chát, 40k/suất như hình, mình thấy giá vậy còn đắt hơn ở hà nội nữa. Chắc chắn ko quay lại",0,0,0,1,0,0
"Sân bay nhỏ nhỏ, xinh xinh, mỗi tội đi vào hơi xa",0,0,0,0,3,0
"Theo mình thấy là giá khá cao so với các chỗ khác nếu tính về tổng thể đầu tư, quy mô khu resort, hồ bơi... nhưng được cái là bãi biển rất Private. Phòng mình ở đáng lẽ là delux (3.5 triệu) thôi nhưng họ tự cho upgrade lên suite. Suit thì co the phải hơn 4 triệu. Nội thất tuy co vẻ ko đầu tư cầu kỳ như các resort khác (o day theo kiểu mộc) nhưng rất comfort, rất clean, toàn bộ phòng hướng biển, bám sát lấy biển luôn, chứ nhiu resort khac phải đi bộ xa xuyên qua vườn, hồ bơi...còn ở đây bước vài bước là ngay xuống biển. Vì sát biển như vậy nên cảm giác đúng chất là đi nghi dưỡng ở biển, từ bất cứ nơi nào trong resort cũng có thể thấy biển. Có 1 điểm thú vị nữa là họ cho mượn thuyền kayak free, 1 số khách tây chèo ra hòn đảo nhỏ đối diên chơi và tắm dc luôn. Đảo này chung, ko có người ở, cứ thoải mái chèo tầm 20p la tới. Buffet sáng ok, các món đều ngon nhưng ko đa dạng lắm, khá it, có thể mình đi mùa thấp điểm nên vậy. Phục vụ rất rất nice, nói chuyện rõ ràng từ tốn. Buffet sáng chờ đến khi ko còn khách mới dọn dẹp (ko nhu 1 số chỗ khác khách đang ăn cũng dọn) khi checkout thì đuọc tặng 2 chai suối lạnh và mứt gừng ăn đi đường, đựng trong túi giấy lịch sự --> cái này e chua thay resort nao có làm cả. Honeymoon có thể được tặng 1 chai champaign và trang trí phòng. Buổi tối nằm võng đôi ngoài hồ bơi, ngắm cảnh biển ban đêm rất đẹp. vì người ta thả bè bắt tôm hùm, đốm đốm đèn sáng rực nguyên vung biển như sao trời í. Nhược điểm: - Cách xa thành phố, khoảng 15km, khách ở đây chủ yếu gọi taxi, tầm 15p có. Lúc truoc nghe noi co xe đua đón nhung ko hieu qua sao đó nên giờ ko làm nữa. - Vị trí nằm giữa con đèo cửa ngõ vào tpho nên khá nhieu xe tải và xe khách, ban đêm có đoạn ko có đèn nên đi lại có thể hơi nguy hiểm, ko nên đi xe máy - Loại phòng hiện tại chỉ có room nhu KS, chưa có bungalow nhu resort (nghe nói đang xây) nên theo mình giá như vậy là khá cao Nếu đi mùa thấp điểm (sau tết và trước tháng 6) có thể giá rẻ hơn duoc 10%",0,5,0,4,3,0
"Tuy nhiên, về giá cả thì tương đối cao hơn mặt bằng chung và mỗi sạp một giá khác nhau. Đặc biệt, các tiểu thương và kể cả người bán hàng rong ở chợ này đều nói thách gấp nhiều lần so với giá thực tế, do vậy bạn cần giữ cái ""đầu lạnh"" để cân nhắc và suy nghĩ đưa ra giá thích hợp để mặc cả. Mình ghét nhất nạn nói thách ở đây nên rất ít đi chợ này. Do vậy, bạn không nên đi vào buổi sáng sớm vì khó mua hàng và mặc cả đúng giá với tâm lý là ""người mở hàng"".",0,0,0,0,0,3
"Lúc cho thuê xe rất nhiệt tình. Nhưng lúc tính tiền lại tính thiệt cho khách. Mình thuê từ 11h kém 10 nhưng tính giá từ 10h30. Lúc cho thuê đưa xe tới trong vòng 1 nốt nhạc, còn lúc mình trả xe phải chờ tới hơn 30p. Thấy rất nhiều review tốt nhưng cảm nhận khi sử dụng dịch vụ khiến mình hụt hẫng bấy nhiêu. Lần đầu, và cũng là lần cuối cùng!
",0,0,0,0,2,0
"Quá tệ. Không có gì đặc sắc cũng như thu hút người khác. Làm kiểu: thấy họ dơ khu miền cũng chìa trốt.
",0,1,0,0,0,0
"Tôi không giỏi nói tiếng Việt, vì vậy khi tôi hỏi một trong những tài xế tại sao anh ta không nói với tôi rằng trả tiền cho đồng hồ rẻ hơn
 thay vì trả giá, anh ta mắng tôi. Đó là vô cùng thô lỗ và chưa được khám phá.",1,0,0,0,1,0
"Dịch vụ ok.ql thân thiện , Nv phục vụ chuẩn k cần chỉnh , cơ sở sạch sẽ , mỗi tội hơi xa trung tâm tí...còn lại good. 5* cho dịch vụ",0,0,0,0,0,5
Tôi không biết họ lấy những đánh giá tốt đó từ đâu. Nhưng nơi này không đáng để ghé thăm. Các nhân viên nơi chàng trai chưa từng làm việc trong một nhà hàng trước đây. Họ mang thức ăn của chúng tôi đến hàng xóm của chúng tôi và họ ghi vào hóa đơn. Họ đã quên mọi thứ. Và thức ăn không ngon chút nào. Tôi sẽ không đến đó.,1,0,1,1,0,0
"Khách sạn dơ, không vệ sinh cẩn thận, mặt kính đóng bợn, bình nước nóng đóng mốc, review có vẻ tự đánh giá.
Edit: mình nói thêm là hình mình chụp là SAU KHI đã xuống lễ tân bảo vệ sinh lại phòng cho mình rồi, nhưng kết quả thì như hình.",0,1,0,0,0,0
Đồ ăn sáng cũng ngon và đa dạng,0,5,5,4,0,0
"Thật không hiểu nổi đứng sát lề đường nghe điện thoại mà cũng bị xe Vinasun quẹt đã vậy không dừng lại mà còn bỏ chạy.
 Không biết ý thức để đâu nữa. Lấn làn xe máy chạy như ông nội thiên hạ. Sẵn nói luôn không biết tài xế hãng xe này có bệnh gì không. 
Kẹt xe cũng bấm còi mà bấm liên tục nghe nhức cái đầu đâu chỉ vậy cần kì thích chặn đầu xe. 
Ôi nghe hãng xe của Việt Nam tưởng tự hào lắm ai dè. Thôi né cho lành. Phát khiếp.",0,0,0,0,1,0
"Tôi thất vọng chỗ này nhất, có máy lạnh mà mở không đủ mát, nóng quá, người đông, trung quốc nhiều, không có chỗ đậu xe, đi dạo không thoải mái, lần sau sẽ đi chỗ khác chứ không đến đây nữa",0,1,0,0,0,0
"Phục vụ: có mấy em nhân viên thì ko ưng tẹo nào, hôm nào ngồi tầng 1 gặp bác già phục vụ thì thấy thân thiện hơn",1,0,0,0,0,0
"Thị trường lớn đầy đủ mọi thứ, nhưng các nhà cung cấp rất rất năng nổ làm việc hết mình để lấy tiền của bạn. Họ tính phí cho khách du lịch gấp 5 hoặc 6 lần những món đồ có giá trị để bạn vẫn trả quá nhiều tiền khi bạn mặc cả xuống một chút. Tôi rất tiếc những lần mua hàng mà tôi bị áp lực bởi các chủ cửa hàng.",0,0,0,0,0,2
"phòng ko cách âm, quá ồn, ko thể nghỉ ngơi, sáng trưa chiều tối đều bị ảnh hưởng bới tiếng ồn bên ngoài! cơ sở vật chất ko đầy đủ, ko có hộp khăn giấy, nước vòi sen chảy yếu! toilet lâu lâu kẹt nút ko bấm đc! nói chung ks cần cải thiệt cơ sở vật chất! so với giá tiền thì chưa tốt!",0,1,0,0,0,0
"Gần như có tất cả các đặc sản của Bình Định. Mình thích nhất là rượu Bàu Đá. Uống rất mạnh mà nhanh tỉnh
",0,0,0,0,0,5
"Tôi thích không khí ở quán cà phê này lúc đầu. Thức ăn và cà phê rất tầm thường. Tôi đã đề cập nơi này có cầu thang lên và xuống không? Rộng rãi! Tôi đến để ngồi ở một địa điểm bốn chỗ vì tôi có rất nhiều đồ với tôi và nó không đông đúc chút nào. Người phục vụ đến gặp tôi và nói rằng tôi không thể ngồi đó vì ở đó tôi chỉ có một mình và không có bốn người trong bữa tiệc của tôi. Tôi nhìn sang và rõ ràng có một anh chàng đang ngồi một mình trên chiếc xe bốn chỗ và anh ta không được yêu cầu rời đi. Tôi cảm thấy rằng tôi đã bị đối xử bất công. Tôi quyết định sử dụng chỗ ngồi trên lầu và không có ai xung quanh. Tôi đã không đánh giá cao dịch vụ của người phục vụ đó, điều đó đã làm hỏng ấn tượng đầu tiên của tôi về nơi này. Ngoài ra, những nhân viên còn lại cũng không khá chú ý xem bạn muốn thêm đồ uống hay thêm đồ ăn. Không ai đến xung quanh khi đến lúc thanh toán hóa đơn của tôi. Đáng buồn thay, đây sẽ là chuyến đi đầu tiên và cũng là cuối cùng của tôi đến quán cà phê M2C.",0,0,0,2,0,0
"Tôi mua cánh gà với giá 54k trên kệ nhưng xuất hoá đơn thì thấy 72k. Tôi yêu cầu được trả lại hàng thì nhân viên làm mặt lạnh nạt tôi “sao không nói sớm để xuất hoá đơn mới nói” và không cho trả lại. Ủa không xuất hoá đơn ra làm sao tôi biết được đã bị lừa =)))) cảm ơn Vinmart qui nhơn đã đem đến cho tôi trải nghiệm mua sắm tuyệt vời này
",0,0,0,0,0,2
"Xe gì đi lẻ vài ngàn , kêu không có tiền thối rồi xin khách lấy luon tiền chẵn vì là khách mở hàng ,
 thái độ phục vụ kiểu gì vậy , đi bực mình , tốt nhất mọi người đừng đj",1,0,0,0,1,0
"Khách sạn 4 sao nhưng nhà hàng không phục vụ ăn trưa, gọi món thì được thông báo không phục vụ tới trước 4h chiều.",0,1,0,0,0,0
"Rất nhiều mặt hàng được bày bán ở đây, giá hơi cao hơn 1 chút so với thị trường chung, nhưng vì nó là cửa hàng 1 stop nên mức giá đó chấp nhận được.
",0,0,0,0,0,5
"Đồ ăn mặn, ra món chậm, có người ăn xong rồi mà người kia vẫn chưa có đồ ăn, nhân viên thiếu nhiệt tình trong quá trình phục vụ",1,0,0,1,0,0
"Sân bay khá nhỏ, chỉ có 1 người soát vé chỗ cổng an ninh nên phải xếp hàng dài chờ khá lâu
",0,0,0,0,2,0
"Quán này ngày xưa khá nổi tiếng ở Quy nhơn (khi tổ chức tiệc hay ăn uống cùng bạn bè thường hay ghé quán). Nhưng nay: Thức ăn tạm được, nhân viên mặt tỉnh queo, thời gian chờ món muốn mượn quán cái gối ôm.",0,0,0,3,0,0
"Trung tâm thương hiệu lớn, rất nhiều cửa hàng nếu bạn muốn thỏa thuận thực sự và rất nhiều quán ăn chủ yếu là người châu Á đã thấy bất cứ điều gì phương Tây nhưng không mong đợi. Mua một vài món đồ trong một cửa hàng (Mumuso) và phát hiện ra khi trở lại khách sạn chúng tôi đã thiếu món đồ đắt nhất. Một bài học kinh nghiệm để kiểm tra trước khi rời khỏi cửa hàng rằng tất cả các mặt hàng đều ở trong túi.",0,0,0,0,0,2
"Chợ bán hải sản rẻ, đa dạng, rất tươi. Đặc biệt đi chợ vào buổi chiều.",0,0,0,0,0,5
Phòng hơi mùi khó chịu khi ra ngoài trở lại phòng. Ở tầng 4 nên nước nóng không ổn lắm đợi lâu. Thùng rác trong nhà vệ sinh không có nắp đậy,0,1,0,0,0,0
"Món ăn thì được chút xíu, chả có gì gọi là đặc sắc. Được cái không gian thoáng mát, chủ yếu để phục vụ cho người nước ngoài, phục vụ bình thường",0,0,0,2,0,0
"Đồ ăn vừa ngon, vừa sạch chưa kể giá cả lại cực kỳ vừa túi tiền phù hợp cho sinh viên . Đi quán nhậu , mình cực kì để ý cách phục vụ của nhân viên khi đi ăn dù cho có ngon cỡ nào mà phục vụ tệ hay k nhiệt tình mình cũng k đến nữa nhưng đến vị cua thì k những nhân viên nhiệt tình mà đến a chủ quán cũng cực kỳ dễ thương nữa hihi Đi học xa mà lâu lâu về que lại đến Vị Cua cùng bạn bè và dần trở thành thoid quen. Đồ ăn hải sản ở đây các bạn cứ yên tâm về chất lượng, vì mình từng mua hải sản ở vị cua rất nhiều lần để gửi đi xa cho họ hàng ai cũng khen tươi và cực kì ngon, chưa bao giờ thất vọng cả Dưới đây là món Cua Singapore nè !! Trời má ngon bá cháy ngon hết phần thiên hạ luôn . Ai đến vị cua thig đừng quên thử món này nha. Vị Cua is the best 🙆🏻🙆🏻🙆🏻",0,0,5,5,0,0
"Quán quá tệ. Chỉ được trang trí đẹp, còn thức ăn dở tệ, ngay cả người cty mình ở 3 vùng Bắc Trung Nam đều chê, quán nấu ko món nào ra món nào, phục vụ khinh người, toàn mấy đứa thiếu chuyên nghiệp, nhìn cứ ngơ ngơ ra như bị bệnh thiểu năng. Quán chật chội, đi tour giá cao mà bị lừa vô quán này, cả đoàn cty mình phản ánh tour quá trời. Làm ơn, đừng móc nối với tour đẻ ép khách vô quán này nữa. Làm ăn có tâm giùm đi, để đức cho hai đứa con nữa chủ quán ạ.",0,0,0,1,0,0
"Thực phẩm là cửa hàng lưu niệm chính như bánh kẹo, cà phê, hoa quả khô. Không có túi vải và các sản phẩm thêu, nhưng khi bạn không muốn dành thời gian mua quà lưu niệm một cửa hàng tiện lợi của một phạm vi nhất định của sản phẩm.",0,0,0,0,0,4
"
(Bản dịch của Google) Không có vật dụng gia đình như bếp từ, bếp ga, muỗng, đĩa… mà chỉ có bồn rửa. Có một ấm đun nước điện, nhưng nó trông không được sạch sẽ. Tủ lạnh, TV, quạt, điều hòa, giường, nước nóng lạnh đều được cung cấp, tính ra 2 đêm khoảng 500.000 đồng nên tiết kiệm chi phí. Phí thuê một chiếc xe máy mỗi ngày là 140.000 VND. Gần bãi biển và tốt đẹp.",0,3,0,0,4,0
"Ở đây bán rất nhiều hàng hóa, thức ăn truyền thống-quà tặng với giá tốt, nên tôi thích Big C hơn nếu bạn muốn mua gì đó ở thành phố Quy Nhơn. ",0,0,0,0,0,4
có lẽ ảnh hưởng bởi dịch covid nên thiếu nhân viên dọn phòng,0,3,0,0,0,0
"Là bar nằm bên bờ biển, khá đẹp và lạ. Tuy nhiên đồ uống ở mức bình thường, không mấy nổi bật. Buổi tối không gian rất đẹp. Thích hợp cho các thánh sống ảo",4,0,4,3,0,0
"Không gian nhà hàng đẹp, rộng rãi thoáng mát. View nhìn ra biển đẹp và sạch. Thức ăn ở đây chế biến rất ngon và hợp khẩu vị của mình. Rau cải rất tươi, nước chấm pha ngon, cá chiên béo và giòn. Nhân viên phục vụ rất lịch sự và nhiệt tình, xin thêm gì là thấy đem lên rất nhanh. Nói chung đây là nhà hàng được nhất trong cả chuyến đi 3 ngày ở Quy Nhơn của công ty mình. Tuy nhiên không biết sao trên bàn mình có một hộp gì không biết. Mong nếu có dịp sẽ ghé để thưởng thức thêm các món ăn ở nhà hàng này nữa.",0,0,5,5,0,0
"Cách âm của khách sạn không tốt lắm, vẫn nghe được tiênga gõ của phòng bên và 1 ít âm thanh đường phố bên ngoài",0,2,0,0,0,0
Kinh nghiệm cho bản thân và cho bạn khi đến khu vực nhơn lý . sử dụng dịch vụ kì co eo gió. Ăn uống hải sản tại nhà hàng bên nhơn lý . mình thì đi nhiều nhà hàng . thấy bên bảo Nam có nhiều thứ để bạn tìm hiểu dịch vụ ăn uống bên này . Rất đáng đồng tiền bát gạo .,0,0,5,5,0,0
"Tôi thích view phòng ra biển, sự sạch sẽ, sự chu đáo nhiệt tình của nhân viên lễ tân, chú bảo vệ. Có dịp chắc chắn trở lại",2,0,0,0,0,0
1 điểm trừ nhỏ là buổi tối trong WC mùi cống bốc lên hơi khó chịu nhưng mở cửa sổ nhà WC ra thì mùi không còn nữa.,0,2,0,0,0,0
"Thức ăn là có thể qua được. Chúng tôi ăn tối ở đây bởi vì chúng tôi đang tìm kiếm một sự thay thế rẻ hơn, nhưng bạn có được những gì bạn phải trả cho. Về cơ bản, mọi nhà hàng khác trong làng Bai Xep đều bán thức ăn ngon hơn, nhưng nơi này phục vụ một nhóm khách hàng ít tiền. Hầu hết các nhà hàng trong làng đều bán hải sản tuyệt vời, nhưng hải sản đắt tiền bất kể bạn ở quốc gia nào. Ở đây bạn có một bữa ăn tiêu chuẩn mà bạn sẽ nhận được trong bất kỳ bẫy du lịch nào ở bất cứ nơi nào ở Việt Nam với giá cả hợp lý. Nó là hoàn toàn không đáng kể.",0,0,4,0,0,0
"Khó lắm mới tìm được spa massage hợp ý với mình đến vậy luôn    nhân viên chu đáo đến từng chi tiết nhỏ... không gian thì siêu ấm cúng lại sang trọng nữa. Hổng hiểu sao bước vào đây người mình nhẹ hẳn đi, âm thanh, mùi hương thoải mái lắm.
Hầu như đã trải nghiệm hết các gói dịch vụ ở TRÒN, nhưng mình thích nhất là gói massage body... chọn hẳn gói 90p lên vừa xông hơi vừa giải cơn mỏi quá chuẩn luôn❤️",5,0,5,0,0,0
"Xe sân bay chạy đúng giờ
nhưng cẩn thận với dịch vụ cò xe ô tô con trước cổng.",0,0,0,0,3,0
"Quần áo thời trang, nhân viên nhiệt tình, cửa hàng đẹp, có nhiều hình thức thanh toán tiện lợi
",0,0,0,0,0,5
"Bên khách sạn đã xác nhận đặt phòng của mình nhưng khi mình gọi điện cho bên khách sạn để hỏi về vấn đề mình thấy ghi ""hồ bơi đang ngừng hoạt động"" thì bên Arise có chị nào bắt mát kêu thì là hết phòng rồi đó em. Mình có hỏi tại sao hết phòng mà vẫn xác nhận đặt phòng của mình thì chị đó kêu do Booking nó tự nhảy lên thôi.",0,3,0,0,0,0
"Mình ăn ở đây cũng kha khá lần, đáng tiếc lần nào cũng thất vọng. Món ăn món thì nhạt nhẽo, món thì mặn như muối. Góp ý với nhân viên thì bị liếc xéo, thái độ này nọ. Mình thấy cả quản lý cũng mặc kệ nhân viên, ko biết quản lý nên nhân viên nào làm cũng bất cần. Haiz, nói chung đây là lần cuối ăn ở San Fu Lou nha.",0,0,0,2,0,0
"Nơi luôn rất đông đúc. Vì điều này và sự giới thiệu của một hướng dẫn viên du lịch, chúng tôi đã đến đó để ăn tối. Dịch vụ rất tệ. Gần như không có tiếng Anh (điều đó là tốt cho một nhà bếp trên phố viatnemese nhưng không phải là một nơi như thế này). Ngoài ra, đồ uống của chúng tôi (bia) đã được phục vụ cho những người hàng xóm của chúng tôi. Sau khi yêu cầu đồ uống, mất khoảng 10 phút để lấy lại.",0,0,0,2,0,0
"Mình mới cùng gia đình nghỉ dưỡng ở FLC Quy Nhơn. Được nhân viên lễ tân giới thiệu nên tới thử. Nhà hàng nấu ăn ngon, hải sản tươi sống đa dạng, giá cả niêm yết rất hợp lý. Đặc biệt cân kí chính xác bằng cân điện tử luôn nha. Không gian thoáng, nhân viên phục vụ rất nhiệt tình, có đưa đón từ FLC nữa. Gia đình mình rất hài lòng. Cám ơn nhà hàng rất nhìu",0,0,5,5,0,0
"Tôi vào một chiếc Vinasun 7 chỗ với số xe 5435. Tôi nói với anh ấy nơi tôi cần đến và vào. Trong vòng 100 mét lái xe, và chưa ra khỏi sân bay, tài xế quay sang tôi và yêu cầu 150, 000 đồng, khoảng 7 USD. Tôi hỏi anh ta tại sao anh ta không tính tiền cho tôi. 
Anh ấy nói bạn sống quá gần, tôi sẽ không kiếm được tiền. Khi tôi chuẩn bị ra sân bay anh ấy 2 ngày trước trên một chiếc taxi Vinasun, 
nó khoảng 100 k, vì vậy anh ấy sẽ làm một cái gì đó. Bất kể, các tài xế không thể chỉ quyết định khách hàng nào sẽ nhận và trả tiền sau khi họ thấy họ sẽ kiếm được bao nhiêu.",1,0,0,0,1,0
"Tôi chỉ vào nơi tôi đang đi trên bản đồ giấy cộng với điện thoại của tôi nhưng tôi vẫn bị đưa đến sai địa điểm. 
Ngay cả khi chúng tôi đi qua Nhà thờ Đức Bà của Sài Gòn, người lái xe vẫn không dừng lại và nói với tôi rằng tôi muốn đi đến một nơi khác. Willn thậm chí dừng xe cho đến khi chúng tôi đến đó. Tài xế đã SANG. Cảm ơn vì đã đưa tôi đến sai địa điểm và phải đi bộ gần hết mức có thể nếu tôi đã bắt taxi ngay từ đầu. LỪA ĐẢO!",1,0,0,0,1,0
Khó tìm đường và lễ tân chưa rõ booking,0,2,0,0,0,0
"Nhân viên vui vẻ, phòng phim sạch sẽ. Nhưng vẫn không xử lý được các trường hợp dùng điện thoại làm ồn trong lúc xem phim.
Nói chuyện gây mất trật tự ảnh hưởng đến người xem.
Không tạo nên ý thức người xem phim văn minh mà toàn đá ghế người khác.",1,0,0,0,0,0
Quá tệ. Giường đôi.Hư cổng sạc. Clip review video khác 1 trời 1 vực ở ngoài. Đắn đo giữa Nguyễn Kim vs  Phong Phú mà trải nghiệm quá tệ. Xe trung chuyển cũng đợi cả tiếng mới có. Ko có lần sau với Phong Phú.,0,0,0,0,1,0
Nha hàng thoáng mát cực kỳ. Mấy bạn phục vụ dễ thương làm sao ! Món ăn thì super ngon . Vì Chỉ muốn chia sẽ cho các bạn nhưng viết ko hay mất thời gian đọc. Vậy các bạn đến đi rồi sẽ cảm nhân. Thôi mình uống nốt lon bia rồi ngủ đây.bii bi thân ái,0,0,5,5,0,0
"Nhà hàng sân vườn , view bao đẹp , thoáng mát , rất thích hợp cho khách đoàn hoặc khách lẻ , hải sản phong phú , dễ dàng lựa chọn những món ăn thích hợp cho khẩu vị từng người và vùng miền , nhân viên nhiệt tình và lễ phép ,",0,0,5,5,0,0
"Đủ loại đặc sản Quy Nhơn, Bình Định. Từ bánh tráng, cá mực khô đến bánh kẹo, hoa quả sấy...
",0,0,0,0,0,4
Thái độ nhân viên quá tệ,0,2,0,0,0,0
"Nhân viên rất nhiệt tình, là khách hàng khi thấy nhân viên như vậy quả thật cảm thấy rất được tôn trọng. Cảm ơn đội ngũ nhân viên rất nhiều.
",5,5,5,0,0,0
Phòng mình dầu gội và sữa tắm bị hết trước khi mình vào,0,3,0,0,0,0
ko quẹt thanh toán bằng thẻ tín dụng được,0,0,0,0,0,2
"Thái độ nhân viên phục vụ quá tệ, nhân viên tám chuyện, đùa giỡn to tiếng, quăng ly, đồ đạc ầm ầm, nghe như tát vào mặt.",0,0,0,2,0,0
"Gia đình đã có dịp trải nghiệm dịch vụ ở đây. Tất cả các Phòng đều có View biển đẹp, món ăn ngon, nhân viên phục vụ rất ân cần, vui vẻ. Mình sẽ giới thiệu bạn bè biết đến.
Khách sạn có Nhà hàng Hoa lớn nhất Quy Nhơn, món ăn rất ngon",0,5,5,0,0,0
"Lại có dịp ghé tuyến đường Ngọc Hân Công Chúa để thoả sự thèm ốc của mình. Thấy foody review quán ốc Hảo Hảo ổn, nên mình ghé ăn thử. Thường thì mình thích ăn quán nào quen thôi, mà hôm nay thử ghé xem sao. Quán ốc này cô chủ quán khá nhiệt tình, đi ngang qua là kêu lại liền, để xe rồi có người dắt. Quán cũng có khá đầy đủ món, tới gọi món là bưng ra liền. Quán bỏ gia vị cho ốc khá đậm đà, mình thích như vậy, vì đậm đà của nước ốc ăn rồi húp cực thích. Nhưng món gỏi xoài của quán không thíh lắm, quán dùng xoài chính quá làm cho gỏi mình ăn bị sàu xuống, không thấy ngon.",0,0,0,3,0,0
"Mua cải bó sôi k có, nhiều loại rau để lên bảng nhưng k có",0,0,0,0,0,3
"Siêu thị lớn nhất tỉnh này, có cả rạp chiếu phim và khu ẩm thực",4,0,0,4,0,5
"Đường nhỏ, ko có chỗ đậu xe 16 chỗ",0,0,0,0,2,0
"Chợ tháp đôi là chợ nhỏ của phường đống đa nhưng các mặt hàng đầy đủ để mua rất thuận lợi
",0,0,0,0,0,4
Đông đúc và ồn ào. Thời gian chờ đợi để trả phòng lâu.,0,3,0,0,0,0
Các món ăn chính nó là ok nhưng không phải là rất ngon. Đó là trải nghiệm Đồ ăn tồi tệ nhất trong toàn bộ chuyến đi của chúng tôi (3 tuần rưỡi).,0,0,0,3,0,0
Cho thuê đang cho sv giá 50k khi tới thue lấy xe thì lấy 120k. Hoảng. Xe chạy thì phải đạp mới nổ. Hết chỗ nói luôn. Từ nay không chơi anh trưởng.,0,0,0,0,2,0
"Tôi rất thất vọng về thái độ phục vụ của tài xế của cả 2 chuyến xe trưa nay. 
Tôi đã dự định sẽ thanh toán chi phí nhiều hơn đồng hồ báo vì tôi đi quãng đường ngắn và vì hôm nay là Tết Dương Lịch, 
nhưng khi đến nơi thì tôi thay đổi suy nghĩ của mình vì không việc gì tôi phải trả nhiều hơn cho 1 dịch vụ mà tôi không hài lòng.",0,0,0,0,1,0
"Chợ đông đúc,hải sản tươi sống.Hiện tại khi ra vào chợ phải khai báo,sát khuẩn và kiểm tra thân nhiệt.
",0,0,0,0,0,5
"Quán này mở lâu lắm òi. Mình đã được mẹ dẫn đi ăn từ những ngày còn nhỏ xíu. Nhưng mà bây giờ chất lượng ko còn như trc. Nước ít đậm đà hơn, loãng quá nhiều. Ít đậu và sườn cũng ko to như trước :))). 30k/suất. Nói chung dở hơn hồi nhỏ mình ăn.",0,0,0,3,0,0
"Tôi không khuyên bạn nên đi bằng thuyền, nhưng tôi tình cờ đi bằng thuyền, vì vậy tôi đã lên. Đường đến bãi biển khó quá ... vẫn đáng để bạn ghé thăm",0,0,0,0,3,0
"Shop này làm ăn mất dạy lắm nha mọi người nên né ra mua hàng kiêu Ck trước xong rồi hàng lỗi thì chế độ đổi trả ko có
",0,0,0,0,0,1
"Nhà hàng này đã giảm giá mỗi khi tôi đến đây. 5 năm trước thức ăn ở mức trung bình. Lần này đồ ăn quá cơ bản và dưới mức trung bình, thịt dai và không ăn được, khẩu phần ăn nhỏ và giá quá cao. Hơn hết, dịch vụ chăm sóc khách hàng thật tồi tệ, nhân viên không ngoan, suốt ngày mơ mộng và không nhiệt tình giúp đỡ, hoặc nhận đơn đặt hàng mặc dù ở đây không có nhiều khách hàng. Chúng tôi đã yêu cầu thêm bánh phồng tôm vì Chúa và họ không thể làm được! Nhà vệ sinh thật kinh tởm. Nền móng của nơi này từng là một nơi đáng yêu nhưng thật kinh khủng khi đi và chỉ có danh tiếng cũ của nó mà nó không thể theo kịp.",0,0,1,0,0,0
"Vâng, tôi không phải là một người hút thuốc. Đôi khi tôi hút thuốc khi có bạn bè đi cùng. Chủ nhà hàng này bị sao vậy? Đây là thái độ phục vụ không thể chấp nhận được.",1,0,0,0,0,0
"Các bạn du lịch từ Hà Nội vào Quy Nhơn như mình nên đến chợ Khu 2.mua đồ hải sản có rất nhiều và tươi vào buổi chiều nhé.tuy là 1 chợ dân sinh nhưng hải sản có tương đối nhiều và quan trọng nhất là giá cả hợp lý.không bị ""chặt chém"" vì là khách du lịch",0,0,0,0,0,5
View bể bơi trên tầng thượng,3,0,0,0,0,0
"Thích anh nhân Viên và lễ tân cùng c dọn phòng. Em được đón tiếp rất nhiệt tình được hướng dẫn chu đáo từ vé đi chơi đến thuê xe và các tiện nghi khác. Buffet ngon và nhẹ nhàng cho buổi sáng. Thực sự rất xứng đáng với tiền bỏ ra. Có chị my, anh Viên, anh son.... Hihj em quên mất vì cái tờ giấy đâu mất rồi ý ạ. Cảm ơn mọi người nhiều ạ",0,0,0,2,0,0
"Nhà sách lâu năm. Chuyên đồ dùng văn phòng và sách cũ. Chủ chu đáo, nhẹ nhàng, giá cả hợp lý.",0,0,0,0,0,5
"Từ Nah Trang họ đón chúng tôi tại khách sạn của chúng tôi lúc 10 giờ 50 khi họ nói họ sẽ làm như vậy vào 11,15 May mắn thay, chúng tôi đã sẵn sàng.
Khi chúng tôi trở về 11:00 từ Đà Lạt, tài xế lái xe trễ nửa tiếng, anh ta không gọi điện để cảnh báo chúng tôi. Anh vượt xe trên những khúc cua mù. Ở Nha Trang, anh ta thả chúng tôi ra nói với chúng tôi rằng khách sạn của chúng tôi đã ở một góc. Trên thực tế, nó là 700 mét theo hướng ngược lại. Một cách dài để kéo trường hợp. Chỉ cần có một trình điều khiển không tốt ngày hôm nay",0,0,0,0,2,0
"nhân viên có tâm, thấy bịch rau sà lách của khách có lá bị héo thì lấy ra rồi mới cân. Rất tốt, tiếp tục phát huy.
",0,0,0,0,0,5
"Khi đặt vé xe thì bắt buộc ghi địa điểm đi/đến. Nhưng khi lên xe thì tài xế lại hỏi lại (không chuyên nghiệp). Tài xế nói chuyện lí nhí không nghe gì được, khi ghé trạm khách không biết nên ngồi ăn cơm thì gọi hối và kêu bỏ cơm ra đi ngay, mặt mũi nhăn nhó. Về đến Sài Gòn thì toàn bỏ khách ở đầu đường (hoặc cuối đường) chứ không thả xuống gần địa chỉ khách cung cấp, không cần biết xa thế nào, dịch vụ rất tệ, không bao giờ đi lại lần 2.",0,0,0,0,1,0
"Tui o phong 308 ks muong thanh quy nhon. Ks qua te. Nem nam luong , men va nem nam rat ngua. May lanh thi hieu retech giong voi nhung ks binh dan . Voi cai gia phong 1560. Ks 4 sao ma kieu nay thi ko con gi de noi. Chia tay muong thanh quy nhon...",0,3,0,0,0,0
"Chợ đông đúc,hải sản tươi sống.Hiện tại khi ra vào chợ phải khai báo,sát khuẩn và kiểm tra thân nhiệt.
",0,0,0,0,0,4
Đây là một trong những quán bar bên bờ biển duy nhất ở Quy bù nên có lượng khách ổn định. Không có gì thực sự sai nhưng cũng không có gì đặc biệt. Ít chậm về dịch vụ.,3,0,3,3,0,0
View biển đẹp. Phải đi bộ lên nhà hàng Cococamp khá xa. Người lớn tuổi không nên đi,0,3,0,0,0,0
"Rất nhiều mặt hàng được bày bán ở đây, giá hơi cao hơn 1 chút so với thị trường chung, nhưng vì nó là cửa hàng 1 stop nên mức giá đó chấp nhận được.
",0,0,0,0,0,3
"Đồ ăn bình thường so với giá. Mình sẽ ko bao giờ quay lại, mà chắc nhà hàng cũng ko quan tâm đâu ha, vì ko cần khách thì mới làm vậy chứ",0,0,2,2,0,0
"Nằm trên 1 quả đồi có đỉnh bằng phẳng, được bao bọc bởi những dãy núi cao xung quanh, đến đây mới cảm nhận hết sự linh thiên nơi đây.
",3,0,0,0,0,0
"Phòng khá bé và không có cửa sổ, nên mới vào phòng sẽ cảm giác hơi ngột ngạt, nội thất cũ, cách âm kém, phòng khác nói to là có thể nghe thấy tiếng, khá ồn",0,2,0,0,0,0
"Nội thất quán đẹp, đầu tư công phu.",0,0,4,0,0,0
Chợ nhỏ nhưng đầy đủ đặc sản Quy Nhơn. Không sạch lắm như bao chợ ở Việt Nam.,0,0,0,0,0,3
"Thức ăn ở mức giá cao, nhưng ngon. Gia đình tôi và tôi đã ở Việt Nam được 8 năm và tìm thấy món ăn Việt Nam đặc biệt tại TRE.
 Các máy chủ đã dành thời gian để thông báo cho chúng ta về những gì mong đợi liên quan đến các món ăn, các phần và phong cách nấu ăn khi đặt hàng. Bài trình bày rất hay và thức ăn đến đúng lúc. Chúng tôi đã có cuộn tôm chiên giòn Bình Định, phi lê cá chẽm nướng, bụng heo om trong nồi đất sét và kẹo sô cô la. Đó là tất cả một điều trị.",0,0,3,3,0,0
"Siêu thị này thiết kế theo dạng nhà kho để hàng hoá. Không gian và chỗ đậu xe rộng rãi nhưng không quá nhiều tiện ích như những siêu thị khác.
",0,0,0,0,0,4
"Nhân viên rất thân thiện, nhiệt tình, phục vụ chu đáo",0,5,5,0,0,0
"Tôi đã đặt một bàn ăn tối cho tôi và đối tác kinh doanh ở ban công để chúng tôi có thể thưởng thức rượu và xì gà. Khi chúng tôi đến (đúng giờ), chúng tôi phát hiện ra rằng nhà hàng không cho phép hút thuốc ở các bàn ban công. Chúng tôi đã kiểm tra lại với nhân viên phục vụ (rất nhẹ nhàng và lịch sự) và chúng tôi quyết định rời đi vì không hút thuốc. Chúng tôi xuống tầng dưới để giải thích cho chủ sở hữu lý do tại sao chúng tôi rời đi. Chủ sở hữu người Ý nói với chúng tôi: ""Vậy là bạn sẽ rời đi?"" Tôi nói: ""vâng, xin lỗi nhưng tôi nghĩ chúng tôi có thể hút thuốc ở ban công"". Sau đó, anh ấy nói ""làm ơn đi và bạn không cần phải quay lại đây"". Tôi đã hỏi tại sao"". Anh ấy nói: ""Đối với những khách hàng như bạn, chúng tôi không cần"".",1,0,0,0,0,0
Khi gọi món ăn thi thật thất vọng vô cùng :( Đồ ăn không có j đặc sắc mà giá thì trên trời. Lúc thanh toán còn plus thêm 10% VAT so với giá trong menu.,0,0,0,2,0,0
"Nhưng lần thứ hai, một con chuột lớn chỉ chạy vào giữa nhà hàng, tìm kiếm một chỗ khuất nào đó dưới quầy.",0,0,0,1,0,0
Cửa kính nhà tắm bị hít chặt lại khó mở nếu sử dụng nước nóng vào ngày lạnh.,0,2,0,0,0,0
"Tôi và gia đình có đến nhà hàng ăn, đồ ăn rất ngon. Không gian ấm cúng, phục vụ nhiệt tình và chu đáo. Mọi người ai cũng khen ngon. 
Nếu có dịp quay trở lại, tôi sẽ ủng hộ nhà hàng.",0,0,5,5,0,0
"Trái cây và rau tươi được lựa chọn hạn chế. Đó là một siêu thị lớn nhưng chủ yếu chứa đầy những thứ mà tôi là một người nước ngoài sẽ không bao giờ mua. Ví dụ như dầu ăn và mì gói là rất lớn. Nó nằm trên tầng cao nhất, không thuận tiện. Bạn cần đi hai thang cuốn lớn để đến nơi. Cả ngày họ đang nướng bánh mì tươi, thật tuyệt!",0,0,0,0,0,4
"Quán Ăn Ngon có không gian rất ấn tượng, dân dã mà ấm cúng. Phù hợp với bữa ăn gia đình hoặc tiếp khách .",0,0,4,4,0,0
"Không để ý hải sản ra sao nữa, vì ăn xong bị tức ngực khó thở do người nấu nêm nhiều bột ngọt quá.",0,0,0,3,0,0
"Nhà hàng tệ, không bao giờ quay lại, Phải trả thêm phí 200k cho một đĩa đồ ăn chưa động vào trong khi không hề kêu ra thêm. Tẩy chạy nhà hàng làm tiền. Đồ ăn thì dở tệ. Không thể chấp nhận .",0,0,2,0,0,0
Tôi thấy sự trung thực và hỗ trợ khách hàng tối đa khi có thể của anh ấy.,0,0,5,0,0,0
Pig c giá thì có rẻ .nhưng hàng khuyến mãi thì mua về không dùng được.đặt biệt là đồ ăn khuyến mãi hạn dùng còn lâu mà mua về mấy bì hư hết trọi.mình bị 2 lần rồi .lần trước mua trúng đồ hết hạn mang qua trả lại không chịu trả lại tiền mà biểu mình mua món đồ khác sao cho đủ tiền.vãi thật,0,0,0,0,0,2
"Được người địa phương giới thiệu nhiệt tình nên quyết định thử mặc dù tìm thấy quán khác có xếp hạng cao hơn. Ngày Tết nên khách liên tục, phục vụ gần như hết sức, nói gì, kêu gì cũng gật nhưng không làm nổi. Cuối cùng mình tự phục vụ luôn: dọn bàn, lấy li chén, xuống quầy lấy beer-nước uống... quán cũng để cho tự làm luôn, còn chỉ chỗ cho tự lấy ! Nem nướng và thịt bò nướng ok, hơi ngọt xíu. Nước chấm thì vừa ăn. Vệ sinh thì không ok lắm (đương nhiên) nhưng châm chước ngày Tết vậy. Kỹ thì tự ra rửa ly chén thôi ! Nhìn người phục vụ và nướng thịt làm không kịp thở thì cũng thông cảm được ! Sẽ ghé lại.",0,0,0,3,0,0
"Thu hút đông đảo mọi người đến tham quan, mua sắm.",0,0,0,0,0,4
"Liên kết hệ thống giữa FLC và vườn thú chưa được chặt chẽ, nhóm mình trước khi đi đã check với nhân viên lễ tân nhưng đến nơi vẫn bị bắt mua vé thêm, sau khi giải thích phải ngồi chờ cả buổi kiểm tra xong mới được cho vào. Bên trong không gian rộng rãi nhưng chưa được đa dạng về thú, mình xem được chuồng công và vài loại khác nhốt chung, đà điểu, cừu, có 2 con dê cứ lẻo đẻo theo cũng dễ thương, khá dạn dĩ, chuồng cọp có 2 con, chuồng sư tử có 1 và chuồng gấu cũng ít. Đi bộ khoảng 30p đã xong, nếu mua vé xe điện hoặc xe ngựa thì hơi mắc với giá 70k/người. Đi cho biết chứ không có gì nổi bật để quay lại.",3,0,0,0,0,0
"Nhân viên quá tệ, tìm cách lấy thêm tiền khách với cớ là mất đôi dép, nhưng thực tế đã chứng minh là không mất",0,1,0,0,0,0
"Nhà vệ sinh thiếu tiện nghi, quạt ồn, không có chốt cửa. Thùng rác không có nắp, để vướng chân khi sử dụng bồn cầu... nhà vệ sinh rất tệ",0,1,0,0,0,0
"Đặc sản ngon,đa dạng hấp dẫn đáng để trải nghiệm ,mua sắm quà cho mọi người khi tới quy nhơn.",0,0,0,0,0,4
Là chợ có rất lâu.Bán hải sản tươi rất ngon,0,0,0,0,0,5
"QUÁN CHẶT CHÉM KHÁCH DU LỊCH Quán bán chặt chém, bạn mình dân Quy Nhơn dắt đi ăn trước ăn chỉ 30-40k dĩa, thấy khách du lịch quán liền chém 60k trơ lên 1 dĩa mà 1 dĩa có VÀI CON ỐC, RẤT íT. Mới vào order hỏi quán bnhieu 1 dĩa thì nói giá 30-40k thôi, quán ko có menu cũng ko có bảng giá gì. Các bạn khách du lịch đi ăn quán cẩn thận đem ra dĩa nào nên hỏi giá dĩa đó chứ không tính tiền là bất ngờ lắm. Hỏi dân xung quanh bảo "" Quán đó bán đắt nhất Quy Nhơn"" nghe là hiểu rồi. Đã thế về nhà xem được bình luận khách đánh giá quán chặt chém khách ko riêng gì mình bị nên cũng đủ biết quán ntn. Nếu quán cứ như vậy thì dần dần cũng mất khách thôi nhé. Bạn mình dân Quy Nhơn dắt đi ăn mà quán còn chém vậy là thua rồi CÁC BẠN DU LỊCH ĐI TẠCH QUÁN NÀY NHÉ",0,0,0,1,0,0
"WTF, cái quán kém chất lượng như vậy không hiểu sao tour lại dắt đoàn cty mình vào. Tráng mieng bưng ra dĩa bánh ít hôi thiu, hỏi nhân viên thì được nhân viên nạt nộ, giống như chủ quán muốn đuổi khách. Đừng dắt khách nước ngoài vô đây làm mất hình tượng VN quá.",0,0,0,1,0,0
"3 - Mình may mắn được bác tài VIP 1 chở mình chạy theo xe kia đến Suối Tiên để lên xe.
4- Cửa kính tầng trên, giường số 14 kêu két két két suốt ( giống như bị rê hay gì đó)
**** Mình đặt 4 vé đi và về cho thứ 7 và chủ nhật để đi công tác, và đi cực kỳ thường xuyên nhưng sau vụ này mình sẽ huỷ 2 vé khứ hồi và chuyển qua limousine hãng khác, càng ngày thấy chất lượng phục vụ của các nhà xe đi miền trung càng xuống. Mong nhà xe Sao limousine cân nhắt cách phục vụ của bác tài nói riêng và nhà xe nói chung.
",0,0,0,0,2,0
"Phụ xe hút thuốc liên tục trên xe, xe có nhiều em bé đã nhắc nhở nhưng làm ngơ",0,0,0,0,1,0
Không có hỗ trợ nhận phòng sớm. dù phòng còn trống. khách booking bị xếp ở các tầng thấp để có giá tốt. bữa sáng lại là gọi món riêng lên lầu ăn chứ không phải buffet,0,2,0,0,0,0
"Chợ được mệnh danh là chợ nhà giàu bởi thức ăn bán hơi đắt hơn so với lân cận. Do vậy mà thức ăn ở đây luôn tươi và ngon. Bạn sẽ ko thấy chuyện cá ươn hay mực cũ vì nếu thế sẽ ko có ai mua cả.
Mua rất tiện, đôi khi ko cần vào chợ( ở lề đường)
Còn thái độ phục vụ cực kì vui tính nha, vì tiền nào của đó nên hãy thận trọng khi trả giá, có thể chị bán hàng nổi cáu với bạn đấy.
Tóm lại thức ăn tươi ngon là tui thích rồi😄😄",0,0,0,0,0,4
"Tự nhận mình là khách hàng khá khó tính vì với mình đồ của bản thân có thể xuề xoà nhưng đồ mang tặng thì mình khá kỹ. Ngoài vấn đề về địa điểm quá quá xa của shop thì mình k có ý kiến gì cả. Nhân viên tư vấn và chăm sóc khách hàng rất chu đáo và nhiệt tình. Hy vọng bạn mình cũng sẽ ""phê"" món quà ấy như lần đầu tiên mình nhìn thấy nó. Rất sang trọng và ý nghĩa. Cám ơn và chúc shop ngày càng phát triển. Có thêm chi nhánh ngoài HN nữa thì tuyệt vời, nhé !!!!",0,0,0,0,0,4
"Đồ ăn không tươi, đông lạnh. Chế biến không ngon",0,0,0,2,0,0
"Ở đây chính xác như thị trường, các saler rất Rule. không có giá sửa chữa, vì vậy nếu bạn đến bạn hỏi bao nhiêu họ sẽ cho bạn biết rất tốn kém và hơn nếu bạn không biết giá rẻ bạn sẽ lãng phí tiền cho sản phẩm đó. Vâng sự kiện bạn biết giá rẻ bạn vẫn móc cho giá cả. Lời khuyên là: chỉ nhìn thôi. thưởng thức không mua ở đây.",0,0,0,0,0,4
"Xúc xích không phải là xúc xích. Chúng là những thứ cocktail đã qua chế biến màu hồng. Thịt ba chỉ được cắt nhỏ thành từng miếng. Trứng đã chín quá và có màu nâu. Chip cũng giống nhau. Không có đậu với bữa sáng của tôi hoặc cà chua chiên? đã hứa trên thực đơn. Tuy nhiên, tôi không tranh luận vì tôi không muốn bất cứ thứ gì khác thêm vào hỗn hợp vật chất ghê tởm trên đĩa của tôi.",0,0,0,2,0,0
"Tiện nghi không tốt như đánh giá, ở tận 2 đêm nước suối lại tính tiền khách, két sắt ko cho khách sử dụng, view biển chỉ được 1 góc nhìn hẹp... Thất vọng",0,1,0,0,0,0
"Good, nhà ga sạch sẽ, hơi nhỏ nhưng gọn gàng, quầy quán ngăn nắp
",0,0,0,0,3,0
"Quán ngay sát bờ biển, giá cả bình dân, đồ uống cũng dc k đến nỗi nào. Deco đẹp. 1 quán ven biển đẹp cho các tín đồ thích tự sướng.",5,0,5,3,0,0
Lần đầu đi xe Taxi bị tài xế đòi tiền các bạn ạ!!!😰😰😰😰,0,0,0,0,1,0
"Mặc dù thức ăn rất ngon nhưng tôi nghĩ nó hơi đắt. Chúng tôi đã đặt hàng giao hàng, nó đến cùng thời gian mà họ báo giá. Không có dụng cụ ăn uống, Không có khăn ăn, không có đĩa.",0,0,2,4,0,0
"Quán vỉa hè , bàn ghế gỗ thấp , không gian khá mát mẻ . Nhân viên không mấy thân thiện lắm . Thời gian đợi đồ ăn quá lâu . Menu thì có nhiều món bánh lạ , khá phong phú . Giá cả thì cũng rẻ so với mặt bằng thành phố . Bánh ở đây ngon , ngọt dịu chứ không bị ngấy vì béo . Điểm trừ là món chè khúc bạch 15k , miếng khúc bạch hơi nhão , nước dùng thì hơi bị đục màu . Bánh tráng nướng cũng ngon , có bò khô , pate , thịt ... Ăn lạ miệng nhưng đợi lâu quá 😂 có cái bánh tráng mà đợi cả nửa tiếng đồng hồ",0,0,0,3,0,0
Lên tầng 5 chơi bowling và xem phim tuy nhiên cảm thấy thất vọng. Hệ thống điều hòa không hoạt động gây cảm giác ngột ngạt và thiếu không khí,1,1,0,0,0,0
"Khách sạn thoáng, nhân viên nhiệt tình hỗ trợ, ks ngay trung tâm, gần tiệm Mỳ nhà gỗ, Gà Tuk tuk nên tiện đi lại",0,4,3,0,0,0
"Có rất nhiều sách ở đây...có thể đọc nhưng nhà sách khá bé ko có không gian cho khách ngồi xem sách...hây hây giá như có ghê bàn ngồi xem sách (ai ngồi thì mình tính phí bn 1h đó )không gian chật nhưng cách bố trí sách, truyện, vở ,đồ dùng ...rất khoa học dễ dàng lựa chọn..",0,0,0,0,0,3
Quán phục vụ rất nhanh đồ ăn ngon mấy bạn nhân viên nhiệt tình không gian quán cozy mình sẽ ghé lại lần nữa,5,0,5,5,0,0
"Công ty tuyệt vời nhưng cũng đắt đỏ. Đề nghị bạn sử dụng taxi GRAB hiệu quả và thực sự rẻ. Chúng tôi đã lấy một ngày có giá 13, 000 
đến khách sạn của chúng tôi. Ngày hôm sau, chúng tôi lười biếng và sử dụng Vinasun cho cùng một hành trình là 330, 000, không bị cướp khi họ sử dụng đồng hồ mà chỉ cảm thấy ngu ngốc. Tải ứng dụng và tiết kiệm cho mình tải.",0,0,0,0,1,0
"Lúc đầu vì mình kbiet là chiều khoá dự phòng lại ở trong phòng nên nhân viên không dọn phòng đc tuy nhiên sau đó mình đã gửi lại và có nhắn tin báo cần dọn phòng giúp mình nhưng tối về thì phòng vẫn nguyên, hơi thất vọng!!!",0,2,0,0,0,0
Khách sạn nên lưu ý kiểm tra các ngăn tủ khi vệ sinh phòng/ khách trả phòng. Khi mình kiểm tra ngăn tủ trong phòng thì thấy quần áo của khách trước còn trong ngăn tủ.,0,2,0,0,0,0
"Chúng tôi đã thử một số nhà hàng địa phương trên Khu Phố Cổ và tìm thấy một nhà hàng lãng mạn dễ thương ở phố Gia Ngư (cách hồ Hoàn Kiếm khoảng 5-10 phút đi bộ). Thức ăn là tuyệt vời và dịch vụ của họ là tuyệt vời. Nhân viên của họ đã chăm sóc chúng tôi và cho chúng tôi một số mẹo để thưởng thức món ăn một cách trọn vẹn. Tôi thực sự hài lòng, rất khuyến khích nơi này!",0,0,5,5,0,0
"Chỗ này vắng hoe vắng hoắt, không một bóng người, vào đứng chờ hoài không thấy ai mà gọi sdt cũng ko ai nghe. Cảm thấy vô nghĩa",0,2,0,0,0,0
"Thị trường này cung cấp nhiều loại giống và nếu bạn có thể mặc cả, bạn có thể giảm giá thấp hơn 60% so với giá niêm yết. Phải mặc cả vì giá chào rất dốc.",0,0,0,0,0,4
"Nhân viên lịch sự, chất lượng hàng hoá ok!
",0,0,0,0,0,4
"Lần đầu ghé siêu thị thấy rộng, nhiều đồ, giá rẻ. Nhưng hơi buồn vì thanh toán nhân viên trả thiếu 100k nhưng vì không để ý. Đi ra khỏi siêu thị mới để ý. Không đáng gì, nhưng vẫn cảm thấy hơi hụt hẫng 😂
",0,0,0,0,0,3
"Mình thấy đa số là review khen nhưng mình đã trải nghiệm quán cafe này và chắc là sẽ không ghé đến nữa, mình review để quán có đọc được thì rút kinh nghiệm: - Về phần đồ uống: Pha đồ uống tệ, nhất là món Mojito quá ngọt, không có mùi Mojito gì hết, Mojito nhưng cảm giác là uống như nước siro vậy đó. - Về không gian: chỉ có đúng 1 số góc ổn, còn những góc khác thì không đẹp, đi lên lầu sẽ đi ngang 1 phòng làm nước thấy hơi nhếch nhác. Tầng cao nhất gần về trưa hanh nắng. Đi ngày Tết thì tụ tập đánh bài lô tô hét la ỏm tỏi nên cũng mất thiện cảm. - Về nhân viên: đi hôm Tết đồng ý khách đông, hỏi nhân viên sao chưa có nước thì nhân viên trả lời mạnh miệng:"" Tết mà, chờ chút chớ, nước ép làm lâu, vậy anh uống cafe đi cho nhanh"", thấy bực rồi mà thôi cũng cho qua, xong cái hồi lên đập cái bill tính tiền lên bàn rồi bỏ đi trong khi nhóm mình chưa muốn tính tiền, kêu lại hỏi thì nhân viên nữ đó trả lời:"" Tết đông nên thanh toán trước"". Nhân viên gì mà nói câu nào cãi câu đó, thái độ phục vụ thì láo lếu. Muốn tính tiền sớm thì cũng nói tiếng chứ đập bill xuống vậy rồi bỏ đi là ko chấp nhận được. Quán nên điều chỉnh lại đội ngũ nhân viên chuyên nghiệp hơn nữa.",0,0,0,1,0,0
"Quà của shop rất đẹp , gói quà đẹp , nhân viên tư vấn nhiệt tình  giao hàng nhanh . Sẽ ủng hộ shop lâu dài.
",0,0,0,0,0,5
"Đồ khá đầy đủ, có thể mua dừa trái, đồ về làm quà (nem, cá mực tôm khô, các loại mắm) ở đây. Chợ mở cả ngày tuy nhiên có nhiêu khu chỉ mở sáng sớm. Ghé chợ tầm chiều tối có thể ghé ăn ốc Thúy kiều ở ngay gần đó
",0,0,4,0,0,0
"Nhà sách Fahasa TTTM Coop Mart có rất nhiều tựa sách cho lứa tuổi nhỏ, sách học tập, đủ loại đồ dùng văn phòng phẩm và đồ chơi. Các bạn muốn mua sách tiểu thuyết hay các tựa sách 16+ trở lên thì nên ghé Fahasa Big C nha. Nhà sách Fahasa chấp nhận thanh toán thẻ, quét mã QR và ví zalo pay.",0,0,0,0,0,5
"Dịch vụ ổn với giá, các bạn nên chọn và trải nghiệm.",5,5,5,0,0,0
"Đối diện khách sạn Saigon Quy Nhơn nên Surf bả là điểm must-check trong chuyến này. View ban ngay thì không đặc biệt vì trời lúc nào cũng nắng. View ban chiều tối thì hấp dẫn đẹp hơn khi lên đèn. Vị trí tốt vì quán dạng bar và nằm trên bãi cát sát kề biển. Chỗ tuyệt vời cho sống ảo trên mxh 😉 Thức uống thì ngược lai, rất nhạt nhẽo. Khi kêu kem thì mang ra cây kem trong bịch giống như bán trong siêu thị 🤨, tiếng là bar thì việc này làm mọi người sốc 😅. Yagourt, sinh tố không ngon, nhạt nhẽo. Quán cần nâng chất lượng đồ uống, ngoài view đẹp ra",0,0,0,3,0,0
"Rượu đắt so với các nhà hàng khác, thức ăn có giá cả hợp lý.",0,0,0,3,0,0
"Quán này ban đầu nhìn khá to, kiểu như cà phê trong biệt thự, tuy nhiên khi vào bên trong thì hơi bất ngờ, không gian khá nhỏ, trang trí không được đầu tư, kiểu như quán mới mở, mình tới tầm 7h30 tối nhưng k hề có khách, mình ngồi tầng 2, hơi kín và còn mới nên còn khá hôi mùi sơn tường, nhân viên phục vụ thì k mở điều hòa cho khách, nóng và rất ngộp. Khi lên xem trên foody mình thấy ở đây có bánh mì khá ngon nhưng khi hỏi nhân viên có món gì ăn không thì nhân viên nói đã hết nhưng mình nghĩ vì không có khách nên quán không chế biến. Đồ uống ở đây thì khá đắt và k có gì đặc biệt. Khá là thất vọng.",0,0,0,2,0,0
"Từ bên ngoài nhìn vào nhà hàng mang 1 tông màu kem trắng khá là sang trọng đường vào nhà hàng cũng rộng rãi, nhà hàng này hình như vừa kết hợp khách sạn hồ bơi rồi điểm tâm cà phê sáng các thứ luôn hay sao ấy, mình đi với đoàn nên khi bước vào bàn tiệc thì trên bàn đã setup các món sẵn rồi chỉ cần gỡ giấy bao lại là ăn được rồi, mà đồ ăn tuy setup trước nhưng độ nóng vẫn còn nên cũng thấy thích, do từ xa đến và để ăn trưa nên mình thấy ăn khá là ngon miệng",0,0,4,4,0,0
Mình tới check in thì phòng mình book ko còn trống. Btw được sắp xếp cho phòng khác nhanh chóng. Phòng mình nằm điều hòa phả từ chân lên mặt đâm ra hơi khó chịu. Nói chung tạm ổn so với giá.,0,3,0,0,0,0
"Lần đầu có dịp đi Quy Nhơn chơi, được sắp xếp vào ăn trưa ở nhà hàng lớn vầy cũng khoái. Nhà hàng nằm sát biển có view đẹp, lại gần trung tâm thành phố Quy Nhơn. Cơm trưa được bày ra từng bàn riêng biệt, kèm theo menu các món. Có đủ các món mặn như thịt, cá, các món rau và canh. Nhân viên phục vụ nhiệt tình, nhanh nhẹn, chuyên nghiệp.",0,0,5,5,0,0
"Tôi đã ăn ở nhà hàng này khi ghé thăm quy nhon. Tôi đã ở đủ 5 yếu tố nên tôi có thể thử nhiều món (tacos, chimichanga, burger mexican và salad cá ngừ). Tất cả đều rất chắc chắn !! Nếu bạn đang tìm kiếm một chiếc bánh mì kẹp thịt chất lượng cao hoặc thèm đồ ăn Mexico, họ sẽ giúp bạn sắp xếp. Món burger mexico, và salsa là món yêu thích của tôi và đặc biệt là salsa có hương vị giống như hương vị mexican đích thực. XỨNG ĐÁNG XỨNG ĐÁNG",0,0,5,5,0,0
"Khá nhiều đồ đặc sản nhân viên nhiệt tình tư vấn khi hỏi.
",0,0,0,0,0,4
"Tiệm cà phê nằm vị trí đắc địa dưới tầng trệt An Phú Thịnh, tết vừa rồi ông anh rủ ra đây uống. Mặt tiền trung tâm, giáp 2 đường luôn, không gian rộng rãi, thoáng đãng. Bọn mình ngồi phía trong vì trời hôm đấy hơi gió tí. Mấy bạn nhân viên trẻ, tận tình, niềm nở. Phục vụ nhanh lẹ, không đợi lâu. Nước uống (hazelnut ice blended) cũng được thôi, chứ chưa thực sự xuất sắc so với tầm giá đó. Bù lại được cái không gian và service. Tuy nhiên tổng quan mình vẫn thấy cách bố trí vẫn kiểu hơi bị tham quá, tiết chế bày biện xíu sẽ ổn hơn.",0,0,0,3,0,0
"Quán này mở cũng khá lâu rồi . Được nhiều khách du lịch ghé vào thưởng thức . Nay quán mới mở thêm một gian bên cạnh nữa để đáp ứng nhu cầu của khách Quán khá yên tĩnh , mát mẻ , đèn hơi mập mè một tí Pizza siêu siêu ngon luôn , mì ý thì hơi nhạt và khó ăn Nước uống cũng bình thường không có gì đặc sắc lắm Nhân viên phục vụ nhiệt tình mặc dù số lượng nhân viên không nhiều Giá cả cũng tạm ổn , vào các dịp lễ và tết thì quán có tăng từ 10->20% phí dịch vụ",0,0,0,3,0,0
"Vị trí xa xôi mà lại không có bãi biển của riêng mình để tắm. Phòng ốc thì tạm được, đạt mức 3 sao. Dịch vụ thì đơn sơ, nghèo nàn. View thì tạm được, còn xa mức 5 sao một khoảng cách không hề dễ san lấp. Thái độ nhân viên thì gọi là đạt ổn ở 1 số bộ phận. Cá biệt có bảo vệ cứ gọi khách là ""thằng"" ầm ĩ
",0,2,0,0,0,0
"hàng xinh, vải đẹp mẫu mã đa dạng, giá cả hợp lý, chủ shop nhiệt tình tư vấn <3
",0,0,0,0,0,5
"Món ăn rất ngon. Hợp khẩu vị. Không gian thoáng rộng, thoải mái Nhân viên nhiệt tình gần gũi. Buổi tối mát mẽ. Rất thích!",5,0,5,5,0,0
"Sáng ngày 20/08 đến ăn sáng ở quán ăn ngon. Gọi 1 bát miến gà cùng 1 bát bún măng gà, quẩy và 2 cốc nước. 2 bát đã lên ăn gần xong cũng chẳng thấy nước với quẩy đâu. Nhân viên thì đông như thế đứng túm năm tụm ba trò chuyện ơe chỗ đang cắm hoa. Mình gọi mới vội vàng mang quẩy ra, nước thì ăn xong rồi mới có, nhân viên mang ra cũng chẳng thấy xin lỗi lấy 1 câu. Phải chăng khách tây nhiều quá nên người Việt Nam vào thì thái độ khác hẳn. Nói chung mình là người Hà Nội đã ăn ở đây rất nhiều lần nhưng chưa thấy lần nào tệ như thế. Khuyên các bạn có đến ăn thì đừng nên đến vào buổi sáng.",1,0,1,0,0,0
"cung cách làm việc của bảo vệ rất tệ . có người không đeo khẩu trang cũng dc vào .ngưới thì đuổi ra  không được vào là như thế nào. đề nghị siêu thị coi lại quá trình này . như thế này là quá tệ.
",0,0,0,0,0,1
"Nhân viên tư vấn khá là nhiệt tình, mặt hàng đa dạng,giá cả chấp nhận được cho khách du lịch.",0,0,0,0,0,5
"Thật khó để cân bằng giữa thời gian dành cho gia đình, đi chơi với bạn bè, đồ ăn lành mạnh và thân thiện với trẻ em. Nhà máy lọc dầu hoàn toàn nằm trong danh sách của tôi vì nhu cầu khó khăn đó. Lựa chọn bữa sáng muộn lành mạnh, diện tích rộng rãi dễ dàng vừa cho nhóm bạn 15 người của chúng tôi. Tôi thực sự đánh giá cao góc dành cho trẻ em với một bảo mẫu tận tình chơi với trẻ em. Và họ cũng có lựa chọn rượu tốt.",0,0,5,0,0,0
Nói chung thì ok nhưng chỉ đến một lần duy nhất ! Phục vụ rất tốt - còn chất lượng có thể do đông khách hoặc lý do nào đấy nên đỡ tốt hơn xưa rồi !,0,0,0,3,0,0
"Quán trang trí đẹp. Trên lầu ngoài 2 bàn ở ban công ra thì thiết kế để ngồi bệt nên toàn mấy em tuổi teen, người lớn tuổi hay ngồi dưới lầu hơn. Nhân viên quán nhiệt tình từ bác giữ xe cho đến nhân viên mở cửa khi bước vào. Nước uống tầm 20-35k, được đựng trong chai hay ly trang trí khá lạ. Quán có mấy món ăn vặt, thử món Hồ Lô 10k/3v thì thấy rất ngon, dai, có vị ngọt như lạp xưởng. Điểm trừ là khi nãy vào quán kêu 3 ly nước đều có kem tươi, cuối cùng kem tươi bị chua, vón cục, làm hỏng cả khẩu vị",0,0,0,3,0,0
"Cách trung tâm thành phố Quy Nhơn khoảng 40km. Sân bay có chỗ gửi xe máy và ô tô, một lựa chọn tiện lợi tuyệt vời cho các bạn ở Bình Định. Giá Gửi xe ô tô là 60k/ngày đêm, Xe máy là 20k/ngày đêm. Ngoài ra, hành khách có thể sử dụng tuyến xe Bus đưa đón từ sân bay đến 01 Nguyễn Tất Thành, Quy Nhơn với giá 50k/lượt.
",0,0,0,0,3,0
Siêu thị bạn có thể tìm thấy một số món ăn phương Tây,0,0,0,4,0,4
Nhân viên phục vụ nhà hàng không chuyên nghiệp nên học lại nghiệp vụ.,0,0,1,1,0,0
"Địa điểm mua quà ở quy nhơn tốt nhất 115 tây sơn , Nguyễn văn cừ TP Quy Nhơn",0,0,0,0,0,5
"Quán được giới thiệu khi mình đi du lịch ở Quy Nhơn, cũng khá dễ tìm vì nằm ngay sát đường lớn và bờ biển. Buổi tối quán bật đèn sáng choang nhìn lung linh ảo diệu. Ngồi đây không cần quạt :)), hứng gió biển và nghe sóng vỗ cũng rất hay ho. Buổi tối đến quán rất đông, nhanh hết bàn trống. Những bàn ngồi gần biển thì hơi tối. Phục vụ khá nhanh nhẹn, tuy nhiên mình thấy đồ uống ở đây mặc dù giá khá cao nhưng chất lượng thì hơi tệ. Mình uống trà sữa nhưng có cảm giác là đang uống cái gì khác, vị trà không rõ, vị sữa thì nhạt nhòa, nói chung là không hài lòng.",0,0,0,3,0,0
"Phòng thì nhỏ và có mùi, toilet bị trũng, nước chảy ra sàn nhà. Rất nhiều vấn đề, phải đổi tới lui nhiều lần",0,1,0,0,0,0
Thanh toán chậm. Nhân viên làm việc lơ mơ.,0,0,0,0,0,1
"Cửa hàng có nhiều món đặc sản Bình Định như rượu bàu đá, bánh hồng, bánh ít, ... Các món của cửa hàng được chọn lọc kĩ nên chất lượng tốt. Là 1 trong những địa chỉ nên đến nếu muốn mua quà Bình Định.
",0,0,0,0,0,4
"Cả nhà mình đi siêu thị Big C QN sắm đồ, lựa đồ 3 tiếng đồng hồ đc 1 xe đầy, nhận thấy sắp đến giờ đóng cửa nên ba mình để xe đồ bên chỗ đầu dãy gần ngay chỗ thanh toán để đẩy ra tính tiền cho dễ, nhưng mẹ , em và mình đang bên quầy quần áo cách đó 5 mét nên ba mình để xe đó chạy lại kêu cả nhà đi về. Hý hửng đi ra kiếm cái xe méo còn ở đó nữa. Hỏi nhân viên ngay đó chúng nó.cứ đứng cười rồi kêu ko biết , hỏi bảo vệ thì nó kêu chắc sắp đóng cửa nên nó đẩy xe ra xả hàng luôn . Trong khi còn ng ta đang mua sắm mà ko hề nhắc nhở, hỏi xe đồ của ai hay bắt loa báo sắp hết giờ hoạt động, điều mà siêu thị cùi bắp nhất cũng có thể làm để nhắc khách hàng về cho đúng giờ kinh doanh của siêu thị. Mà quan trọng nhất là ko hề có ai đứng ra tìm giúp cái xe.mới vừa đc đẩy đi đâu đó giúp khách, toàn đứng đực ra lõ.mắt ngó cảm giác khách hàng như thứ gì vậy á. Không xin lỗi khách, không hỗ trợ khách, trả lời kiểu ko có trách nhiệm gì hết . Lỡ khách có thói quen để đồ cá nhân trên đó rồi quay lưng lại lấy đồ quay qua mấy cái xe rồi mấy ng đền ko mà đầy xe đi ko thèm hỏi dù thấy ng ta đứng thù lù cả gia đình cách mấy mét ? Giờ sắp đóng cửa chứ chưa.phải quá giờ đâu mà vậy ?
",0,0,0,0,0,2
"Cửa hàng đặc sản có mặt hàng phong phú, giá cả phải chăng. Quan trọng nhất là nguồn gốc hàng hóa rất uy tín. Mình đã mua nhiều lần cho người thân và khách hàng, ai cũng phản hồi tốt nên rất tin cậy Út Châu mỗi lần có người hỏi mua đặc sản ở Quy Nhơn. Bây giờ du lịch phát triển, số lượng du khách đến Quy Nhơn rất nhiều nên hàng hóa cũng loạn xạ hơn trước nhiều, phải cẩn thận khi mua.
Cửa hàng cũng có nhận ship nha mọi người.",0,0,0,0,0,5
"Mình mới mua 10 cây tré tổng cộng 280k, 2 đòn nem mỗi đòn nữa kg 75k, 2 đòn là 150k. Tổng số tiền mình thanh toán là 430k
Mình đưa 500k, nhân viên thối lại cho mình 70k, mình nói thôi lấy thêm nữa kg nem nữa đc ko để khỏi cần thối, vậy mà cô nhân viên ko chịu bắt mình phải trả thêm 5k nữa ko thì lấy tiền lại.
Thật ra 5k đối với mình ko là gì cả nhưng cái cách bán hàng của nv rất khó chịu,mong chủ cơ sở chấn chỉnh lại cách làm việc tốt hơn",0,0,0,3,0,0
Không có gì để thích. Đã lần thứ 2 ở ks này. Nhưng tệ. Sẽ ko quay lại,0,1,0,0,0,0
"Nhân viên là điểm cộng lớn, rất quan tâm mỗi khi khách đi ra hay đi vào, nhiệt tình, hỏi gì cũng trả lời nhỏ nhẹ lịch sự. Phòng sạch, đẹp, hài lòng.",0,3,0,0,0,0
"Ốc hương, chip chip ko tươi, ghẹ óp",0,0,0,2,0,0
Mình tới check in thì phòng mình book ko còn trống. Btw được sắp xếp cho phòng khác nhanh chóng. Phòng mình nằm điều hòa phả từ chân lên mặt đâm ra hơi khó chịu. Nói chung tạm ổn so với giá.,0,3,0,0,0,0
"Thực đơn của bữa sáng chưa phong phú lắm cả thức ăn và thức uống, nếu thêm nhiều món nữa cho khách như mình sẽ hay hơn",0,0,0,3,0,0
"Cũng khá đầy đủ các mặt hành từ gia dụng đến trang sức. Rộng rãi, sạch. Nhưng k to như pic c trên HN. :)",0,0,0,0,0,4
"Điểm nổi bật là các viên đá xếp chồng và tròn tròn tựa quả trứng, bước lên rất êm chân. Tuy nhiên, bãi nhỏ chỉ đủ để chụp hình, không tắm được.
",3,0,0,0,0,0
"Cực kỳ tẻ nhạt. Nhân viên thái độ hời hợt, bưng đồ cho khách mà mặt ko thèm cảm xúc, ko 1 câu mời khách. Vừa làm vừa đeo tai nghe. Đồ ăn thì chán thôi rồi, cơm chưa chín đã mang cho khách ăn",0,0,0,1,0,0
"Tiệm bánh kem quen thuộc của gia đình mình, mỗi khi ăn bánh kem đều mua ở đây Bánh có lớp kem béo béo ko quá ngọt, lớp bánh bong lan xốp bên trong mịn, ngon. Phù hợp khẩu vị gia đình, ủng hộ tiệm lâu dài ❤",0,0,0,5,0,5
 - WiFi không hoạt động trên xe buýt trở về của chúng tôi,0,0,0,0,2,0
Sân bay nhỏ nhưng sắp xếp gọn gàng và hiện đại. Trên tầng 1 khá nhiều cửa hàng bán đặc sản Bình Định. Giá cả hợp lý.,0,0,0,0,4,4
"Ok hôm nay là lần thứ ba tôi đến nơi này, vì đồ ăn rất ngon. Dịch vụ này cũng tốt Tôi đã đặt hàng một masala cá với một pho mát nan một tandoori roti và cola. Tổng hóa đơn là 204.000 vnd - Một cách thích hợp tôi đã lấy ra 500.000 ghi chú và 5.000 vnd ghi chú. Tôi bỏ tiền vào ví và đưa cho máy chủ. Khi anh ấy trở lại với sự thay đổi, anh ấy đã cho tôi 103.000 vnd. Tôi đã nhận được 301.000 vnd thay đổi! Dù sao tôi đã khuyên anh ấy rằng anh ấy đã nhanh chóng đến gặp ông chủ đã đưa cho anh ấy thêm 200.000 vnd và vấn đề đã được giải quyết! Tuy nhiên, bằng cách nhìn vào khuôn mặt của người phục vụ, anh ta trông giống như anh ta đã làm như tôi chỉ ra sự khác biệt. Tôi sẽ khuyên tất cả khách du lịch nên chú ý khi trao cho những người này tiền mặt có thể đi đến và đảm bảo bạn sẽ có được sự thay đổi chính xác! Rốt cuộc, đây là châu Á và thật buồn nếu những muppets từ Ấn Độ này tính phí tới 10 đô la mỗi bữa và sau đó xé toạc mọi người, vâng, tại Việt Nam! Không có gì ngạc nhiên khi người Ấn Độ gặp khó khăn trong việc kiếm việc làm ở đất nước này!",1,0,0,0,0,0
"Shop này làm ăn mất dạy lắm nha mọi người nên né ra mua hàng kiêu Ck trước xong rồi hàng lỗi thì chế độ đổi trả ko có
",0,0,0,0,0,1
"Tôi là Đức Trường, phóng viên của báo điện tử Zing.vn. Tôi có đặt xe đi từ Quảng Ngãi về Sài Gòn hôm 29.1. Tôi góp ý, là khi book chỗ qua hệ thống vexere, nên có phần điền thông tin số điện thoại của 2 người. Tôi đóng góp ý kiến này vì nhiều lý do. Thứ nhất, hôm qua, khi nhà xe hẹn đón tôi lúc 19h00 tại BigC Quy Nhơn, thì tôi đã có mặt từ trước đó 15 phút. Lúc xe đến, họ gọi tôi, nhưng do điện thoại của tôi bất ngờ bị hỏng, không thể nhận được cuộc gọi, hay gọi đi, vì vậy tôi đã lỡ chuyến xe. Rất may là sự cố này sớm được khắc phục sau đó. Vì vậy, tôi mong hệ thống lưu ý cho gọi điện thoại cho khách khi lên xe, nên lấy thông tin của cả 2 người, để tránh xảy ra trường hợp như của tôi.",0,0,0,0,3,0
Kinh tởm. Bữa sáng của vua ?! 220 nghìn ?! Nông dân thích ăn sáng hơn.,0,0,0,1,0,0
 - Xe buýt trở về đã không được làm sạch khi chúng tôi lên xe. Bao bì nhựa và rác đã ở khắp chỗ ngồi của chúng tôi khi chúng tôi đến.,0,0,0,0,1,0
"Chất lượng dịch vụ ngày một tệ đi, tôi là hành khách quen thuộc của bạn nhưng tôi nghĩ bây giờ là lúc tôi nên ngừng sử dụng dịch vụ của bạn, Goodluck",0,0,0,0,1,0
"Kinh khủng. Chúng tôi gọi món bánh mì kẹp xúc xích thuần chay và bánh mì kẹp thịt đậu lăng. Sandwich xúc xích là 3 xúc xích cocktail đã qua chế biến trong một chiếc bánh mỳ cũ. Đậu lăng “burger” là một loại sốt đông tụ kỳ lạ có mùi vị như không có gì. Đã nhìn vào bên trong nhà bếp và nó thật bẩn thỉu, người phụ nữ phục vụ bữa ăn của chúng tôi có đôi tay bẩn nhất mà tôi từng thấy. Nhân viên phục vụ của chúng tôi cũng vô cùng thô lỗ và tiếp tục bỏ đi trước khi chúng tôi gọi món xong. Toàn bộ kinh nghiệm rất kỳ lạ. Không muốn giới thiệu.",0,0,0,1,0,0
Không gian đền rộng thoáng với kết cấu 03 tầng thiên (trời) trên cùng tròn địa (đất) tầng thứ 2 vuông và nhân tầng thứ 3.khuôn viên rộng yên tĩnh.,3,0,0,0,0,0
"Nơi đây như một siêu thị thu nhỏ, không phải mô hình cửa hàng tiện lợi.
Có khá đa dạng mặt hàng nhu yếu phẩm, thực phẩm, đồ tươi sống và rau củ quả.
Siêu thị sạch sẽ, sắp xếp ngăn nắp.
Nhân viên lịch sự, nhã nhặn.
Cửa chính ở mặt tiền đường 31 tháng 3. Cửa ở đường Tăng Bạt Hổ bị khoá trái.",0,0,0,0,0,5
"Sân bay thông thoáng, không bị tắc đường, không ùn tắc khi làm thủ tục. Hạn chế là nhà vệ sinh công cộng chất lượng không cao, không sạch sẽ như sân bay Nội Bài
",0,0,0,0,3,0
"Mình cho nhỏ mượn để gọi dùm chiếc taxi, nhờ tài xế VinaSun chở ổng ghé Bệnh viện An Bình",0,0,0,0,3,0
"Phòng không đẹp theo chuan 4*, hồ bơi không có nhân viên hổ trợ.",0,2,0,0,0,0
"Thực sự yêu thích nhà hàng này, có lẽ là tốt nhất ở Quy bù. Người dân địa phương nói ít hơn giá, nhưng chất lượng thực sự tốt và bạn có thể thưởng thức các món ăn địa phương đặc biệt. Đặc sản là lẩu sứa, tuyệt vời! Thực sự cần phải cố gắng. Súp là siêu! ! ! ! Mỗi khi tôi ở Quy bào đều đến nhà hàng này.",0,0,5,5,0,0
"Món ăn ngon và phục vụ rất nhanh, chỗ ngồi thoải mái, nhân viên phục vụ rất tích cực và thân thiện! Sẽ quay lại.",4,0,4,4,0,0
Giá tiền đắt đến mức vô lý so với độ thoả dụng trong so sánh với các khách sạn cùng mức giá,0,3,0,0,0,0
Nó cũng được đề xuất bởi các nhân viên tại khách sạn của chúng tôi cho sam,0,3,0,0,0,0
Buổi chiều tại chợ này có nhiều cá tươi.,0,0,0,0,0,5
"Phòng cách âm hơi kém, nghe thấy khá rõ tiếng nói chuyện của phòng khác",0,2,0,0,0,0
Tài xe che tên nên không biết tên.xe chạy số hiệu 6898.,0,0,0,0,2,0
"Tôi lưu trú lại VHotel 4 đêm, 2 ngày đầu, mọi thứ đều rất ok và tuyệt vời. 2 Ngày cuối thì nhân viên dọn phòng, không cung cấp cho phòng tôi Cà phê (được free khi book phòng). Làm hại 2 ngày cuối cùng tôi không thể thưởng thức được cà phê mỗi buổi sáng.",0,5,0,2,0,0
"Mình đến đây buổi tối, ấn tượng đầu tiên là quán nhìn khá đẹp, sạch sẽ, thoáng mát. Mình gọi 2 món là chè khúc bạch và chè đậu xanh đánh sầu riêng. Chè khúc bạch dở khiếp luôn, còn chè đậu xanh thì ngon. Giá hơi đắt so với sinh viên, 2 món tổng 40k.",0,0,0,3,0,0
"Trải nghiệm ẩm thực tốt nhất kể từ khi chúng tôi đến Việt Nam! Họ nói một chút tiếng Anh, đủ để hiểu nhau. Chủ quán cho chúng tôi xem một đĩa
 với một con tôm và một mẫu thịt bò để chúng tôi quyết định. Đó là lần đầu tiên chúng tôi ăn b nh x o, họ thậm chí còn chỉ cho chúng tôi cách chế biến và ăn bánh cuộn vì chúng tôi không có ý kiến gì. Chúng tôi đánh giá cao nơi này!",0,0,5,5,0,0
"Gối và ra giường xỉn màu, nhiều đốm ố vàng. Khăn trải chân rách. Nằm ngủ cảm giác ngứa ngáy ở lưng có thể do bụi hoặc chưa thay ra",0,1,0,0,0,0
"Cảnh báo mọi người cẩn thận với ché ở đây, mua 2 loại ăn ngay và 2 hôm sau. Tối bóc loại ăn ngay thấy chẩy nước hỏng 4/5, sợ quá bóc loại ăn 2 hôm sau thì hỏng 10/10. Quá phí tiền với giá 20.000 đ/cái",0,0,0,1,0,0
"Phục vụ tốt, có điều ra biển ăn hải sản mà đắt hơn cả hải sản ở vùng núi tây nguyên",0,0,0,3,0,0
"Điện máy chợ lớn tuy nhỏ nhưng có những mặt hàng mới nổi trên thị trường. Không gian và phục vụ bài bản. Có website bán hàng chuyên nghiệp
",0,0,0,0,0,4
"Phòng vé và ga đi / đến chuyển về số 5 Nguyễn Tất Thành, cách văn phòng cũ đối diện khách sạn Majestic trên Tôn Đúc Thắng khoảng 5 phút lái xe.  Giá vé 200.000 đồng một chiều vào ngày thường; 250.000 vào cuối tuần. Đây là phương tiện thay thế đắt tiền hơn cho xe buýt Futa, có giá 100.000 nhưng có thể mất hơn 2 giờ để đến Vũng Tàu.",0,0,0,0,3,0
"Nhân viên chuyên nghiệp, xử lý nhanh các yêu cầu của khách.",0,5,5,0,0,0
"Giá đắt so với Phương Trang, 400k ko bao ăn, giường cũng hơi chật thì phải.
",0,0,0,0,2,0
"Đến vào Chủ nhật ngày 24 tháng 6. Lúc đó là khoảng 3:30 chiều khi chúng tôi đến nơi, vì vậy sau bữa ăn trưa vội vàng. Chúng tôi gọi một món salad đơn giản, một ít gà rán như món khai vị và bánh tartare ... thức ăn được mang ra lúc 4 giờ 5 phút chiều. Sự chậm trễ ... đã có một ""đầu bếp"" đang làm nhiệm vụ. Nơi này rất ồn ào ngoài một vài người có đồ uống. Không có lời giải thích nào để giữ chúng tôi lâu như vậy và tôi phải mất công hỏi món salad ở đâu. Một vài chiếc lá và mặc quần áo ... không khó lắm. Tuy nhiên, nơi này đã xoay sở để biến một bữa ăn bình thường đơn giản thành một thứ gì đó rất phức tạp. Không những thế bia còn được phục vụ trong một chiếc ly vỡ. Nơi này từng thực sự tốt. Bây giờ nó thực sự tồi tệ. Dịch vụ cho thành phẩm là tệ. Thực sự cảm thấy khó chịu khi phải trả tiền cho những món ăn khủng khiếp. Bánh tartare vô vị. Refinery Salad chỉ béo ngậy và các sọc gà rán giống như cao su. Nơi được bao quanh bởi công trình xây dựng. Thực đơn cũng mệt mỏi. Thực đơn đó không thay đổi kể từ lần cuối tôi đến đó vào năm 2014. Thật tội nghiệp.",1,0,1,1,0,0
"Tôi rất ko hài lòng về thái độ phục vụ của nhân viên tính tiền. Thái độ của nhân viên cứ ""hầm hầm"" vậy, nói thì cứ như quát vào mặt ng ta. Ng ta mua đến quầy tính tiền rồi còn hỏi có tiền trả ko vậy là thái độ ""khinh thường"" à. Nên tôi đề nghị ban quản lí coi, điều chỉnh lại thái độ của nhân viên.
",0,0,0,0,0,2
Cắt điện thoại của khách. Bỏ khách. Xuất bến không đúng giờ ( sớm 30p) không báo khách.,0,0,0,0,1,0
"Mình đến 4Q theo lời tư vấn của 1 người bạn giới thiệu đến để ăn tôm hùm, rất ngon và rất rẻ, chắc là vì đặt trước nên mới rẻ nghe bảo là vậy.
 Lần sau nhất định đến QN mình sẽ ghé quán ăn lần nữa.",0,0,5,5,0,0
"Jollibee - mình đến đây ở đây chỉ vào những dịp có khuyến mãi . Vì không gian ở đây rộng nhưng bố trí bàn ghế chật hẹp , nóng nực , khó chịu . Nhân viên phục vụ chậm chạp . Joli không như những quán gà rán khác , mỗi lần lấy tương là phải đi xin nhân viên khổ sở và rất lâu - tương không ngon , mùi hăng khó ngửi . Dụng cụ dao , nỉa rất ít . Khi đi lấy thì mới vừa rửa xong , còn ướt và có mùi nước rửa chén . Gà quá nhiều thịt , bên trong còn dầu khá ngán . Khoai tây chiên bào sợi nhỏ nên mau bị mềm . Nước coca đi kèm ít . Cơm khô , rời rạc , không thơm . Joli được mỗi cái kem ngon hơn KFC và Lotte , kem có mùi sữa , thơm , béo . Giá cả ở đây đắt hơn Lotte . Nhưng thu hút được nhiều em nhỏ vì ở đây có chú ong vui nhộn , đến ăn và chụp hình rất dễ thương . Sẽ đến quán với những dịp khuyến mãi ❤️",0,0,0,3,0,0
"Cửa hàng nhiều đồ đẹp, nhân viên cửa hàng lịch thiệp, tế nhị và biết làm vừa lòng khách hàng.
",0,0,0,0,0,4
"Nhân viên thiếu chuyên nghiệp, mình gọi một cafe đá xay socola và một trà sữa caramel, thạch trong li bị chua một cách kinh khủng, hỏi nhân viên thì nhân viên kêu là thạch trái cây, lên men bị chua, làm như trước giờ chưa ai ăn thạch hay gì, thạch này rõ ràng là argar caramel , một số nơi còn gọi là trân châu đen giòn, KHÔNG bao giờ loại thạch này chua như vậy. đây là lần đầu tiên uống một ly nước mà tức tới cở này.",0,0,0,1,0,0
"Nếu mọi người đi du lịch, tránh sự bực mình thì tránh nhà hàng này, phục vụ cực thiếu chuyên nghiệp, ko quá đông nhưng gọi nhân viên vâng dạ xong mất hút. Bực mình, đồ ăn thì quá bình thường.",0,0,1,2,0,0
Dịch vụ quá tệ. Nhân viên làm việc không giữ lời hứa. Đã qua 3 tháng mà bên đó chưa hoàn tiền cho đoàn.,0,1,0,0,0,0
"Một khu nghỉ ngơi ngắm cảnh rất đẹp.
- Từ đầu cổng vào bạn sẽ phải cuốc bộ trên các bậc thang lên xuống khoảng 200m để đến khu vực chính là quán cafe để ngắm cảnh. Giá vé cổng vào 40k/ng lớn, trẻ em dưới 1m miễn phí.
- Quán cafe nằm sát biển với view rất đẹp nước trong xanh kết hợp với núi và đá rất hợp để chụp hình sống ảo. Giá cả nước khoảng 50k/ly.
- Ở đầu cổng vào có nhà hàng để nghỉ ngơi ăn trưa gọi món hoặc cơm phần. Cơm phần giá 250k/khách, theo mình thấy là khá mắc so với những gì được đưa lên, cá kho bé tẹo teo cho 3ng ăn.
Đi ngắm cảnh buổi trưa rất nắng và leo bậc thang khá mệt, buổi chiều chắc sẽ ổn hơn.",4,0,5,5,0,0
"Thái độ phục vụ của nhân viên chán Quán chỉ phục vụ tầng dưới, không phục vụ tầng trên Hoặc là do mình đi ban ngày hay k đúng ngày nên k phục vụ sao? Đồ uống ổn, mình uống cacao kem... Coi review rồi voi thử thì mình khá thất vọng, hì Dù sao đồ uống cũng ổn là vui rồi...",0,0,1,2,0,0
gọi xe đi từ sân bay ra 140 Cộng hoà mà tài xế thái độ ra mặt. Mồng 2 tết gặp ông tài xui cả năm ko ta???,0,0,0,0,1,0
"Rất nhiều hàng hải sản, bánh kẹo đặc sản Phú Yên. NV siêu thị tư vấn nhiệt tình những thứ có thể mang được, những thứ bị giữ lại ở sân bay. hàng có tem mác bảo hành. Nói chung là có thể tin tưởng về chất lượng, giá cả ok.
",0,0,0,0,0,4
Không có bản hiệu nhưng mắm ngon. Làm lâu năm kiểu truyền thống.,0,0,4,0,0,0
"Rau ngon, xoài chua lét, bánh xèo chiên lại nên rất cứng, dày và dầu mỡ!
Nước mắm ăn được, nước chấm đậu phộng thì nhạt nhẽo!",0,0,0,2,0,0
"Nhóm mình vào rất đông. Bọn mình order đầu tiên, chỉ có 1 trà sữa chân trâu và 1 lục trà trái cây, nhưng order bị đẩy xuống gần cuối và phải chờ nửa tiếng. Ra hỏi 2 lần nhân viên không được 1 câu xin lỗi. Thế là quá đủ để chấm 1* rồi. Mình có thể trả giá rẻ hơn thế này trên SG, thái độ nhân viên tốt hơn và phục vụ nhanh hơn. Bọn mình chi tiền ra không phải ăn xin mà thái độ như thế.",0,0,0,1,0,0
"Nhân viên vui vẻ, thân thiện, nhiều lần đi ctac hoặc đi du lịch mình đều ở ks này, phòng tuy hơi nhỏ nhưng khá đầy đủ tiện nghi, gần biển, gần quảng trường nên đi lại rất thuận tiện",4,3,0,0,0,0
"Đồ ăn khá mắc, 1 tô mỳ mực 30k, mỳ hải sản 90k. Được cái view nhìn ra biển đẹp. Ăn trưa trong tour có món lẩu gạch cua ăn với sứa và bún khá ngon và lạ miệng, nước dùng ngọt thanh, đáng để ăn thử.",0,0,0,3,0,0
"Phòng hút thuốc đã chuyển chổ khác nhưng bảng chỉ dẫn cũ vẫn k thay. Cảng hàng không mà làm việc k chỉnh chu, còn lại về cơ bản khá ok",0,0,0,0,3,0
"nhà hàng trên mái nhà. vì vậy cũng không tiếp sức khu vườn .... không có âm nhạc trong thời gian này .. thức ăn ngon ok (nhưng chỉ ok) nhân viên thân thiện .. hơi đắt, bạn có thể tìm thấy nơi tốt hơn.",0,0,2,0,0,0
Giá mắc quá. Gấp đôi sài gòn. Kêu tôm sú sống mù tạt. Ko có chỉ có tôm sú ướp đá 750k/kg .oh my god,0,0,0,2,0,0
"Đây là lần thứ 2 mình tới đây và vẫn là kịch bản cũ. Không 1 nhân viên tới oder, mình tự ra quần oder 2 ly nước 95k mà mang ra cho mình như 2 ly nước 25k ngoài vỉa hè, khi mình hỏi thì nhân viên trả lời do bên quán hết ly anh chị không chịu “buộc phải chịu”. Nếu biết trước “buộc phải chịu” thì mình sẽ không ghé quán. Vị trí 10đ :)) thái độ nhân viên phục vụ 1đ.",0,0,0,2,0,0
"Mình nghĩ ai muốn thuê xe máy ở dịch vụ này phải rất nên cân nhắc có nhất thiết phải thuê xe sát với sân bay không, vì lần rồi chiếc xe mình thuê có chất lượng rất tệ: bố thắng trước và sau đã mòn, kêu xoẹt xoẹt rất to; bộ bố nồi cũng tới hạn cần thay, xe rồ máy mãi mà vẫn rì rì dù đã về số thấp; dàn áo của xe đã cũ nên qua đường hơi sốc là kêu to lắm; đồng thời phuộc nhún và bạc đạn cũng cần được bảo trì…. Theo mình đánh giá đây là một chiếc xe chưa sẵn sàng để được cho thuê, chế độ bảo trì mà chủ xe suy nghĩ về xe là chưa được chuyên nghiệp. Thành ra mức giá thuê chiếc xe đó bị đắt, nếu xe chạy ngon lành thì là vừa tiền.",0,0,0,0,2,0
"Được người bạn đi về giới thiệu gần FLC có nhiều Nhà Hàng hải sản bên làng chài và mình thử đi qua làng chài thì gặp được Nhà Hàng Bảo Nam ngay đầu đường vào Làng , điều ấn tượng nhất làng nhà hàng này có không gian sân vườn rất thoáng mát và được trang trí rất đẹp . Tuyệt vời hơn là người dân ở đây rất nhiệt tình và hiếu khách còn nói về phần thức ăn thì bao ngon luôn ạ, giá cả lại phải chăng và hải sản thì đang bơi luôn các bạn ạ .",0,0,5,5,0,0
Mình lỡ làm dính màu trên khăn tắm. mấy chị dọn vệ sinh vô bảo không thay khăn cho phòng mình. họ nói cái khăn nay fai đền tiền trong khi họ chưa giặt thử có ra hay không. họ nói nếu mình tự giăt ra thi không cần phải đền và thay vì họ thay khăn và giặc dùm rôi báo với mình có ra chất bẩn hay không thị họ để lại khăn cho mình giặt và mình đã giặt sạch.,0,2,0,0,0,0
"Shop quần áo thời trang nam giá rẻ cho sinh viên, người có thu nhập trung bình. Sản phẩm cũng đẹp mà giá cả hợp lý ai cũng mua được.
",0,0,0,0,0,5
"Mình đã ghé qua đây, đầy đủ và giá cực mềm nhé👍👍👍",0,0,5,0,0,0
"Đi nhóm 8 người tới, gọi 6 tô bún rạm, nhân viên kiu hết rạm rồi, xong bỏ đi luôn. Chờ 1 lúc cóc thấy ai lại hỏi han gì hết, gọi con nhỏ nhân viên nãy lại, nó nhìn 1 phát xong bỏ đi tiếp. Điên máu lên chửi cho 1 trận rùi bỏ đi, bà chủ thấy vậy mới chạy ra , Mẹ mình đang tức con nhỏ nhân viên mới la lối với bà chủ, ai dè pả cóc thẻm hỏi gì luôn kiu : quán đông nên cô đừng có nói ngang ngược như vậy ... PS : khách du lịch muốn ăn thì ra quán bún rạm Thùy 261tangbatho đang bực chỗ này chạy ra đây ăn phát hết bực luôn",0,0,0,1,0,0
"Delicious mì ống siêu tươi và bánh pizza tuyệt vời! Thực sự tốt phạm vi của các loại bia, với một cặp vợ chồng trên máy. Dịch vụ xuất sắc và đội ngũ nhân viên thân thiện. Một nơi thoáng mát nhìn xuống phố.",0,3,0,5,0,0
Nước mắm không ngon.thái độ nv kg niềm nở lắm giá cả hơi cao,0,0,0,2,0,0
"Đi đến nơi đây cũng lâu lắm rồi mà nay mới có dịp giờ rãnh để ngồi viết review cho chổ này. Do mình may mắn được đi với công ty nên mình mới có dịp ghé đến nhà hàng này, mình thấy thực đơn của quán cũng hao hao như mấy trung tâm hội nghị khác thôi nhưng được cái quán này phục vụ khá là tốt, nhân viên thì thân thiện và vui vẻ lại còn chu đáo hơn. Về phía phần đồ ăn thì khá là ok nhe, có mấy món nghe tên khá là lạ vì ở Cần Thơ mình chưa có ăn bao giờ được dịp ra đây ăn thử thấy cũng khá là thích thích. Với lại cách trang trí của nhà hàng mình thấy cũng khá sang trọng đúng chuẩn nhà hàng hơn các nơi khác ^^ Ngoài ra nhà hàng có view khá đẹp vì sát với biển nên làm mình thích lắm!",0,0,5,5,0,0
"Mình mua 1 bịch lạp xưởng ăn sạn không, cục nào cũng sạn và bị thối , đã đem trả lại siêu thị , họ đã trả lại tiền . Mong big c kiểm soát chất lượng hàng hóa hơn
",0,0,0,0,0,2
"Chắn sáng cửa sổ chưa tốt. Đèn cảm ứng hành lang, gần cửa sổ bật mỗi khi có người qua lại, hắt sáng vào phòng.",0,2,0,0,0,0
"Chết mê chết mệt với quán này thôi à, lần thứ 3 mình ghé quán, đã ghé là ko uốn rời, mỗi lần rời là phải căng cái bụng :). Quán có tông màu dễ thương nên đi ngang qua là bắt gặp liền nhé, nay quán có thêm đồ ăn vặt ngon nhứt mũi nữa chứ. Mình gọi phomai que với khoai tây chiên, phomai ở đây nó ko quá béo, lại có mùi thơm, mình nghỉ quán sẽ thu hút khá là đông giới trẻ teen khi kết hợp căn ăn vặt nữa <3. Nhân viên ở đây rất thân thiện, cởi mở. Có dịp sẽ ghé quán lại nữa nhé.",0,0,5,5,0,0
"Chụp tấm hình cho người yêu coi giá để lựa chọn chút mà cũng không cho trong khi đó siêu thị không cấm chụp, không có biển cảnh báo cấm chụp ảnh hay cấm camera
",0,0,0,0,0,3
Có đậu phộng không mong muốn trên nghêu là một vấn đề khi bạn bị dị ứng.,0,0,0,3,0,0
"Nghe nói những điều tuyệt vời về nơi này vì vậy đã thử nó. Địa điểm rất bận rộn nên chúng tôi phải chờ 30 phút để đặt bàn. Mặc dù vậy, chúng tôi không bận tâm và các nhân viên đã để mắt và cập nhật cho chúng tôi mặc dù nơi này rất bận rộn.

Chúng tôi đã chia sẻ một pasta napolina - rất tươi và ngon. Sau đó, chúng tôi đã gọi pizza - tôi yêu cầu không có phô mai trên pizza nhưng họ quên đề cập đến phô mai trong pesto và tôi cũng không nghĩ về điều này. Tôi biết ngay khi nhìn thấy chiếc bánh pizza có chứa phô mai. Chủ sở hữu đã thay đổi điều này cho tôi không có vấn đề và làm cho tôi một cái mới.

Một số loại bia ngon quá!

Nhược điểm duy nhất là nó khá đắt. Có một khoản phí 15% tet mà chúng tôi biết nhưng trước đó, hóa đơn được áp dụng là 550 k, đây là khoản tiền lớn nhất chúng tôi đã trả cho một bữa ăn trong 6 tháng ở châu Á - bao gồm cả ở các thành phố lớn",0,0,4,4,0,0
"Mình đến jollibee chỉ để ăn kem các cậu ạ 😂 Quán rộng nhưng bố trí khá chật hẹp, gây cảm giác bị bàn khác soi khi ăn luôn ấy :(((. Còn về phần phục vụ thì có vẻ khá chậm chạp. Dao nĩa thì khá ít. Một lần đi lấy rất rất bực luôn đấy -.- thức ăn ( trừ món kem) thua xa Kfc và Lotte. Nhưng điểm cộng là món ăn phong phú hơn và món kém khá ngon. ❤️",0,0,0,3,0,0
"Điều này là lạ nếu taxi là loại mét. Trong màn hình có đề cập rằng chi phí khoảng 63, 000 Mb. 
Nhưng anh ấy yêu cầu chúng tôi trả 190, 000 KL. Làm thế nào để taxi tính phí chúng tôi như vậy? Nó rất đáng sợ.",0,0,0,0,1,0
"Tóm lại, đây là một nhà hàng sẽ nằm trong danh sách các nhà hàng yêu thích của tôi khi trở lại Quy Nhơn thân yêu.",0,0,5,0,0,0
"Sản phẩm đa dạng, nhân viên nhiệt tình với khách hàng",0,0,0,0,0,5
"Cửa hàng thoáng đãng sạch sẽ, hàng hóa sắp xếp khoa học, NV phục vụ tận tình lịch sự.
",0,0,0,0,0,5
" - Ghế ngả bị hỏng trên cả hai xe buýt chúng tôi đã đi, dẫn đến việc phải dành toàn bộ hành trình ở vị trí nghiêng",0,0,0,0,2,0
Cơm chiên đến khá nhanh nhưng tôi chưa bao giờ nhận được món cá mập nướng của mình. Một lúc sau nhân viên mang cho tôi một ít cơm chiên cá và tôi nói với họ rằng tôi chưa gọi món mà họ để trên bàn.,3,0,0,0,0,0
"Không gian bài trí đẹp, có ghế ngồi nghỉ và nước  cho khách nhưng giá hơi đắt hơn so với bên ngoài.",0,0,0,3,0,3
Rất khuyến khích bởi TA. Nội thất nhà hàng dễ chịu nhưng các phần thức ăn rất nhỏ và quá giá so với những gì bạn nhận được. Đáng giá tiền và vẫn đói rời khỏi nhà hàng. ,0,0,4,1,0,0
"Mình vào ăn tầm 4h chiều, quán vắng chỉ có vài khách. Thấy quán rộng mà cũng khá sạch nên quyết định thử. Vỏ nem cuốn, rau ăn kèm đầy đủ nhưng cách phục vụ kém thật. Cứ đặt toẹt đồ trước mặt khách, nước cũng đặt toẹt ở bàn, bưng bánh ra cũng thế. Đến lúc trả tiền mới hốt, 60k/suất/2 bánh. Ăn bánh xèo thôi mà, có cần mắc vậy ko??? Dù là nhân bánh cũng ok nhưng vẫn cảm thấy mình bị chém thật ngọt.",0,0,0,2,0,0
đồ ăn sáng hơi ít,0,0,0,2,0,0
Vì chỉ ở 1 đêm nên chưa thấy gì bất tiện,0,3,0,0,0,0
"Quán có không gian ổn, đồ ăn tương đối nhanh, và vị đồ ăn ngon, dễ ăn. Đây sẽ là địa điểm mình sẽ quay lại.",0,0,4,4,0,0
"Cảng xe bus vẫn hoạt động bình thường, xe taxi đậu xung quanh luôn sẵn sàng phục vụ khi khách đi trễ tuyến bus, giá hiện giờ khi share taxi là 70k 1 người, còn vé bus là 50k/ người. Muốn bắt bus nên đi đến trc 2 tiếng rưỡi trc giờ bay.
",0,0,0,0,3,0
Mình tới quán ăn lúc tối. Thực sự thì món ăn cũng ngon cho tới khi mình tìm thấy moitj cọng thun vàng trong tô bún cá của mình. Không ăn nổi nữa. Mình nghĩ ai cũng sẽ có sai sót chỉ cần sửa sai thôi. Vậy mà khi mình nói quán thì nv vội vàng mang cọng thun đi dấu sợ mình chụp hình lại. Và không hề xin lỗi mình một câu nào. Thất vọng,0,0,0,1,0,0
"Siêu thị lớn đẹp, bạn có thể mua bất cứ thứ gì bạn muốn, đặc biệt là thực phẩm :)",0,0,0,0,0,5
Tôi được mời đến nơi này và được cho biết là thức ăn ngon. Thực ra món ăn rất ngon. Thiết kế và trang trí rất đẹp.,0,0,5,5,0,0
"Khi vào mua thức ăn nhanh tại quầy thanh toán tiền nhân viên hỏi bánh hỏi, tô bún với dùi gà vào luc 10:15h ngày 28/6 em có tl mà nhận viên k nghe rõ và hỏi lại lần nữa e trả lời của e. Nhân viên tỏ ra thái độ khó chịu và nói với e hồi nãy hỏi thì nói không. Mặt nhăn nhó nói gắt gỏng . Lần đầu tiên trãi nghiệm ở bigc qui nhơn mà ấn tượng không tốt r. Không có lần sau vào bigc này nữa.
",0,0,0,0,0,2
"Ở đây có dạy đàn và bán đàn piano, đàn organ các loại cùng với phụ kiện của các loại đàn đấy. Mình có ghé mua đàn ở đây và được biết cửa hàng thông qua Facebook trên trang Dũng piano Quy Nhơn. Cửa hàng nhỏ gọn, sạch sẽ và trang trí tạm ổn. Có dạy đàn thêm cho trẻ em và người lớn. Thầy Dũng chủ cửa hàng cũng khá vui vẻ và nhiệt tình.
",0,0,0,0,0,5
"Tài xế chở khách từ Khách sạn Trầu Cau về đường Tô Hiến Thành khoảng 20h ngày 16/6/2022 nói năng với khách thiếu lịch sự, cự cãi với khách suốt dọc đường. Sẽ ko bao giờ sử dụng dịch vụ của Mai Linh nữa.
",0,0,0,0,1,0
"Siêu thị này thiết kế theo dạng nhà kho để hàng hoá. Không gian và chỗ đậu xe rộng rãi nhưng không quá nhiều tiện ích như những siêu thị khác.
",0,0,0,0,0,4
"Quán đông khách nhưng phục vụ chưa chuyên nghiệp. Thức ăn cũng bình thường, nhân viên phục vụ không tốt lắm!",0,0,0,3,0,0
"Kinh doanh đa dạng hàng hóa. Thích hợp mua làm quà. Chất lượng sản phẩm đc. Tuy nhiên giá cả hơi cao so với ở ngoài.
",0,0,0,0,0,3
"Lần đầu tiên tôi đến siêu thị, nó rộng, đầy đủ các mặt hàng và rẻ. Nhưng hơi buồn vì nhân viên trả chưa đến 100k mà do không để ý. Đi ra khỏi siêu thị để ý. Không đáng, nhưng vẫn thấy hơi thất vọng 😂 ",0,0,0,0,0,3
Đồ ăn ok. Giá ok. Bàn ghế thoải mái. Quán rộng rãi ok. Trước đi 2 lần rồi.Nghe nói có món mới. Mì bay. thấy chụp hình hấp dẫn. Mình cũng lếch đi xem sao. Đi buổi chiều mà k có. Buồn. Đành gọi mì cay. Lúc lấy đũa với muỗng mới thấy bẩn k thể tả. Thật sự ý. 2 lần trước mình đi lúc quán mới mở thấy k bẩn. Thế méo nào quay lại lần này. Bẩn hết hồn luôn. Bạn có thể tưởng tượng rằng cầm muỗng lên bạn sẽ thấy vết dầu mỡ còn dính. Rất nhiều cái muỗng. Đa số đều bị dính ý. Chưa kể ngay cả tương ớt. K hiểu s vẫn còn dính chỗ tay cầm luôn. Vết dính đã lâu nữa. Khinh khủng ý. Lúc đó cũng quên chụp lại mất tiu. Mong chủ quán sẽ chú ý khâu vệ sinh hơn nữa,0,0,0,1,0,0
"Không nên mua đồ ở đây,......",0,0,0,0,0,1
"nhân viên sân bay ăn chặn tiền khách hàng. nâng hạng vé thương gia nhưng  không add thêm em bé cho khách, xuất vé không đúng giá tiền. theo đúng nội quy. không xuất trình phiếu tính tiền cho khách. làm khó dễ khách để ăn chặn tiền. vé thì không có số vé.",0,0,0,0,2,0
"Ở đây có xe Bus trung chuyển hành khách đi Sân bay Phù Cát
",0,0,0,0,3,0
"Anh ấy nói tôi sẽ thả bạn xuống trạm thu phí rời sân bay. Tôi đã ra ngoài trước khi tất nhiên và ghi chú số xe của anh ấy. 
Tôi về nhà bằng xe ôm. Ngay lập tức, tôi gọi cho Vinasun và phàn nàn. Không có lời xin lỗi ở đầu bên kia hoặc bất kỳ dấu hiệu của sự đồng cảm. Tôi hỏi, có điều gì đó sẽ được thực hiện về situatiuon, và được người phụ nữ nhận cuộc gọi nói rằng cô ấy chỉ có thể ghi chú và để lại quyết định cho Vinasun. Trong vòng 20 phút, tôi nhận được một cuộc gọi từ Vinasun hỏi về khiếu nại của tôi. Tôi nghĩ, ""wow, ai đó deos quan tâm""! Nhưng sau khi kể cho cô ấy câu chuyện của tôi ở trên, cô ấy nói: ""Tôi xin lỗi, chúng tôi không có 7 chỗ ngồi với bài tập 4 số đó"" Tôi hỏi cô ấy những gì bạn nói là ai đó đã lấy trộm một chiếc xe có dấu Vinasun, và đã đóng cửa một mét, mặc quần áo Vinasun và đi khắp nơi xé toạc mọi người. Một lần nữa cùng trả lời. Không thể tin được, những người này. Vì vậy, ngay cả với một công ty uy tín như vậy nói dối Vinasun, đôi khi bạn vẫn sẽ nhận được dịch vụ tồi và không chuyên nghiệp. Ther không có la bàn đạo đức giữa nhiều người ở đây và điều này, mặc dù nó làm tôi khó chịu, không làm tôi ngạc nhiên nữa. Vinasun, bạn là một đại sứ khủng khiếp của Việt Nam. Điều này từ một người sống ở đây 8 năm!",1,0,0,0,1,0
"Lựa chọn cuối cùng của tôi mỗi lần cần phải đi lại trong bằng taxi, thái độ phục vụ, thái độ khi lái xe, mùi hôi trên xe luôn là nỗi ám ảnh.",0,0,0,0,1,0
"Phòng 2 giường view biển không rộng lắm, lối đi hơi hẹp nhưng không sao.",0,3,0,0,0,0
"Shop quần áo thời trang nam giá rẻ cho sinh viên, người có thu nhập trung bình. Sản phẩm cũng đẹp mà giá cả hợp lý ai cũng mua được.
",0,0,0,0,0,5
"Đa dạng dịch vụ, nhân viên Co.opmart nhiệt tình và hàng hóa phong phú.
",0,0,0,0,0,5
"Nơi tốt để mua sắm trong thành phố. Máy điều hòa hoạt động tốt và rất nhiều thức ăn ngon ở tầng hầm, đặc biệt là kem matcha.",0,0,0,5,0,4
Hỗ trợ qua zalo ko tiếp xúc rất phù hợp,0,3,0,0,0,0
"Chị chủ shop nhiệt tình, thân thiện, gói các kiểu quà tặng theo nhiều phong cách tuyệt vời
",0,0,0,0,0,5
"Nhân viên thân thiện, chu đáo. Menu đa dạng & phong phú các món. Giá cả phải chăng, sẽ quay lại trong thời gian gần nhất",5,0,5,0,0,0
Ngắm cảnh từ trên bể bơi tầng thượng,3,0,0,0,0,0
"Mình đi 2 người, mua hết 1tr5 tiền hàng, lúc thanh toán mình có xin nhân viên thêm 1 cái bọc nilong để chia ra mà nhân viên không cho là không cho. Còn nói mình là quy định siêu thị hàng bao nhiêu bọc bấy nhiêu. Cái bọc chị to như cái bánh xe bò vậy. Chắc phải vô siêu thị mua thêm cái bọc để đựng đồ.
",0,0,0,0,0,3
"Chỗ này hay ăn nhưng giá có mắc hơn chỗ khác đôi chút 25k/tô bánh canh để 3,4 các loại chả,chả cá hôm qua ăn mùi hơi khó chịu ,bánh cuốn chả cá thì ngon ,làm cũng nhanh.nhiều chỗ bánh canh bán có 15k thôi ngon hơn đây nhiều.",0,0,0,3,0,0
Siêu thị bán đặc sản tỉnh Bình Định,0,0,0,0,0,5
Quán thì k có gì nổi bật mà giá thì hơi cao. Kiểu setup thì cũng bình thường. Nhân viên thì như kiểu có khách cũng dc k có thì cũng k cần. Nói chung nếu ghé kiss thì nên ghé idol or các quán bình dân thì ok hơn,0,0,0,2,0,0
"Đắt tiền. Phục vụ gà nấu chín (rất vui vì tôi không bị ốm). Không gian ồn ào và nóng nực. Tuy nhiên, có một món ăn ngon, món khai vị Atisô. ",0,0,2,2,0,0
"Gửi có 1 bì quà như cái bì ni lông ko chưa đồ lấy giá 130k , thề là ko có lần 2",0,0,0,0,1,0
"Ghé quán ăn trưa , nghe nói cơm gà ở đây nổi tiếng nên kêu thử dù quán có nhiều món - Dĩa cơm bưng lên nhìn miếng gà chiên giòn to vật vã , ăn thấy bình thương , gà hơi bị khô , không ăn kèm với canh rau thì thú thiệt nuốt không nổi - Hao hao giống cơm gà xối mỡ ở Sài gòn , Nói chung không ngon , ăn mau ngán - Còn cơm bò thì bò hơi dai nước sốt ngon - Giá cao so với mặt bằng Quy nhơn",0,0,0,2,0,0
"Nhân viên rất nhiệt tình, là khách hàng khi thấy nhân viên như vậy quả thật cảm thấy rất được tôn trọng. Cảm ơn đội ngũ nhân viên rất nhiều.
",0,0,0,0,0,5
"Gần trung tâm, ngay bãi biển có thể tắm được. Phòng ốc sạch sẽ, nhân viên thân thiện.",0,3,0,0,0,0
"Nơi đây như một siêu thị thu nhỏ, không phải mô hình cửa hàng tiện lợi.
Có khá đa dạng mặt hàng nhu yếu phẩm, thực phẩm, đồ tươi sống và rau củ quả.
Siêu thị sạch sẽ, sắp xếp ngăn nắp.
Nhân viên lịch sự, nhã nhặn.
Cửa chính ở mặt tiền đường 31 tháng 3. Cửa ở đường Tăng Bạt Hổ bị khoá trái.",0,0,0,0,0,5
"Cách âm kém, có cửa thông với phòng khác nên phòng bên cạnh cứ làm ầm ầm vô cánh cửa ảnh hưởng đến giấc ngủ. phòng bên cạnh nói gì thì phòng bên đây nghe hết",0,1,0,0,0,0
"Không gian thoáng mát, nhưng tài xế taxi chèo kéo nhiều, mất thẩm mỹ
",0,0,0,0,3,0
"Tôi đã đi vào và gọi một bát phở. Tuy nhiên bị một cô gái đi ra và quát mắng thẳng vào mặt. Chắc chắn tôi sẽ không bao giờ quay lạiSau 11 ngày xuyên Việt, chúng tôi đã thử món phở được đề xuất này. Tôi đã ăn súp ngon hơn nhiều ở Việt Nam và nhân viên ở các nhà hàng khác thân thiện hơn nhiều. Các nhân viên thân thiện như ở hầu hết các thành phố phương Tây. Đánh giá quá mức.",1,0,0,3,0,0
Có 2 cơ sở nhưng cơ sở 2 ăn k ngon miệng k ghé lại,0,0,0,1,0,0
"Theo quan điểm của tôi, tôi sẽ đánh giá nhà hàng này ở mức trung bình và kém.",0,0,3,0,0,0
"Phòng không được sạch sẽ, ngày nhận phòng mình bước trên sàn thấy khá rít, ghế ngồi còn dính đồ ăn uống từ ngày hôm trước, khiến trải nghiệm về phòng của mình trong cả kỳ nghỉ khá tệ. Phòng mình đặt là Seaview, nhưng khung cảnh thấy biển khá là hẹp, bị che bởi nhiều tòa nhà lớn.",0,1,0,0,0,0
"Đến quán ăn cũng nhiều lần rồi nhưng cảm giác thái độ phục vụ của quán chãnh quá. không hiểu quán cần khách hay khách cần quán nữa. Bánh, nước cũng ko phải gọi đặc sắc đến mức quán phãi chãnh với khách như vậy. Có lẽ mình sẽ tìm một địa điểm thích hợp hơn, bỏ đồng tiền ra vừa ăn ngon lại đc phục vụ chu đáo hơn.",0,0,0,1,0,0
"Giá đắt hơn so với chất lượng sản phẩm! Với tầm giá đó có thể mua được 1 cái áo có đường may tốt hơn.
",0,0,0,0,0,3
"Sân bay khi mình đáp xuống thì nhìn thấy bãi đáp khá lớn, máy bay phải chạy một đoạn mới vào tới nhà ga. Hai chuyến bay của mình nhà ga đều vắng.
Từ sân bay muốn vài TP Quy Nhơn phải di chuyển một đoạn tầm 30km. Đi taxi đâu đó khoảng hơn 30 phút.",0,0,0,0,3,0
Giá cả phải chăng,0,0,0,0,0,5
"Tôi đã đến đây dựa trên các đánh giá nhưng tôi đã thất vọng. Mặc dù không đắt, mì của tôi khá không ngon và Bahn Mi mỏng và hầu như không có bất cứ thứ gì trong đó.",0,0,0,2,0,0
"Vị trí gần trung tâm,gần biển,đi lại rất thuận tiện,phòng sạch đẹp và rất mới,nhân viên nhiệt tình và tạo điều kiện tối đa cho khách.nói chung mình cực kỳ ung ý.lần sau ghé Nha Trang chắc chắn sẽ quay lại đây ở",0,5,5,0,0,0
"Buffet hơi ít lựa chọn, còn chất lượng mình thấy khá ok.",0,0,3,4,0,0
"Không có bữa sáng như thông tin phòng. Mình đặt phòng 3 người (1 giường đôi và 1 giường đơn) để ở 2 người và 1 em bé, yêu cầu ghép giường sát nhau. Nhưng bên khách sạn lại tự ý lấy phòng 2 giường đơn để ghép lại với lý do giường đơn và đôi ko ghép lại được và vẫn lấy giá phòng như cũ, trong khi phòng mình đang ở chỉ dành cho 2 người. Vì có em bé nên mình không muốn đôi co nên đành nhận phòng để nghỉ ngơi.",0,2,0,1,0,0
"Đông vui rất thích cuối tuần đi mua sắm ít hải sản tươi ngon tại đây
",0,0,0,0,0,5
"Sân bay Phù Cát mới tu sửa lại và xây mới nhà chờ rất sạch sẽ, chuyên nghiệp. Bên trong có bán nhiều món đặc sản quê hương Bình Định để làm quà.",0,0,0,0,4,4
"Nay gọi đúng món lẩu mong đợi, tuy nhiên vị khá bình thường ko có gì đặc biệt. Khá cay. Nhân viên lịch sự. List nhạc hay. Wifi ổn định. Mình để xe nhà đối diện bên kia đường nước tạt ước mbh hết trơn :(",0,0,0,2,0,0
"Đã hết cách ly xã hội; mọi người, mọi việc đã hoạt động bình thường, mà nhân viên bảo vệ Siêu thị chặn khách hàng không cho vào với lý do ko có khẩu trang! Việc làm này liệu có quá mức cần thiết? Hôm nay lần đầu đến đây! Phải để vợ con vào còn mình ra quán nước vỉa hè ngồi chờ! Lần đầu và cũng là lần cuối mình đến đây!",0,0,0,0,0,1
"Thức ăn không có gì đặc biệt và không rẻ nhưng nằm ở vị trí thuận tiện, đẹp và ấm cúng. Có muốn giới thiệu nó để đi uống cà phê không",0,0,4,2,0,0
"Hạ tầng bán dân sự nên cũng chưa đc ổn lắm, nhưng cũng rất tuyệt rồi
",0,0,0,0,3,0
"Đó là một nhà hàng trên tầng mái của Việt Nam với các phần nhỏ, nhiều lựa chọn bia và tầm nhìn đẹp ra Sài Gòn, tôi muốn nói sẽ quay lại nhưng có lẽ tôi sẽ không uống bia.",0,0,3,0,0,0
"Bò ăn bở như được nấu chín sẵn và trụng lại nhiều lần, ăn cảm giác không còn chất.",0,0,0,2,0,0
Nếu bạn không muốn một chuyến đi thoải mái thì nên tránh xa hãng xe này.,0,0,0,0,1,0
Nhân viên phục vụ rất tệ chỉ có mấy anh bảo vệ tốt,0,2,0,0,0,0
"Mình là dân Quy Nhơn nên biết chỗ này, cũng đã từng vô và khuyên là không nên vào. Quán chỉ được ưu điểm duy nhất là ""nằm gần biển"", ngoài ra không có điểm gì được. Giá cả đắt đỏ. Chất lượng đồ uống thuộc dạng dở. Không gian rộng và loãng nên nhân viên không phục vụ xuể. Số lượng nhân viên ít và thường xuyên quên khách, phải đợi rất lâu, kêu í ới thì lúc lâu sau mới tới lượt mình. Quán nằm trên cát nên cũng dễ bị cắt văng lên thức ăn. Cho nên ai muốn biết biển là gì và không quan tâm giá cả thì vào 1 lần cho biết thì được.
",0,0,0,2,0,0
"Nơi tuyệt vời và dịch vụ cho đến khi ra lệnh! Người vợ thuần chay của tôi đã cười khi cô hỏi họ có thể cho bơ vào bánh mì nướng không. 
Thức ăn trẻ em là bánh kếp và tốt cho những đứa trẻ hạnh phúc nhưng tôi gọi một bữa sáng đầy đủ kiểu Anh và ăn một miếng thịt xông khói và một quả trứng chiên và một nỗ lực saveloy - với một đống muối trong một cái bát - không chính xác 50 kVND. Không hài lòng missus - như không có tùy chọn ăn chay cho bữa ăn sáng mặc dù chỉ định. Không phải là nhà triết học vì đây là bữa ăn sáng không phải Việt đầu tiên ở 3 wks trong nước - chỉ lát nhà là những bức tranh trên tường.",0,0,5,5,0,0
"Combo bãi tắm hoàng hậu, bãi trứng, mộ Hàn Mặc Tử, nói chung đi cho biết 1 lần thôi, chỉ chụp hình kỷ niệm, không có gì thêm, bãi trứng cũng rất nhỏ, khi đông người thì chen nhau chụp, nên đi ngày trong tuần vắng người hơn.
",3,0,0,0,0,0
Sự yên tỉnh và không gian nhìn ra phố qua lại,0,3,0,0,0,0
Tuy nhiên phòng mình bồn cầu bị trục trặc xíu. Cần gạt nước k đóng nên dẫn tới nc cứ chảy róc rách. Phải mở nắp bồn đóng cần gạt lại thì ok.,0,2,0,0,0,0
Chúng tôi đến đây để ăn vì được đánh giá tốt và khách sạn của chúng tôi cũng giới thiệu nó. Gọi một con cá mập nướng và vợ tôi một món cơm chiên.,0,0,3,0,0,0
"Lối đi hẹp, hành lang chưa thoáng, hơi tối, không có lỗi đi lên kéo vali hành lý phải xách tay lên cầu thang",0,2,0,0,0,0
"Tôi đến nhà hàng vào ngày rằm tháng 10 âm lịch nên khá đông khách, cô nhân viên hình như bị rối nên khá lăng xăng và nói chuyện sẵn với khách. Đợi thức ăn 20', ăn hủ tiếu không có rau kèm, ăn cuối giờ trưa tôi gọi thêm món và được báo là không có, tôi đổi sang gọi một món nữa có trong menu với tô nhỏ hơn, cô nhân viên: ở đây em không bán tô nhỏ chị, quay đi ngay khi chưa xong cuộc nói chuyện với tôi, trong khi đó là lúc đã vãn khách, không phải khi đông đúc. Thức ăn vẫn ngon, nhưng sẽ không quay lại với vẻ mặt, cách nói năng đó.",0,0,1,4,0,0
"Phòng cách âm không tốt, mất sự tập trung và riêng tư",0,1,0,0,0,0
"siêu thị bán các loại đặc sản nơi đây, giá hợp lí",0,0,0,0,0,5
"Khách sạn nằm trên một con phố lớn, khá gần biển. Đi ra bãi tắm có toà nhà cao che nên buổi chiều tắm từ 16 giờ là có bóng râm rồi. Điểm cộng là khách sạn khá sạch sẽ. Còn điểm trừ là phòng ốc hơi nhỏ, các đồ ở khách sạn như khăn tắm, khăn mặt, ga trải giường hơi cũ. Phòng ăn bữa sáng khá chật chội với lượng khách ở khách sạn, đồ ăn bình thường.
",0,3,0,3,0,0
"Lúc đầu KS báo giá là thuê xe Airblade giá 200k/ngày còn xe Nouvo 150K/ ngày. Mình quyết định thuê xe Nouvo giá 150k/ngày nhưng bên cho thuê báo là hết xe Nouvo chỉ còn loại xe này giá 180K. Lúc mình nhận xe thì là xe Liberty nhưng khá cũng mình nghĩ không đến nỗi nên đồng ý thuê, lúc lên xe đi mới phát hiện là xe này bị hư CÒI, bóp không kêu, chưa kể chân chống bị yếu, lúc dừng xe xém bị đổ. --> xe không đủ chất lượng để cho thuê. Lúc về mình có đề nghị trả xe và bên KS đã deal lại với bên kia giảm cho mình còn 120K/ ngày.",0,0,0,0,1,0
Đặt phòng có ăn sáng mà đến nơi khách sạn báo bên booking gửi xuống k có ăn sáng,0,0,0,1,0,0
"Điểm trừ duy nhất là cách tính thời gian thuê theo ngày nên hơi thiệt cho những người nhận xe từ trưa hoặc đầu chiều, trong thời điểm thấp điểm nếu tính theo 24h thì hoàn hảo hơn (hỗ trợ tối đa người dùng). Tuy nhiên cũng không ảnh hưởng nhiều",0,0,0,0,3,0
"5 năm trước
Trung tâm thương mại Quy Nhơn,  07 Nguyễn Tất Thành , P.Lý Thường Kiệt ,tp Quy Nhơn . Luôn là nơi mua sắm đáng tin cậy của người dân tp Quy Nhơn. Ở măt trước xung quanh những shop thời trang , shop điện thoại di dộng.",0,0,0,0,0,5
"Hiện tại đã có đường cao tốc giữa Sài Gòn và Vũng Tàu nên xe buýt sẽ nhanh hơn và thoải mái hơn một chút so với trước đây, 
nhưng cá nhân tôi không thể nói về điều đó.",0,0,0,0,3,0
"Thức ăn sáng không phong phú, hơi ít món...",0,0,0,2,0,0
"Hãng xe bố láo nhất mình từng gặp, không bao giờ đi hãng xe này lần 2",0,0,0,0,1,0
"Cả cái siêu thị bự ầm không sắm nổi nhân viên canh đưa mấy cái giỏ lên cầu thang cuốn, cứ để chạy lên rồi ngã ầm ầm, khách thì đầy ra đó, nguy hiểm cho trẻ em qua lại. Quán lý nên xem lại",0,0,0,0,0,1
"bọn mình dậy sớm từ 5h và gọi giao xe máy quy khách sạn. Được anh Hoài Bảo từ vấn mua tour trọn gói #350k/1NG ( Gồm xe điện đón, cano, lặn ngắm san hô, tắm tráng, ăn hải sản 7 món ( cả lẩu) tại nhà hàng,) #EO #GIÓ : bọn mình tới đây lúc 7h. Lúc này ít người, nắng chưa gắt, chụp được nhiều ảnh đẹp mà lại không bị quá nắng. Nên đi eo gió sớm và trước kỳ co sẽ hợp lý hơn. #KỲ #CO : nước biển trong, xanh, đẹp, nói chung rất vuii. Nhìn ảnh là biết đúng không các bác. #ĐI NGẮM SAN HÔ Ở #ĐẢO #SAN #HÔ : thực ra thì hơi ít san hô và không được đẹp như review nhưng laii là trải nghiệm rất thú vị 😊 #VỀ NHÀ HÀNG HOÀNG ĐẠT ĂN : Món ăn ngon, sạch sẽ, no nữa. Tắm xong về ăn quá ngon luôn. #DI CHUYỂN VỀ KHÁCH SẠN : nghỉ ngơi chiều lấy sức đi tiếp: #CHÈ NHỚ ( 132ngô mây ) : gọi mấy món nhưng chè thập cẩm là ngon nhất, ngọt thanh, mát, vị #nhớ mà lại rẻ nhất.nên ăn được cái quán đẹp. #BÁNH #MÌ #GÓC #ĐƯỜNG #NGUYỄN #LỮ #VÀ #NGÔ #MÂY. Nhìn cái xe là đã thích rồi, đầy ắp, mà lại rất lạ. RẺ",5,5,5,5,5,0
"Đông vui rất thích cuối tuần đi mua sắm ít hải sản tươi ngon tại đây
",0,0,0,0,0,5
"Lúc đi xuống quên mang khẩu trang lại lễ tân xin nhưng họ bảo không có khẩu trang - điều này xí xóa được đi. Nhưng khi mượn bàn ủi ủi đồ thì lại bảo không có luôn, ủa lạ vậy khách sạn 8 tầng mà không có bàn ủi đồ cho khách",0,3,0,0,0,0
"Sau khi đọc các nhận xét về những nơi này, tôi đã hy vọng rất cao, cho một món bít tết ngon nhưng rẻ. Không nên có cái này không tồn tại. Tôi không phải là một trong những đánh giá đúng bình thường, tuy nhiên đây là một trong những nơi được đánh giá cao nhất mà tôi nghĩ rằng tôi đã được một lúc. Tôi hiểu rằng ở đây chất lượng thực phẩm là khác nhau nhưng nó không phải là rẻ cho những gì nó là. Bạn có thể nhận được nhiều tiền hơn với số tiền tương đương với nước Anh, điều đó nói lên điều gì đó. Bít tết của tôi đã được nấu chín và khó có thể tin rằng đó là từ hậu môn. Không có gì dày dạn trên đĩa, rau gần như thô và rất rẻ. Về phía trên, nước sốt được nếm sau một chút muối và rượu vang có giá khá cao. Đây không phải là nơi khiến tôi thất vọng chỉ là những đánh giá về việc nó được tạo ra tuyệt vời như thế nào. Tôi đã đi bộ 45 phút qua thị trấn để thử nơi này và thực sự không đáng. Nếu giá rẻ những gì bạn đang tìm kiếm hãy đi đến những nơi địa phương. Trong mắt tôi, tôi thực sự không thấy nó đã được xem rất cao.",0,0,0,3,0,0
"Mẫu mã vô cùng đa dạng và bắt mắt, giá cả hợp lí, phục vụ nhiệt tình, cho 10đ 😉
",0,0,0,0,0,5
"Bán nhiều đồ dùng gia dụng, thực phẩm tươi sống, bánh kẹo, trái cây,... hôm rồi mình có mua ở đây 3 ly trái cây cắt sẵn về ăn, ai ăn xong cũng đau bụng gần chết luôn
",0,0,0,0,0,3
"Điểm cộng là đa dạng mẫu mã sản phẩm, có đầy đủ không gian cafe chơi đùa mua sắm các thứ ăn uống
Điểm trừ là tết rất đông đợi xếp hàng thanh toán rất lâu",0,0,0,0,0,4
Lúc nhận trả phòng phải chờ thang máy lâu vì khách đông,0,3,0,0,0,0
Nước hồ bơi rất lạnh và không sạch,2,0,0,0,0,0
Mình mua trà sữa đem về lúc ord có thêm chân trâu trắng vs kem chese giá 52k mà về đến nhà thì lại không có chân trâu trắng. Mà giá cả thì quá mắc vị thì cũng bình thường không gì đặc sắc. trong khi quy nhơn có nhiều quán gia cả hợp lí mà khá ngon. Buôn bán kiểu v ế là đúng 👎🏻👎🏻👎🏻 😏😏😏,0,0,0,1,0,0
"Nhà tắm vách kính toàn bộ, hơi nguy hiểm nếu trượt chân.",0,3,0,0,0,0
"Thái độ phục vụ kém , đồ ăn ra muộn",1,0,0,0,0,0
"Big C  đầy đủ & tiện lợi nhất.Lịch chiếu phim & Mua vé CGV Kim Cúc Plaza- rạp CGV toàn quốc đầy đủ & tiện lợi nhất. Rạp CGV Kim Cúc Plaza nằm ở Kim Cúc Plaza, được xây dựng với tiêu chuẩn rạp Hollywood, chuẩn âm thanh Dolby 7.1, màn hình lớn, sắc nét. CGV Kim Cúc Plaza ra mắt năm 2014, là rạp chiếu phim đầu tiên của CGV tại Bình Định, góp phần mang đến loại hình giải trí hết sức đặc sắc với giá vé hấp dẫn. CGV Kim Cúc Plaza cũng đã định hướng thói quen giải trí mới của giới trẻ trong khu vực, mở đường cho 1 số cụm rạp mới sau này.",3,0,0,0,0,3
"Giá cả hợp lý trong mùa dịch, chất lượng tốt, có dịp sẽ ghé lại.",0,0,0,0,0,5
"Hàng hóa đa dạng phong phú. Gửi xe miễn phí
",0,0,0,0,0,4
"Quán deco đẹp và dễ thương, ko gian ấm cúng thích hợp đi nhóm nhỏ. Đi đông là ko đủ chỗ ngồi vì hơi chật. Kem rẻ, khoảng 2 mấy ngìn/ lạng. Nhiều vị và topping nhưng cá nhân mình thấy kem bt ko gọi là ngon. Bánh dở , mình đã từng ăn thử mấy loại đều ko ngon.(bánh trà xanh ngàn lớp, bánh socola ngàn lớp, bánh mousse chanh leo, pudding ). Ko nên ăn bánh. Pudding socola hôm ăn thử thì hết loại trong chai chỉ còn loại take away, ko ngon.",0,0,0,3,0,0
Nhân viên bãi đậu xe làm mất thẻ đậu xe mà tôi đã đưa cho anh ta và để chúng tôi chờ đợi khá lâu trong khi họ sắp xếp mọi thứ. Theo ý kiến ​​của tôi thì không chuyên nghiệp lắm.,1,0,0,0,0,0
Cải tạo bỏ hồ bơi vì nhỏ và không tiện ích,2,0,0,0,0,0
"Khi đặt phòng mình đã note rõ số tuổi của 2 trẻ em. Booking hiển thị phòng và giá cho 2 ng lớn và 2 trẻ em (vẫn có phần note số tuổi) và mình đã đặt. Tuy nhiên lúc đến khách sạn nhận phòng thì lễ tân yêu cầu phụ thu 2 trẻ em. Số tiền không nhiều, nhưng hoặc là khách sạn, hoặc là booking đã ko làm rõ cho khách khi lựa chọn phòng.",0,2,0,0,0,0
"Mình từ Sài Gòn ra và biết đến quán nhờ fb nên đến ăn trưa. - Không gian: quán trang trí dễ thương, ấm cúng, sạch sẽ, phù hợp ăn cơm gia đình. - Món ăn: + Xem review thấy món cơm nướng rất ngon nhưng hiện quán ko phục vụ món này nữa. + Mắm ruốc và mắm nêm rất mặn ko hợp khẩu vị gia đình mình. + Sườn xào chua ngọt bình thường như cơm nhà ko có gì đặc biệt. + Rau củ chấm kho quẹt: kho quẹt rất ngọt. + Gà chiên mắm ngon, mình thích món này nhất. + Canh mướp thịt bò vừa miệng, thịt bò mềm ngon, mướp ko bị nhớt. + Canh chua cá lóc hơi nhạt, ít vị chua. - Không hài lòng: + Thứ tự lên món: chờ món lâu, lên rải rác từng món, đang ăn phải dừng lại chờ món tiếp. Ăn hết xong canh luôn rồi 5p sau nhân viên mới mang lên món cuối cùng là rau củ chấm kho quẹt (?!) + Thái độ nhân viên: đây là điều sẽ quyết định mình có giới thiệu bạn bè và quay lại hay ko. Thật sự từ lúc bước vô cảm thấy rất ấm cúng vì nhân viên gửi xe và phục vụ thân thiện lịch sự. Nhưng ko hiểu xui xẻo sao lại lên trúng tầng có 2 bạn phục vụ thật là kỳ luôn. Cả nhà đang ngồi ăn mà 2 bạn cứ đứng nhìn chầm chầm trân trân vào. Chưa hết, thật là bất lịch sự và vô duyên khi vừa nhìn vừa xì xầm với nhau làm mình cảm thấy rất khó chịu và nuốt ko trôi :)) ko biết tụi mình có làm phật ý gì 2 bạn ko nữa.. Tóm lại sẽ ko quay lại và ko giới thiệu bạn bè tới quán dù quán rất nổi :)",0,0,0,2,0,0
"Ai mà thíc kiểu đi siêu thị chill chill mà không muốn đi nhìu tầng tăng xông mệt mỏi vcl ra í thì vinmart là lựa chọn thích hợp nè
Không gian rộng rãi thực phẩm cũng đa dạng có chỗ ngồi lại
Đi buổi hẹn hò đầu tiên hay đi chơi mà đi siêu thị cũng vui với dễ thương lắm nè",0,0,4,0,0,4
"Ít chỗ đỗ xe, ăn sáng đơn giản, một số món chưa ngon",0,0,0,2,0,0
"Lần đầu trải nghiệm tại nhà hàng Kabin khá tuyệt, được các bạn nhân viên tư vấn nhiệt tình. Mình đi gia đình nên được ngồi phòng riêng thoải mái. Bạn Thành Long và Hiếu phục vụ rất tận tâm.",5,0,5,5,0,0
"Chả hiểu cái mạng tại BigC sao mà quẹt PC covid k thèm ra mã luôn, mọi thứ còn lại khi đi siêu thị tạm ổn, ah, mình muốn mua lẻ chuối thì k bán lẻ như coopmart (1 nải nhiều quá mình ăn k hết lại hư uổng)
",0,0,0,0,0,2
"Công viên nhỏ xíu xiu nhưng vị trí sát biển cực kì đẹp, đối diện với trường ĐH Quy Nhơn nên các hoạt động thể thao đá banh, bóng chuyền, bóng rổ,... trong công viên và sát bờ biển cũng rất sinh động. Có lẽ đây là nơi thể hiện rõ nhất sức trẻ của thanh niên Quy Nhơn, đặc biệt là vào sáng sớm và chiều. Ở đây tắm biển rất thích. Trên bờ có các quầy hàng rong nhỏ với mực rim, bánh tráng dừa nướng, cóc ổi xoài cũng khá ngon và siêu rẻ. Mình mua một miếng xoài to hay bánh tráng nướng chỉ có 3k :o~~~.
Tuy nhiên, người dân ở khu vực này còn hay xả rác nên nhiều lúc khiến bãi biển nhìn hơi dơ. Mong chính quyền có biện pháp khắc phục.",3,0,0,0,0,0
"20k/1 dĩa ốc các loại, bạch tuộc cá nướng 50k/1 phần, thấy cũng nhiều người ăn nhưng ở đây mình thấy nêm nhạt quá k ngon, nước mắm cũng k ngon m. Thấy nhiều ng review khá tốt hôm qua mới đến quán ăn thử nhưng thấy bth k có ấn tượng, không gian chật ngồi vỉa hè. K ngon bằng ốc cô xí",0,0,0,3,0,0
Phòng gia đình nhưng bị tách thành 2 phòng ghép với 4 giường nên kg thích lắm với cùng 1 phòng,0,3,0,0,0,0
Chỉ gọi một ly latte đá và thực sự không thích nó. Quá chua và một chút phô trương cho một cà phê latte. Làm tôi hơi nghi ngờ về văn hóa quán cà phê ở Việt Nam!,0,0,0,1,0,0
"Lần đầu tiên trải nghiệm tại Kabin. Ấn tượng đầu tiên là nhà hàng có view rất đẹp, tạo cho khách cảm giác thoải mái. Menu tuy ít món nhưng rất ngon và đẹp, sẽ quay lại trong tương lai.",0,0,5,5,0,0
"Chị thu ngân nói chờ lấy bì giấy để đựng rượu, chờ 10p ko thấy, hỏi lại kêu chờ tiếp, 30p kêu chờ tiếp, 1 tiếng sau anh đi kiếm bì giấy quay lại báo ko có bì giấy!? Bắt chờ hẳn 1 tiếng để nhận lại sự thờ ơ và làm ngơ như chả có gì. Con người làm việc mà như 1 cỗ máy vô cảm, ko có lấy 1 nụ cười, lời xin lỗi hay cảm ơn cũng ko có. Ngán ngẫm.",0,0,0,2,0,0
"Xin chào tôi là một người thường xuyên đi xe buýt
hôm nay tôi muốn phản ánh về thái độ làm vc của nhân viên thu ngân xe buýt tên vân thuộc chuyến xe buýt nhơn hải
Nhìu lần cô vân có hành vi chiếm ghế ngồi của khách đi xe nhất là các b hs và còn có thái độ k tốt như la mắng hành khách ( hs ) trên xe
Chèn ép rất nhiều lần và k có thái độ hối cãi
Sự vc trên diễn ra thường xuyên khiến nhiều người rất khó chịu và bực dọc
Mong xí nghiệp xem xét và chấn chỉnh
Xin cảm ơn",0,0,0,0,2,0
"Xe máy cho thue mới, đẹp. Mình hay đi Đà Lạt nên cần tìm chỗ thuận tiện đi lại và thoáng, vì vậy lúc ở raon thấy phù hơp, lần sau sẽ quay lại cùng bạn bè",0,0,0,0,0,2
"Siêu thị Big C tiêu chuẩn. Cái này không lớn bằng một số cái khác mà tôi đã từng đến nhưng nó có tất cả những thứ cần thiết - trái cây, rau, đồ dùng nhà bếp, đồ gia dụng, tạp hóa, v.v. Có CGV ở tầng trên cùng / thứ ba và một loạt các quán cà phê ở tầng trệt. Tầng 1 hiện đang được tu sửa. Cửa hàng tạp hóa nằm trên tầng 2. ",0,0,0,0,0,5
Bình thường. Nhà hàng khá đông và đồ ăn cũng bình thường. Hợp cho người nước ngoài lần đầu đến thăm quan VN,0,0,3,3,0,0
"Bến xe buýt nhỏ. Có xe buýt đi đến sân bay, nhưng thời gian khoảng cách lớn, vì vậy bạn cần kiểm tra thời gian trước và sử dụng nó. Xe buýt ra sân bay có giá 50.000 đồng một người. Taxi 250.000 đồng",0,0,0,0,3,0
"Shop đa dạng mẫu mã, nhiều loại, nhân viên tư vấn chi tiết, phù hợp nhu cầu khách hàng, mình đã mua đồ và rất ưng ý, sẽ ủng hộ shop dài lâu.
",0,0,0,0,0,5
"Hàng hóa phong phú, đa dạng, thái độ phục vụ nhiệt tình.",0,0,0,0,0,4
"Rộng, nhiều mặt hàng, đa dạng phong phú, và ... đắt",0,0,0,0,0,2
"Bán đặc sản Bình Định: Bánh ít, Bánh Hồng, Chả Ram, Mực một nắng... Ngon và rẻ!",0,0,0,0,0,5
"Địa điểm thuận lợi, nhân viên nhiệt tình, linh hoạt, nên cải tạo hồ bơi vì ko ai sử dụng",0,3,0,0,0,0
"Phòng cách âm chưa tốt lắm, mìnhở ngoài nghe 2 cha con trong phòng nói chuyện lun",0,2,0,0,0,0
"Thực phẩm đắt tiền, và không có nhiều sự lựa chọn. Mặc dù vậy, các cửa hàng mua sắm không rẻ, có thể so sánh với giá chúng tôi biết từ trên tàu.",0,0,0,1,0,0
"Thái độ fuc vụ từ chủ đến nhân viên rất dễ chịu, nhiệt tình và vui vẻ.",0,0,5,5,0,0
"Nhà ga mới xây đẹp, rộng rãi tuy nhiên chỉ có 2 nhà vệ sinh nên khá bất tiện khi đông khách.",0,0,0,0,3,0
"Tôi và bạn trai của tôi muốn thử sự ấm áp. Chúng tôi đã kiểm tra trên tripadvisor nơi tốt nhất và chúng tôi tìm thấy điều này. Hóa ra là họ không phục vụ nó. Vậy là được rồi. Tuy nhiên, chúng tôi đã đặt hàng chân ếch với giá 80 000 đồng. Hoặc ít nhất nó đã được viết như thế này. Hóa ra là do nhầm lẫn trong bản dịch tiếng Anh và người phục vụ (người không nói được tiếng Anh) đã đưa cho chúng tôi đôi chân với giá 160 000 đồng. Món ăn với giá 80 000 là ếch nguyên con. Chúng tôi đã chỉ ra vị trí này trong menu bằng ngón tay, nhưng người phục vụ và người bạn nói tiếng Anh của anh ấy nói rằng chúng tôi đúng, nhưng chúng tôi vẫn phải trả số tiền cao hơn. Không chắc là nó không được thực hiện có chủ đích hay không, bởi vì họ không thực sự buồn về sự nhầm lẫn trong thực đơn và người phục vụ của chúng tôi! Và người phục vụ của chúng tôi đã thực sự phớt lờ Hoa Kỳ, đặc biệt là khi chúng tôi muốn giải thích toàn bộ tình huống. Chúng tôi đã nói với anh ấy rằng có điều gì đó không ổn và anh ấy đã rời đi mà không có giải pháp nào ?! Thức ăn khá ngon,",0,0,0,3,0,0
"Tôi là một khách hàng thường xuyên đi xe buýt tôi cảm thấy rất bất bình về thái độ phục vụ của tuyến t13 , lịch trình có nhưng mỗi lần chờ xe thì tôi thấy rất bất bình nhất là chuyến 7 giờ 10 khởi hành từ an lão tới bồng sơn nhiều lúc chờ xe tôi thấy sợ vì lúc nào cũng muon gần 20 phút khi hỏi thì lái xe trả lời là ăn sáng không biết giám sát như thế nào tôi không hiểu, nhất là tới ca ông lâm già thì chuyên gia muộn
",0,0,0,0,2,0
"Sạch sẽ, hiện đại, đắt tiền. Mặc dù đôi khi đẹp hơn so với trung tâm mua sắm ở Mỹ, giá bằng hoặc cao hơn. Rất vui để duyệt một lần.",0,0,0,0,0,3
"Hôm trước mình và bạn cũng có ghé đến quán, nhưng thật sự thấy ko vừa ý. thứ nhất là hình ảnh quán PR rất nhiều món, nhưng khi đến thì m nhìn tủ lạnh có lèo tèo vài món, mà nhìn cũng ko đc tươi ngon( biết là đồ xiên que đông lạnh nhưng nhìn như để lâu rồi ấy), lúc đấy chỉ mới có 7h hơn nên cũng k thể gọi là hết đồ được, tủ lạnh thì nhìn ko đc sạch sẽ mặc dù xiên que có để từng khay riêng biệt nhưng lỡ vào quán và lúc đó cũng chỉ có 2 đứa nên thôi chọn đại để ăn, chỗ quán cũng khá khuất và ít người, mùi vị thì cũng như bao quán khác vì cũng là xiên que làm sẵn thôi.... nói chung ko ấn tượng như mình nghĩ.",0,0,0,1,0,0
"Mình hỏi hàng mà nhân viên thái độ, khách hỏi không trả lời, rõ ràng mình hỏi trước Nâng lại lấy cho những người khác trước",0,0,0,0,0,1
"Không gian: so với các quán bún chả ngồi vỉa hè, bàn ghế nhựa truyền thống của Hà Nội thì quán này trông lịch sự, có điều hòa mát mẻ, bàn ghế gỗ cao, nếu tiếp khách nước ngoài hoặc nơi khác đến thì phù hợp",0,0,4,0,0,0
"Hãy mang những món quà quê đầy ý nghĩa về thành phố nhé
Như bánh Hồng cũng được",0,0,0,3,0,0
"Mức độ vệ sinh kém. Cần đầu tư mạnh để giải quyết triệt để vấn đề an toàn vệ sinh.
Lưu lượng ra vào cổng lớn nhưng cổng ra vào quá chật... Thường xuyên tắt nghẽn giao thông",0,0,0,0,2,0
Trung tâm mua sắm địa phương tốt đẹp. Ai đó có thể tìm thấy hầu hết mọi thứ ở đây.,0,0,0,0,0,5
Quay lại quán. Nhất quyết ăn được món mì bay. Quán vẫn bẩn. Nhưng đỡ hơn đợt trước. Mì bay nhiều. Trình bày hấp dẫn. Đẹp mắt. Vị không có gì đặc biệt mì với gà nhiều nên đâm ra ngán. Mì bay 45k 1 phần. Nói chung là ăn cho biết chứ không ăn lại lần 2.,0,0,0,2,0,0
"Hơi fail, nên cái này review để cho mọi người tham khảo, chứ k mang tính chất PR, ai k thích đọc thì có thể tắt luông, many thanks!
Bữa sáng t2 của tụi mình bắt đầu sau khoảnh 30' chạy xe từ LAB (tuyệt đỉnh) vào thành phố, trên đường tới Eo Gió (nhạt nhẽo). Quán này đc dân tình đi xong mách lại, sau bao nhiêu đau đầu cuối cùng 2 đứa quyết định ăn 1 món tên lạ hoắc cho thêm phần challenge :))
Phách ăn bún sứa k, còn mình ăn bún chả cá và sứa ^^ Cảm nhận của mình là bình thường, k ngon nhưng k dở, và giá thì khá đắt (35k/bát) ăn mãi k thấy hết ' Phách còn nhận xét là: Bây giờ mới biết là sứa có vị nước lọc ^^ Nước dùng nói chung cũng ổn, nhưng lạc cả hành phi cũng cứu cánh món này nhiều.
Mình rất là gét câu ăn 1 lần cho biết, nhưng với món này thì chắc có lẽ ăn tới vài lần nữa cũng chỉ tập xác định là ""ăn nhiều lần cho biết"", chỉ cần biết thôi, chứ chắc k có nhu cầu thèm da diết như nhiều nhiều nhiều món khác ^^",0,0,0,1,0,0
"Phòng nhỏ, trang trí quê mùa, nhà nghỉ thì đúng hơn. Nhân viên trực buổi tối rât lười.",0,2,0,0,0,0
"Phòng gần thang máy, cách âm không tốt nên thang máy chạy là nghe tiếng.",0,3,0,0,0,0
"Thu ngân ko thân thiện, lời nói và sắc mặt lúc nào cũng khó chịu
",0,0,0,0,0,2
"Bác tài xế chuyến xe của mình rất nóng tính và  lái xe ẩu. Đón khách ở khách sạn mà k lên sảnh đón, đứng dưới lòng đường gây nguy hiểm và ách tắc giao thông. Mình rất không thoải mái khi ngồi trên xe bác này. Nếu cách cư xử của bác thân thiện hơn sẽ tốt hơn cho hãng rất nhiều. Hiện tại mình k muốn recommend hãng sao limousine đến khách của mình.",0,0,0,0,2,0
Máy lạnh thổi vào bạn một nỗi kinh hoàng,0,0,0,0,1,0
"Các món ăn ở đây rất đa dạng, cách trưng bày thức ăn rất chuyên nghiệp, cứ tưởng như đang đến một nhà hàng 5 sao nào đấy :D",0,0,5,0,0,0
"Thấy bạn bè rủ nhau đi BoBo nên cũng đua đòi đi check-in. Lần đầu tiên đến quán ko biết order món nào nên mềnh gọi món phổ biến là Black tea Macchiato. Không biết ai nói đồ uống ở đây ngon chứ ko hợp khẩu vị mình rồi đó. Trà có mùi gì đó hơi khó chịu như trà túi lọc vậy. Còn lớp bọt loãng, ko béo cũng ko dậy mùi sữa, chưa đã. Trang trí ổn nhưng không gian chưa tạo cảm giác thoải mái vì trần thấp quá, hơi ngộp. Bàn ghế ở đây mình không ngồi lâu được, ê mông quá. Giá cả hợp lý. Nhân viên thân thiện. Túm lại là không phải gu của mình.",0,0,0,2,0,0
không có điều gì để phàn nàn.,5,5,5,5,5,5
"Đi tàu cánh ngầm đến Vũng Tàu thật nhẹ nhàng. Tuy nhiên, khi trở về, chúng tôi đi trung bình khoảng 10km một giờ. 
Cơn ác mộng tuyệt đối! Kết quả là tôi đã bỏ lỡ một chuyến bay!",3,0,0,0,1,0
 - Xe buýt đã trễ đón chúng tôi và muộn thả chúng tôi xuống,0,0,0,0,1,0
"Ngày thường hơi ít khách. Nhưng dịch vụ rất tốt. Có thẻ thành viên được nhiều ưu đãi khi xem phim.
",3,0,0,0,0,0
"Tôi và Bạn gái đã có một bữa sáng kinh khủng tại đây , một không khi nóng bức và chật trội , chúng tôi đã phải đợi 10' để có dc một chỗ ngồi . Và 15' nữa để có một tô phở + quẩy . Điều đáng phàn nàn là thái độ nhân viên hời hợt , không để ý đến khách hàng , tôi không nhớ là đã phải gọi ""Em ơi"" bao nhiêu lần để được phục vụ .",1,0,1,0,0,0
"Chuyến bay của mình cất cánh lúc 7h30 tối nên mình phải ở lại ks từ 12h30 đến 16h30, ks charge thêm 400k- hơi đắt so với dự tính.",0,2,0,0,0,0
"Cũng như surf bar 1, không gian thoáng và trang trí dễ thương, dễ giao tiếp , giá cả không mắc, đồ uống được, nước trái cây nên làm ít đường lại",4,0,4,3,0,0
"Phải nói ở sân bay Phù Cát rất sạch sẽ, nhiều không gian quầy bán các loại đặc sản Bình Định. Nhiều không gian ngồi chờ các quán ăn phong phú.
",0,0,4,0,3,3
"Không gian thoáng mát, rất hợp để mở tiệc",0,0,5,0,0,0
"Có rất nhiều sách ở đây...có thể đọc nhưng nhà sách khá bé ko có không gian cho khách ngồi xem sách...hây hây giá như có ghê bàn ngồi xem sách (ai ngồi thì mình tính phí bn 1h đó )không gian chật nhưng cách bố trí sách, truyện, vở ,đồ dùng ...rất khoa học dễ dàng lựa chọn..",0,0,0,0,0,5
Đến đây thử mấy lần rồi nhưng nói thật đĩa mình thích không còn ngon như trước nữa (món canh chua nấu tôm và tép xào dừa ...) đông khách quá nên phục vụ làm mình thất vọng. Tôi sẽ không trở lại nữa,0,0,0,2,0,0
Bánh ít nói để được 3 ngày ở nhiệt độ thường nhưng ngày thứ 3 bỏ ra mốc xanh luôn 🤣,0,0,0,0,0,3
"Dịch vụ khách hàng; thái độ nhân viên, tài xế cực kì tệ. Không có trách nhiệm với khách hàng.",0,2,0,0,0,0
"Tôi đã sử dụng Vinasun trong ba lần riêng biệt vì tôi không biết về Grab (tương tự Uber hoặc Lyft ở Hoa Kỳ)
 cho đến khi người thân của tôi chỉ cho tôi. Tôi đã có một trải nghiệm HORRIBLE! ! !",0,0,0,0,1,0
"mình ăn nhà hàng này nhiều lần vì có nhiều món,món ăn bình dân giá cả hơi cao,mong muốn ăn món bình dân mà giá cả phù hợp hơn cho những người thường xuyên tới ăn !",0,0,3,3,0,0
"Thái độ phục vụ của nhân viên ở đây quá tệ rồi, mong ban quản lý nên xem xét lại",0,0,0,0,0,1
Siêu thị big c bán đồ còn rẻ hơn ở ngoài tạp hoá nữa. Hàng tươi ngon mà lại rất hợp lí so với mức sống chung ở người địa phương.,0,0,0,0,0,5
"Hải sản từ 4h chiều là lên tới chợ rồi nha, tươi ngon và giá hợp lý.",0,0,0,0,0,5
Không được đi cáp treo nên mất cảm hứng khi ở resot. Vào khu vui chơi mất phí giống khách không lưu trú ( không có sự ưu đãi),1,0,0,0,0,0
"Chất lượng sản phẩm tốt, nhiệt tình với khách hàng
",0,0,0,0,0,5
"Tài xế taxi này rất không trung thực & hành động ngu ngốc. Anh hai lần chở chúng tôi đến một nơi khác mà chúng tôi sẽ đến. 
Hành động rất ngu ngốc để kiếm thêm một vài đô la. Chúng tôi sẽ đi bằng Grab từ bây giờ trở đi.",1,0,0,0,1,0
"chúng tôi đến đó chỉ vì bài đánh giá của Anthony Bourdain và lịch sử với Tổng thống Obama. phở ngon lạ thường. phần còn lại của các mặt hàng là ok. môi trường xung quanh bằng không. phòng tắm nằm ngay bên cạnh và nhìn ra nơi bạn ngồi. thực đơn không bao quát bởi bất kỳ trí tưởng tượng nào. Rất đông khách du lịch Mỹ gọi món chính xác trong thực đơn, đó là 'Obama Combo'. Tuy nhiên, nó lấp đầy sự tò mò của chúng tôi muốn xem nơi này mà Bourdain đã ngồi. chỉ vì lý do đó, nó là giá trị nó.",0,0,4,0,0,0
"Quán ăn nằm ở trung tâm gần Hồ Gươm, mình ở khách sạn ở Hàng Đào, đi taxi qua khoảng 30 nghìn. Đến đây vào khoảng 6h30 sáng thì quán đã đông lắm rồi, mình vào đến là bàn cuối cùng, có rất nhiều người xếp hàng bên ngoài. Mình gọi tô phở giá khoảng 60 nghìn. Về hương vị thì mình thấy cũng bình thường, quán có mùi bò rất thơm nhưng mình ngửi tô phở đang ăn thì mùi nhạt lắm. Với mình thì quán nêm hơi lạt, tương cũng không đặc biệt nên mình đánh giá đây là một quán phở bình thường.",0,0,0,3,0,0
"Bạn đến đây nếu bạn có ý định mua bất cứ thứ gì tại căntten. Tốt nhất bạn nên hỏi giá trước tất cả các món hàng. Hôm trước vừa mua 1ly nước với giá 20k. Nay tôi mua lại không hỏi giá trước lại có giá 50k. Thật sự giận dữ 😡😡😡👎👎👎
",0,0,0,0,0,1
Phòng cách âm không tốt. Tối ngủ nghe tiếng động của các phòng khác và tiếng máy giặt hơi ồn,0,2,0,0,0,0
Không cần phải nói rằng chúng tôi đang quay lại sử dụng Grab nơi đặt giá trước khi đi xe. . . hoặc không có gì bất ngờ!,0,0,0,0,1,0
"Gia đình tôi vừa có một trải nghiệm thật tệ với Phong Phú Limousine. Tôi đi 5 người loại vé 390k/người. Khi đến Đà Lạt bên nhà xe không chủ động giới thiệu khách có xe trung chuyển làm rất nhiều người phải đi tãi. Khi tôi đến hỏi xe trung chuyển lơ xe mới nói ""để em gọi"". Khi xe trung chuyển đến thì đậu quay đuôi xe vào chúng tôi nên chúng tôi và các nhóm còn đứng chờ không hề biết đây là xe trung chuyển và lơ xe cũng không hề đến nói với chúng tôi. Khi tôi thấy ấu lâu mới đến hỏi ""anh ơi xe đến chưa?"" Thì nhận lại giọng trách móc.",0,0,0,0,2,0
Hòn khô là du lịch qua đảo ăn uống chụp hình thôi chẳng có gi đặc biệt.ai coi tiktok nhiều tàn bị lừa như mình vô hơi thất vọng ko như tưởng.vô thì kèo néo khách đi qua đảo để ăn nhà bè giá cao với lấy phí chở đi 100k nguời lớn là chủ yếu.còn đi vô quán cafe co co gì đo củng vậy tới ngay đường cục nhìn quán thất vọng quẹo ra.nói chung ko như là mơ titok review ảo.ở đây nên học theo bình hưng ai qua bè nào ăn thì chở qua miễn phí đã ăn rồi thì nên free chở qua vì củng khá gần.,2,0,0,0,0,0
"Có rất nhiều món ăn, việt, trung, hàn, thái đều có cả Nhưng mà nhà hàng cho hơi nhiều dầu ăn, ăn rất ngán",0,0,0,2,0,0
"Chúng tôi đến chợ khoảng 1 giờ chiều và nơi này đông đúc bởi hầu hết khách du lịch. Tất cả các túi là giả và được bán với giá cao và chúng tôi đã phải đối phó với chúng. Chúng tôi đã thấy nhiều điểm bán thực phẩm địa phương nhưng có vẻ bẩn nên chúng tôi đã không thử. Nếu bạn không biết đi đâu, đây có thể là một lựa chọn.",0,0,0,0,2,0
"Quán phục vụ hơi chậm vào nhưng lúc buổi trưa, hơi ồn ào xô bồ một tí, Cơm tậm chấp nhận với gia cả ở hiện tại",0,0,0,3,0,0
"Sân bay nội địa , không tránh khỏi sự thiếu thốn hơn sân bay Quốc tế
Nhưng góp phần lớn trong sự phát triển du lịch và kinh tế đất nước ",0,0,0,0,3,0
"Tôi nghe nhiều du khách nói gì đó về bánh pancake tôm giòn - bahn xeo. Đi lên cửa hàng ngay khi chúng tôi đến Quy Hưng. 
Họ đã mang nhiều thứ lên bàn và chúng tôi không biết làm thế nào để đối phó với quá nhiều thứ. May mắn thay, các nhân viên đã chú ý và chỉ cho chúng tôi cách cuộn nó trong bánh tráng sau đó thưởng thức với nước mắm. Thú vị & ngon miệng! Đó là một chút dầu nên chúng ta không thể ăn nhiều.",0,0,5,5,0,0
600 món có nghĩa là số lượng không chất lượng,0,0,0,1,0,0
Hơi khó tìm địa chỉ một chút,0,3,0,0,0,0
Phòng mình bố trí bồn rửa mặt ngay cửa ra vào rất dễ va chạm mấy thứ đĩa đựng đồ nho nhỏ. Mà vỡ cái đĩa sứ nhỏ xíu đền 80k. Quá đắt,0,2,0,0,0,0
"Mình ở ngay Mường Thanh. Cả nhà đói và mệt sau chặng bay từ Hà nội. Đi bộ vài bước mừng như bắt được vàng, nhà chỉ muốn ăn đơn giản
 nên gọi đĩa rau muống luộc, bát canh cá chua lèo tèo vài miếng vá bớp. Đĩa mực chiên khoảng hai chục miếng. Hai chai nước suối. Lúc đứng dậy hết 379k. Mình chưa nói đến giá, ngoài canh cá còn tạm được. Cơm cũ và nguội. Mực thì chiên quá lửa.... Sao có những người đánh giá tốt được ở nhà hàng này??? Hay tại mình là người Bắc??",0,0,1,1,0,0
"Nhược điểm duy nhất là nó khá đắt. Có một khoản phí 15% tet mà chúng tôi biết nhưng trước đó, hóa đơn được áp dụng là 550 k, đây là khoản tiền lớn nhất chúng tôi đã trả cho một bữa ăn trong 6 tháng ở châu Á - bao gồm cả ở các thành phố lớn.",0,0,0,2,0,0
"Lối vào KS phía bên trái có quán cà phê vỉa hè, chiếm hết lối đi,phía bên phải của lối vào đã bị chiếm dụng làm nơi để xe gắn máy dẫn đến việc lối đi ra/vào rất hẹp (không an toàn trong trường hợp có hoả hoạn). Lối ra/ vào này được dùng chung cho 3 khách sạn khác nhau.",0,2,0,0,0,0
Giá rẻ so với dịch vụ,4,4,4,4,4,4
"Nhà hàng rất tệ, nhân viên và chủ sở hữu thô lỗ!",1,0,1,0,0,0
"Siêu thị có nhiều hạng mục, phù hợp cho gia đình hoặc các bạn trẻ tới chơi, hoặc người nội trợ mua đồ tiêu dùng. Có buôn bán ăn uống, trang sức đắt tiền, quần áo. Có siêu thị hàng tiêu dùng. Có khu trò chơi giải trí phù hợp với nhiều đối tượng. Có rạp chiếu phim, chiếu nhưng bộ phim mới và hấp dẫn trên thị trường thế giới. Chúc các bạn vui vẻ.",5,0,0,0,0,5
"Ok không quá cao, đồ mặc được, chất vải câc thứ ok... nói chung nhìn tổng quan không chê gì mấy. Nếu mà giá hợp lý hơn thì có vẻ đông khách...vì nhiều shop khác giá ngang hoặc hơn đồ vẫn chất hơn chút. Nói chung ok nha ae
",0,0,0,0,0,4
Nhân viên nói chuyện với khách kiểu côn đồ. Lễ tân làm 1 giá lên nhân viên ép giá lên x4 minh k đồng ý thì làm khùng làm đien lên. Tiền mất tật mang,0,0,0,0,0,1
"Vé xe cao hơn các nhà xe khác, ko ăn tối mà giá vé vẫn 300k. Thường các xe đi có 240k. Đặt trên văn phòng vé 280k tính luôn tiền ăn.",0,0,0,0,2,0
"Về không gian và cả ẩm thực, rất thích hợp cho các “tín đồ” của đồ ăn phương Tây nhé. Món soup bí đỏ kem béo nguậy, làm lưu luyến dễ sợ. Không gian thì hơi nhỏ, ghé quán bữa trưa thì hơi ồn tí nhưng kiểu ấm cúng.",0,0,3,3,0,0
"Quá tệ hại. Đây là thứ 3 cũng là lần cuối cùng.
",1,0,0,0,0,0
"Một địa điểm thú vị để các cháu vui chơi, giải trí vì toạ lạc sát bãi biển trong sạch Quy Nhơn. Tuy nhiên  rất tiếc là thực tế  không phải là nơi dành cho các cháu:
- Người lớn chiếm hết các chỗ trong công viên, từ sáng cho đến tối.
- Khu vực trò chơi được bố trí gom lại một góc ở phía Tây, diện tích khoảng 1/4 công viên, nên nó có vẻ gò bó, xô bồ với những hoạt động chào mời, níu kéo.
- Các cháu chỉ được tham gia vào các trò chơi đơn điệu như : Câu cá, tô tượng, đi tàu lửa, tàu tốc hành, cưỡi ngựa, thảm bay, đi xe đạp... từ 18h.
Rất mong các cấp quan tâm để CVTNQN trở thành nơi vui chơi giải trí bổ ích của các cháu.",2,0,0,0,0,0
"Sân bay bé nhưng nhìn rất sạch sẽ, ít khách đi nên khá thoáng, nhiều chỗ để ngồi. Phòng vip do đó cũng không rộng nhưng đồ ăn đầy đủ.Có điều nhà vệ sinh thì không sạch, chỗ rửa tay bắn nước lung tung và sàn nhà vệ sinh lúc nào cũng có nước.híc
",0,0,0,4,3,0
Nước suối kem đánh răng bàn chải nên vẫn để loại thường không tính phí.chỉ khi khách yêu cầu,0,3,0,0,0,0
"Không gian thoáng đãng, thích hợp uống cafe ngắm biển quy nhơn. Chủ quán là nghệ sỹ nổi tiếng về nhạc trịnh, cuối tuần có nhạc sóng thưởng thức nhạc Trịnh Công Sơn. Thích hợp khách lớn tuổi, thích trữ tình, nhạc trịnh
",3,0,0,0,0,0
"Đặc sản Bình Định ở đây chất lượng. cửa hàng tư vấn tận tình, sẽ quay lại một ngày gần nhất
",0,0,0,0,0,5
"Món ăn ổn, giá cả ok nhưng cách phục vụ thì tệ quá! Mình ăn ở KFC rất nhiều nơi nhưng ở đây có cách phục vụ lạ nhất, độc nhất mà mình từng gặp. Thông thường nhân viên KFC sẽ chờ khách order xong, xác nhận món, thanh toán và lấy số thứ tự, xong order khách sẽ đến lấy món hoặc đôi lúc chưa đủ món, nhân viên sẽ đem món còn lại đến cho khách. Các thành phố lớn trong nước hay các nước lân cận đều thế! Nhưng ở đây, khách hàng phải đứng chờ tại quầy, order bằng miệng, nhân viên nhớ và làm món bên trong, đủ món sẽ được nhân viên cho ra quầy, sau đó nhân viên mới xuất hoá đơn và thanh toán, rồi đem món về bàn. Cảnh tượng nháo nhào, chen lấn vì nhân viên không kiểm soát được khách nào đến trước và khách thì giành lượt. Thật rất bức xúc với cách phục vụ của KFC Quy Nhơn! Mình không muốn quay lại lần nữa!",0,0,0,2,0,0
"Đến Quy Nhơn được giới thiệu là đặc sản nên dẫn mọi người đi ăn. Về không gian : quán nhìn bên ngoài rất bé nhưng mà sâu bên trong có cả trong nhà và ngoài sân. Nên ngồi ngoài sân cho thoáng vì quán không có điều hoà. Về đồ ăn : quán phục vụ nem nướng và bò miếng nướng cuốn cùng rau sống và bánh tráng chấm sốt, có cả bún trộn, nem chua, giò lá. Mình ở Hà Nội nên thấy đồ ăn hơi ngọt không hợp khẩu vị lắm. Về giá cả : khá rẻ so với chất lượng. Về phục vụ : chắc do mình đi đúng lúc quán đông nên phục vụ hơi lâu, mình gọi thêm đồ mà mãi mới có người vào nhận oder với mang ra.",0,0,0,3,0,0
"Nghe đồn là đẹp nhưng địa danh này tính phí quá cao (100.000đ cho một khách tham quan, 40.000đ cho xe chuyên dụng vận chuyển khách vào tham quan, trẻ em không được miễn phí...). Mặc dù đẹp nhưng sẻ không bao giờ vào.
",2,0,0,0,0,0
"nên đi sớm , tầm chiều vì quán đông khách đi tối sẽ hết đồ ăn ngon , món ăn nỗi tiếng có lòng cá bò gù nhồi thịt , cá lao chiên mắm
 ăn rấ ngon , lẫu và các món ốc ăn tương đối ổn",0,0,4,4,0,0
"Tôi đã từng đến Lucky Plaza trong nhiều năm. Khi lần đầu tiên, nó mở lại, nó vẫn ổn nhưng giá thì cao và có sự thờ ơ của các chủ gian hàng. Một lợi thế sau đó là điều hòa không khí. Trong khi một số chủ gian hàng vẫn còn, bây giờ có một phạm vi rộng hơn của hàng hóa để xem xét. Heaps của áo phông tất nhiên nhưng được đặt ra tốt hơn so với thị trường và thiết kế khác nhau tốt hơn. Có một vài cửa hàng thủ công với các loại dầu và xà phòng thủ công. Tôi đã có thể thương lượng một đôi giày với cùng mức giá mà tôi mong đợi ở phố giày. Một lần nữa chất lượng có vẻ tốt hơn Bến Thành. Đáng để ghé thăm.",0,0,0,0,0,1
"Nếu bạn du lịch đến / từ Quy bào bằng đường hàng không, bạn chắc chắn nên sử dụng xe buýt sân bay thẳng. Nó đến và khởi hành ở đây để đi đến sân bay. Chi phí chỉ là 50k vnd. Một chiếc taxi sẽ tiêu tốn của bạn 300k và chỉ nhanh hơn một chút. Xe buýt rời sân bay mỗi khi một chuyến bay hạ cánh. Nó rời bến xe buýt khoảng 2,5-2 giờ trước các chuyến bay. Khách sạn của bạn có thể giúp bạn lên lịch trình
",0,0,0,0,3,0
"Rộng rãi, trò chơi rất thích thú. Có nhiều hoạt động buôn bán, minigame
",0,0,0,0,0,4
"Đã ở đây 50 lần trong vòng 15 năm qua, chúng tôi đã đến đây một lần nữa trên đường đến Châu Âu để thấy rằng thực đơn đã bị giảm đi rất nhiều và nhiều món yêu thích không còn nữa. Không có khả năng quay lại lần nữa. Buồn",0,0,0,1,0,0
"Xung quanh có nhiều khách sạn cao tầng khác nên khó tự nhiên kéo rèm cửa để ngắm cảnh dù ở tầng 15, phòng có tầm nhìn và ban công hướng biển nhưng ko rộng như trên hình minh họa của booking",0,2,0,0,0,0
"Quán nhìn lướt qua bên ngoài ko có gì đặc biệt nhưng bên trong không khí ấm cúng. Mấy bé phục vụ hiền dễ thương. Quán có nhạc live tối t7, mấy bạn hát nếu tính thang điểm 10 thì tầm 7/10 (ko tính khách hát), chất giọng phổ biến ko có gì đặc biệt lắm. Hôm mình đi nghe nhỏ bạn recommend quán này nhạc đa số mấy bài đang hot nhưng đến thì hơi thất vọng vì đêm ấy đa số mấy bài ko đc hay cho lắm, thêm vài bạn hát hơi bị nhạt nên hơi chán ^^! Cacao nóng khá ngọt nhưng thơm và ổn. Wifi ko vào đc. Giữ xe đối diện quán. Quán đông nghẹt khách khi nhạc lên và đa số là học sinh.",0,0,0,3,0,0
"Ngày xưa cuồng KFC lắm mà từ ngày đi học SG thì chán rồi bởi menu không chịu đổi mới. Quán nào cũng thay nhau tung gà vị mới thì KFC cứ gà rán không đổi, chán kinh. T4 có chương trình km nên dắt e mình đi ăn. Chất lượng vẫn vậy, km có khác đông kinh khủng. Không nhận xét gà nữa vì chả có gì mới để nói mà chỉ muốn nói về em bánh trứng thần thánh, ngon kinh khủng.",0,0,0,3,0,0
"Tối tuần trước vừa đi ăn ở đây xong.Ức chế ko tả được nhà hàng này thay quản lý rồi hay sao ấy. Đồ ăn thì chậm món thì động đến món nào là hết món đấy mà order mãi sau mới ra báo là hết, ko chuyên nghiệp tí nào. Cả quản lý lẫn nhân viên thì chỉ chăm chăm vào chăm sóc khách tây, khách Việt thì cứ kệ gọi thì ra vâng vâng được vài câu xong mất hút,( chắc chăm khách tây để mong được tip chăng??? Còn khách Việt thì bơ???). Trước đây mình rất thích ăn ở đây nhưng tình trạng như này chắc ban quản lý nên xem lại tránh gây bức xúc cho khách hàng !",1,0,1,0,0,0
"Safari chỉ có tầm 14 loài thôi, mà khỉ là nhiều nhất vì khỉ sống được ở tất cả các khí hậu. Còn có lạc đà cũng sống được khí hậu nóng, mấy con còn lại như thỏ, thiên nga, chim.. có lẽ không chịu được nhiệt độ oi ả của Quy Nhơn nên chỉ lèo tèo, ốm yếu. Thực ra siêng đi bộ dạo một vòng là hết rồi, không cần phải đi xe điện tính 30k/người đó.

Với quy mô cũng như số lượng như thế mà vé vào cổng 80k/ người lớn; 60k/trẻ em thì mình thấy khá đắt, chụp hình với con vật cũng tính thêm tiền. Cả cái safari rất ít cây xanh nên nắng nóng dễ mệt.

Safari thì phải làm sao để ngừoi gần gũi với thú nhất nhưng thấy cái này chưa thể hiện được hết tầm cỡ của 1 safari, hi vọng sắp tới sẽ cải thiện thêm.",3,0,0,0,0,0
"Tư vấn nhiệt tình. Bán đủ loại đặc sản. Giá phải chăng. Có thanh toán thẻ, chuyển khoản nên tiện lợi.
Mình đã mua bánh ít lá gai, bánh hồng, mực rim,...",0,0,5,5,0,0
"Hôm nay cả nhóm quyết định nhờ bạn HDV thuê 3 chiếc xe máy giá rẻ chỉ 100k/ chiếc. Nhờ bạn í dẫn đi quanh thành phố, đi ghềnh ráng và Tháp đôi( ghềnh ráng thì đang được trùng tu nên không tham quan hết được, cả nhóm đến tháp đôi(8k/vé vào cổng). Xong mấy điểm trên thì cả nhóm đi ăn sáng Quán bún Thuỳ bên đg tăng bạt hổ, ăn xong thì đi Cf thôi. Trưa đc bạn HDV giới thiệu về tour cắm trại của bạn ấy làm riêng cho khách với giá 300k/ng. Đang tin tưởng vì sự nhiệt tình của bạn í, book luôn,. Thế là cả nhóm về homstay ngỉ trưa, 3h chiều thì bạn HDV qua phòng đưa cả nhóm đi ăn ốc chỗ Ngọc Hân Công chúa, đủ các loại ốc biển với giá 15,20k/ dĩa. 6 người ăn mất 215k.😝😝 4h bạn HDV bảo bắt đầu đi cắm trại nhé! Hầu hết trại và đồ nướng buổi tối thì đều đc chuẩn bị trước( nem, ché, ốc biển, tôm, mực, cá... và cả rượu bàu đá) vậy là chỉ việc chạy xe đến nơi đấy thôi. Có chiếc xe máy thật tiện lợi vô cùng
",3,0,0,3,4,0
Gọi đồ xong lúc 7h15 đến 8h35 mới lên món. Lẽ ra quán đông khách thì phải không nhận nướng cá mà gợi ý khách dùng cá hấp cho nhanh. Nấu khá ngon nhưng vẫn không ăn ở đây nữa vì ăn một bữa hết buổi tối.,0,0,0,2,0,0
Hải sản chủ yếu buổi chiều giá cao hơn chợ đầm,0,0,0,0,0,4
"Sẽ ủng hộ lâu dài, tuy nhiên còn vài điều cần góp ý với nhà xe: Thời gian dừng ăn cơm quá nhanh Ghi sai điểm đón trên app Máy xe khá ồn",0,0,0,0,2,0
