Review,giai_tri,luu_tru,nha_hang,an_uong,van_chuyen,mua_sam
"bánh rất nhiều tôm to, tôm giòn nằm chễm chệ trên vỏ bánh mềm thơm ngon. món ăn thuộc loại rolling in the deep, nghĩa là cuốn với rau, dưa chuột, giá, vỏ bánh mềm. ngoài ra, đặc biệt không thể thiếu của món ăn là nước chấm chua cay rất bình định, vừa miệng đến khó tả. đặc biệt, quán có sữa ngô tuyệt đỉnh, kết hợp combo với bánh xèo cuốn này tạo thành một cặp trời sinh. ai không thích tôm nhảy, có thể đổi sang bò hoặc mực cũng ngon không kém.",0,0,0,5,0,0
"đi quy nhơn cứ lo không có pizza ăn nhưng nhờ có foody nên đã tìm ra quán này nèeee vui vẻ review tốt nên mình cũng rất háo hức và wow đúng là tốt thật á mọi người! 1st impression là quán cách khách sạn mình 200m )))), gần biển nữa. đồ ăn ngon, hợp khẩu vị. gnocchi sốt ngon, pizza thơm, phô mai ngậy, size 25cm mà chưa đến 150k @@ xỉu vì rẻ là có thiệt và sườn ăn vừa miệng. cheesecake ăn chua chua còn brownie thì hơi cứng xíu, nói chung là ngon. nhân viên nice cực kì xong còn giới thiệu con chó giống gì này nọ cho mình nữa )))) con bulldog tên jimmy gì ó thì cute thực sự cứ ngồi chực ăn hôi buồn cười lắm bối rối ăn 5 người thiệt hại 698k thôi (gồm cả nước). chốt lại là kết quán này luôn sau này đến qn phải kéo thêm người đến mới được vui vẻ",0,0,0,5,0,0
"các món ăn ở đây không có gì đặc sắc, có lẽ nấu theo kiểu nhà hàng cho khách tây, nên các món không có gì đặc trưng, nhiều món nhưng tầm thường, nêm nếm rất lạt lẽo, không đúng khẩu vị việt",0,0,1,1,0,0
"lần thứ 2 quay lại đây, vì giới thiệu quán cà phê rộng nhất quy nhơn nên mình mới đưa bạn tới đây chứ thật sự thì có rất nhiều lựa chọn khác tốt hơn, thật sự thì green chỉ được cái không gian rộng , đẹp chứ đồ uống thì fail hoàn toàn, sinh tố cam thì chua lè kiểu như pha nước chứ chắc chắn không phải nguyên chất cam, sinh tố cà chua và dứa cũng tương tự, lần trước uống capuchino không ngon rồi nên rút kinh nghiệm không kêu mấy món đó nữa :)) . thái độ nhân viên không thân thiện, gặp khách không cười . khách đang uống thì đem chổi ra lau rất mất thiện cảm.",0,0,0,2,0,0
rất khuyên bạn nên ghé thăm quán bar thể thao này,3,0,0,0,0,0
chợ khu 2. khu vực bán đồ ăn và các đồ khác. đồ cũng tưoi. nhiều khách du lịch ghé mua. nằm đường nguyễn huệ.,0,0,0,0,0,5
"đồ ăn hải sản tươi ngon, các món canh nấu rất tuyệt. giá cả hợp lý cũng không rẻ, không đắt.",0,0,0,5,0,0
tôi bắt xe 7 chỗ đi từ sân bay về nhà.thái độ của tài xế không vui vẻ khi đón chúng tôi.mặt thì nhăn nhó thái độ thì lơ lơ.gia đình đi 7 người.tài xe mở cốp xe rồi để tôi tự xếp hành lý vào.sau đó dẹp lun 2 ghế sau để chất vali lên.5 người trong gia đình phải dồn vô ngồi ghế giữa. 2 người ngồi ghế trước.lên xe thì nóng.tôi yêu cầu tài xế mở máy lạnh thì tài xế bảo cả sáng h đậu ngoài nắng nên nóng.chạy 10p vẫn chưa thấy mở máy lạnh.mà trong xe nóng như cái lò 5 người ngồi chen nhau.hỏi tiếp thì không trả lời.sau đó mình yêu cầu nhiều quá mới kêu đang mở.về gần đến nhà mới thấy quạt nó thổi mát được xíu.ngồi trên xe 30p mà như cực hình.yêu cầu công ty xem xét lại thái độ làm việc của tài xế chạy xe 6898 lúc 10h sáng ngày 10 tháng 7.nghiêm túc phê bình.,1,0,0,0,1,0
"bãi đá trứng có những viên đá hình tròn hoặc bầu dục giống trứng khủng long trong thời cổ đại. nơi đây rất phù hợp cho các tín đồ mê “tự sướng” kỷ niệm. bãi đá khá nhỏ, nhưng cũng đáng để bạn trải nghiệm khi đến quy nhơn. lối vào bãi trứng mát mẻ và còn hoang sơ. 2 bên đường rợp bóng cây và có các quán cafe để bạn dừng chân nghỉ ngơi thư giãn. tới đây bạn có thể gửi xe và đi bộ tham quan các địa điểm liền kề như hòn chồng, đền thờ hàn mặc tử, bãi hoàng hậu...",5,0,0,0,0,0
"tàu cá và tàu du lịch chung một chỗ nên rất mùi, giờ còn đang xây dựng nữa nên đường đi vào khá bẩn",0,0,0,0,0,0
"điểm mua sắm quà lưu niệm lý tưởng, đầy đủ hàng hóa của các làng nghề truyền thống của vùng quê đất võ tây sơn, bình định. nơi đây là điểm cung ứng hàng hóa của người nông dân nên giá cũng rất bình dân. hãy đến đây khi đến với bình định, vì không muốn khi về quên mang theo món đặc sản truyền thống, tinh hoa của đất võ tây sơn tuyệt vời",0,0,0,0,0,5
xe báo chạy 18h tối nhưng cuối cùng tới 18h30 mới xuất phát. và theo lịch thì 5h sáng hôm sau thì tận 5h30 người trong đoàn báo lại vẫn còn cách quy nhơn 40km - sự việc khiên cho đoàn chúng tôi xém bị trễ công việc.,0,0,0,0,3,0
"chúng tôi ăn nhanh nhất có thể vì một anh chàng người trung quốc ở đó nghĩ rằng anh ta đã bị thứ gì đó cắn. không thực sự biết nếu nó là trường hợp, không muốn biết.",0,0,0,0,0,0
"quán chắc làm việc với lê tân flc để đưa đón miễn phí. nhưng đồ ăn thì cơ bản đắt và không tươi. lúc hỏi nhân viên mực tươi không thì nhân viên nói tươi, nhưng lúc mang ra thì mực không tươi và cảm nhận được ngay là đồ đông lạnh. hàu nướng mỡ hành thì quá dở, 1 vỏ mà có tới 2 con hàu và không bằng quán vỉa hè. khuyến nghị du khách không nên đến quán này.",0,0,0,1,5,0
"hải sản ở quy nhơn vốn đã khá tươi và nhiều loại lạ đa dạng rồi. quán khá lớn, rộng rãi và thoáng đãng. nhân viên phục vụ lịch sự, lễ phép nhưng hơi chậm chạp. nhà mình đi ăn có 1 lô lốc lít nhít trẻ con không ăn nhậu được nên phải gọi cơm thịt trứng canh cho tụi nhỉ ăn riêng mà phải chờ lâu ơi là lâu. đến khi mâm người lớn phải ăn nhậu được nửa bữa rồi mới thấy mâm trẻ con được vào ăn. đồ ăn mặt bằng chung chế biến ổn, có món ăn rất lạ miệng.",0,0,0,4,0,0
"phòng có giường lớn, êm đẹp, sạch sẽ,... lễ tân is the best. buffet ngon, thanh đạm. không gian sảnh sang chảnh tha hồ check in. cảm ơn phương linh đã giúp tụi mình tìm 1 căn phòng vừa ý. nếu có dịp mình sẽ chọn căn pano.",0,5,0,0,0,0
"đã thuê xe tại đây ! xe đời mới chạy rất êm và không có vấn đề trục trặc . nhóm mình thuê tận 4 ngày, đi chinh chiến tận cả các điểm du lịch như eo gió, kỳ co, flc, hầm hô, tháp bánh ít, nhà thờ lòng sông, hoa vàng cỏ xanh ở phú yên nữa mà chẳng gặp bất cứ trục trặc gì. anh chủ cho thuê xe cũng rất tận tình và thân thiện . tư vấn cho mình rất nhiều món ăn ngon và địa điểm mua đặc sản giá rẻ mua về làm quà ! các bạn nên thuê xe máy tại 27a hoàng hoa thám khi đến quy nhơn du lịch nhé, thoải mái vi vu yên tâm cực kỳ luôn",0,0,0,0,5,0
có một chuyến đi vào tối thứ sáu thông qua giao thông rất nặng vào giờ cao điểm.,0,0,0,0,1,0
"hiện tại đã tu sửa xong, tuy nhiên loại hình nghệ thuật này phổ biến ở vùng nông thôn bình định hơn là thành phố, đáng buồn là người dân thành phố chưa có sự quan tâm đúng mức đến loại hình nghệ thuật đặc sắc này",4,0,0,0,0,0
"anh chị chủ xe nhiệt tình, vui vẻ, hỗ trợ khách nhanh và chu đáo. giao xe và lấy xe tận nơi. xe mới,đẹp như xe gia đình chứ không phải đang đi xe thuê. nếu có dịp ra quy nhơn mình sẽ tiếp tục ủng hộ.",0,0,0,0,5,0
"phải nói xe này là tồi tệ nhất trước giờ đi . ai mà đi về đà nẵng không nên đi nhé .nó thả cách thành phố 15 -20km phải tốn 300k tiền xe về tới nhà. trong khi đặt đã nói về tới bến xe . còn ô phụ xe thì thôi mặt lúc nào cũng nhăn khách này nọ . không cho nổi chai nước suối , cái khăn lạnh nữa . đúng xe dỏm",0,0,0,0,1,0
sáng nay mình ghé shop cứ nghĩ shop có mấy hệ thống có thương hiệu khá thấy vọng khi mua đồ tại shop phục vụ kém thái độ ra mặt mọi người cẩn thận vô phải mua chứ không mua coi chừng bị chửi nha nói chung đồ không đẹp mà thái độ phục vụ còn tệ hơn,0,0,0,0,0,1
"sau một tuần làm việc mệt mỏi chắc hẳn ai cũng muốn được nghỉ ngơi, heekcaa sẽ là nơi tuyệt vời vào ngày cuối tuần để bạn tụ tập tám dóc với bạn bè. view đẹp, không gian yên tĩnh, nhân viên nhiệt tình vui vẻ. nơi đây sẽ không làm bạn thất vọng đặc biệt là nước. phải nói là rất ngon giá cả cũng không quá cao phù hợp với mọi người. hôm nay tôi nhâm nhi thử món trà sữa cheese thêm trân châu trắng và sữa tươi heekcaa trân châu đường đen. trân châu ở này rất ngon không như những quán khác mà tôi từng đi. chắc đến đây miết quá )))",0,0,0,5,0,0
"gần biển,gần chỗ ăn uống.nhân viên dễ thương",0,4,0,0,0,0
trải nghiệm mua sắm tại chợ là tuyệt vời.hay nan lại vài giây để có một trái nghiệm thú vị.,0,0,0,0,0,5
đăng ký thuê xe tự lái quy nhơn 2 xe 7 chỗ giao xe tại sân bay phù cát rất đúng giờ. nhiệt tình tư vấn các điểm ăn ngon giá rẻ,0,0,0,0,4,0
"mát mẻ,nhìn cũng dc,nhưng không có gì đặc sắc cho lắm.tới tham quan,chụp vài tấm ảnh rồi ghé quán cafe uống ly nước view biển là xong.",4,0,0,0,0,0
"ăn no, món ăn ngon, gia đình mình ăn xong cả bàn ngổn ngang đĩa niêu vì mỗi đĩa rất ít. cơm và cá ngon, canh hơi chua quá, tôm bình thường, kho quẹt bình thường, rau thập cẩm trình bày mất thẩm mỹ. điểm trừ là phục vụ kém, ra đồ chậm, không biết gợi ý cho khách, không miêu tả được độ ít của đồ ăn. nước ngọt và bia cũng phải gọi mấy lần mới có",0,0,0,2,0,0
nhà sách nay bị thu hẹp đi rất nhiều so với trước vì bên cạnh là của hàng xe máy yamaha mở rộng cửa hàng thuê phần đất của nhà sách. nên vì thế nhà sách bán đồ cũng ít hơn trước. không còn đông vui nhộn nhiệp tấp nập như trước đây,0,0,0,0,0,3
"khách du lịch có nhu cầu thuê xe máy liên hệ địa chỉ này nha, ông bà chủ cực kỳ dễ thương lại nhiệt tình. giá thuê xe thì khỏi bàn, siêu iu luôn nà",0,0,0,0,4,0
"mình thuê 5 xe chạy từ quy nhơn đến các địa điểm du lịch ở tuy hòa - phú yên. đây là cung đường đẹp nhất miền trung, vắng vẻ, ít xe và đường rất dễ đi. nếu đã quyết đi phượt miền trung thì nhất định phải chạy cung đường này. ngoài vẽ đẹp thiên nhiên thì chúng ta có thể ghé các khu nhà nuôi tôm để ăn hải sản hoặc vào đầm ô loan, có thể ghé các địa điểm du lịch khác như ghềnh đá đĩa, hoa vàng cỏ xanh, mũi điện... xe thuê ở đây chạy rất tốt, êm dường như được bảo dưỡng rất kĩ. ngoài chuẩn bị mũ bảo hiểm và áo mưa, xe còn được trang bị đầy đủ 2 gương và bạn chủ còn đi photo giấy tờ xe công chứng để bọn mình bọc đi đường, rất chu đáo và nhiệt tình. chuyến đi kết thúc an toàn và vui vẻ, không gặp bất cứ sự cố gì, lần sau có dịp ghé quy nhơn nhất định sẽ quay lại đây để thuê xe máy. cảm ơn và hẹn gặp lại",0,0,0,0,5,0
"nhân viên nhiệt tình, phong cách hiện đại. phòng ban công view phố đẹp, phòng mới sạch sẽ.",0,5,0,0,0,0
"quên nói về thức ăn - kêu nhum gì mà thê thảm , không béo gì hết, chỉ 1 màng mỏng , ăn không cảm nhận được gì luôn , tôm mũ ni giá 2 tr2 /kg vậy mà lúc chế biến không hề đem lên cho khách xem, lúc order thì phục vụ nói 1 con chỉ khoảng mấy lạng cuối cùng tính tiền 1 con gần cả ký lô- - nói chung tránh xa quán này ra",0,0,0,1,0,0
"quán hơi chật, mà có đồ nướng với lẩu nữa,nên hơi bị ám mùi sau khi ăn xong. nhưng được cái quán cũng khá sạch sẽ. kiểu đồ ăn tây nhưng giá tiền lại việt nam. đồ ăn ổn, pizza rất thơm và ngon, nhiều phomai nên mềm lắm. ba người ăn một cái là đủ rồi, đã cơn thèm. món nướng thì ngon có nhiều lọi thịt như bò,ba rọi, đà điểu để mình chọn, nướng cuộn với xà lách tươi xanh chấm nước tương kiểu hàn quốc mà ngon lắm. quán khá đông khách nên phục vụ hơi chậm. nhưng mình vẫn sẽ quay lại",0,0,0,4,0,0
đến một vài lần vào buổi tối để chơi bóng bàn với du khách. thật vui.,4,0,0,0,0,0
"gia đình mình có trẻ con nên ở phòng đôi không có bồn tắm, nhưng khách sạn linh động cho mình phòng đôi có bồn tắm trẻ con tắm thoải mái.nhân viên lễ tân nhiệt tình, lễ phép. vị trí thuận tiện, đi bộ 2p là đến vincom, 3p là ra đến biển, khá gần đường chính.",0,5,0,0,5,0
không có lotte mart nên phải đến siêu thị big c. bình thường,0,0,0,0,0,4
người thợ bản xứ này biết tiếng anh khá tốt theo tiêu chuẩn việt nam. anh ấy rất thân thiện và đã đưa ra mức giá rẻ nhất mà chúng tôi có cho đến nay trong kỳ nghỉ của mình. anh ấy cũng cho chúng tôi những lời khuyên tuyệt vời về xe máy nói chung.,0,0,0,0,5,0
"20k/ tô có nhiều chả, ăn vừa miệng, khá ngon. quán có bà ngoài và một anh bán, bà ngoại đã già nhưng vẫn ngồi bếp múc bánh canh bán cho khách, còn anh thanh niên thì phụ bưng bê. có điểm trừ là quán hơi nóng :)",0,0,0,4,0,0
"vào siêu thị mà bị bảo vệ đi theo sau từ ngoài cổng cho tới mỗi khu vực quầy hàng, cảm giác rất khó chịu",0,0,0,0,0,3
"nhắc đến hải sản thì không thể không nhắc đến quy nhơn, là thành phố biển với nhiều cảng, đầm, vịnh. quy nhơn mang lợi thế cực lớn về nguồn hải sản, đó cũng là lý do có nhiều quán hải sản giá rẻ nhưng cực tươi ngon ở đây. nghĩa ghẹ là một trong những quán như vậy, nằm ở một con đường nhỏ, khuất và không gian quán không quá rộng. tuy nhiên lại là nơi tụ tập rất đông bạn trẻ địa phương bởi quán chế biến khá ngon, nước chấm đậm đà, hải sản tươi sống và đặc biệt là giá rất hạt dẻ. menu không cố định vì hải sản tươi sống thay đổi liên tục, nhưng đảm bảo món gì cũng ngon bá cháy. buổi trưa sẽ ít khách hơn ngồi rộng rãi thoải mái, buổi chiều đến tối thì rất đông nhưng vui buồn cười",0,0,0,5,0,0
pig c giá thì có rẻ .nhưng hàng khuyến mãi thì mua về không dùng được.đặt biệt là đồ ăn khuyến mãi hạn dùng còn lâu mà mua về mấy bì hư hết trọi.mình bị 2 lần rồi .lần trước mua trúng đồ hết hạn mang qua trả lại không chịu trả lại tiền mà biểu mình mua món đồ khác sao cho đủ tiền.vãi thật,0,0,0,0,0,2
"mình hay ghé nhà hàng ngon ở trần hưng đạo để dùng bữa với bạn bè và đối tác. ở đây có không gian rộng rãi, thoáng mát, lịch sự. các món ăn cũng đa dạng, và được chế biến dễ chịu.",0,0,5,5,0,0
"đón xe taxi vinasun ở sân bay tân sơn nhất ga quốc nội, nghe thấy gần bắt đầu đổi thái độ hung hãn, không phải nói chuyện mà chửi vào mặt khách, lái xe thì lao như điên và thắng gấp liên tục với sự cố ý, đạp thắng liên tục chỉ trong 10m. ngay vòng xoay bùng binh, quẹo trái bất chấp, tưởng chừng tông xe luôn rồi. đến nơi, hỏi giá thì không thèm trả lời. mình nhìn lên thấy 36.000 thì đưa 40.000, tài xế quay lại hét vào mặt 36 với 10 là 46.000",1,0,0,0,1,0
"điểm mua sắm lâu đời ở quy nhơn và các huyện thị lân cận. đầy đủ và bình ổn giá. vào dịp tết rất nhộn nhịp, nằm ngay trung tâm dễ tìm, có bus đi ngang.",0,0,0,0,0,4
"sân bay cách trung tâm tp quy nhơn khoảng 30km. hơi bất tiện trong việc đi lại. tuy nhiên sân bay rộng, đẹp. phòng chờ vip rông rãi.",0,0,0,3,0,0
"từ khắp nơi trên thế giới khi đến việt nam họ đều tìm đến với dịch vụ cho thuê xe máy xuân tính và đều rất hài lòng và giới thiệu cho bạn bè về dịch vụ này tốt tốt tốt ưu điểm của dịch vụ này là vừa sửa xe kết hợp cho thuê xe máy ,xe mới ,giá cả lại rẻ lại tư vấn các dịch vụ như lưu trú ăn uống miễn phí cho du khách",0,0,0,0,4,0
cảnh quang chưa đep. nếu được mở rộng thêm. khắc các câu thơ hoàng mặc tử và các ban thơ .tạo ra các điểm nhấn sinh động. vệ sinh môi trường quá nhớp,3,0,0,0,0,0
nhiều món. giá cả phù hợp. phục vụ chu đáo.,0,0,0,5,0,0
"phòng thoải mái, khá rộng, có bếp và dụng cụ có thể nấu ăn chung. tiện nghi đầy đủ giá tốt",0,5,0,0,0,0
"mình muốn tạo bất ngờ cho vợ nên nhờ các bạn setup phòng tình nhân & thật sự các bạn đã làm cho vc mình bất ngờ, vợ mình đã rất vui. cảm ơn các bạn raon",0,5,0,0,0,0
phòng rộng. sạch sẽ. có thể ở tới 4 người,0,5,0,0,0,0
"vị trí đep, ngay đối diện với cổng dh quy nhơn. hơi nhỏ nhưng với vị trí như vậy thì cũng là quá tốt",0,4,0,0,0,0
"bữa sáng rất tuyệt, phòng rất rộng rãi, giường rất thoải mái, có tầm nhìn ra quang cảnh thành phố từ một cửa sổ và quang cảnh đại dương từ cửa sổ khác. tất cả các nhân viên từ sandy, người điều hành khách sạn đến người gác cửa và tất cả các nhân viên khác đều tuyệt vời, tôi không thể mắc lỗi gì về khách sạn và không thể chờ đợi để quay trở lại.",0,5,0,5,0,0
"nơi phù hợp để trải nghiệm cảm giác bơi lội, lặn ngắm san hô, thưởng thức hải sản, chụp hình và chơi các trò chơi trên nước",4,0,0,0,0,0
"gia đình mình có chuyến nghỉ ngắn ngày cuối tuần tại avani, mình rất ấn tượng với dịch vụ của resort, nhất là bạn lễ tân tên cường đã take care gia đình mình từ đầu đến cuối và hỗ trợ mình cả issue liên quan đến bên booking. ngoài ra, mình cảm thấy rất đáng tiền với view biển, phòng ốc đầy đủ tiện nghi, bể bơi đẹp và đồ ăn ngon. nhất định mình sẽ quay lại đây nhiều lần nữa. cám ơn avani vì trải nghiệm tuyệt vời!",0,5,0,0,0,0
"đồ khá đầy đủ, có thể mua dừa trái, đồ về làm quà (nem, cá mực tôm khô, các loại mắm) ở đây. chợ mở cả ngày tuy nhiên có nhiêu khu chỉ mở sáng sớm. ghé chợ tầm chiều tối có thể ghé ăn ốc thúy kiều ở ngay gần đó",0,0,0,5,0,5
"sân bay nhỏ, nhưng thiết kế khá hiện đại, đồ ở đây bán rẻ như mua ở tp quy nhơn. nhưng một số đồ không có ví dụ bánh hồng, nên ai muốn mua đồ đặc sản như bánh hồng, thì mua ở tp quy nhơn nhé.",0,0,0,0,3,3
tuy không tiện nghi nhưng giá cả bình dân nhất quy nhơn,0,4,0,0,0,0
"không gian rất sang trọng và ấm áp, nhân viên cũng rất nhiệt tình.",4,0,4,0,0,0
"giường hơi mềm, không phù hợp lắm với người bị đau lưng",0,3,0,0,0,0
có thể do dịch nên ít khách. phòng có mùi mốc,0,2,0,0,0,0
"xem mọi người review nên cũng ham hố đến thử 😃 một đĩa gồm hai bánh hình tròn chỉ to bằng bàn tay xoè ra. ăn cũng không có gì là đặc sắc cả, trừ việc vỏ bánh khác so với vỏ bánh ngoài hà nội. ăn uống xong xuôi đến lúc ra tính tiền đớ luôn. 65k/ đĩa gồm 2 cái bé. trong khi những chỗ khác 25-30k/ đĩa được bánh to ơi là to. cũng do lỗi tại mình không xem xét giá trước thất vọng coi như một bài học cho cả nhà. thử 1 lần cho biết và sẽ không quay lại vì giá cả không xứng với hương vị đem lại thất vọng buồn được cái không gian rộng rãi, thoáng mát.",0,0,0,2,0,0
"tài xế có tâm :)) khách nhịn tè từ trên đèo nhịn xuống đã đành, đằng này tới nơi có hộ dân sinh sống vẫn đi tu tu chả thèm dừng dù khách la réo xin đi vệ sinh mồm mình thay cho quả thận phát tín hiệu được hơn tiếng đồng hồ rồi vẫn chưa được giải cứu. rip my bladder",0,0,0,0,2,0
lên tầng 5 chơi bowling và xem phim tuy nhiên cảm thấy thất vọng. hệ thống điều hòa không hoạt động gây cảm giác ngột ngạt và thiếu không khí,2,0,0,0,0,0
"cách âm kém, không có hỗ trợ kh về các vật dụng mượn thêm vào buổi tối (như tô muỗng)",0,2,0,0,0,0
"tôi thấy quán cần đào tạo lại nhân viên, để ý để review . bản thân tôi sẽ không bao h quay lại.",1,0,1,0,0,0
"hôm nay, tôi gọi phòng vip họp mặt bạn!!! khi nói chuyện với nhân viên đặt phòng. mới hỏi một câu thi lại đáp một câu, không biết tôn trọng khách hàng!!! tôi khuyến cáo mọi người không nên tới nhà hàng nay! cho dù thức ăn ngon mài cách phục vụ thế này không chấp nhận được khó chịu bực mình khó chịu bực mình khó chịu bực mình",0,0,0,1,0,0
"xe khá là hôi, mùi ẩm mốc bốc lên rất khó chịu cộng với chỗ giường nằm có các con vật be bé nhìn kinh v*i.",0,0,0,0,2,0
"tôi bình chọn 5 sao, mọi thứ đều hoàn hảo. chủ sở hữu nói tiếng anh tốt và địa điểm gần ariport, vì vậy nếu bạn có thời gian, đừng suy nghĩ kỹ! và sự cầu xin này có một mức giá tốt, vì vậy đừng lo lắng, hãy hạnh phúc.",0,0,0,0,5,0
"bánh mì kẹp thịt của tôi là những chiếc nhẫn hành tây thơm ngon, hoàn hảo, giòn và nhẹ.",0,0,0,4,0,0
"30/4 vừa rồi đông khách, vợ mình đợi 30"" chưa đi được thang máy.",0,3,0,0,0,0
"chúng tôi ghé qua vào khoảng 11h đêm, thưởng thức ly cocktail và ngắm thành phố về đêm. ánh đèn sài gòn quá đẹp! nhân viên vô cùng dễ thương, đồ ăn và nước uống đa dạng nhiều chọn lựa",4,0,0,4,0,0
"nằm ở đường diên hồng quy nhơn. quán này cũng khá nổi tiếng ở đây về độ ngon. nhưng mình thì cũng thấy được thôi, chứ không ngon lắm. vì ăn nhiều sẽ ngấy vì mình thấy hơi nhiều dầu. một người ăn tầm hai cái là vừa đủ no. bánh nhiều tôm và nhiều thịt bò, đặc trưng là bò và tôm đều rất tươi, rau sống ăn kèm thì toàn rau non và ngọt, nước chấm cũng vừa miệng quán cũng khá sạch sẽ, mà tại giá hơi chát nên ảnh hưởng một phần độ ngon của nó.",0,0,0,3,0,0
"một khách sạn hoàn hảo , đánh giá cao,",2,0,0,0,0,0
"mình ăn ở đây 2 lần rồi vì quán rất đông vào buổi trưa nên mình chọn phòng riêng. về giá cả thì hơi cao hơn mặt bằng chung ở quy nhơn nhưng vị ddồ ăn một số món rất ngọt đối với mình. có thể đây là điểm check in lý tưởng của nguời quy nhơn vì ở quy nhơn 1 quán không gian rộng và bắt mắt như vầy chỉ có 1 đến 2 quán. tuy nhiên, với mình ngon vẫn là quan trọng. chắc vì ở sài gòn có nhiều quán đẹp và ngon nên mình hơi kén. vui vẻ :)",0,0,0,3,0,0
"có chỗ để xe máy ở tầng trệt, ở trong hẻm nhưng đường đủ rộng để xe 4 bánh vào tới nơi.",0,2,0,0,0,0
nhiều mặt hàng mua sắm. rạp cgv hơi ít xuất chiếu.,0,0,0,0,0,3
"không gian đẹp, lấy từ không gian gỗ hội an. món ăn ngon, chất lượng, nhân viên phục vụ tận tình và rất lễ phép, món ăn lên nhanh. tôi không còn từ gì để nói hài lòng và rất hài lòng. về quy nhơn, bình định nhất định phải ghé vào dùng không thì tiết lắm.",0,0,0,5,0,0
một quán ăn không thể bỏ qua nếu đến quy nhơn ăn hải sản nha. đồ ăn tươi ngon chế biến vừa vặn giá cả hợp lý cạnh quán nghĩa ghẹ. ăn quán này vắng hơn mà phục vụ tận tình lắm.,0,0,0,5,0,0
"tài xế chạy quá nhanh, quá ẩu. nằm ngủ chẳng yên",0,0,0,0,2,0
đã từ bao giờ sân bay phù cát lại thuộc thành phố quy nhơn qua thông tin của các hãng hàng không. nên đính chính lại để sai sót này không trở nên mặc nhiên đúng,0,0,0,0,0,0
"phòng sạch sẽ gọn gàng, nhân viên nhiệt tình thân thiện và chu đáo.",0,5,0,0,0,0
đầu bếp tan và nhân viên của mình rất thân thiện và niềm nở. các món ăn chúng tôi nấu rất ngon với chỉ một vài thành phần được sử dụng. rất khuyến khích một chuyến thăm.,5,0,0,5,0,0
"phòng khá cũ. mình ở 2 lần 1 lần ở phòng bình thường thì thấy ok. 1 lần ở studio view biển thất vọng thực sự. view biển đã bị chắn bởi công trình (này thì không phải lỗi của khách sạn nhưng hơi bị trái so với kì vọng của mình). phòng thì cực kì nóng nực. lúc mới check in vô thì bật điều hoà đúng mode và nhiệt độ thấp nhưng vẫn cực kì nóng. gọi nhân viên lễ tân thì bạn nói câu “biết sao không?” nghe rất chối với khách hàng. đến ngày hôm sau qua đêm rồi vẫn nóng và gọi lễ tân lần nữa thì lại có câu trả lời tương tự về việc phòng hấp hơi nhiều kính, không chủ động hỏi khách cần quạt hay cho người lên check, phải để mình yêu cầu mà vẫn còn lưỡng lự. thực sự sau lần này chắc sẽ không quay lại nữa.",0,1,0,0,0,0
"đa dịch vụ. đồ ăn tươi, chế biến ngon. hải sản phong phú, giá ổn. phục vụ cũng nhanh, nhân viên ít cười nhưng khá thân thiện, dễ thương. canh nghêu chua , canh cải tôm, cá bóp chua rất ngon. thỉnh thoảng cơm hơi cứng. rau luộc xanh. có xe đưa đón tại flc, đây là điểm cộng cho quán. dịch vụ du lịch kỳ co trọn gói. ngoài ra, hoàng thao còn giúp bạn gọi xe đưa đón sân bay (giá cực tốt!)",5,0,5,5,5,0
"chiều hôm kia mình và nhóm bạn đi tìm quán trà sữa để uống cũng như chém gió. trong nhóm có 1 đứa chưa vào palace tea nên cả bọn quyết định kéo nhau vào palace tea. chiều sớm nên quán cũng không đông lắm, mỗi đứa gọi cho mình 1 loại, mình thì uống ô long cam đào dâu tây. ấn tượng chung của mình là ly trà ô long rất đẹp, màu nước cũng đẹp nữa. hương vị thì rất ổn nhé, nước lại thơm mùi trái cây nữa. tuy giá của nó khá là cao nhưng nó là 1 món nước thực sự đáng thử khi tới palace tea.",0,0,0,4,0,0
"nhà hàng có view đẹp, nhân viên thành long phục vụ nhiệt tình, thức ăn ổn, sẽ quay lại. món bông cải dầu hào ăn rất tươi không có dầu mỡ.",5,0,5,5,0,0
chợ bán hải sản tươi ngon nhưng giá hơi cao,0,0,0,0,0,4
"quán chỉ bán từ buổi chiều tới khuya và lúc nào cũng nườm nượp khách. nằm trong một cái hẻm bé tẹo, nên kiếm địa chỉ khá khó. quán cũng nhỏ, khách phải leo lên đoạn cầu thang. khay ăn dọn lên gồm một dĩa bánh mì nóng giòn xắt khúc, một tô lagu có miếng thịt ngọt lừ, thêm chút bùi bùi từ hạt sen, củ lang, cà rốt, đậu đỏ…trước khi nướng, người bán nhanh tay quét một lớp bơ đều lên bánh, tỏa mùi thơm nồng nàn. tô lagu này có giá ba mươi ngàn, tính ra cũng hơi cao so với mặt bằng chung",0,0,0,4,0,0
khách sạn gần trung tâm đi lại khá tiện. phòng ốc xịn xò sạch sẽ. mình book được phòng view nhìn chếch ra biển khá chill,0,4,0,0,0,0
một tiệm dessert nhỏ nhưng lúc nào cũng khá đông mình đến 2 lần rồi. phục vụ nhiệt tình. bánh bông lan trứng muối và chè khúc bạch ở đây là 2 món mình có thể ăn hoài không ngán.,0,0,0,5,0,0
"tôi sẽ chụp lại nếu có nhu cầu đi du lịch vũng tàu, tuy nhiên tôi không nghĩ mình sẽ làm như tôi đã thấy nhiều nơi tốt hơn ở việt nam.",3,0,0,0,0,0
"rượu ngon, nam vô tửu như kỳ vô phong",0,0,0,5,0,0
"một quán cafe gồm cả đồ ăn nhanh đồ uống rồi view đẹp thì khá ít ở mãnh đất võ quy nhơn này nhỉ. quán này view cute lãng mạn, rất chịu đầu tư về view tới những dịp lễ, không gian quán rộng rãi nên yên tâm về giờ cao điểm không có chổ ngồi nhất là dịp tết này. nước của quán khá là ngon, mình rất thích cách phục vụ thân thiện niềm nở của những bạn nhân viên. mình nghe bạn mình kể thức ăn nhanh ở đấy ngon nhưng chưa có dịp ăn thử xem như thế nào. có dịp sẽ ghé lại quán <3",0,0,0,5,0,0
"đồ ăn ngon, hải sản tươi, quán sạch, nhân viên dễ thương. được thưởng thức món tôm hùm tươi, nấu cháo ngon. thực đơn 2 tôm hùm baby, 1 cua huỳnh đế, và thêm vài món chưa đến 2 triệu đồng.",0,0,0,5,0,0
"khu trung tâm, tiện lợi. phòng đẹp, sạch sẽ.",0,5,0,0,0,0
"hôm qua ba về quê nên thay mặt nhà đi ăn đám cưới con cô hàng xóm. suýt nhầm với khách sạn sài gòn quy nhơn, bà con chú ý nha. có nhà hàng tầng hai với cả tầng ba nữa. không gian khá rộng nhưng trần nhà hơi thấp, tạo cảm giác bí. trang trí đẹp, lung linh ghê luôn, âm thanh, ánh sáng ổn, đoàn vũ công biểu diễn tốt. đồ ăn cũng ngon, có mấy món nướng không ok lắm. thịt bò nướng giấy bạc bị khô, gà nướng mật ong thì không thấm lắm. nhân viên không nhiệt tình, kiểu hơi lơ là",0,0,2,3,0,0
i go this store by chance. it is a peasant food store. but it was a nice place with service & good food. noodles here really cheap & delicious. i’m gonna keep coming back!!!,0,0,0,5,0,0
mình đến vào buổi trưa quán khá đông. dù đông nhưng mình cũng không phải chờ quá lâu mới có đồ ăn. món ăn theo bạn đi cùng mình thì ăn khá vừa miệng. nhưng có lẽ với đứa ăn mặn như mình thì nó có hơi lạc một xíu. nhưng quán sẽ là sự lựa chọn của mình vào những ngày không nấu cơm mà vẫn muốn ăn cơm.,0,0,0,4,0,0
"tôi đã được đón bởi corp này và tài xế khăng khăng tôi đặt chiếc túi nhỏ của tôi trong cốp xe cùng với chiếc vali. tôi đến khách sạn của mình và anh ấy đã thay đổi từ chối đưa cho tôi chiếc túi nhỏ của tôi và khẳng định tôi đã không đưa nó cho anh ấy. anh ta từ chối mở cốp xe và để tôi nhìn, trở nên hiếu chiến, hung bạo và đe dọa tôi trước khi cướp tiền của tôi và lái xe đi.",1,0,0,0,1,0
"được nghỉ tết sớm nên mình và chị bạn hẹn nhau hú hí ở bobo station trần cao vân. không gian ở đây đẹp nhưng mình thấy hơi chật, chỗ để xe cũng không rộng mấy, nên hơi bất tiện khi đông khách. nhân viên ở đây thì khá nhiệt tình, đồ uống cũng đa dạng. mình gọi một trà sữa ôlong, nước uống thơm mùi trà, nhưng hợt nhạt. chị bạn thì khá hài lòng với thức uống của quán. chắc quán khá đông nên bàn ghế bỏ sát sát nhau, nên thấy hơi bất tiện khi nói chuyện với nhau.",0,0,0,3,0,0
"nói chung năm nào cũng đi coi vải ở đây. vải mới có nhiều, cập nhật xu hướng nhanh. có điều giá hơi cao nếu người mới đi mua, chưa biết cách nhắm tầm giá sản phẩm. vải cao cấp có nhiều",0,0,0,0,0,2
"trên hình google đẹp nhưng đến nơi thì mới thấy thực tế. đi vào giờ chiều nên đông khách du lịch. cảnh đẹp nhưng rác rất nhiều. hy vọng ban điều hành khu du lịch trang bị thùng rác đầy đủ bãi chỉ có highlight là mấy hòn đá to, dạng như quả trứng. bác bảo vệ hơi làu bàu",1,0,0,0,0,0
"xe khá mới, sạch sẽ, chạy êm. trên xe phục vụ nước suối, hộp sữa, khăn giấy, mền gối đầy đủ. nhân viên tuy không lịch sự nhưng cũng khá nhiệt tình. xe khởi hành trễ hơn 15 phút nhưng cũng tạm chấp nhận. có xe trung chuyển nội thành. nói chung dịch vụ ổn.",0,0,0,0,5,0
"chúng tôi đã làm theo các đề xuất trên tripadvisor và thực sự thất vọng. bát đĩa bẩn và thức ăn không ngon chút nào. tôi đã có một món salad bún gạo thuần chay, thật kinh khủng. món súp của bạn tôi không có chút hương vị nào. không thể giới thiệu nó.",0,0,0,2,0,0
update 14/10/2018. chất lượng khá tốt. xe mới ra ngày 26/09/2018 phục vụ nhiệt tình. giá khai trương giảm 20% còn 312.000. một lựa chọn tốt khi đi tp.hcm- tuy hoà. chúc nhà xe luôn giữ phục vụ tốt để được nhiều người ủng hộ.,0,0,0,0,4,0
"tôi được một người bạn địa phương giới thiệu đến ăn ở đây nên tôi đoán mình đã gặp xui xẻo. địa điểm hấp dẫn, đối diện công viên, gần dinh thống nhất. dịch vụ là dễ chịu. tôi vừa gọi món chả giò tươi và một ly nước chanh. nhà hàng không bận rộn. chờ 20 phút, hỏi, xem người khác phục vụ. cuối cùng thì những chiếc nem khá khô cũng như một đĩa nem rán bị nhầm lẫn nhanh chóng bị vứt đi. đối với tôi, không ấn tượng chút nào, nhưng những người khác dường như có đồ ăn trông ngon.",0,0,4,4,0,0
"tài xế đẹp trai nhiệt tình, phục vụ chu đáo.",0,0,0,0,5,0
"quán kiểu thoái mái, view bình thường nhưng được cái không gian thoáng, thoái mái không gò bó. đặc biệt nước siêu ngon với nhiều món lạ, quy nhơn chưa thấy. vote cho trà đào, trà đen machiato, cafe cốt dừa, đặc biệt dừa mít nghe lạ lạ mà uống cũng lạ lạ luôn. giá theo mình khá hạt dẻ. mình đi 2 người. đang có chương trình giảm giá 20% nên uống luôn 3ly, giá có 36k. nói chung mình sẽ trở lại để thử hết menu vì uống ly nào cũng ngon. vui vẻ",0,0,0,5,0,0
"quán nhỏ nhỏ , xinh xinh . deco quán khá lạ , kiểu deco của mấy quán cf ngày xưa . chắc là quán coffe kiểu cổ nên chắc lấy tên 1990 là vậy . nói chung là phong cách deco khá ổn , nhưng buổi tối thì ánh đèn khá mờ . nhân viên phục vụ nhân nhẹn , thân thiện . giá cả ổn so với mặt bằng thành phố buổi tối thường có chương trình guitar và hát . khách cũng có thể lên hát và đàn vô tư . nước uống ngon . tốt thích quán ở chỗ quán khá yên tĩnh , đến đây học vào buổi chiều thì tuyệt luôn ❤️ sẽ luôn luôn ủng hộ quán !!",0,0,0,5,0,0
"khe vịn mở cửa tủ quần áo hơi cạn nên khi mở hơi khó, dễ gãy móng tay, nên khoét sâu hơn hoặc có nắm cửa bên ngoài.",0,2,0,0,0,0
"nhiều dịch vụ xung quanh khách sạn như massage, giặt ủi...rất tiện",4,0,0,0,0,0
"đến quán vào tối chủ nhật, quán khá đông lên gọi món hơi lâu. các món chế biến ngon, xôi gà chiên trẻ con rất thích. giá cả hợp lý, nhân viên nhiệt tình.",0,0,0,4,0,0
"tuy ảnh hưởng mùa covid không hỗ trợ được trực tiếp nhưng hỗ trợ online với thái độ thân thiện, nhanh chóng và chính xác.",0,5,0,0,0,0
"lần đầu tiên ghé ăn nhưng rất hài lòng, chắc chắn là sẽ quay lại",0,0,0,5,0,0
"nhân viên phục vụ rất nhiệt tình, giá cả cũng tầm trung, hợp lý. khách sạn có book dùm vé đi đảo cho khách và cho thuê xe máy nên rất thuận tiện",0,5,0,0,0,0
"nước và càe tạm được nhưng phải gọi là quá đắt đỏ . nước ở đây thấp nhất là 35k . thái độ nhân viên thì không được thân thiện cho lắm . tuy nhiên điểm cộng là view nhìn ra biển khá đẹp ( nhưng hơi lạnh ) , trong phòng điều hoà thì ấm hơn nhưng không có gì đặc sắc . có thể lựa nhiều quán trong nội thành view đẹp hơn mà giá cả phải chăng hơn .",0,0,0,3,0,0
"mình book phòng view biển nhưng view không đẹp, có nhiều tòa nhà, công trình đang thi công che khuất tầm nhìn. không được đẹp như hình mô tả.",0,2,0,0,0,0
"khách sạn mới, sạch sẽ, phòng đủ rộng, nhìn ra biển. bể bơi nhỏ nhưng sạch và nhìn ra biển rất đẹp. vị trí gần biển, thuận tiện cho ăn uống, mua bán. nhân viên thân thiện và rất lễ độ.",0,5,0,0,0,0
"cám ơn bình minh tải cho mình trải nghiệm tốt. xe dừng nghỉ ở trạm xuân hưng, cơm ăn rất ngon, ngồi thành nhóm như ăn tiệc ăn được nhiều món, vui và ngon miệng hơn. giá ăn nằm trong giá vé rồi. tài xế và anh đi cùng rất nhiệt tình, sắp xếp chổ cho khách ngồi ăn đủ bàn hết rồi hai ảnh mới bắt đầu dùng bữa. xe chạy êm, ngủ rất ngon. thông báo đến nơi rồi mà mình vẫn muốn ngủ nữa =]] giường thì rộng rãi nha, thắt seatbelt rồi thì tha hồ nằm thoải mái, giường nằm có massage nhiều chế độ nữa. mình rất hài lòng.",0,0,0,0,5,0
"trên thực tế, một tài xế taxi khác đã cố gắng giả vờ như anh ta ở đó để đón tôi và tài xế công ty saigon tranfers của tôi đã nhanh chóng giải tán anh ta.",0,0,0,0,3,0
"quán bình dân nhưng hải sản rất tươi, ngon, đặc biệt ghẹ còn sống, tôm càng ngon, ốc nhiều loại chế biến vừa miệng, giá cả hợp lý, đi đông người có thể gọi điện thoại liên hệ đặt chỗ trước rất tiện",0,0,0,5,0,0
"gia đình đi thì đăng kí với sdt này. tham quan vào thứ 4 và chủ nhật giờ hành chính. gọi sdt này để đăng kí trc, bác bảo vệ nói thế ấy",2,0,0,0,0,0
"gần biển,gần chỗ ăn uống.nhân viên dễ thương",0,5,0,0,0,0
"quán cà phê và khách sạn, trong chính khách sạn, chúng tôi không chỉ ở trên bãi biển. họ làm sạch bãi biển và làm sạch. có một số giường tắm nắng với ô. biển sạch. nơi này thật đẹp. nhưng rất nhiều rác trên bờ biển gần làng. bạn có thể đi chèo thuyền kayak trên đảo ở đây.",0,3,0,0,0,0
hẹn với đối tác nên đi kiếm quán nào chất chất mà view đẹp thì thấy quán này. xung quanh toàn là nhà cao tầng nhưng nhìn quán cảm giác rất quán vườn. xung quanh chỗ ngồi nào cũng có cây trồng mà không phải cây nhỏ. nên mát và rất đẹp. ngồi trong đẹp theo phong cách tuổi teen.có máy lạnh nên không hút thuốc. ngồi trước thì thoáng mát view quá đẹp luôn. tối bật đèn lên thì lung linh luôn. cảm giác không có các tòa nhà xung quanh. nước uống cũng ngon. hài lòng.,0,0,0,4,0,0
"vị trí đẹp, quản lý bộ phận lễ tân nhiệt tình, tận tình, chu đáo.",0,5,0,0,0,0
"cách âm kém, đêm hôm phòng bên cạnh cười nghe rõ. không có nhân viên hỗ trợ xách đồ. view biển nhưng trước mặt có công trình xây dựng",0,2,0,0,0,0
"nóng như thế này mà kiếm những quán trà sữa có phòng lạnh xong oder trà sữa cùng đám bạn họp chuyện thì hết sẩy vào đâu được quán này view khá là rộng nên tụ tập cũng không sao nhan. về nước thì có nhiều sự lựa chọn, mình thấy trà sữa ở đây khá là ngon, giá thì thấy bình dân nên hợp lý cho sinh viên học sinh nè. à còn nằm gần trường đại học quy nhơn nên sẽ bắt gặp sinh viên ở quán đông :)). nhân viên phục vụ vui vẻ hòa đồng rất tốt nè,... <3 <3 có dịp sẽ ghé quán.",0,0,0,5,0,0
"đánh giá 1 sao cho rạp chiếu phim starlight, hôm mình đi xem phim tối mồng 6 tết rạp 1, màn hình coi mà nhòe ánh sáng xanh, đã reset màn hình lại trong lúc đang xem nhưng vẫn không hết. lần đầu xem cũng như lần cuối :)",1,0,0,0,0,0
thực phẩm tốt nhưng đắt tiền cho những gì bạn nhận được,0,0,0,3,0,0
"đã trải nghiệm. tổng đài gọi báo sẽ đón trước 30' nhưng tài gọi điện trước 1 tiếng, phải kiên quyết lắm mới làm tài đồng ý 30'. so sánh với limousine bên hoa mai thì xe nhỏ hơn nhiều. khoảng cách giữa các ghế rất chật. không có chế độ massage. mình đi chuyến đà lạt - tphcm mà đến 300k so ra không đáng giá tiền.",0,0,0,0,2,0
"đồ ăn và đồ uống đẹp mắt. thực sự rất thích rượu vang và bữa ăn, lời khen cho đầu bếp. nhân viên lịch sự và hiệu quả, ngay cả khi chúng tôi mất một chút thời gian để chọn những gì chúng tôi muốn.",5,0,0,5,0,0
"tối thứ 7 nầy ở đây có tiệc halloween nè, vé có 99k mà có quá trời dịch vụ tuyệt vời luôn, bt cũng thích đến đây nge nhạc sống rồi bây giờ có thêm tiệc halloween nữa thì quá tuyệt vời luôn. nge nói có cái vẽ uv phát sáng gì nữa á nên thiệt là mong chờ quá đi thôi, ai đi thì lập kèo đi chung với mị luôn nhoaaa",0,0,0,5,0,0
"bãi biển cho du khách tắm, ở đây toàn những nhà hàng hải sản. chưa tới nơi đã có người giới thiệu dẫn đi tour ra đảo",3,0,0,0,0,0
"cửa hàng cần quản lý lại nhân viên và cách phục vụ. khi đưa lại thẻ cho khách phải đưa luôn bill và số bàn đầy đủ, không đưa 2-3 lần.",0,0,0,2,0,0
có nhiều cho chơi mới mình hay dẫn con mình qua đây chơi,5,0,0,0,0,0
"toàn bộ chăn, gối màu trắng nhìn sạch sẽ.",0,5,0,0,0,0
quán có không gian rộng rãi thiết kế thật thơ mộng và trang nhã phù hợp với mọi lứa tuổi đặc biệt là học sinh sinh viên... menu nước đa dạng phong phú với nhiều món nước lạ hấp dẫn đánh thức mọi giác quan khi các bạn đến vui chơi và thưởng thức đồ uống ở đây... quán cũng rất là dễ tìm gần các trường học và nằm ngay giữa trung tâm thành phố... cách phục vụ của các bạn nhân viên ở đây cực kì dễ thương và vui vẻ nhé... vậy thì các bạn còn không bỏ chút thời gian mà đến quán thưởng thức và sống ảo các kiểu nào...,0,0,0,5,0,0
nơi bán linh kiện điện tử uy tín trên toàn quốc cũng như o quy nhơn bình định. mọi người ghé xem nhé !!!,0,0,0,0,0,3
"không có cách âm, nên cải thiện",0,4,0,0,0,0
"shop tư vấn rất nhiệt tình, nhân viên rất hoà đồng, đủ đồ cho bé... mình rất hài lòng... mọi ng ghé shop nha... rất đủ đồ dành cho mẹ và bé... rẻ hơn mọi shop trên quy nhơn",0,0,0,0,0,5
"họ chỉ đặt menu vào bàn của bạn và bỏ đi, không có lời chào nào cả.",1,0,0,0,0,0
"mình ở quy nhơn 4 năm rồi... thỉnh thoảng lâu lâu có bạn vào hay thuê xe máy để đi chơi... mình cũng thử thuê ở nhiều chỗ khác nhau nhưng chỉ ưng ý mỗi chỗ của chú tính thôi. xe ga hay xe số cũng đều mới kít, động cơ ngon còn con hơn xe nhà nữa í, thích hợp với việc đi xa. nhiều lúc mình có xe nhưng vẫn thuê xe của chú để đi chơi xa cho phê.. bối rối bối rối bối rối à tiệm chú có sữa xe nên sau mỗi lần khách trả xe chú lại hay kiểm tra xem xe có bị gì để khắc phục sữa chữa, thành thử khách sau thuê xe,xe vẫn mới và ngon như thuở ban đầu... còn ủng hộ chú dài dài nếu có dịp ạ 🤗🤗",0,0,0,0,5,0
0,0,0,0,0,0,0
"một chuyến đi quá thất vọng: mua vé 19h xuất bến. nhưng nhà xe gọi có mặt 17 h lúc 16h 23p làm không kịp ăn uống trước, khi ra đón xe tói 18h50 phút mới có xe. xe chở dư 1 khách. chở hàng rất nhiều: trái cây ở long khánh ( 1h chờ lên trái cây) chạy tới hàm thuận ăn tối lúc 24h: quá đói vì không kịp ăn chiều, đồ ăn không thể tưởng tượng nổi( giống như đồ ăn xe tù 20 năm trước) phở : bánh phở + nước không sôi vài lát thịt không chín ... không tưởng tượng nổi xe tiếp tục hành trình tới 7h sáng mới dừng ăn sáng và đi tolet khi khách la ó vì mắc vệ sinh. ăn mì gói 40k khách tự trả, 12 trưa tới sông cầu ăn trưa khách tự trả. tới 13h30 tới phù mỹ xuống xe. hành trình kinh khủng: phong cách phụ vụ kiểu không cần khách. rất giận dữ. hi vọng trong đời không có chuyến xe lập lại. rất may chưa đặt vé vào xe này. số xe 51b- 29697 xe cty chơn mỹ thuê",0,0,0,0,1,0
"giá rẻ, tuy nhiên trong ngõ, hải sản loại 2 (nhỏ), không có không gian đẹp, phù hợp với một quán hải sản bình dân",0,0,0,4,0,0
"nhà hàng nằm gần khu du du lịch ghềnh ráng nên rất đông khách. không gian rộng rãi, có hai tầng, view nhìn ra biển rất đẹp. đi ăn tầm chiều tối là gió biển lên mát ruời rượi luôn. menu đa dạng, nhiều món cho khách lựa chọn.chuyên về các loại hải sản tươi sống, ngoài ra còn có một số món ăn chơi khác. chất lượng ổn, chế biến hợp vệ sinh. nhân viên phục vụ nhanh nhẹn, không phải đợi lâu. thích nhất là ăn lẩu hải sản, với cả tôm, cua hấp sả. giá cả có cao hơn so với mặt bằng chung",0,0,0,5,0,0
"là khách du lịch đến quy nhơn, zai yêu 4t đánh mất dép, khiến mình phải bế em suốt quãng đường đi dạo chơi và tìm được shop trên gg, sau 15 phút liên hệ shop đã có mặt giao hàng tận nơi, và còn nhiệt tình mang theo 2 mẫu để chọn, zai yêu nhà mình rất thích, đôi dép vừa xinh lại có đèn nhấp nháy sau mỗi bước đi, khiến hắn thích thú lắm, chuyến đi vui càng thêm ý nghĩ❤️ thanks shop nhiều💋💋💋",0,0,0,0,0,4
"phòng mới, sạch sẽ, rộng rãi, tủ, giường ốp gỗ đẹp, nền gạch men giả gỗ khá ổn.",0,5,0,0,0,0
"một trong những quán bún cá nổi tiếng nhất ở quy nhơn. có 2 chi nhánh đều nằm trên đường nguyễn huệ. không gian rất rộng, bàn ghế sạch sẽ, bài trí đẹp, chuyên phục vụ các đoàn khách du lịch. menu đa dạng, có bún riêu, bún chả cá, bún cá thu cá ngừ, bánh bèo, bánh cuốn, giá tương đối cao. 1 tô bún khá nhiều, nhìn rất hấp dẫn nhưng mình thấy chất lượng giảm nhiều so với hồi trước. nước lèo khá nhạt, chả hơi ngọt, ăn không đặc sắc lắm. nhân viên hay lơ khách, không nhiệt tình",0,0,0,2,0,0
"dịch vụ tuyệt vời, bảng hiệu dễ tìm, đúng giờ, xe sạch sẽ, cung cấp nước đóng chai. cảm thấy an toàn giữa những người lái xe điên cuồng trong thành phố này!",5,0,0,0,5,0
hàng hóa đa dạng phong phú. gửi xe miễn phí,0,0,0,0,0,4
"tôi cảm thấy dịch vụ của quý công ty phải nói rõ ràng , minh bạch tài chính . cước phí rẻ . tài xế lái xe kiêm hướng dẫn du lịch nhiệt tình , vui vẻ và làm việc có tâm .",0,0,0,0,4,0
"không gì tuyệt vời hơn khi có phương tiện giao thông cá nhân đang chờ bạn, lái xe về nhà an toàn, đáng tin cậy, đúng giờ và chuyên nghiệp!",0,0,0,0,5,0
rượu bầu đá nặng thật nhưng đầm dễ uống. hôm sau không bị đau đầu. đặt hàng sáng chiều có ngay.,0,0,0,4,0,0
"địa điểm đáng tin cậy để du khách mua đặc sản lưu niệm, bất ngờ vì giá rẻ hơn nhiều so với các quán lân cận mà lại ngon hơn. mực rim ở đây ngon quá mà rẻ hơn. lần sau sẽ mua tiếp.",0,0,0,0,0,5
đồ ăn tươi ngon. giá cả phù hợp không chặt chém. nhân viên nhanh nhẹn. phục vụ tốt,0,0,0,5,0,0
"chủ khách sạn không cho khách nhận phòng ngay mà dắt đi xem tùm lum và chê phòng khách đã đặt để khách đổi phòng khác giá cao hơn! phàn nàn khách đặt phòng từ booking.com nên khách sạn phải trả cho booking.com mất 30%. đòi phụ thu 30% vì tới lúc 10h30 dù đã báo trước và đã có xác nhận từ khách sạn, phải đòi qua khách sạn bên cạnh thuê thì mới không phụ thu nữa. nói chung tiếp đón khách quá kém, còn những lúc khác thì bình thường.",0,2,0,0,0,0
"một nơi rất đáng để nghỉ chân dành cho dân du lịch hạng trung. giá phòng cực kì mềm. phòng sạch sẽ, đầy đủ tiện nghi. đặc biệt là chú chủ khách sạn rất vui vẻ và hòa đồng. tận tình hướng dẫn, giúp đỡ.",0,5,0,0,0,0
"đây là những món mà gia đình mình đến quán ăn. món ăn ở đây rất ngon và hợp giá tiền,đồ ăn trang trí bắt mắt,các bạn đến đây hãy ăn thử món rong nho salad và lẫu sứa nước lèo nhé vì nó rất ngon yêu thích yêu thích không gian thoáng mát sach sẽ có xe đưa đón free tại flc và nhân viên phục vụ nhiệt tình dễ thương.có dịp sẽ quay lại quán nhé ❤️❤️❤️",0,0,5,5,5,0
"hồ bơi ngày mồng 5/12 nhân viên báo đang bảo trì, do đó không dùng được trong ngày lưu trú ở khách sạn.",0,2,0,0,0,0
"xe máy chạy rất tốt. nhân viên giao hàng motobiker nhiệt tình, đến tận nơi nhận motobiker. cho bạn 5 sao",0,0,0,0,5,0
"lọt top 5 ngọn hải đăng trên 100 tuổi nổi tiếng, hải đăng cù lao xanh sừng sững hiên ngang là biểu tượng đẹp cho tinh thần của người dân nơi đây quanh năm sống chung với sóng gió biển khơi. trải qua bao thăng trầm lịch sử hải đăng vẫn luôn sáng đèn giúp việc định vị của tàu thuyền đánh bắt trên biển bình định và khu vực biển lân cận của nam miền trung. vì vậy, ngọn hải đăng còn được gọi là đôi “mắt thần” của biển.",5,0,0,0,0,0
"""chợ đầy đủ mặt hàng, rộng thoáng. nơi mua sắm thường xuyên của em""",0,0,0,0,0,5
"đến quy nhơn khi cơn mưa vừa dứt, khí hậu mát mẻ. ghé mậu để cảm nhận cơm nhà. quán bắt mắt, dễ tìm, lối decor riêng kiểu bao cấp, gần gũi. quán sạch sẽ, món ăn nấu ngon, đậm, ấn tượng nhất là món mực muối rang thịt ba chỉ, rất đưa cơm. món này mà mùa đông ở mb thì tốn cơm phải biết. về phục vụ: khá nhanh nhẹn, lễ phép, nhiệt tình và dễ chịu. đến quy nhơn, sau những ngày vi vu, thưởng thức hải sản thì cơm mậu chắc chắn là một địa chỉ tuyệt vời chắc chắn sẽ đến mậu nếu quay lại quy nhơn.",0,0,0,5,0,0
"bãi tắm sạch, tuy nhiên các ghềnh đá khá nguy hiểm. mọi người cẩn thận khi đến đây",4,0,0,0,0,0
dễ dàng tổ chức và tìm kiếm. tôi cảm thấy an toàn. xe thoải mái. có nước. lái xe dễ chịu - đi thẳng đến khách sạn. tất cả đều tốt,0,0,0,0,5,0
"máy lạnh cũ nên không điều chỉnh được nhiệt độ, hơi nóng",0,2,0,0,0,0
"rất đáng tham quan. các mô hình khoa học rất thú vị, trực quan, phù hợp cho cả người lớn và trẻ em. anh chị hướng dẫn nhiệt tình, vui vẻ. mọi người gọi điện trước để đặt/hỏi lịch nhé.",5,0,0,0,0,0
du lịch bụi nên mình tiết kiệm được bao nhiêu thì tiết kiệm thôi. phải nói chắc chắn rằng mình sẽ quay lại quy nhơn và tiếp tục ủng hộ a bảo,0,0,0,0,4,0
"bạn toàn làm việc rất có tâm. tour rất ổn. chủ nhà chu đáo, nhiệt tình, hiếu khách. đặc biệt bạn dẫn tour rất dễ thương, nhiệt tình. chi phí quá rẻ so với quy định. với mình, đi là để trải nghiệm cuộc sống, trải nghiệm cảm giác của người dân địa phương. trên đảo thì tất nhiên là cơ sở vật chất không thể so với trên đất liền được. nhưng bù lại, cảm giác an nhiên và hòa mình vào thiên nhiên thì không nơi nào mang lại đựơc trọn vẹn như cù lao xanh. nếu đựơc quay lại, nhất định vẫn tin tưởng và lựa chọn nơi này. điểm 9 cho chất lượng.",4,0,0,0,0,0
vị trí đẹp. nhân viên thân thiện nhiệt tình. gần khu vực ăn uống,0,4,0,0,0,0
"giá vé xem phim khá rẻ, phòng chiếu rộng rãi, hiện đại, trải nghiệm xem phim không có gì phải chê",5,0,0,0,0,0
"quán nhỏ, ấm cúng, món ngon bình dân",0,0,0,5,0,0
"hôm nay ghé tinh hoa mua rau câu ăn , nhiều loại quá không biết chọn sao luôn , và sau một hồi lựa qua lựa lại mình chọn 1 hộp rau câu sữa bắp màu xanh xanh . giá một miếng là 3k có bán từng miếng và mình mua 1 hộp 10 miếng 30k . một miếng khá to , 2 đứa ăn 10 miếng muốn ná thở luôn . rau câu được bảo quản lạnh nên ăn mát mát , theo mình thì hơi ngọt nên ăn hơi nhanh ngán đó là điểm trừ duy nhất . vì rau cau giòn , thơm mùi sữa bắp , cà phê . sẵn mua cái bánh bông lan trứng muối nữa nhưng không thích lắm vì cốt bánh không chắc , và mắc . vậy nên khuyên các bạn nên ăn thử rau câu ở đây nha ^^",0,0,0,5,0,5
"mình đi 2 nguời ăn nghêu hấp sả, bạch tuộc, hàu, cháo ghẹ. mình và bạn đều thấy ngon, hải sản tươi, giá rất rẻ nữa. mình thích nhất món nghêu vị rất đậm đà nè. nhân viên cực kỳ vui vẻ và dễ thương luôn. có dịp mình sẽ quay lại thưởng thức tiếp!",0,0,0,5,0,0
"công viên thoáng mát dọc theo bờ biển, thích hợp cho du khách đi dạo và đưa trẻ đến vào những buổi chiều. vì ngoài không gian đẹp và thơ mộng còn có các trò vui chơi giải trí cho các bé",5,0,0,0,0,0
"tôi đã đặt chỗ có xác nhận qua điện thoại đã có nhưng sau đó được thông báo (4 ngày trước khi khởi hành) bởi sao limousine họ từ chối chở người nước ngoài vì họ sợ người nước ngoài có nguy cơ cao mắc bệnh covi 19, thậm chí tôi đã nói với họ rằng tôi đã làm việc ở việt nam được 3 năm đã sẵn sàng.",0,0,0,0,3,0
"phòng đẹp, view đẹp. nhân viên thân thiệt, nhiệt tình",0,5,0,0,0,0
nếu các bạn đi du lịch quy nhơn thì lên đến nơi này,5,5,5,5,0,5
"vị trí trung tâm. ẩm thực phong phú , phòng có ban công trực diện biển, đẹp nhân viên dễ thương, nhà hàng trên tầng 18 rất chill có dịp sẽ quay lại. rất hài lòng khi lưu trú tại đây sẽ giới thiệu bạn bè đến nơi này",0,5,0,5,0,0
"chợ đủ thể loại, hải sản cũng ngon, vệ sinh sạch hơn các chợ khác như khu 6, ...",0,0,0,0,0,5
cá nhân mình thấy phòng hơi thiếu sáng,0,3,0,0,0,0
"quá tệ, đặt vé số giường cũng như không, khách ưng ngồi ghế nào ngôi",0,0,0,0,1,0
"mình đến vào trưa mùng 6 tết nhâm dần. chưa có ghẹ. chưa có càng cúm. tôm hấp dĩa 180k khá ngon. ốc tỏi dĩa 90k khá ngon. ốc len xào dừa 80k 1 tô, nhiều nhưng khá nhạt (mình khẩu vị miền nam). gỏi sứa tươi nhưng cũng nhạt không đủ chua đủ ngọt). quán không gian như một quán gia đình nhỏ. khu vực này mình thấy toàn như vậy.",0,0,0,5,0,0
"nhà hàng toát lên vẻ đẹp mộc mạc của châu âu, đặc biệt là trong những tháng lạnh hơn. thức ăn được lấy cảm hứng từ pháp với sự biến tấu địa phương của việt nam. nhưng việc lạm dụng bột ngọt trong bữa ăn khiến chúng tôi rất đau đầu và cho rằng chúng tôi sẽ không bao giờ đặt chân đến nhà hàng này nữa. đồ ăn và dịch vụ ở duong tốt hơn rất nhiều.",0,0,2,2,0,0
"có rặn san hô đẹp, nước biển trong xanh, ngồi thuyền bè thưởng thức đồ biển rất tuyệt, giá ra hòn khô cũng vừa pải với một nơi du lích. có điều là phòng thay đồ rất ít và không có nước ngọt tắm lại",5,3,0,0,0,0
"địa điểm đẹp, không khí tốt, thức ăn ngon, vài giờ chúng tôi ở đó, uống bia và ăn một số món ăn ngon",0,0,0,5,0,0
tôi không hiểu nhân viên ở quy nhơn kiểu gì khách hàng vào thấy cũng làm ngơ chẳn ai chào hỏi tiếp đón không bằng thế giới di động. để khách đợi chờ không ai tới hỏi. chỉ mạnh ai nấy làm việc. thật tệ cho các nhân viên ở nguyenkim quy nhơn,0,0,0,0,0,2
"món này mình ăn ở nhiều nơi r. nhưng ở qn hình như chỉ có 1 chỗ ở diên hồng và chỗ này bán. đúng như tên gọi, chủ đạo món bánh canh này chính là “cá dầm”, trong 1 tô bánh canh sẽ có 2 thứ chính, đó là sợi bánh canh do chủ quán tự làm, sợi nhỏ, dai nhẹ, không hề bở; thứ hai đó là thịt cá đã được bóc ra, không hề có xương nha mọi người ngoài ra, trong tô còn có chả cá thái lát, chả viên và trứng cút. đặc biệt là 1 tô nhiều thứ, vừa bụng như vậy nhưng chỉ 15k thôi nha.",0,0,0,5,0,0
"diện tích rộng, đa dạng cây cối thực vật hoa cỏ,... đa dạng các thể loại trò chơi cho thiếu nhi như đu quay lớn, tàu lượn siêu tốc, câu cá, xe điện đụng,đu quay ngựa,... giá cả phải chăng",5,0,0,0,0,0
"chú cho thuê xe cực kì dễ thương, xe mới mà giá cả vô cùng hợp lý. khi cần sẽ đặt thuê xe của chú lần nữa.",0,0,0,0,5,0
"giao thông thuận tiện, tôi đậu chiếc xe đạp gần đó trong bãi đậu xe và ngồi trên chiếc xe kỳ diệu này của công nghệ liên xô. chúng tôi đi bộ 1,5 giờ đến vũng tàu (mặc dù đã khai báo một giờ) và quay lại cùng giờ. máy lạnh hoạt động tốt, không may ghế không ngả được như trên máy bay. đi xe nhẹ nhàng, êm ái, liên lạc di động hoạt động gần như dọc theo toàn bộ tuyến đường.",0,0,0,0,4,0
trời mát ngồi ngoài trời ở refinery thật sự chill. ở đây không quá đông. món pháp thì phải nói là ngon tới bất ngờ. kiểu là làm gia vị và thịt ngon lắm ấy. xong uống chút vang nữa.,5,0,0,5,0,0
"thủ tục thuê đơn giản, nhanh chóng. xe rửa sạch sẽ trước khi giao. vô cùng chu đáo, sẽ tiếp tục thuê vào lần sau",0,0,0,0,5,0
"đẹp, sạch sẻ ,vị trí đắc địa rất tiếc chưa khai thác hết tiềm năng",0,4,0,0,0,0
"vị trí tiện lợi, gần các khu ăn uống vui chơi.",0,4,0,0,0,0
"không có nhà hàng hải sản số 2 trên tripadvisor, đi taxi về đây ăn tối tối qua! oder hai hàu nấu ăn bằng tỏi, đây là một trong số đó, (hình 1) nghĩ rằng màu sắc là màu xanh lá cây, yêu cầu các nhân viên, họ nói không có vấn đề! khoảng 2 giờ sáng, cơn đau không chịu nổi của tôi, khoảng 3 giờ sáng - 4 giờ sáng, tôi bị nôn và tiêu chảy ít hơn 7 lần trong 1 giờ, cơ thể cảm thấy lạnh và nóng. . không thể tưởng tượng được những gì tôi đã trải qua đêm qua! phải gọi taxi đến bệnh viện lúc 4:30 sáng! ! ! cái quái gì thế ! một con hàu tiêu diệt tất cả kỳ nghỉ của tôi, ngay bây giờ, chính xác 1: 04 giờ chiều tôi vẫn đang ở trong bệnh viện được điều trị! ! ! hy vọng nhà hàng cho tôi câu trả lời! ! !",0,0,1,0,0,0
thiếu giá treo quần áo nên đồ đang dùng không có chỗ treo móc,0,2,0,0,0,0
"nhân viên bảo vệ ảo tưởng sức mạnh nghĩ khách hàng thích mình rồi lại nháy mắt đưa tình các kiểu ""sao 2 em chạy vậy,bộ say anh hả"" nhân viên thật là ải chỉa:)) đừng để tui gặp lại nữa tui mà gặp nữa tui ỉa pẹc pẹc banh cái siêu thị =))))😏pủm pủm ỉa tám đống 💩💩💩💩💩💩💩",0,0,0,0,0,1
"sau khi check out có thể gửi hành lý để tiếp tục chụp hình,đi ngắm hoa và sử dụng các dịch vụ trong lúc chờ tới giờ ra sân bay",0,4,0,0,0,0
vị trí gần biển nhưng do khách sạn nằm trong ngõ nên view biển căn góc không thực sự đẹp như trong hình,0,2,0,0,0,0
khách sạn 3 sao nhưng với em đây là 5 sao . quả thật nhân viên ok tận tân tốt tính nhiệt tình . đặc biệt em cám ơn anh thanh lễ tân vì những câu chuyện ở sài gòn và hi vọng em sẽ được gặp anh tại nơi anh coi là quê hương thứ 2 .,0,5,0,0,0,0
siêu thị big c... bán đủ đồ.. người làm việc.. đuổi hết là vừa.. mất lịch sự.. làm việc không tận tình.. khách hàng là.. rác.. sẽ không bao giờ trở lại...,0,0,0,0,0,1
"cảnh giác với nhân viên quán đội lốt hướng dẫn viên. với giá 450k/tour , họ chỉ mua vé giúp và dẫn đến quán cơm họ thôi. nên tự túc đến kì co mà không thông qua họ, đi kì co rất dễ dàng.",0,0,0,0,0,0
"quán này ở ngay ngã tư trần phú nên dễ tìm. giá cả hợp lí, tết phụ thu có 8k/ly thôi, có cả bán bánh ngọt kèm theo mà mình chưa thử. chiều mình đi cũng đông mad buổi tối thì khách đông lắm. không gian khá rộng, nhiều tầng, nhiều góc dễ thương thích hợp để sống ảo . hôm mình đi có cây đào nhìn đẹp lắm mà không có chỗ chụp. nước uống không ngon mấy, nhất là latte tiramisu, ngọt lắm luôn. nhân viên thân thiện, khá nhiệt tình.",0,0,0,3,0,0
"quán trang trí cực dễ thương luôn. tông vàng chủ đạo. kem có rất nhiều vị cho thực khách lựa chọn. mình thấy kem chuối và socola khá ngon. lần gần đây nhất mình quay lại quán có ra thêm mấy vị kem mới, khá là tuyệt. nhân viên khá thân thiện, tư vấn mỗi loại như thế nào. còn có rất nhiều đồ ăn kèm khác như socola chip, bánh gấu, thạch....ăn kèm với kem là hết sảy các món bánh ăn kèm ở đây cũng rất ngon. kêu mỗi thứ một loại là cả bọn có thể ăn no nê. một quán kem rất đáng thử cho những ai muốn du lịch đến thành phố quy nhơn.",0,0,0,5,0,0
"nhân viên quầy làm thủ tục không biết đọc tờ giấy f0, làm khó dễ khách hàng",0,0,0,0,2,0
"hôm nay viết rv cho quán mà thấy thèm ăn quá tốt tốt nhất định tối nay phải đi ăn mới được . quán bán ở vỉa hè , nhỏ nhắn , bàn ghế bé bé xinh xinh . không gian mát mẻ và nhìn chung sạch sẽ . menu không nhiều món lắm nhưng món nào cũng ngon . giá cả rẻ tầm 15k trở lên . nhân viên phục vụ món ra hơi chậm , đợi lâu . nhưng đợi để được ăn ngon thì cũng đáng ☺️☺️ luôn ủng hộ quán",0,0,0,4,0,0
"biết được quan này qua foodyquynhon, lâu lâu về bình định nên ghé uống thử. đầu tiên là không gian quán khá là oke, mình rất thích bàn ghế sắt bên ngoài, nhìn đẹp và dễ thương sao í!! ^.^"" mình vào bên trong và chọn ngồi trên ghế nệm. không gian bên trong khá oke chỉ có lúc order đợi hơi lâu. mình vào lúc vắng khách nhưng nhân viên không biết làm gì một lúc sau mới cho mình order r lại đợi cả quãn thời gian làm đồ uống. chắc tại mình vội nên mình hơi không hài lòng lắm về khoảng này. nhưng đồ uống ngon. giá cũng vừa phải!!! nói chung sẽ còn quay lại !!!",0,0,0,4,0,0
nơi tuyệt đẹp để ngắm thành phố quy nhơn nhất là chiều tối,5,0,0,0,0,0
"khách sạn sạch sẽ, giá cả phù hợp với một thành phố du lịch biển đang rất hot hiện tại. sân thượng của khách sạn có thể ngắm bình minh và hoàng hôn rất đẹp. sáng mình chỉ mất 5 phút là có thể ra được tới biển, tối thì đi bộ 3 phút tới quán acoustic dành cho khách tây cũng thú vị. chủ khách sạn còn rất nhiệt tình chỉ chỗ ăn uống, vui chơi tại quy nhơn. có dịp quay lại mình cũng sẽ ghé nơi này và giới thiệu bạn bè",0,5,0,0,0,0
bán rất nhiều đồ đặc sản kg chỉ của bình định mà cả các tỉnh khác.,0,0,0,0,0,5
"khách sạn mới, sạch sẽ, ở vị trí thuận lợi. nhân viên lễ tân và phục rất nhiệt tình. mình rất thích cách trang trí phòng, đẹp mắt, đầy đủ tiện nghi.",0,5,0,0,0,0
"không có chổ để xe hơi, cấm hút thuốc trong phòng, máy lạnh không mát",0,2,0,0,0,0
lựa chọn rẻ nhất từ ​​sân bay về trung tâm thành phố / bến thành. chỉ 5k vnđ.,0,0,0,0,0,0
tổng thể rất kém! nhà hàng yên tĩnh bẩn thỉu và đồ ăn chỉ ở mức trung bình. tôi sẽ không quay lại đâu. con lợn đói là lựa chọn tốt hơn cho bữa sáng kiểu anh ngon miệng !!,0,0,1,0,0,0
"mình rất thích cách phục vụ ở nhà hàng hoàng thao, sạch sẽ, thoáng mát và phục vụ nhanh, đồ ăn tươi ngon mà giá lại mềm nữa.",0,0,5,5,0,0
"lễ tân phục vụ nhiệt tình, phòng sạch sẽ, thoáng mát, gần trung tâm và quầy thuốc tây nên rất tiện cho khách khi cần.",0,5,0,0,0,0
"quán có không gian rộng rãi và thoáng mát mà không có trang trí gì nhiều, quán bán rất nhiều đồ ăn vặt ngon và rẻ, có cả điểm tâm nữa nhé... nên bạn có thể dùng điểm tâm ngay tại quán mà không phải đi chi xa, quán có rất nhiều món ngon và đồ uống cực kì đặc biệt mà không có quán nào có được, giá cả hợp túi tiền các bạn học sinh sinh viên, nằm ở số 29 đường nguyễn nhạc là nơi tập trung các bạn sinh viên sinh sống ở đây nên cũng là 1 cái lợi cho quán... các bạn mau mau tới ủng hộ đặc biệt là chị chủ ở đây dễ thương cực luôn nha...",0,0,0,5,0,0
"người lái xe đã đúng giờ. rất hiệu quả và xe còn mới, đẹp và sạch sẽ. sẽ giới thiệu dịch vụ này cho gia đình và bạn bè của tôi",0,0,0,0,5,0
"chuyến thăm chợ buổi sáng rất ổn và người hướng dẫn, trong khi rất thân thiện và dễ mến, chỉ đưa chúng tôi đi quanh chợ và chỉ ra những thứ như ""đó là thì là, đó là cam địa phương, đó là sản phẩm hữu cơ, đó là chuột nướng"". chuyến đi đến ngôi làng của người hmong cũng ở mức trung bình, nhưng bạn có khá nhiều túi, ví và những thứ bạn có thể mua từ ngôi làng địa phương với những đứa trẻ trang điểm bán chúng. tôi không nghĩ rằng dân làng thực sự sống ở đó. chúng tôi bỏ qua ngôi làng thứ 2 vì nó sẽ là một nhà máy chưng cất rượu whisky. thác nước kuang si rất đẹp, nhưng thành thật mà nói bạn có thể đi mà không cần hướng dẫn viên vì nó khá đơn giản và có biển chỉ dẫn. khu bảo tồn gấu cũng nằm trong thác. ăn trưa ở một nhà hàng địa phương bên ngoài thác khá tốt; chúng tôi đã đặt các món ăn theo ý thích của chúng tôi, và đồ uống được tính phí riêng. đó là một trải nghiệm tốt, chỉ không chắc liệu nó có đáng giá 170 usd cho 2 người cho một chuyến du lịch riêng hay không. nếu tôi muốn làm điều đó một lần nữa, tôi chỉ thuê một tài xế riêng, đi chợ buổi sáng nếu bạn thấy hứng thú và đi thẳng đến thác nước.",5,0,0,0,0,0
từ nhân viên đến bạn quản lý ai đều rất thân thiện. phòng ốc sạch sẽ xứng đáng với số tiền bỏ ra. sẽ giới thiệu bạn bè đến nơi này nghỉ dưỡng,0,4,0,0,0,0
"thật ra quán này rất nổi tiếng,nhưng mỗi năm mình chỉ dám đến một lần,vì giá cả hơi đắt,nên chỉ dành cho khách du lịch với có lẽ người thuộc tầm trung trở lên, quán đầu tư trang trí và view rất nhiều, buổi tối là không gian lung linh hết cả một góc trời,vô cùng rộng vì nó trải dài theo bờ biển quy nhơn thích hợp để hẹn hò thì lãng mạn không tả nổi luôn, không ngồi một lần thì cũng hơi phí thanh xuân, nước uống thì bình thường như những quán khác,không có gì đặc biệt, đồ uống cũng trang trí không có đẹp mắt.",0,0,0,4,0,0
"ăn cả kim đình cả ý na, và đưa ra kết luận là ý na ngon hơn nhé các bạn (trên đg phan bội châu). quả ở kim đình không được đều, thỉnh thoảng trộn lẫn quả dập với không chín vô ^^ trong này sinh tố nhưng ăn kiểu giống hoa quả dầm hơn là sinh tố, dầm sữa đặc, muốn ăn quả gì thì gọi. rẻ hơn ngoài hà nội (dĩ nhiên) hehe",0,0,0,5,0,0
"lần trước di thấy ok nhưng lần đến qui nhơn ghé lần nữa thì thất vọng hẳn - nhân viên phịc vụ chậm chạp , kêu món ăn xong dọn được vài món thì ngưng luôn , để ngồi ngó nhau chơi, nhắc hai ba lần mới bưng tiếp lên 1 món rồi lại ngưng - thắc mắc thì trả treo, nói 1 tiếng cãi 1 tiếng ( nhân viên nam tròn tròn ) - bực bội gì đâu - thái dfooj phục vụ như vậy thì chả bao giờ ghé nữa",0,0,0,1,0,0
"tôi sẽ quay lại nơi này. một nơi nghỉ dưỡng yên tĩnh, bãi biển rất đẹp và sạch sẽ, nhân viên phục vụ thân thiện, lần sau quay lại tôi sẽ sử dụng dịch vụ spa. ăn sáng chưa phong phú lắm, tôi thích món bún cá buổi sáng ở đây.",5,5,0,4,0,0
khách sạn sạch sẽ . vị trí gând trung tâm đi lại tiện lợi . chỗ đậu xe thoải mái,0,5,0,0,0,0
"khách tới hỏi mua máy mà không ai đến chăm sóc. dịch vụ quá tệ mà lấy tiền khách nhanh nhưng giao hàng mất hơn 1 ngày, trong khi đó bán kính chỏ có 7km",0,0,0,0,0,2
"khách sạn có thể thuê gọi xe luôn cho mình, tuy nhiên xe hơi cũ, chạy hơi lọc xọc.",0,2,0,0,2,0
"nếu bạn đang chênh vênh không biết quy nhơn chiều mưa như thế này thì phải tìm kiếm quán nào để núp thì yên tâm nhé. hãy thử ghé tp66 xem như thế nào, mình đi dạo lòng vòng thf bắt gặp quán này. nói chung quán rất zê thương đặc biệt mưa mưa tối tối như thế này chụp cửa kính thì max ảo lun nè :))) quán khá rộng có nhiều view đẹp, nước ở đây khá ngon và rất hợp túi tiền của các bạn sinh viên! theo mình nghỉ thì đây khá hợp lý cho những bạn cần không gian học và sống ảo!",0,0,0,4,0,0
"hải sản tươi ngon, giá cả thì phải chăng. đi một lần về cứ muốn hẹn bạn trở lại thêm lần nữa.",0,0,0,5,0,0
"nhà thờ mằng lăng nằm cách thành phố tuy hòa, phú yên khoảng 35km về phía bắc và là một trong những nhà thờ lâu đời nhất ở phú yên nói riêng và việt nam nói chung. điểm nổi bật nhất nhà thờ chính là lối kiến trúc gothic đặc sắc đã có từ cách đây khoảng 1200 năm trước công nguyên. - vào cổng miễn phí - gửi xe gần tiệm bán nước kế bên free nhé",5,0,0,0,0,0
"hoa hoa chỉ ngon và mát khi về đêm, ban ngày thì không mát cho lắm vì thời tiết dạo này nắng đỏ lửa. lẫu sứa, mực cơm chiên và 1 ít món khác, nếu bạn không phải khó tính thì sẽ ăn được và ngon, cảm nhận theo tôi là vậy. nhưng giá nơi này không rẻ vì thế mới gọi là 1 trong những quán ngon và mắc, nên đi đông khi tới nơi này dễ chia tiền hơn . haha. à mà nhân tiện ai hay uống bia thì phcu5 vụ chua đáo lắm, có khi chia bia hết lúc nào không hay, hãy nói nhỏ phcu5 vụ để mình tự rót là được",0,0,0,5,0,0
"anh tư vấn rất nhiệt tình và kỹ lưỡng, còn kêu gọi mình cần gì cứ nhắn tin qua fb hoặc zalo cho anh, anh sẽ hổ trợ bất cứ thông tin gì mình cần. nhiệt tình quá xá.",0,0,0,0,5,0
đó là một nơi bị bỏ hoang nằm trên một bãi biển rất rất rất bẩn! thật buồn làm sao nó bẩn thỉu ..,2,0,0,0,0,0
"chắc đây là quán cafe lớn nhất quy nhơn rồi vì nghe bảo chi phí đầu tư đến cả triệu đô vui vẻ quán thiết kế như một cái biệt thự hoành tráng, có đến 3 mặt tiền đường lớn. quán có nhiều khu khác nhau: khu ngồi ngoài, khu máy lạnh, khu sân vườn ngắm cá. theo mình thấy khu vườn ngắm cá là đẹp nhất và độc đáo nhất. tới quán thì nên ngồi bên ngoài sẽ thoáng mát hơn ngồi trong phòng máy lạnh, vì mình thấy phòng máy lạnh bàn ghế san sát lại đông đúc ồn ào mất tính riêng tư. đúng như cái tên "" the green"" nên đi đâu cũng thấy xanh xanh, tươi mát 😎 menu cũng đa dạng như những quán cafe khác. nhân viên phục vụ khá ổn.",0,0,0,4,0,0
"quán đông, khách chờ dài cổ, phục vụ thì cũng nhiều người nhưng không phát huy được nhân lực. món ruột của quán là cơm gà nhưng theo mình thì cũng không ngon lắm. có khi thịt gà khô hoặc bở! không quay lại nữa!",0,0,0,2,0,0
"vì vậy, việc thông quan được chứng minh là mất nhiều thời gian hơn so với dự kiến. tôi nghĩ tài xế sẽ rời đi và tôi sẽ cần một chiếc taxi, nhưng thật bất ngờ, người tài xế đang đợi tôi. tốt thôi!",0,0,0,0,5,0
"bánh su choux thì quá nổi tiếng rồi, hồi ở đn mình thích nhất ăn ở chewy, về qn may quá có bingo cứu vớt cho cái sự thèm ngọt của mình. bánh trang trí quá yêu, su dai, mới ra lò thì vỏ sẽ hơi giòn. nhân kem thơm thơm béo mịn. làm set sinh nhật thì quá là okela. ngoài ra thì quán còn có nhìu nhìu loại bánh khác nữa như crepe, mousse, cupcake..",0,0,0,5,0,0
"cùng một thực đơn cũ, giá vẫn quá cao, may mắn là chúng tôi đã chọn từ sự lựa chọn nhỏ trong giờ hạnh phúc của họ.",0,0,0,0,0,0
"hoàn toàn hài lòng! nhà mình trải nghiệm quy nhơn 6 ngày nên đăng ký khách sạn flora qua traveloka. các bạn tiếp tân rất dễ thương và chuyên nghiệp đã tự đề nghị upgrade phòng cho nhà mình do là mùa thấp điểm du lịch. các bữa ăn buffet ngon với hai em phục vụ rất hiếu khách. phòng ốc còn mới và rộng, view biển nên rất đẹp. khách sạn thoáng do thiết kế có cửa thoáng trước và sau nhà.từ khách sạn ra bãi tắm quy nhơn tầm khoảng 150 mét, rất tiện lợi, bãi biển sạch và đẹp. một nơi đáng để nghỉ dưỡng!",0,5,0,5,0,0
"thức ăn trung bình. vị trí khó tìm, không chỗ đậu xe. nhân viên phục vụ ...trung bình",0,0,0,2,0,0
"view đẹp, nhân viên tuy không tiếp xúc nhưng tư vân rất tận tình qua zalo, đt. hoàng hôn nhìn từ khách sạn rất đẹp",0,5,0,0,0,0
"jw marriott đa phần có dịch vụ tốt. không phải tất cả mọi nhân viên đều ok, nhưng phần lớn những người mình gặp đều rất nhiệt tình và chân thành.",0,5,0,0,0,0
"với tiêu chí đem đến những chiếc bánh trung thu đảm bảo vệ sinh, không chứa chất bảo quản và an toàn cho sức khỏe, like làm ra những chiếc bánh không chỉ bắt mắt mà còn rất nhiều hương vị độc đáo không phải bánh hàng hiệu nào cũng có. nghiện bánh của like lâu rồi vì rất nhiều loại phong phú, thậm chí nhiều tiệm cafe, trà sữa của quy nhơn cũng nhập bánh bên like về bán.",0,0,0,5,0,0
"quán này ngon lắm nè! ăn là nghiện luôn. mình tới hay ăn lagu với bm chấm,ngon hết sảy con bà bảy! quán cũng gần trung tâm nên đi lại thuận lợi,sạch sẽ mà ăn ngon nên mình rất thích,giá cả phải chăng nữa. ai chưa thử thì nên tới thử,bảo đảm không làm bạn thất vọng đâu tốt 🏻 tốt 🏻 tốt 🏻 tốt 🏻",0,0,0,5,0,0
"thái độ nhân viên rất chán, đồ uống thì như nước lã, giá lại đắt không xứng đáng với ly nước gì cả, kiểu kinh doanh chỉ có cái view khách vào check in thôi thì cũng không khá được",0,0,0,2,0,0
"khác sạn ở vị trí thuận tiện, ngay gần bãi biển, đi khoảng 5 phút là ra đến biển, gần sailing club, vincom mall.",0,0,0,0,0,0
"ừ sài gòn bay về quy nhơn chơi, được bạn bè dẫn đi quán này, view khá ổn, đồ ăn nhiều nhưng giá cực phải chăng ( so với sài gòn ) khoảng 1/2 thôi, đồ ăn bưng lên cũng nhanh, chất lượng khỏi phải bàn có điều nhân viên hơi lớ ngớ khoảng phục vụ nước, mình phải gọi 3 lần",0,0,0,4,0,0
"quán nấu ăn khá vừa ý mình. món nào cũng ngon, tôm tươi, ghẹ nhỏ mà rất chắt thịt. giá bình dân, phục vụ rất nhanh. đợt sau về quy nhơn sẽ ghé quán nghĩa ghẹ tiếp.",0,0,0,5,0,0
"các bạn đi du lịch nên mua hải sản ở đây, nơi đây tập trung đủ loại hải sản tươi ngon với giá cả phải chăng",0,0,0,5,0,0
"ấn tượng đầu tiên là nhân viên cực kì nhiệt tình dễ thương, quán đông nhưng các bạn vẫn tươi cười với khách, lăn xăn chạy ngược chạy xuôi. còn món ăn ở đây thì không có gì để chê rồi, rất vừa khẩu vị với mình. chắc chắc có dịp sẽ ghé lại nhiều lần nữa.",0,0,0,5,0,0
"địa điểm thuận tiện, nhân viên thân thiện, nhiệt tình",0,5,0,0,0,0
bể bơi hơi bé so với mình hy vọng,2,0,0,0,0,0
hơi xa thành phố đối diện là điểm thu mua phế liệu nhìn chưa mỹ quan,0,2,0,0,0,0
giá vé 150k/người. bạn có thể đi xe máy hoặc xe hơi đến đây. giữa lưng chừng núi sẽ có bãi đậu xe. bạn gửi xe tại đây và xếp hàng đi xe điện xuống núi và đến bãi biển kỳ co - dưới núi là khu resort với đầy đủ dịch vụ lưu trú và ăn uống - resort trang trí rất đẹp. có rất nhiều góc sống ảo tại bãi biển cho các bạn thích chụp hình - nước biển trong xanh - lưu ý là sóng biển rất mạnh. để ý kỹ trẻ nhỏ khi trẻ tắm biển - trên đường lên dốc để đến bãi gửi xe. có rất nhiều gốc chụp hình biển đẹp và chong chóng điện gió - gió rất mạnh và nắng gắt - cảnh đẹp là nơi nên đến tham quan,4,5,0,0,0,0
"1 năm không về, thấy sân bay đẹp và sạch sẽ hẳn, rất tự hào về quê hương yêu dấu",0,0,0,0,4,0
"ăn gia vỹ xong mới thấy bánh xèo tôm nhảy thật sự ngon. bột đổ bánh xèo nhiều nè, bánh xèo giòn giòn, nước chấm xuất sắc hơn bên anh vũ. bên đây chỉ có bánh xèo tôm và bò, không có mực như bên anh vũ. nước mắm không có cay, kiểu chua chua ngọt ngọt á. nước mắm làm cho cái bánh xèo bớt ngấy dầu đi. không gian cũng khá là thoải mái. gửi xe trước quán luôn nha. cô chú bán vui vẻ, nhiệt tình. giá cả thì 26k/1 cái. đến quy nhơn phải đến đây thử bánh xèo tôm nhảy ở đây",0,0,0,5,0,0
"nhân viên phục vụ rất nhiệt tình, vui vẻ và lễ phép",0,0,5,0,0,0
"mình mua 1 bịch lạp xưởng ăn sạn không, cục nào cũng sạn và bị thối , đã đem trả lại siêu thị , họ đã trả lại tiền . mong big c kiểm soát chất lượng hàng hóa hơn",0,0,0,0,0,1
"địa điểm tiện đi lại, nhận phòng gửi đồ không tiếp xúc rất an toàn, mùa dịch vc mình thích nhất chỗ này",0,0,0,0,4,0
"quán ngay biển, thoáng nhưng không hiểu sao đợt mình ngồi đây lại không có chút gió biển nào nước uống bình thường trang trí đẹp, lung linh",0,0,0,3,0,0
chú chủ khách sạn và nhân viên siêu dễ thương,0,4,0,0,0,0
"nhân viên phục vụ nhiệt tình, khách sạn yên tĩnh và gần bờ biển",0,5,0,0,0,0
"qui nhơn có quán bánh hỏi ni cũng nổi . giá 30k/ phần . quán cực đông luôn , đi tầm 9g 10 giờ có hồi phải đứng chờ đợi có bàn vậy á . điểm đặc biệt ở đây là lòng khi khách gọi mới cắt lên giữ được độ tươi và mộng nước của lòng , mấy nơi khác cắt sẵn để lâu hay bị khô á . rắc lên trên là bánh mì chiên nè , ai thích thì gọi thêm vẫn không tính tiền . cháo ngon , lỏng nhưng đậm đà , gọi thêm cháo cũng không tính tiền nhé . rau ăn kèm nhiều , sạch sẽ",0,0,0,5,0,0
"đây là một điểm ăn vặt lý tưởng. quán nằm gần sát biển, đối diện với công viên .. buổi tối quán có để một vài bàn phía bên công viẻn này nên mình chọn ngồi ở đây. thoáng mát hơn hẳn nhưng hơi tối một tẹo. đúng như tên gọi, bánh bèo ở đây lúc đem ra còn nóng hổi luôn. bánh bèo nhỏ, bột hơi dày. ăn với nhân tôm khô chấy. bên trên có rải thêm ít bánh mì chiên giòn. nhìn chung ăn khá ngon. một dĩa 12k, chưa bao gồm nem chả.",0,0,0,5,0,0
"gần biển nên chỉ cần mở cửa sổ là đón bình minh được, địa điểm rất ok",0,4,0,0,0,0
"🔆 review quy nhơn - phú yên 4 ngày 3 đêm 🔆 - update phần 2 nghe đồn quy nhơn đẹp lắm, đồ ăn ngon mà rẻ lắm. đính chính là tin đồn là đúng thiệt nha. xách balo lên đi thôi 💙 ❌ mình book lang homestay quy nhon 1 phòng to 350k/1 ngày, 3 ngày 1050k. ngày cuối cùng 12g là phải trả phòng nhưng mình ở thêm đến 4g mới trả chị chủ chỉ phụ phí thêm 50k thôi. cực thích ở đây do đến sớm hơn dự định 7g sáng đã có mặt ở quy nhơn, chị gọi chổ cho thuê xe máy quy nhơn của anh hoài bảo giao xe máy cho mình thuê xe máy đi ăn sáng rồi dọn phòng, 8g30 là mình được nhận phòng rồi. ( không hề phụ phí gì hết) ❌ mình đi xe phương trang, giá vé 265k x 4 = 1060k. nên book vé xe sớm để nằm ở dưới sẽ khoẻ hơn nằm giường trên. lúc đi mình book 7g45 tối, xuất phát từ bến xe miền đông, lúc đến trên mạng ghi 10g sáng, nhưng mà 6g30 sáng đã đến rồi, đi tầm 10 -11 tiếng là đến. nên canh để đặt xe cho hợp lý. lúc về mình đặt xe lúc 5g chiều, 6g sáng hôm sau về đến sài gòn. (quy nhơn - sg có trung chuyển, sg-qn phải đi taxi ra bxmd) ❌taxi từ q8- bxmđ 60k +taxi từ bx qn về homestay 100k + taxi từ bxmd về lại q8 100k = 260k ❌thuê xe máy 400k ( 3 ngày) + đổ xăng 80k do mình muốn đi phú yên nên thuê oto, chị chủ homestay cho thuê luôn nha. xe 4 chỗ 800 + xăng 470 = 1270k ❌mua đồ ăn vặt 100k, sợ trên xe đói nên mua dự trữ ❌3 nước suối lớn 8x3 = 24k, ở đây rất nóng nên khát nước suốt. nên mua nước đem theo vì nước ở những nơi tham quan rất mắc.",0,4,0,3,3,0
"sân vận động đã được đầu tư cải tạo lại, sân cỏ đẹp, khán đài được làm lại đẹp hơn trước rất nhiều",5,0,0,0,0,0
"trước đi mấy lần với người lớn thì nhân viên thân thiện, nay đi với bạn thì nhân viên không biết là người khác hay cùng một người mà nghĩ tụi tui nhỏ tuổi hơn rồi làm cha làm mẹ hỏi câu nào nhăn nhó nói chuyện giọng cứ kiểu muốn nhai nuốt khách hàng, 2 đứa tức ói máu gần chết mà không làm được gì.",0,1,0,0,0,0
nếu không thì rất nhanh và thuận tiện để đến đó,0,0,0,0,2,0
"ồ ăn ngon nhưng phục vụ chậm, chắc do mới mở. lần sau sẽ quay lại chắc sẽ tốt hơn. nhân viên nhiệt tình dễ thương",0,0,0,3,0,0
"khách sạn quy nhơn gần biển, nằm trên giường có thể view trọn bãi biển qua ô cửa kính thật chill.",0,5,0,0,0,0
"lựa chọn của du khách nếu đến thành phố biển mà chưa biết ăn gì hay đơn giản là chỉ muốn dùng cơm trưa. ở đây nổi tiếng nhất là món cơm gà. rất ngon, tuy nhiên giá cả thì hơi cao tí, khoảng 70.000vnd/phần. nhưng nói chung đắt xắt ra miếng ma.",0,0,0,5,2,0
"quán có không gian hơi nhỏ nên hơi chật chội . bù lại chất lượng đồ ăn thì khỏi phải bàn . menu của quán rất đa dạng , từ đồ nướng đến lẫu đến các món ăn chơi hay món nhậu :)) . ăn no nê chán chê nhưng giá cả thì rẻ bất ngờ , phải nói là quá rẻ luôn . một người cầm 70-100k là ăn tẹt ga tẹt số :)) . đồ nướng được ướp rất thơm và thấm . bề ngoài lẫn chất lượng đều ok . quán sẽ luôn là lựa chọn hàng đầu mỗi khi mình ăn đồ nướng ^^",0,0,0,5,0,0
"kem bảo vân nằm ở con đường ẩm thực nổi tiếng nhất nhì quy nhơn-khu ẩm thực ngô văn sở-trần độc. mình tới đây hầu như lúc nào cũng chỉ gọi một món duy nhất là kem kí :))) kem kí ở đây nhiều vị lắm nè: sầu riêng, bạc hà, dâu, dừa, socola, khoai môn...vị nào cũng ngon, mà còn được kèm thêm các topping hấp dẫn như mứt trái cây, đậu phộng rang nữa. mùa hè nóng bức, mình lập kèo đi ăn kem kí nè, cả hội kêu một dĩa nửa kí rồi rưới cafe lên trên, cắn thêm miếng bánh ốc quế giòn rụm nữa. cảm giác thật yomost :""> nếu đi 2-3 người thì kêu dĩa nửa kí là được, 1 dĩa kem nửa kí ngon lành chỉ có 26k thôi. à mà quán không chỉ có mỗi kem kí đâu nha, còn có cả bánh tráng trộn, kem cuộn, chả nướng... nữa. nếu muốn tìm 1 địa chỉ ăn vặt tổng hợp nhiều món thì bảo vân là lựa chọn không tồi đâu ạ ^^",0,0,0,5,0,0
"cảm ơn dịch vụ cho thuê xe máy quy nhơn đã giúp vợ chồng mình có chuyến du lịch thật tuyệt vời. xe đời mới xịn xò lắm, hồi giờ chưa từng thuê xe chổ nào xịn như vậy",0,0,0,0,4,0
"hàng hóa đa dạng, đủ các mặt hàng đặc sản của bình định nhưng giá cả hơi đắt!",0,0,0,0,0,3
"cống nhà vệ sinh bốc mùi hôi, phải chịu đựng 1 ngày, hôm sau mới đổi được phòng (giá tăng). tổ reception lớn tiếng gây với nhau ồn ào khi có khách đến quầy giao dịch (tổ trưởng)",0,2,0,0,0,0
nhân viên lễ tân dễ thương,0,5,0,0,0,0
"cách trung tâm không xa qua hết cầu nhơn hội là tới. xe điện từ bãi xe đến cổng là thấy không hài lòng. nhưng khuôn viên cực đẹp các bạn trẻ chụp hình thì cực ảo nhìu trò chơi phong phú nhưng giá vé cũng chưa hợp lí, đồ ăn và nước giá cao... nếu ghé cửa biển thì nên mang theo trái cây nước vào tụ tập dọc biển ngồi thì phê. có mỗi cái khuôn viên rộng đẹp để check in sống ảo thôi. mà đi bộ cho hết thì chắc cũng hết cả buổi",3,0,0,2,0,0
chúng tôi đã đặt dịch vụ đưa đón sân bay trước để có thể yên tâm đi lại sân bay tân sơn nhất - khách sạn khi ở sài gòn. dịch vụ chuyên nghiệp và đáng tin cậy. chúng tôi đã có cùng một tài xế khi đến và đi. chúng tôi đã có một hành trình suôn sẻ và thoải mái. cảm ơn bạn!!,5,0,0,0,5,0
chỉ cần gọi điện buổi tối xe oto đón bạn tận sảnh.,0,0,0,0,5,0
"quán này mỗi lần muốn ăn đồ nhật là hay ghé , mà giờ quy nhơn cũng chỉ có mỗi chỗ này bán, mà đồ ăn thì rất hợp khẩu vị , vừa ăn , không bị ngấy , món ăn đa dạng, nhân viên nhiệt tình, mỗi tội món nhật cũng ít người biết ăn , nên quán hơi vắng.",0,0,5,5,0,0
đà lạt đi trúng mùa mưa hơi buồn,0,0,0,0,0,0
"có 2 nhân viên bảo vệ, có 1 nhân viên không thân thiện. khách thuê xe máy di chuyển hết xe thì hỗ trợ không tốt cho khách. phòng tắm có mùi hôi dù không sử dụng gì",0,2,0,0,1,0
đây là một nhà hàng địa phương và rất nổi tiếng,0,0,5,0,0,0
"ốc thập cẩm, ốc trộn giá từ 50k-70k cháo hàu , cháo thập cẩm, ốc hương , sò điệp ...chế biến không thua nhà hàng mọi người đi quy nhơn muốn ăn hải sản ngon và no hãy ghé quán này nhé.",0,0,0,5,0,0
"khách sạn không có thang máy, mình có con nhỏ, mang hành lý lớn, được nhân viên xếp cho tầng 1 nhưng mang vali lên được đó cũng bở hơi tai. nền nhà thường bị ỉ nước, chắc là do mùa mưa, bé nhà mình hay chơi trên sàn nên không được sạch sẽ lắm. ngày thứ 2 yêu cầu nhân viên lên dọn phòng thì không thấy cái remote tivi đâu nữa, thế là bé khỏi xem tivi.",0,1,0,0,0,0
"mức giá của khách sạn cực kỳ tốt. gần biển cũng như các tiện ích cần thiết. các bạn nhân viên cực kỳ nhiệt tình, nhất là các bạn lễ tân. đồ ăn rất ngon, đa dạng. có nhiều view để sống ảo. chắc chắn sẽ quay lại khách sạn.",0,5,0,5,0,0
"nhiều người trong số các makis đặc biệt có giọt mayonnaise trên đầu trang. vẫn còn hương vị tốt, nhưng tôi thích mà không có, khách hàng có thể đặt hàng mayonnaise ở bên nếu họ muốn. làm cho nó là phiên bản mặc định là hơi. . không phù hợp với tôi.",0,0,0,5,0,0
"thái độ phục vụ của nhân viên ở đây quá tệ rồi, mong ban quản lý nên xem xét lại",0,0,0,0,0,2
"mình đến chỗ này ba lần rồi hai lần ở hà nội và lần này là ở quy nhơn nè ^^ !!. trà sữa của bobapop thương hiệu chó mặt xệ luac nàu cx làm mình ưng ý 😇😇😘. giá cả thù khỏi noai rồi. trà thì mình mua 3q và chanh mật ong, trân châu thì dai dai không cứng bánh flan thì mịn và mềm mùi thơm, suong sáo thì bình thường trà thì mình gọi 50 đá 50 đường uống cực vừa không ngọt quá mà cx không nhạt. vì trà khá rõ thơm thơm. m lúc nào cx cực thik logo của bobapop dễ thương lắm luôn ý mà lúc nào cx thay đổi . nói chung là sẽ ủng hộ lâu dài tuyệt vời tuyệt vời 😘😘.",0,0,0,5,0,0
hải sản tươi sống ngon. tôi thường mua tôm cua sống để đi câu ở đây nhốt cả ngày không chết.,0,0,0,0,0,4
"sân bay mới nhưng nhếch nhác, phân luồng rối rắm. wc thiết kế bất tiện, bồn rửa thấp không ra thấp, độ mạnh vòi xả khi yếu khi mạnh tung toé. 3 sao là châm chước lém rùi!",0,0,0,0,2,0
hướng dẫn đến kịp thời. anh ấy nói tiếng anh tốt. ông ấy rất sẵn lòng đáp ứng nguyện vọng của chúng tôi để thêm vào sự bố thí của nhà sư. ông đã giải thích rất nhiều về lịch sử của lào tại bảo tàng và các ngôi chùa. rất khuyến khích!,5,0,0,0,0,0
chỉ sau đó họ nói với tôi rằng họ không có nó.,1,0,0,0,0,0
"vừa mới ghé quán dùng 1 phần sushi tổng hợp, 2 trứng hấp và một số món chiên ( lo ăn quá, quên chụp hình). cảm nhận đầu tiên là quán yên tĩnh, giống như ở nhật kinh khủng, nhân viên thì dễ thương. thật sự thích phong cách nhà hàng nhật như thế này.",0,0,5,5,0,0
gon. 4 người ở sài gòn xuống ăn chỉ hết 1200 chẹo. quá rẻ. mà chất lượng,0,0,0,5,0,0
"xe mới, máy móc chạy êm, gúa cả lại cực phải chăng! thích nhất là vừa xuống bến xe, đi bộ vài bước là có xe máy đi ngay, sướng gì đâu! đặc biệt là chú chủ xe rất dễ thương và nhiệt tình!!! hài lòng hài lòng hài lòng",0,0,0,0,5,0
"nhân viên phục vụ thái độ không lịch sự, còn nạt nộ khách",0,0,1,0,0,0
"tôi đã ghé thăm foodshop 45 trong nhiều năm và chưa bao giờ phải thất vọng. ngồi ngay bên hồ trúc xinh đẹp và nổi tiếng, nơi john mccain bị bắn hạ, bạn có một tầm nhìn tuyệt vời, một bầu không khí tuyệt vời và một đội ngũ nhân viên yên tĩnh nhưng chu đáo. các món ăn được đầu bếp việt nam chế biến 100% theo bối cảnh và phong cách ấn độ. có nhiều nhà hàng ấn độ ở hà nội, có vẻ chính thống hơn, bởi vì họ là người ấn độ quản lý. tuy nhiên, đã thử tất cả chúng, tôi vẫn quay trở lại nơi ám ảnh cũ của mình, foodshop 45",0,0,4,4,0,0
"cô vệ sinh phòng chưa dọn minibar, nhưng không sao, do bạn lễ tân rất dễ thương có xin lỗi nên mình vẫn đánh giá 5sao.",0,5,0,0,0,0
mình đã đặt 11 phòng cho kì nghỉ và rất thất vọng.,0,1,0,0,0,0
"không gian tồi hơn rất nhiều so với bài quảng cáo buổi sang không phục vụ trên tầng hai, giảm không gian nên quán khá đông khách thái độ nhân viên nữ bên nhà kính không được tốt đồ uống không ngon",0,0,0,1,0,0
"xe chay qua nhanh vao ban đêm, hẹn khách 17h30 nhưng đón 18h00. còn giao nhận hàng hóa dọc đường nhiều",0,0,0,0,3,0
"khách sạn gần ở quảng trường, bãi biển, trung tâm, tuy nằm trong hẻm nhưng có ban công nhìn ra biển. giá rẻ phòng tốt nhân viên + cô chủ dễ thương hiền lành, dưới khách sạn có tạp hoá quán ăn cho thuê xe máy giá bình dân. tiêu chuẩn dành cho các bạn tiết kiệm đây là sự lựa chọn tốt nhất",0,4,0,0,3,0
"5 con ghẹ 3 con tươi ăn cực ngon, vỏ màu nhạt nhạt, 2 con màu sẫm có vẻ ghẹ chết không ăn được, 300k/ 1kg ghẹ",0,0,0,3,0,0
"sân bay địa phương, nhưng sẽ là sân bay quốc tế (bay thẳng trung quốc) nên nâng cấp đẹp và hiện đại, sạch sẽ. phòng chờ thương gia khá tiện nghi và rộng rãi. hài lòng",0,0,0,0,4,0
"đồ ăn ngon nhưng hơi mắc, phục vụ hơi chậm nếu quán đông.",0,0,0,2,0,0
"quán bán đủ món, cháo lươn miến lươn, bún phở tái nạm xương giò đầy đủ, có nhiều lựa chọn. mình là fan ruột của quán, ăn thay đổi món mà không ngán, vì mình ăn những quán khác húp nước hay bị say bột ngọt, quán này ăn húp nước không sao nên ăn ở đây thường xuyên luôn. mình hay ăn miến lươn, lươn ở đây hay hết sớm. nhưng quán bán món xương bò là thường được khách chuộng, sáng nào khách xung quanh ăn cũng gọi xương bò, bán tô chất lượng lắm.",0,0,0,5,0,0
tóm lại dịch vụ tệ. nghỉ chơi .,0,0,0,0,0,1
"đây là một trong những vựa hải sản tươi tại quy nhơn với nhiều mặt hàng hải sản được bán hàng ngày. và cảng quy nhơn cũng là bến tàu du lịch, cano của các du khách muốn đi hải minh, đi cù lao xanh, kỳ co hoặc hòn khô, cảng quy nhơn cải thiện thêm 1 chút về vệ sinh nữa thì sẽ rất tuyệt vời.",0,0,0,4,0,4
"dịch vụ đặt xe khá tốt, tuy nhiên mình không hài lòng việc tài xế sử dụng điện thoại liên tục trong thời gian lái xe - vừa ồn ào, vừa nguy hiểm. mà tình trạng này hình như mấy năm nay là tình trạng chung của các xe đường dài..",0,0,0,0,3,0
"tôi đã đợi một lúc cho đến khi họ đến để hỏi tôi xem có gì sai với thức ăn không. tôi lặp lại những gì tôi đã nói, rằng tôi đang đợi món cá mập nướng của mình.",1,0,0,0,0,0
"phòng view biển đẹp, nhân viên thân thiện dễ thương. cơ sở vật chất tương đối mới. giá rẻ so với chất lượng phòng.",0,5,0,0,0,0
"nhân viên thân thiện. phòng rộng ,sạch sẽ, tiện nghi, đi du lịch mà chỉ muốn ở phòng chơi thôi ý . bể bơi buổi chiều chill cực kì. quay lại nha trang vẫn sẽ chọn v hotel",0,4,0,0,0,0
"thức ăn nêm nếm vừa ăn nhưng đồ ăn hơi ít so với giá. phục vụ hơi lâu. chè củ năng hạt lựu hơi ngấy, xôi xoài ngon.",2,0,3,3,0,0
siêu thị nằm ngay trung tâm thành phố quy nhơn. luôn tấp nập khách ra vào mua hàng mỗi ngày. luôn cải thiện và nâng cao chất lượng dịch vụ cho khách hàng. ngày càng có nhiều sản phẩm đa dạng để cạnh tranh với các siêu thị khác trên địa bàn,0,0,0,0,0,3
"nen den an: hai san tươi song lam mon ngon, nhanh gia hop ly phuc vu chu dao, chuyen nghiep. xe dua don rong rai, nhiet tinh, nhanh chong co rat nhieu hai san, de dang lua chon phong oc rong rai, sach se. phu hop cho gia dinh, an hai san tươi va gia re hon flc (do an trong nha hang flc se không tươi bang, tuy được phuc vu cua flc nhanh va tot hon, nhung gia se cao hon 1 ti). nen den de trai nghiem",0,5,0,5,5,0
"phòng mình ở trên tầng 21 rất thoáng , phòng sạch , đẹp , mê nhất cái giường êm vừa ý mình . bạn nhân viên nữ dễ thương cực, luôn cười và nhẹ nhàng với khách .",0,5,0,0,0,0
"và thức ăn tuyệt vời, nhưng tia sét giết chết sự rung cảm của ""quán rượu"". nó trông giống như một nhà hàng và điều đó hơi buồn bởi vì nó có thể là một quán bar / quán rượu to lớn!",0,0,0,5,0,0
"rạp quá tệ. ghế bẩn còn hôi. đã vậy còn có muỗi. chất lượng phim tạm được. nhân viên thì không có được 1 người để cho khách trong rạp bấm điện thoại thoải mái, đã vậy còn cười nói vô tư mà không có lấy 1 nhân viên để nhắc nhở. lần đầu vào xem phim la llorona suất chiếu 20h30 ngày 12/05/2019 thì rạp chiếu nhầm phim, phải loay hoay gần nửa tiếng mới chiếu đúng phim. trải nghiệm quá tệ. rạp này chắc dùng để phục vụ cho học sinh thì được. người lớn vào xem chắc rước bực vào lòng.",1,0,0,0,0,0
"khách sạn thì giá phòng ok, nhân viên cũng thân thiện nhưng mình ghét 1 điều là, trước khi trả phòng thì mình đã thu xếp hành lý không sót thứ gì, chỉ còn cái điện thoại đang sạc mình luôn nhớ sẽ rút luôn khi ra về ( vì tính hay quên), but khi ra về lại quên thiệt, mới đi được tầm 3km thì nhớ nên đt về khách sạn nhờ lấy dùm vậy mà lễ tân báo 2 lần tìm không ra but mình chắc 1 điều là bộ sạc nằm ở đó. bực đến giờ dù hơn 1 năm, mình vẫn chưa mua được cục sạc zin. mỗi lần đt sạc lâu vào lại nghĩ đến và giận (tính gì thù dai quá). nên hôm bữa đi 1 nhóm bạn thật đông mà mình quyết bàn ra nên quay ra đi khách sạn khác. đó là trải nghiệm của mình.",0,4,0,0,0,0
"vì vậy, nơi tuyệt đẹp, trong khi bạn chờ xe buýt, bạn có thể uống cà phê tại công viên bên cạnh nơi này, công viên đó thật đẹp.",5,0,0,0,0,0
ố là la ... đi sân bay mà mình gọi 4 chổ lạ được 7 chổ đón mà giá lại rẻ . đúng là uber bình định rồi .,0,0,0,0,4,0
"dịch vụ thuê xe máy tại đây tốt nhất quy nhơn. anh chủ rất nhiệt tình, vui vẻ. xe ở đây đa dạng, còn mới, chạy rất êm! khi đến quy nhơn bạn có nhu cầu thuê xe máy liên hệ ở đây nhé!",0,0,0,0,5,0
"nhà hàng có xe điện và oto đưa đón khách từ flc đến nhà hàng tận nơi. nhiều hải sản tươi chế biến ngon. không gian rất thoáng mát và đặc biệt nhân viên và chủ quán rất vui vẻ , thân thiện với khách. chắc chắn sẽ quay lại với quán hoàng thao này !!!",0,0,5,0,5,0
"quán này mở cách đây 4 năm về trước rồi. mình đến cũng khá nhiều lần rồi. quán có không gian trang nhã, nhẹ nhàng mà vô cùng tinh tế. mình thích kiểu không gian thế này. cảm thấy rất bình yên,như bỏ quên xô bồ ở ngoài kia. mà check in cũng rất ảo nữa. đồ uống ở đây rất ngon và chất lượng, rất nhiều món át chủ bài ở đây như cà phê, trà, chè khúc bạch....món nào cũng ngon cả, được pha chế rất là công phu, vị nào ra vị nấy, rất thơm ngon. chung quy mình thấy rất đáng tiền.",0,0,0,5,0,0
beefsteak là tốt nhất. một chút nóng trong nhà hàng. điều hòa không khí thường không mở. ở thành phố này nếu bạn muốn ăn thức ăn nước ngoài là lựa chọn tốt để đến. hy vọng tiếp tục đi.,0,0,0,5,0,0
"cuối tuần vừa rồi gia đình tui đến đây, ngộ. ở thành phố quen rồi, đi tàu ra một địa điểm cách thành phố có 10km mà như một quang cảnh hoàn toàn khác. nhà hàng bè nổi, gió mát rười rượi, cá tươi bơi trong bè trông đã dễ sợ. tui với con em mượn anh chị chủ quán cái cần câu, câu cũng được dăm ba con cá sơn. hehe sẽ quay lại đây.",0,0,0,5,0,0
"đặt phòng 2 giường,tầng trên cùng,hướng biển.nhưng khi tới nhận phòng thì không nhận được phòng như vậy.cô chủ không thân thiện",0,2,0,0,0,0
"dịch vụ ok.ql thân thiện , nhân viên phục vụ chuẩn không cần chỉnh , cơ sở sạch sẽ , mỗi tội hơi xa trung tâm tí...còn lại good. 5* cho dịch vụ",0,5,0,0,0,0
"dịch vụ rất tốt. waitress giải thích các món ăn và kết hợp. thực phẩm đến một cách kịp thời và được phục vụ nóng. tất cả mọi thứ cần thiết để ăn các bữa ăn đã được phục vụ bởi các cô hầu bàn mà không cần phải hỏi, đủ tấm, bạc, khăn ăn và gia vị. thức ăn rất ngon. lớp vỏ trên bánh pizza đã được nướng hoàn toàn và rất trang nhã. spaghetti và pasta với sốt kem là rất tốt. quản lý và cô phục vụ đã kiểm tra với chúng tôi trong suốt bữa ăn để xem mọi thứ có ổn không và nếu chúng tôi cần gì.",5,0,0,5,0,0
quy nhơn có một số siêu thị quy mô vừa và bigc là một trong số đó. không biết ngôn ngữ địa phương có thể khiến bạn chậm mua hàng nếu thứ gì đó không có sẵn trên kệ. mọi người rất hữu ích mặc dù. quán trà rất tốt.,0,0,0,0,0,4
"đi bộ vài bước chân là tới biển. nhân viên nhiệt tình, chu đáo",0,5,0,0,0,0
"mình rất hài lòng về thái độ phục vụ của mọi người, phòng sạch đẹp, view quá tuyệt vời, giá rẻ!",0,5,0,0,0,0
"dịch vụ rất tốt, nhân viên chu đáo nhiệt tình, giá cả phải chăng, hợp lí. địa điểm lí tưởng để cho cả nhà du lịch. sẽ giới thiệu cho bạn bè và nhiều người khác nữa.",0,5,0,0,0,0
"đứng trên hải đăng quan sát cù lao xanh cực đẹp, nhưng cẩn thận vì có chó dữ nên phải gọi đt cho những người canh giữ hải đăng trước để họ xích chó lại",4,0,0,0,0,0
"nhân viên cực kì thân thiện ân cần, chu đáo và check in nhanh gọn.",0,5,0,0,0,0
"quảng trường xanh, rộng và thoáng mát của thành phố biển quy nhơn, rất thích hợp cho việc đi bộ. ở đây đối diện với các con đường lớn của tp, các tòa nhà ngân hàng cao tầng, siêu thị coopmart, có vị trí khá thuận lợi. nơi đây là nơi tổ chức các hoạt động vui chơi như hội chợ, tiger remix, bài chòi,... i love this square very much! 😇. let's go to quy nhơn city square. it doesn't make you disappointed.",5,0,0,0,0,0
nơi này trước kia có cửa sau thông với trung tâm thương mại bây giờ không còn nữa kiểu hơi chật hẹp hơn nhưng vẫn nhìu sách vậy nhé mọi người yên tâm,0,0,0,0,0,4
"không gian thoải mái, sang trọng",0,0,4,0,0,0
"tôi đã đến và thưởng thức. nhà hàng phục vụ rất chuyên nghiệp, các món ăn hải sản đều tươi sống . nấu ăn rất ngon.",0,0,0,5,0,0
"đến đây ăn thường thì mình đi tránh ngày lễ , vì ngại đông , thường thì mình gọi gà hấp hành 2 vợ chồng thêm con nhỏ thì gà hấp hành với cháo lòng gà thì đúng bài , chất lượng gà tốt nhất trong mấy quán gà mình ăn không thể so sánh với gà nhà nhé các bạn , mình thích nhất ở đây có ghế ngồi cho bé ăn , đi ăn với con mà cực nhất là chổ cho bé ngồi. nhân viên phục vụ rất nhanh nhẹn! còn không gian thì khá phù hợp với nhiều lứa tuổi",0,0,0,5,0,0
"địa chỉ thuê xe uy tín, xe mới chạy êm. anh chị chủ vui vẻ, rất nhiệt tình ạ. giao nhận xe bất kể ngày đêm.",0,0,0,0,4,0
"nhà vệ sinh của phòng gia đình dùng kính trong, không thoải mái khi ở cùng gia đình, nhất là khi có trẻ em, phòng gia đình nên gắn thêm rèm nhà vệ sinh sẽ tốt hơn. không có bãi đậu ô tô, để xe bên ngoài đường đối diện. hồ bơi nhỏ.",0,1,0,0,0,0
ngon đấy vừa cho cả gia đình ăn nhòe 4 người lớn có 625k bảo sao đông,0,0,0,5,0,0
"mình đi ăn ít khi review mà lần này phải đăng nhập vào để tăng view cho quán. đi du lịch quy nhơn 2 ngày mà đây là quán mà nhóm mình ưng ý nhất, đồ ăn chế biến tươi ngon, phục vụ nhiệt tình, giá cả ok, ăn đứt mấy quán dọc bờ biển xuân diệu, ma không hiểu sao quán lại vắng nhỉ. anh chủ rất dễ thương và tốt bụng, tụi mình để quên đồ đi được đoạn xa rồi mà anh chủ phóng xe chạy theo đưa trả lại, cảm động hết sức và thấy iu con người quy nhơn gê, vui vẻ sẽ giới thiệu cho bạn bè nếu đến quy nhơn",0,0,0,5,0,0
chắc có lẽ không có dịch vụ nào vừa sửa chữa xe máy + kết hợp với lại cho thuê xe máy như dịch vụ xuân tính tại quy nhơn vừa gọi điện chưa tới 5 phút là có mặt .điều đầu tiên là nhìn thấy xe là thấy thích rồi xe thì mới lại được rửa rất sạch sẽ nhiêu đó có thể cho 5 sao rồi .tiếp đến vợ chồng anh chị chủ rất nhiệt tinh tư vấn cho mình những địa điểm du lịch cũng như hàng quán ăn vặt tại quy nhơn tiếc là chỉ có 5 sao chứ còn thì mình cũng sẽ đánh giá cho dịch vụ xuân tính . tuyệt vời tuyệt vời tuyệt vời trên cả tuyệt vời (very good ),0,0,0,0,5,0
đây là nhà hàng mà tôi rất thích và đã nhiều lần đưa gia đình và nhiều bạn bè đến đây.,0,0,4,0,0,0
"quán bán đặc sản bình định ngon ít chỗ bán, hải sản chuyên mực câu chất lượng, ngon, rẻ. đáng tiền, uy tín.",0,0,0,0,0,5
"đến quy nhơn du lịch lần đầu tiên, mọi thứ đều rất lạ lẫm với nhóm mình. cũng có thể tìm kiếm được cho thuê xe máy tốt và chất lượng, anh chủ trở lại nhiệt tình hỗ trợ nhiều thông tin, mọi thứ rất dễ trở nên tuyệt vời và dễ dàng hơn.",0,0,0,0,5,0
"dịch vụ này làm tôi rất hạnh phúc, họ có rất nhiều xe máy tốt cho bạn lựa chọn 5 sao cho doanh nghiệp của họ. tôi chắc chắn các bạn sẽ nhận được rất hài lòng về chất lượng, giá cả và thái độ phục vụ ... hãy thử ít hơn một lần nếu bạn cần một chiếc xe máy để làm cho bạn tự do trên mọi con đường bằng chính bản thân bạn. đây là kinh nghiệm tốt của tôi khi thuê một chiếc xe máy khi tôi đến thăm quy nhơn và tôi muốn chia sẻ với mọi người trên thế giới điều tốt đẹp này ở việt nam 😘",0,0,0,0,5,0
"quán vỉa hè mà chất lượng rất ổn, lần nào từ sài gòn ghé qua quy nhơn bọn mình cũng ghé. mình chưa tìm được quán nào giá cả phải chăng hơn mà chất lượng đồ ăn thức uống nói chung lại good như vậy. phục vụ dễ thương.",0,0,0,5,0,0
"hi, cảm ơn review rất chất lượng của bạn dành cho quy nhơn tourist. chúc bạn luôn vui và có nhiều chuyến tour thú vị sắp tới trong tương lai.",0,0,0,0,0,0
"biển đẹp, lúc mình ghé trời hơi âm u. tuy nhiên giá cả chặt chém, người kinh doanh xô bồ, phức tạp",4,0,0,0,0,2
"phòng sạch sẽ, thơm, chị lao công cũng dễ thương hoà đồng. cô chú chủ cực kỳ cute luôn á mọi người. view phòng đẹp, xung quanh yên tĩnh. mọi người nên ghé nhaaaa.",0,5,0,0,0,0
"thật sự mình rất hài lòng về chuyến đến quy nhơn lần này, con người ở đây khá thân thiện, dịch vụ thuê xe máy của các bạn cũng vậy, xe đi tốt, các bạn nhiệt tình mình cảm ơn rất nhiều!",0,0,0,0,5,0
"mình ở flc gọi điện thoại book chỗ trc,có xe đưa đón miễn phí. nhân viên nhiệt tình,tuy nhiên vào thấy quán menu chưa có nhiều lựa chọn, có thể do mình đi vào mùa mưa bảo. giá thì không rẻ nhưng quán làm nhanh,hợp khẩu vị. quán chỉ xuất hoá đơn trực tiếp có thu phí thêm 5% nhưng cách nói chuyện của nhân viên dễ thương ,giải thích rõ ràng để mình hiểu và chấp nhận thêm phí. nhược điểm quán có nhiều ruồi ơ trên bàn,mấy bạn phục vụ biết ý điều chỉnh quạt công suất lớn,nhưng quán cũng nên xem để cải thiện tình hình.",0,0,5,3,0,0
quán bánh xèo tôm nhảy này mình thấy có rau sạch mà các quán bình dân khác không có mà ngồi ăn phòng lạnh nữa chứ. giá cả bình dân từ 15k đến 25k thui mà nhìn quán sang chảnh lắm. ai đi du lịch quy nhơn hay chưa ăn thì dùng thử quán này nhé.có cả bánh căn nữa. mình là mình kết quán này nhất á.,0,0,0,5,0,0
"tuy nhiên, nhà hàng cần cải thiện thêm chất lượng dịch vụ. các món ăn lên còn chậm, kể cả những món không cần chế biến cầu kỳ, và nhân viên thỉnh thoảng còn quên/ ghi nhầm món khách gọi. đỉnh điểm là tuần trước mình gọi phần bún chả, phát hiện có sâu trong đĩa rau sống. tuy nhiên khi gọi nhân viên lại thì bạn nhân viên chỉ điềm nhiên nhìn, rồi nhặt chiếc lá có sâu mang đi. tuyệt nhiên không có một lời xin lỗi hoặc đề nghị đổi phần ăn (phần rau) khác cho khách. dù rằng ai cũng có lúc sơ suất, nhưng với một nhà hàng có phân khúc khách hàng cao cấp thì quy trình kiểm soát vệ sinh an toàn thực phẩm, chuẩn bị đồ ăn và xử lý tình huống của nhân viên thế này theo mình là rất tệ.",2,0,2,2,0,0
đã thử qua sữa tươi trân châu đường đen nhìu quán nhưng hôm nay mới uống thử của bobapop ! có độ ngọt vừa phải cộng thêm vị béo của sữa nói chung tuyệt vời ông mặt trời ☀️ ! nhân viên nhiệt tình và khá thân thiện với không gian thoáng mát và sạch sẽ !!!,0,0,0,5,0,0
"tối qua đã ăn lẩu sứa chỗ khác, nên nay vô đây mình gọi đúng 3 món khác: bánh xèo tôm nhảy (tôm cực ngon và nhiều), cơm chiên cá mặn (cá mặn một đống ăn xỉuuu mà ngon), mì xào hải sản (mực tôm ăn ngập mặt). giá hơi cao nhưng cảm thấy xứng đáng. highly recommemd!",0,0,0,5,0,0
"vợ chồng anh rất dễ thương, nhiệt tình ngay lúc thuê xe, mà không cần đặt cọc tiền trước, anh cẩn thận để giấy bảo hiểm và cà vẹt xe trong cốp, để trường hợp công an kiểm tra xe. xe cho thuê xe mới, giá xe ga 150k-160k tuỳ chiếc. mình thuê xe ab nên 150k/ chiếc. anh còn hỗ trợ vợ chồng mình gọi taxi giá rẻ, đi giá hợp đồng đi từ sân bay về tp là 160k cũng như từ tp đi sân bay, cảm ơn vợ chồng anh xuân tính. lần sau có ra qn vẫn ủng hộ đi bên anh",0,0,0,0,4,0
nhân viên thật là ải :)) đừng để tui gặp lại tui mà gặp lại tui ỉa pẹc pẹc banh cái siêu thị =)))) 😏pủm pủm ỉa tám chồng 💩💩💩💩💩💩💩,0,0,0,0,0,1
"khách sạn vô cùng tăm tối, tạo cảm giác không mấy ấm cúng và sang trọng",0,2,0,0,0,0
ok mua sắm nhưng rất nóng. nơi tốt cho quà lưu niệm sài gòn hoặc việt nam. giá cả khá tốt trên một số mặt hàng.,0,0,0,0,0,0
"mua được bể cá cực xinh của shop. các bạn nhân viên ở đây cực nhiệt tình và dễ thương. tư vấn hết nấc mặc dù mình hỏi lòng vòng cả tiếng mới mua. vậy mà vẫn có người vote 1* cho nhân viên, thiệt tội cho các bạn ý. có thể lúc đó bạn ý đang phải trả lời khách online, chứ mình vào các bạn nhân viên nhiệt tình lắm!",0,0,0,0,0,5
bữa sáng hơi ít món ăn. khách sạn gần biển và có tầm nhìn đẹp.,0,0,0,2,0,0
"giá cả hợp lý, nhân viên thân thiện, ship hàng tận nơi, mình rất hài lòng bữa sau ghé ủng hộ nữa ạ",0,0,5,0,0,0
"ở đây view đẹp, nhiều khách du lịch nước ngoài nhưng đồ ăn với đồ uống thì lại hơi đắt và không ngon nữa. ở đây buổi tối rất tuyệt, lãng mạn, có nhạc nữa, nhạc hơi to, phù hợp với các đôi yêu nhau hay đang tán tỉnh nhau",0,0,0,4,0,0
"lần đầu được dẫn đến quán ăn và khá thích. quán nằm ngay cạnh khách sạn mường thanh. không gian rộng rãi, có hai tầng, view nhìn ra biển rất đẹp. đi ăn tầm chiều tối là gió biển lên mát ruời rượi luôn. menu đa dạng, nhiều món cho khách lựa chọn. chuyên về các loại hải sản tươi sống, ngoài ra còn có một số món ăn chơi khác. các loại tôm và mực ở đây ăn tươi lắm nha. đặc biệt tôm hùm mà giá cả tương đối hợp lí, chất lượng ổn, chế biến hợp vệ sinh. nhân viên phục vụ nhanh nhẹn, không phải đợi lâu. thích nhất là ăn lẩu hải sản, với cả tôm, cua hấp sả. quán có nước chấm riêng đặc trưng, giờ nhắc còn thèm chủ quán và nhân viên nhiệt tình phục vụ nhanh nhẹn.",0,0,0,5,0,0
mình thích không gian ở đây. rất thoáng và sạch sẽ. không khí đà lạt mùa này rất mát mẻ.,0,4,0,0,0,0
"phí nước uống tại phòng chứ không miễn phí, thiếu ấm đun siêu tốc",0,4,0,0,0,0
"vị trí trung tâm, đi lại thuận tiện. phòng sạch sẽ, giường êm",0,5,0,0,0,0
quán bar rất đẹp và có góc nhìn đẹp từ cấp 4. dịch vụ là tốt đẹp và một chap đáng yêu để giới thiệu trong thành phố.,5,0,0,0,0,0
"dịch vụ tốt, nhưnh mỗi tội giờ đi trễ gần 30 phút.",0,0,0,0,3,0
"đi là muốn ở lại luôn, cái view gì dễ thương cute cực <3, nhìn là muốn yêu đời luôn. à mình nghe nói view của holika chuẩn bị thay diện mạo mới đấy không biết view như thế nào nên mấy fen tranh thủ check view dễ thương này đi nhé. cùng chào đón diện mạo mới của holika nào <3. trà sữa ở đây thì khỏi bàn r né giá cả ok còn về vị thì ngon mình thích cái lớp máng sữa ở trên ý béo béo tuyệt vời luôn nè <3 <3. 1 fan của holika cho hay nhé <3 <3",0,0,0,5,0,0
"khách ở từ thứ 3 đến thứ 7, mà khách sạn không hề lau dọn phòng.",0,1,0,0,0,0
"xe chạy ngon lành, giả cả quá ok so với mặt bằng chung ở quy nhơn. ng cho thuê rất vui vẻ nhiệt tình.",0,0,0,0,5,0
"ngày 16/6 vừa qua quán có cập nhập thêm món mới ""trứng cút nướng"" với thành phần chính trứng cút, bò khô, mực khô, ruốt... đã hòa quyện với nhau mang đến cảm giác lạ miệng. với những phản hồi tích cực quán mong muốn đem lại thêm những món ăn vặt ngon, hợp túi tìên của sinh viên, học sinh. rất mong được phục vụ các mem khi ghé tới quán. 😘thương lắm, thương lắm",0,0,0,5,0,0
"bánh ngon, để được lâu. tặng mọi người khen lắm. cảm ơn shop",0,0,0,5,0,5
"quán này nhỏ nhưng trang trí quán khá là xinh xắn. menu cũng đa dạng nhiều loại, thạch đồ khá là phong phú, giá cả theo mình là rẻ hơn so với sg nhìu :)) trà chanh trà tắc ở đây pha phải nói là ngon, mình uống trà sữa mà cứ lăm le mấy ly trà đó của mấy đứa bạn quán có nhận deliver luôn, và giao hàng cũng khá là nhanh và đúng giờ quán bán mấy loại snack ngon ngon không ah, tám tám rồi ăn snack rồi uống trà uống sữa thấy đúng bộ dễ sợ luôn",0,0,0,5,0,0
là 1 khách sạn lớn tiêu chuẩn quốc tế thì chẳng có gì phải bàn về chất lượng phục vụ tuy nhiên đấy chỉ là đối với khách còn đội bảo vệ ở đây không mấy thiện chí với các bên sự kiện luôn theo dõi sát xao để bắt lỗi phạt tiền ( 1 lần tôi thấy họ …,0,4,0,0,0,0
"chuyến đi này là chuyến thăm đầu tiên hôn thê của tôi . tôi muốn cô ấy để có được một cảm giác việt nam ngoài hà nội và hồ chí minh (mà chúng tôi cũng đã đến thăm trong chuyến đi này). quy nhơn đã được đề nghị bởi một cố vấn đáng tin cậy và chúng tôi rất vui mừng chúng tôi đã đề nghị. tôi chọn cho hai ngày trong căn hộ cao cấp ban công tại life của một bãi biển. từ đầu đến cuối toàn bộ đội đã đáp ứng, chào đón, và vui vẻ. họ thực sự không có một góc nhỏ của thiên đường ở đây. phạm vi của các lựa chọn hấp dẫn về sở hữu có nghĩa là có một nơi để mỗi ngân sách. bất kể, cơ sở vật chất được sạch sẽ và duy trì tốt. thực phẩm là tuyệt vời và chúng tôi đã vui mừng có cơ hội để dự phần tiệc tối xã. các căn hộ nằm lẽ 125 km từ tài sản chính và nhìn ra một bãi biển liền kề / vịnh. việc đi bộ giữa hai địa điểm đi trực tiếp qua làng. nụ cười rất nhiều và banh mi phụ nữ (chỉ ăn sáng) là một ngôi sao nhạc rock. nước dồi dào nóng, tuyệt vời a / c, và wifi mạnh mẽ với một cái nhìn chúng tôi sẽ không bao giờ quên. có một con gà trống trong làng ... anh sẽ chắc chắn bạn trải nghiệm không thể nào quên mặt trời mọc :) chúng tương tác với khách du lịch từ khắp nơi trên thế giới ở đây và hy vọng sẽ có cơ hội để trở lại một lần nữa sometime sớm. đặc biệt cảm ơn steve cho sự chú tâm của mình để truy vấn (nhiều) email của tôi cũng như hỗ trợ sắp xếp chuyển sân bay.",0,4,0,0,0,0
"thấy foody quy nhơn giới thiệu nên cũng tìm đến đây ăn thử đặc sản phù mỹ - bình định. quán nằm ở con đường nhỏ nên cũng hơi khó tìm. quán rộng lắm, chia nhiều khu: khu ngồi bàn cao, bàn thấp, ngồi trong nhà, ngồi bên ngoài. nhân viên phục vụ đông, nhanh nhẹn. mình ăn món bún rạm tô lớn 20k. bún này lạ lắm, mang 1 tô bún khô kèm rau cùng chén nước rạm. khi ăn thì sẽ chan vào tô bún, nếu thích ăn khô thì chan ít, mà thích ăn nước thì chan nhiều. tô nước rạm nêm nếm gia vị đầy đủ rồi nên cũng khá ok. rạm nhiều, đặc keo. khi ăn cho thêm ớt trái, ớt bột đêr khỏi bị tanh. một phần như vậy có cho thêm bánh tráng nướng để ăn kèm nữa. tuỳ khẩu vị của mỗi người thôi nhưng theo mình món này rất bình thường, không đặc sắc.",0,0,0,3,0,0
"con ab 2017 vừa thuê này ngon và chất, xe êm cực, vi vu cafe chốt hợp đồng ngon. giá vừa phải, với tôi , tôi cần xe mới và ngon và tôi hài lòng về dv bên bạn",0,0,0,0,5,0
"tôi thuê xe 4 ngày 3 đêm, dịch vụ xe bên mình nhiệt tình và chu đáo, cám ơn bạn.",0,0,0,0,4,0
bữa sáng ngon nhưng chưa phong phú. vị trí gần biển là điều mình thích nhất. nhân viên hỗ trợ nhiệt tình từ lúc đặt phòng đến khi nhận phòng và trả phòng.,0,4,0,3,0,0
thương hiệu chả ram tôm đất bình định nổi tiếng nhất,0,0,0,5,0,0
"đã ăn ở đây, đồ ăn ngon, sạch sẽ, giá mềm, chủ quán nhiệt tình. mình kêu hơi nhiều món, ăn không hết nên bỏ lại, chú quán thấy vậy ra hỏi món ăn như thế nào mà bỏ lại, rồi chủ động không tính tiền món đó. cách phục vụ rất nhiệt tình, đáng để đến lần nữa! :)",0,0,0,0,0,0
"phòng rộng, sạch và thoáng mát.",0,4,0,0,0,0
"chợ này nổi tiếng về các loại hải sản tươi và phong phú quanh năm lại nằm ngay trung tâm thành phố, trả giá thoải mái !!",0,0,0,0,0,5
"đi rồi và thấy không có gì phải bàn về một nét văn hóa mới hay ho lại thuận tiện dành cho dân sài thành, với tâm thế dạo sông hóng gió và trải nghiệm nét văn hóa mới giữa lòng thành phố năng động.",4,0,0,0,0,0
dịch vụ ngắm san hô ngay cạnh hòn sẹo thực sự giản đơn và chưa chuyên nghiệp. sóng to không dành cho những ai dễ say sóng. khung cảnh thiên thực sự tuyệt vời. nước biển trong xanh nhìn tận đáy.,4,0,0,0,0,0
"shop bán đồ đẹp, giá cả lại rất phù hợp. đặc biệt thích nhất là chị shop rep ib nhanh mà lại rất dễ thương, tư vấn nhiệt tình. mình sẽ mua đồ của shop dài dài",0,0,0,0,0,5
"có đầy đủ các loại đặc sản của quy nhơn. nên mua ở đây vì giá cả hợp lý. không nên mua ở phòng chờ trong sân bay, rất đắt.",0,0,0,0,0,5
"nhiều khách du lịch mà 1 số đồ ít quá, không đủ để bán. giá hơi cao",0,0,0,0,0,4
"trong một chuyến thăm hồ chí minh gần đây, chúng tôi quyết định rằng chúng tôi cần một điều gì đó khác biệt để làm. chúng tôi không muốn bất kỳ chuyến du lịch có tổ chức nào chỉ là một cái gì đó khác biệt trên sông. chúng tôi đã tìm thấy vina express trên internet và quyết định dùng thử dịch vụ này. dịch vụ phà đã hoạt động một vài năm nhưng gần đây đã hoạt động trở lại và là một ngày tuyệt vời cùng bạn bè và gia đình đến vũng tàu. phà rời bến mỗi giờ từ 08:00 và mất khoảng 90 phút để đến vũng tàu. hãy mang theo khăn tắm biển vì vũng tàu là nơi bạn muốn dành trọn một ngày. họ có những bãi biển tuyệt vời với tiện nghi phòng thay đồ và cũng có công viên giải trí trên đỉnh đồi có thể đi đến bằng cáp treo. chúng tôi thuê xe tay ga băng qua đường từ bến phà và dành vài giờ đi xe quanh thị trấn.",4,0,0,0,4,0
món ăn tuyệt vời cho mọi khẩu vị kể cả người ăn chay như tôi. nhân viên thân thiện và giá cả rất tốt. họ cũng có một lựa chọn đồ uống tốt cả có cồn và không.,5,0,0,5,0,0
"tôi có thể hiểu nếu một nhà hàng vẫn tồn tại mà không có thứ gì đó trong nhà bếp, nhưng tôi không hiểu tại sao họ không đến nói với tôi và họ đã đưa cho tôi một cái gì đó ngẫu nhiên từ thực đơn mà họ cho là phù hợp.",1,0,0,0,0,0
"5 năm trước trung tâm thương mại quy nhơn, 07 nguyễn tất thành , p.lý thường kiệt ,tp quy nhơn . luôn là nơi mua sắm đáng tin cậy của người dân tp quy nhơn. ở măt trước xung quanh những shop thời trang , shop điện thoại di dộng.",0,0,0,0,0,4
"mình có chị bạn ở nha trang về, chị ấy nghe đồn đâu ra cà phê tiền tỷ ở quy nhơn nên bắt mình dẫn đi. thế là sau một hồi loanh quanh cũng tìm ra quán này. nhìn đằng trước thì cũng bình thường,nhưng bên trong đúng là quá rộng, khá xanh mát và trong lành với cây cối rợp mát và hồ cá koi thiệt bự,thiết kế phòng 2 theo kiểu nhà kính nên nhìn lên,nhìn xuống đều thấy rất thân thiện. công nhận quy mô bự, cơ mà đồ uống nhìn đẹp mắt mà uống không ngon quá. ba người chả ai uống hết được phần nước của mình. giá cũng cao,nên mình đi một lần cho biết chứ không quay lại đâu.",0,0,0,2,0,0
"ok không quá cao, đồ mặc được, chất vải câc thứ ok... nói chung nhìn tổng quan không chê gì mấy. nếu mà giá hợp lý hơn thì có vẻ đông khách...vì nhiều shop khác giá ngang hoặc hơn đồ vẫn chất hơn chút. nói chung ok nha ae",0,0,0,0,0,4
"xe chạy rất chậm , khởi hành sớm hơn dự kiến nhưng mà xe chạy và trả khách muộn",0,0,0,0,2,0
"mình được bạn giới thiệu quán này, nghe nói nổi tiếng nhất ở đây, khá là hào hứng để thử, có bún rạm với bún tôm, mình thử bún rạm, mà hôm đó mình ăn bún nhạt quá, được cái ăn không tanh với nhẹ bụng, cũng đáng để thử, quán đông khách lắm, phục vụ nhanh, sạch sẽ",0,0,0,4,0,0
"có dịch vụ giao hàng, nhưng không nhận giao nước giải khát",0,0,0,0,0,3
"bãi biển nằm trên đường xuân diệu, gần tượng đài chiến thắng. chiều tối có thể đi dọc bãi biển, ghé surf bar ngắm biển, uống ly cà phê hoặc cocktail.",5,0,0,0,0,0
đi nhóm cắm trại hoặc đi thuyền qa đảo chơi mà ăn hải sản ok lắm luôn còn nhiều hình lắm mà lấy hình gần nhất mới đi hôm qua 💃🏻,5,0,0,5,0,0
"trà sữa, trà đào thơm, ngon, thạch ăn rất vừa mềm vừa miệng, bánh su nho nhỏ xinh xinh ăn rất dễ thương, vừa mềm ngọt, béo vừa phải, tan trong miệng, bánh crep cũng thơm nữa, huhu! phong cách phục vụ rất nhiệt tình, mình đang vội nhưng các em rất nhanh nhẹn, vui vẻ. rất rất rất vừa lòng. lần sau sẽ ủng hộ dài dài, rất yêuuuuu",0,0,0,5,0,0
"cám ơn uber bình định đã cho tôi trãi nghiệm thú vị về du lịch và giá gói cước rẻ , dể dàng đàm phán hợp đồng . phải nói rõ thế này tuy không đúng uber như hà nội và sài gòn . nhưng dịch vụ không khác mấy mà có khi các bạn còn làm tốt hơn . thank .",0,0,0,0,4,0
"bạn mình kêu nước ép mix giữa cà rốt và thơm, giá lẻ mỗi loại là 35k. vậy mà mix lại vẫn cùng dung tích của một loại mà giá 69k, gấp đôi?! kêu bạn nhân viên ra hỏi thì xin lỗi rối rít vì quên báo giá xem tụi mình ok không. cuối cùng cũng chỉ xin lỗi với giải thích. nước cũng dở, giá không tương xứng chất lượng, được mỗi không gian rộng với view biển đẹp.",0,0,0,3,0,0
"mọi thứ đều ok, không có chỗ nào để chê hết. khách sạn làm việc rất chuyên nghiệp, chu đáo",0,4,0,0,0,0
"xe chạy nhanh, có xe trung chuyển, trên xe ngoài nước thì có thêm sữa đậu nành.",0,0,0,0,5,0
"tụi mình đi quy nhơn vào đầu tháng 7,lúc đến chỗ nghỉ được sự giới thiệu của chị chủ homestay tụi mình đến quán thuê xe gần chỗ nghỉ ở 162 tây sơn thuê xe máy tầm lúc 13h và tụi mình thuê đến tầm 9h đêm hôm sau,với giá 100k/ngày. chú rất tận tình chỉ chỗ chơi và chỗ đỗ xăng và xe chạy ổn, tầm giá khá rẽ,vì bạn mình đi đợt tháng 6 thuê xe tốn 150/ngày nên mình thấy giá rẻ hơn có thể tiết kiệm chi phí và gần khu vực bến xe quy nhơn thuận tiện cho việc đi chuyển",0,0,0,0,4,0
đến quán thấy không gian quán khá ấn tượng với màu vàng chủ đạo. nhưng mà bàn thì hơi dơ và tường thì loang lổ vết sơn tróc. 😌. mình gọi trà sữa lắc trà đen nhưng mà không thật sự ấn tượng. vị nhạt tuy là cũng có dễ uống. nhưng trân châu quá ngon. dai vừa phải và không bị cứng hay sượng. không phải quán nào cũng được điều này đâu hài lòng . nhân viên order và phục vụ đều rất ổn,0,0,0,5,0,0
"sạch sẽ, gần sát biển, view đẹp, nhân viên nhiệt tình ạ. có dịp sẽ ghé lại",0,5,0,0,0,0
"nhân viên nhiệt tình, vui vẻ. phòng ốc rộng rãi, chất lượng âm thanh tốt.",5,0,0,0,0,0
"khách sạn đẹp, có 3 thang máy nên rất tiện. tầm nhìn qua cửa sổ cũng ok dù chỉ thấy một phần biến. phòng tiện nghi và sang trọng",0,5,0,0,0,0
"giao xe và đến tận nơi trả xe rất tiện cho khách hàng chỉ cần cmnd là thuê được, thủ tục thật đơn giản. mấy bạn giao xe rất nói chuyện rất hài hước và vui vẻ",0,0,0,0,4,0
"xem review thấy khen ngon mà sao đi ăn thấy hơi bị thất vọng. nước phá lấu nhìn giống phá lấu trong sài gòn, ăn cũng có vị ngọt ngọt nhưng kết hợp với mì tôm thì thật thảm họa buồn cười . mình ăn chả thấy ngon gì luôn. mà sao dân tình khen dữ vậy trời. bên hai bà trưng tuy nhìn không ngon nhưng ăn hợp khẩu vị hơn. được cái là thịt, lòng, gan nhiều thoy. có lẽ ăn với bánh mì đỡ hơn nhưng mình nghĩ mình chả hợp với khẩu vị của quán đây. cảm thấy hơi bị tiếc 20k 😐",0,0,0,1,0,0
"phòng đẹp, ấm cúng, lễ tân nhiệt tình hỗ trợ.vị trí thuận tiện đi đến các điểm du lịch trong nội thành, chợ đêm, ăn uống",0,5,0,0,0,0
"tới thành phố biển quy nhơn du lịch đi chơi chụp ảnh nhiều nên chân mình mỏi rã rời. search google thì may sao tìm thấy chỗ này. cũng may mình đặt lịch trước không thì đến phải đợi . chỗ này tối đông kín ghế, không gian thiết kế ổn, ấm áp,tone màu hợp với những đứa chuyên sống ảo như mình. tay nghề của các bạn ktv khá ổn, chịu khó hỏi han khách cần gì và lễ phép. giá tiền cho 1 lần massage chân là 200k/60p. ở thành phố du lịch mà mức giá như vậy mình thấy rất hợp lý. mọi sự mệt mỏi đều tan biến. mình sẽ ghé lại khi có dịp du lịch quy nhơn tiếp.",5,0,0,0,0,0
"rau ngon, xoài chua lét, bánh xèo chiên lại nên rất cứng, dày và dầu mỡ! nước mắm ăn được, nước chấm đậu phộng thì nhạt nhẽo!",0,0,0,2,0,0
"hải sản tươi ngon, giá cả phải chăng. đầu bếp chế biến tốt. nhà vệ sinh cần cải tạo sạch sẽ hơn.",0,0,0,4,0,0
"vé vào cửa biển khá rẻ, bên trong sạch sẽ, có nhiều cây và đặc biệt có những nhân vật trong câu chuyện cổ tích được dàn dựng thành tượng rất hay,.phong cảch đẹp, mát mẻ vì gần biển sống ảo là tuyệt vời",5,0,0,0,0,0
"tui o phong 308 khách sạn muong thanh quy nhon. khách sạn qua te. nem nam luong , men va nem nam rat ngua. may lanh thi hieu retech giong voi nhung khách sạn binh dan . voi cai gia phong 1560. khách sạn 4 sao ma kieu nay thi không con gi de noi. chia tay muong thanh quy nhon...",0,1,0,0,0,0
"kensi có nước uống ngon, thưởng thức một ly hồng trà chanh dây thanh mát vị chua nhẹ, đánh tan nóng bức trong người. nhân viên phục vụ lịch sự, dễ thương, bạn bartender thì hơi nhút nhát, nhưng pha chế nước rất chăm chút.",0,0,0,5,0,0
"tuyệt vời, giá ok, sẽ quay lại đây và giới thiệu cho bạn bè",0,4,0,0,0,0
"được bạn giới thiệu đến quán , lúc đến thấy quán hơi vắng nên cũng e ngại nhưng bà chủ rất nhiệt tình nên mình vào chọn vài món, phải nói là ăn ngon hợp vị của mình, nhân viên rất niềm nở m thấy hài lòng về bữa ăn và giá cả, tiếc là quán chưa được nhiều người biết đến cho quán 5 sao , năm sau có dịp m sẽ quay lại ủng hộ",0,0,0,5,0,0
"món ăn ngon, chị chủ quán dễ thương tuy quán, giá cả hợp túi tiền, tuy quán không có không gian trang trí đẹp nhưng tất cả mọi thứ khác đều ok, sẽ ghé lại nhiều lần nữa",0,0,0,5,0,0
"có chú siêu nhiệt tình , tốt tính xuất sắc xuất sắc xuất sắc xe có giấy tờ và mũ bảo hiểm để sẵn trong cốp, khi thuê không cần tiền cọc trước mà chỉ cần cmt và sđt xuất sắc xuất sắc xuất sắc 💯💯💯",0,0,0,0,4,0
"quán này cũng khá nổi ở qn. không gian tuy hơi nhỏ nhưng trang trí dễ thương nè. nhân viên cũng dễ thương và nhanh nhẹn, anh chủ quán dễ thương luôn menu khá đa dạng, trà chanh trà sữa trà đào bla bla. có size lựa chọn luôn. mình uống trà chanh cũng ngon mà lần sau uống trà sữa cũng okay nốt nếu có dịp sẽ uống lại",0,0,0,5,0,0
"khá tiếc vì 1 khách sạn mang tiêu chuẩn 4 sao nhưng khách hàng phải tự xách hành lý từ tầng hầm lên khách sạn, sau đó tự xách hành lý lên phòng. phòng mình ở máy lạnh bị hỏng, mùa hè nha trang rất nóng, khách sạn không có hướng giải quyết và củng không thể đổi phòng khác cho gia đình mình, 2 đêm lưu trú tại đây mình hoàn toàn ở trong căn phòng bị hư máy lạnh và không nhận được bất kì lời xin lỗi nào từ phía nhân viên tại đây. nhân viên lễ tân rất kém, thái độ phục vụ khách hàng không hề chuyên nghiệp, lời nói rất không tôn trọng khách hàng (chỉ trừ nhân viên lễ tân ca đêm) !! minibar sơ xài, chỉ có trà cà phê và suối, toilet bốc mùi hôi mình phải nhờ nhân viên hk đốt tinh dầu cho bớt mùi và nền toilet có các mảng bám rất bẩn. đây là 1 trong những khách sạn có đội ngũ lễ tân phục vụ tệ nhất mình từng trải nghiệm ! mong các bạn cải thiện.",1,1,0,0,0,0
"mình đến quán do nó khá gần hostel mình ở, lần đầu được ăn phở đúng gốc hà nội và cảm thấy không hề thất vọng tí nào. phở ở quán vị rất ngon và đậm đà, mùi bò rất thơm và thịt mềm dễ ăn. mình thích ăn hơi cay nữa nên thêm tí ớt vào là tuyệt vời luôn, đúng chuẩn kì vọng của mình. đến quán sớm nhưng cũng khá đông khách, may mà cũng không cần phải chờ đợi gì lâu",0,0,0,4,0,0
"điểm hẹn quen thuộc của mình vào những ngày trái gió trở trời :))) thiệt sự là quán này nếu khôg gian rộng hơn chút nữa thì quá tuyệt vời, khách đông nhưng không gian hơi chật nên khá ồn ào. nghe a chủ nói chuẩn bị decor lại quán hy vọng là thêm nhiều view sống ảo mới ^^ . trà sữa ở đây thì ngon khỏi nói rồi, thơm ngon, vị ngọt vừa phải, giá cả lại phải chăng. nhân viên phục vụ nhiệt tình , thân thiện, chủ quán kute dễ thương vô đối ^^ sẽ là khách ruột của quán ni vui vẻ",0,0,0,5,0,0
đây là lần đầu tiên mình đánh giá 1 sao trong đời.,0,1,0,0,0,0
"các bạn hỗ trợ nhiệt tình, xử lý hỗ trợ vừa lòng khách",0,4,0,0,0,0
"đang giảm cân mà nhìn cái combo này là bao nhiêu ý chí giảm cân lại tiêu tan buồn cười buồn cười mình là fan của matcha trà xanh , phải nói là cực ưng ý matcha ở đây luôn . quán này view đẹp khỏi bàn rồi . menu thì quá trời các loại đồ uống , có kèm theo bánh nữa . bánh ở đây loại nào cũng ngon hết :3 giá cũng phải chăng nữa . nói chung là ai đến đây thì cứ chọn cho mình một ly matcha trà xanh hay chocolate với một loại bánh nào đó thì quả là một lựa chọn tuyệt vời tốt",0,0,0,5,0,0
bạn có thể nhìn thấy nhiều cảnh đẹp của thành phố trong khi bạn thư giãn trên một chiếc thuyền và chụp nhiều bức ảnh như bạn muốn với nhiều điểm dừng. nó chỉ có 30 dng cho 3 giờ đi xe.,4,0,0,0,4,0
"gần chợ đêm, quảng trường, nhân viên nhiệt tình",5,0,0,0,0,0
chúng tôi đã tính phí 280 không cho 1. hành trình 2 km mất 10 phút lúc 11 giờ sáng. thật khó để tranh luận khi chúng tôi có một ít trong xe.,0,0,0,0,2,0
"xe buýt nước sài gòn giúp bạn khám phá sài gòn qua góc nhìn từ phía đi tàu thủy, rất tiết kiệm chi phí, cảm giác lạ cho khách du lịch nước ngoài",0,0,0,0,5,0
cẩn thận với giá cả. cần mặc cả khi mua hàng. cẩn thận với người bán. họ khá hung dữ. nên đi tham quan xem cho biết. hàng hóa không nên mua ở đây. đa phần là đắt và kém chất lượng.,0,0,0,0,0,1
"giá cả rất hợp lý, nhân viên dễ thương, khách sạn có nhiều tiện ích rất tiện lợi. nhờ villa mà nhóm đã có một chuyến du lịch rất thoải mái và nhiều kỷ niệm.",0,5,0,0,0,0
"thức ăn dưới mức trung bình so với giá họ đang tính. nếu bạn muốn xé 2 miếng thịt trên đĩa thịt của họ hoặc món bánh manoushe khô nhất (bánh pizza kiểu li-băng) mà tôi từng ăn trong đời này, thì hãy tự mình nếm thử. nhưng đừng nói rằng bạn đã không được cảnh báo. nhân viên đã ngồi xung quanh và trò chuyện thay vì phục vụ khách hàng. các vũ công múa bụng cũng biểu diễn tối đa 5 phút, những lần khác họ chỉ ngồi, ăn và trò chuyện với những nhân viên phục vụ còn lại. hãy tiêu hàng triệu đồng của bạn cho một bữa ăn đúng nghĩa ở một nơi khác. đầu bếp hoặc chủ sở hữu cũng sẽ bỏ qua bạn nếu bạn không phải là người ả rập, tôi không ngạc nhiên khi chỉ có 3 khách hàng khác trong nhà hàng của bạn. bạn đang ở việt nam .... hãy thức tỉnh chính mình",0,0,0,2,0,0
"nhân viên phục vụ thân thiện, nhiệt tình. suite sạch sẽ, view đẹp và có nhiều tiện nghi cho gia đình.",5,5,0,0,0,0
"mỗi lần ghé thăm tôi đều phải ăn ở đó, thực sự là một trong những món ngon nhất, tôi gần như đã thử hầu hết thực đơn ở đó, tôi rất khuyên bạn nên",0,0,0,5,0,0
"bước vào quán ôi dời ơi boss auto dễ thương nha. không gian nhỏ xinh xen lẫn ánh đèn vàng tạo cảm giác ấm cúng. nhân viên vô cùng thân thiện... còn về phần pizza vỏ bánh dày vừa đủ, không cứng, giòn nhẹ, nếu lớp bột phủ bên ngoài ít lại thì còn tốt nữa. nhân bánh ngon nhưng không nhiều, gia vị theo kiểu tây, hơi nhạt, thơm mùi phô mai. theo cảm nhận của mình thì mình xin đề xuất mọi người gọi pizza từng loại riêng vì thập cẩm không ngon lắm, có lẽ vì nó mix... nói chung là rất ok mọi người nên đến thử.",0,0,0,5,0,0
"đi quy nhơn ăn ở đâu cũng hài lòng trừ quán này. ban đầu gọi sò huyết thì hơi nhỏ, tạm chấp nhận, tôm rang muối cũng nhỏ xíu như hình. đến món tôm tít cháy bơ tỏi ban đầu bưng ra thì thấy y hình đẹp mắt đó nhưng ăn thì thôi rồi, chẳng có thịt. mình kêu phục vụ ra nói tôm tít cháy tỏi này bên em làm tôm sống hay chết, phục vụ nói tôm sống. mình nói: tôm tít chắc chắc là tôm ngộp bên em đem hấp bỏ tủ lạnh, giờ đem ra chế biến, anh dân đà nẵng ăn hải sản ngày bữa gì không biết. đã từng ăn tôm tít ngộp đem hấp cấp đông, mua về chế biết thử rồi nên mình biết. với lại mình nói nếu tôm sống không thể nào bên em chế biến nhanh như vậy. mình nói thì nhân viên có đem vô làm lại dĩa khác. sau khi về mình đi vệ sinh thì thấy dĩa tôm tít đó họ đổ hết vào thùng rác. bó tay !",0,0,0,1,0,0
"một trong những địa chỉ ẩm thực nổi tiếng ở hà nội, phở lý quốc sư sạch sẽ, không sang trọng và hương vị cũng chẳng xuất sắc nhưng nhiều người đồn thổi. trung bình nhé!",0,0,3,3,0,0
"khu vui chơi mua sắm hiện đại, có rạp chiếu phim, có khu vui chơi cho trẻ em",3,0,0,0,0,0
"hòn khô đẹp, sóng yên hơn kỳ co, biển trong xanh, lên ảnh đẹp lắm nha. ở đây mình lượn rất nhiều ốc, xinh lắm, có mấy mẩu san hô gãy dạt vào biển nên mình nhặt luôn. mình còn đi phao chuối nữa, cảm giác thích mê lắm mình chỉ tiếc là lúc chiều ra hơi muộn nên phần đường đi giữa biển bị sóng lên cao quá chưa chụp được. nếu các bạn đi nên đi vào buổi sáng hoặc trưa để thấy được bãi cát giữa biển lớn nha :d mình nhìn trên ảnh đẹp lắm đó",5,0,0,0,0,0
"gotour là công ty du lịch uy tín tại quy nhơn mà tôi từng biết, hướng dẫn viên ngoài nhiệt tình và vui vẻ , còn biết chụp ảnh cho khách hàng rất đẹp. gia đình tôi hài lòng về chuyến đi vừa rồi. hẹn gặp lại gotour quy nhơn những dịp khác",4,0,0,0,0,0
"quán này là có mấy bạn nữ còn trẻ bán, kế bên có 1 cô mời nước,ko uống bị nói lớn tiếng. ốc ăn như ốc tạp, thúi có, hư có, nghe mùi gián ,tươi có nằm chung 1 đĩa. giá không rẻ không ngon thềm quán cao, nên khj dân phòng tới, là khách nhảy lên thềm. món ăn đag dạng, nhưng bán không có tâm, nói về đặc sắc thì không có, thua xa mấy quán còn lại.",0,0,0,1,0,0
"nơi tốt với siêu thị trên tầng 3. nhà cung cấp tầng 2 có vẻ thoải mái và vui vẻ hơn khi đàm phán, giá cả rất hợp lý. có thể mua thực phẩm để mang về làm quà lưu niệm tại siêu thị trên tầng 3.",0,0,0,0,0,1
"bobo station trần cao vân, hôm nay có dịp ghé bobo trần cao vân uống , nước uống ở bobo thì ngon rồi không gian tuy nhỏ nhưng cách bố trí khiến cảm giác bước nào không nhỏ tí nào , nay mùa noel nên quán trang trí khá đẹp mắt , nay cũng sống ảo được vài tấm ưng ý , chỉ là bobo oqr trần cao vân hơi xa nơi mình ở nên mình hay ghé bobo diên hồng hơn , nhưng nước uống vẫn rất chất lượng , quán lúc nào cũng tấp nập khách , mình hay order trà ô long , có dịp các bạn nên thử , mùi vị khá hấp dẫn,",0,0,0,4,0,0
"trong cơn đói của buổi trưa đầu hè, còn gì tuyệt vời hơn ngồi thưởng thức đặc sản bình định. tré bình định sực sực, kẹp thêm ít rau ta nói nó đã. cuộn thêm miếng bánh xèo với bánh tráng ít rau dưa chấm nước chấm bánh xèo, còn gì tuyệt vời hơn nữa. ta nói nó nhức cái nách đó mà, ăn xong uống thêm chai nước nha đam, đi chục km đi bộ cũng thấy nó đã cái nư 😁 đến bình định nhớ ghé lại gần thưởng thức với nẫu nha, 30k/cái bánh xèo 🍽 như ly nước sài gòn mình thôi hài lòng",0,0,5,5,0,0
"hình phòng giống với thực tế. yên tĩnh, phòng sạch sẽ, nệm nằm thoải mái, view thoáng dễ chịu. xung quanh villa có nhiều cây xanh. mức giá chỗ nghỉ rất hợp lý.",0,5,0,0,0,0
view nhà lông buổi tối đẹp.,0,4,0,0,0,0
"quán rât sạch sẽ so với các quán còn lại, nhân viên chủ íu là người trong gia đình rất nhiệt tình thân thiệt . nếu ăn hải sản bình dân đây là địa điểm lý tưởng hơn cả***. cả đoàn tàu mình ai ăn ở quán này cũng đều khen . và mỗi dịp tàu dưng ở quy nhơn là cả nhóm hay ghé quán út lợi",0,0,0,5,0,0
"máy mới và tốt, máy chủ trạng thái quá vô tình",0,0,0,0,5,0
"mình là du khách được giới thiệu đến tiệm mua bánh hồng, bánh ít lá gai về làm quà. bánh hồng 70k/kg, bánh ít lá gai 3.500 / cái. tiệm chuyên bán bánh tây và bánh kem là chủ yếu. nhân viên phục vụ dễ thương, và kiên nhẫn tư vấn bánh cho mình. tiệm còn hỗ trợ cắt bánh hồng ra thành các miếng nhỏ nhé. bánh mua về gia đình mình khen ngon và muốn mua thêm. các bạn ghé thử nhé.",0,0,0,5,0,5
"lần đầu tiên chúng mình vào quy nhơn, do sự tình cờ nên biết được quán ốc này. thực sự thì chất lượng phục vụ ở đây vượt trên kỳ vọng của chúng mình. đồ ăn thì ngon, phục vụ rất nhanh và linh hoạt theo nhu cầu của khách. ốc các loại đều tính đồng giá chỉ có 20k nên tùy bạn chọn đủ các món ăn thỏa thích nhé. chúng mình đi 5 đứa nên càn quét menu quán, tưởng ăn không hết mà ăn hết nhanh không tưởng :)) với những bạn lần đầu đến quán, ngoài các món ốc, mình đề cử các món cháo hải sản, bạch tuộc, cá nướng rất là ngon nha.",0,0,0,5,0,0
"... trên và ngoài 'cuộc gọi của nhiệm vụ', người lái xe từ sân bay đã gọi điện có lẽ nửa giờ sau khi đưa chúng tôi xuống để nói rằng vợ tôi đã để quên một chiếc áo khoác trong xe và anh ấy sẽ trở về khách sạn cùng. những gì nhiều hơn có thể được yêu cầu cho? chúng tôi đã rất biết ơn và đánh giá cao.",5,0,0,0,5,0
"chúng tôi đã hoàn toàn tận hưởng kinh nghiệm và kiến ​​thức rộng lớn của phats về khu vực chúng tôi đã tham quan. điều này đã giúp chúng tôi thoải mái, tránh được rắc rối và cô đọng lại rất nhiều điều trong 11 ngày dưới sự hướng dẫn của anh ấy.",5,0,0,0,0,0
tôi đến đây với vị hôn thê của tôi. tôi là người anh và cô ấy là người việt nam. chúng tôi đã thấy vô số đánh giá trực tuyến và nghĩ rằng sẽ rất tuyệt nếu thử vì tôi chưa có đồ ăn thoải mái trong ngày lễ này.,0,0,0,3,0,0
"quán nằm trên đường nhỏ, tên đường lạ nên phải search map mới bik :)) nhưng đi riết ùi cũng quen. decor quán dễ thương, thích không khí yên tĩnh ở đây, chị chủ vui tính, cho chụp hình thoải mái, nhân viên phục vụ chu đáo, niềm nở. mình mới thử dừa tắc, matcha, trái cây tô vị dâu, nói chung là ok, vừa miệng. rất đáng để thử tốt tốt",0,0,0,5,0,0
"đi du lịch trãi nghiệm mà chưa đến làng chài nhơn lý thì thật đáng tiếc mọi người nhé! đồ ăn tươi ngon, rẻ. dịch vụ homestay rất ok. mấy quán café view xịn xò.",0,4,0,4,0,0
"hải sản ở đây tươi sống. nên đi vào buổi chiều lúc cá mực lên. vô đây chỉ muốn mua hết chợ. nhưng các gian bán hàng ở đây bán thách nên phải trả giá. ghẹ lơn tầm 160 - 180k ghẹ nhở tầm 130k. ốc móng tay 70k- 80k. cua thịt từ 120k- 150k. đó là những món mình hay mua, con nhưng món còn lại mình không biết. ^^ chúc ai ghé nơi đây có 1 hôm đi chợ thật thú vị.",0,0,0,0,0,4
tôi tìm thấy hầu hết những thứ tôi đang tìm kiếm ở đây. cái chính là bánh mì siêu chất. hoàn toàn ngon. tôi cảm ơn rất nhiều,0,0,0,5,0,0
"làm dịch vụ cùng nhau lâu rồi mới có dịp qua quy nhơn nhậu cùng thằng em cho thuê xe máy số 1 quy nhơn. ngày càng phát triển em nhé, làm ăn có tâm tức sẽ có tầm",0,0,0,0,4,0
"quán hải sản tươi, giá rất bình dân, nấu cũng rất ngon nữa. highly recommended cho các bạn thích ăn hải sản tươi giá rẻ.",0,0,0,5,0,0
"đèn phòng toàn màu vàng nên cảm giác phòng hơi tối, ăn buffer sáng của khách sạn về món ăn thì cũng bình thường nhưng giá thì hơi đắt. thuê xe máy thì khách sạn chỉ tính theo ngày nên đi thêm mấy tiếng cũng tính cả ngày. hơi mắc",0,2,2,0,2,0
"2 vk ck lơ vơ tìm quán ăn vặt đêm, phi vô, quán ngồi thoáng, chủ quán trẻ trung dễ mến, đồ uống, sinh tố rẻ toàn dưới 20k, gọi 2 cốc kem bơ 18k/cốc ngon như ăn ở đà lạt 😁😁",0,0,0,5,0,0
"đó là một nơi yên tĩnh và đẹp. người dân địa phương rất dễ nói chuyện, họ cũng dễ mến; người cá sống tại làng chài. hải sản cũng rẻ. tôi hy vọng ngôi làng này sẽ không phải là một địa điểm thương mại như mọi người đã từng làm với những nơi khác từng rất đẹp ở việt nam.",0,0,0,0,0,0
tôi không tin đây là cách an toàn nhất để đến vũng tàu.,0,0,0,0,1,0
"thật là một trải nghiệm nhà hàng thú vị và thư giãn. đi xuống một con hẻm nhỏ và trong khi một số tòa nhà xung quanh ngóc ngách nhỏ này đang được trùng tu, nhà hàng này vẫn kiên nhẫn ngồi đó chờ bạn ghé thăm. lối trang trí thế giới cổ của pháp, dịch vụ thân thiện và đồ ăn ngon. chúng tôi thích nó đến nỗi chúng tôi đã quay lại ba lần. và lần gần đây nhất là trận chung kết world cup bóng đá nên chúng tôi đã ăn và sau đó xem trận đấu với những người bạn đồng hành cũng như người dân địa phương. những phát súng ăn mừng do barman truyền tay nhau. bầu không khí tuyệt vời.",5,0,5,5,0,0
quán này có ý tưởng kinh doanh khác lạ. vào không gian như quay về năm 1989. cơ máy lạnh thang máy là ok. đến quy nhơn không ăn quán này là thiếu sót. món ăn vừa vị. cần bổ sung các món ăn mang âm hưởng miền quê hoài niệm. mặt tiền quá cần in thêm các hình ảnh của bên trong quán ăn để biết phong chách quán và bố trí nhiều đèn hơn để khách đi ngang thấy. có ý tưởng là mình ok. cố gắng phát triển.,0,0,0,4,0,0
các thắc mắc và thay đổi thời gian đến của chuyến bay đã được ghi nhận và phản hồi kịp thời.,0,0,0,0,5,0
"không giang vắng, nhưng sự nhiệt tình và nhân viên ở đây lịch sự lắm",0,0,0,0,4,0
quán nhân viên rất nhiệt tình đồ ăn lên món nhanh ăn ngon các bạn nhân viên nam tiếp thực rất nhiệt tình nhờ lấy đồ làm rất nhanh món ăn ngoan phục phụ tốt,0,0,0,5,0,0
"phòng sạch sẽ, nhân viên thân thiện và nhiệt tình",0,5,0,0,0,0
"người lái xe lịch sự, hộ tống chúng tôi đến một địa điểm nhận hàng được chỉ định với túi của chúng tôi. xe đã được sạch sẽ và được đưa trực tiếp đến khách sạn của chúng tôi như đã đặt.",0,0,0,0,4,0
"5 sao cho dịch vụ tốt, từ du lịch đến nhà hàng ăn uống điều đảm bảo và đúng với yêu cầu của chúng tôi đề ra, đoàn 80 người nhưng quán đã phục vụ rất hài lòng. chúc cho quán thành công hơn nữa.",0,0,0,5,0,0
"tại 30, 000 đồng (aud $ 2. 50) bạn có thể làm một chuyến đi trở lại kéo dài khoảng một tiếng rưỡi và có được tầm nhìn thực sự tuyệt vời của dòng sông và tất cả những gì diễn ra ở hai bên. nếu thời tiết xấu thì đây là một nơi tốt để ngồi và thư giãn và xem cuộc sống của con sông. đưa 3 đứa con của chúng tôi và họ rất thích chuyến đi. có một số điểm dừng bạn có thể nhận được iff tại nếu bạn thích, chúng tôi chỉ ở lại và đã làm chuyến đi trở lại. mới của nó và có một nhà vệ sinh trên tàu.",4,0,0,0,4,0
đồ ăn sáng chưa phong phú.,0,0,0,3,0,0
"không gian nhỏ nhưng ấm cúng, các bạn nhân viên nhiệt tình cực luôn nhé. mình gọi cái set 3 gồm bò và đà điểu nướng, thêm cái lẩu 70k nữa là ăn 2ng vừa đủ ^^ đồ nướng ở đây tẩm ướp ngon vừa miệng, nướng kèm bơ và dầu thơm nực. lẩu ngon, nhưng bún hơi ít, toàn phải gọi thêm ~.~ đồ ăn kèm ngon, cực thích kim chi :3 nghe bạn mình nói pizza ở đây cũng ngon lắm mà chưa thử 😌😌 hẹn bữa sau quay lại ăn ;)))) anyway hài lòng với quán này ^^",0,0,0,5,0,0
"tôi đã gọi món bánh mì kẹp thịt thuần chay. đừng bao giờ gọi lại. hộp thập cẩm này có giá 80k. bánh cứng như đá, pattie thuần chay quá dai nên không thể ăn được. gửi lại cho nhà bếp, hỏi đầu bếp xem anh ấy / cô ấy có muốn không hãy ăn món này.",0,0,0,4,0,0
quả thật rất đẹp.phong cảnh hữu tình đến rồi mà chẳng muốn đi.cách bố trí thật sang trọng và lịch lãm.tuyệt,5,0,0,0,0,0
"ói về quán cafe bình dân cho mọi lứa tuổi thì mình thấy ở quán này khá ổn, quán rất rộng và lớn nhé. quán có nhiều view nhé, những man teen yên tâm nhé phía ngoài thì nhìn khá đơn giản nhưng ở phía trong quán có view khá zể thương lắm, với tông màu đèn vàng chụp ảnh max ảo diệu luôn. menu của quán khá nhiều món cho mình lựa chọn, mình thấy giá cả cũng khá hợp lý trong tầm trung bình dân nhé. quán nằm khá xa với sinh viên nên mình thấy có khá ít sinh viên đến uống.",0,0,0,4,0,0
"đi ăn ở đây nhiều lần rồi hôm nay mới viết bình luận về quán. quán xinh, chị chủ xinh, đồ ăn cũng xinh, giá xinh, chất lượng cũng xinh nốt. nói chung là đối với em garden xinh toàn diện ấy. 2ac chủ với nhân viên phục vụ ai cũng vui tính niềm nở hết. 💕🌸💓🍓🌷",0,0,0,5,0,0
"quy nhơn có được quán này là ưng nhất, không gian là thôi miễn bàn, trang trí tết đẹp nha, gốc nào ngồi cũng đẹp hết, thích lắm, này đi lúc sáng chụp hình cũng đẹp hơn vì có nắng, nước uống ở đây thì bình thường thôi không ngon lắm nhưng không quan trọng, nhân viên oki,",0,0,0,4,0,0
vé vào kì co là 90k vậy là quán cơm họ thu 360k trên mỗi đầu người cho suất cơm trưa. quá đắt không đáng để vào đây ăn.,0,0,0,1,0,0
"tiện nghi có một số hạn chế. không có bàn ủi trong phòng, muốn ủi đồ phải thuê khách sạn. đối với khách sạn 4 sao thì tôi thấy đây là khuyết điểm",0,3,0,0,0,0
"thực ra mình đến nha trang khá nhiêu lần, nhưng lần này mình không chon trung tâm mà chọn địa điểm khá yên tỉnh đó là khu hòn chồng nha trang, khách sạn này nằm trên con đường bắc sơn không quá náo nhiệt nhưng đi lại rất thuận tiện, ra biển 50m, tiện nghi đầy đủ, đặc biệt có hồ bơi. đội ngủ nhân viên rất nhiệt tình,",0,0,0,0,0,0
"thái độ của bạn phục vụ vô cùng bất lịch sự, confirm món ăn mà nạt vô mặt khách. từ quản lý cho đến nhân viên đều có thái độ bất lịch sự. đem đồ ăn ra để lên bàn 1 cái đùng rồi quay đi. khi kêu tính tiền, thì không ai đáp. mình phải gọi 3 lần thì bạn nhân viên mới hất hất đầu. cảm giác là mình đi xin ăn chứ không phải là đến ăn trả tiền (giá đồ ăn cũng không rẻ).quá thất vọng, không bao giờ quay lại.",0,0,0,2,0,0
"dễ tìm nằm ngay mặt đường, sân khá rộng tha hồ để oto, bảo vệ nhiệt tình, nhà không hẳn mới được cái cao thoáng, điều hòa mát đèn chiếu sáng tốt. âm thanh không quá ồn.",0,5,0,0,0,0
"hàng xinh, vải đẹp mẫu mã đa dạng, giá cả hợp lý, chủ shop nhiệt tình tư vấn <3",0,0,0,0,0,5
quán sạch sẽ thoáng. chủ quán nhiệt tình vui vẻ. món ăn rẻ chỉ cần 100k là no bụng và thưởng thứ được tất cả các món. ngon bổ rẻ 🍝🍧🍨🍦🍛🎍🎉 hài lòng hài lòng hài lòng,0,0,0,5,0,0
món ăn sáng không ngon lắm. mình đặt món mì quảng nhưng lại dùng sợi mì hủ tiếu,0,0,0,3,0,0
"cô chú già cho thuê, cũng nhiệt tình. có một số vấn đề mình thấy không vui lắm mà cô chú sẽ khắc phục, nếu nhiệt tình thì cô chú là số 1. sẽ ủng hộ cô chú nếu lần khác ghé kỳ co eo gió.",0,0,0,0,4,0
mình thấy không phù hợp tiêu chuẩn khách sạn 4*. ăn sáng sơ sài ít món lắm luôn. phòng tắm thì bé quá làm gì cũng vướng. phòng mình ở không có tắm đứng mà chỉ có bồn thui.,0,2,2,0,0,0
"phá lấu ở đây siêu ngon luôn nhưng qua mình ăn thì phần ruột có hơi tanh chút (ít lắm nên cũng không ảnh hưởnh gì nhiều đâu). lagu cũng ngon lắm luôn, đem ra thơm phức, thịt mềm siêu thích luôn. nhất định ghé thử nha, ngon sạch và giá cũng ok.",0,0,0,5,0,0
thi thoảng có mùi cống từ lỗ thoát nước,0,2,0,0,0,0
hải sản tươi ngon. giá cả cũng tương đối hợp lý chứ không bình dân. đúng kiểu tiền nào của nấy.nhân viên phục vụ đến chủ quán rất vui vẻ và nhiệt tình.,0,0,0,4,0,0
"ấn tượng đầu tiên là xe rất mới...có ""☆"" rồi tiếp theo là cô chú rất là thân thiện, nhiệt tình nữa còn gì bằng...tăng lên ""☆☆☆"" lúc nhận xe đi được 1 lúc cảm nhận là "" ô má ơi... đi còn sướng hơn xe của mình"" buồn cười buồn cười buồn cười buồn cười ""☆☆☆☆☆"" thật tình là trước kia có ấn tượng không tốt ở việc thuê xe.... nhưng từ khi thuê xe chú... là xác định là khách hàng lâu dài, ráng chai lỳ cho có thẻ vip buồn cười buồn cười bonus : chú còn sửa xe nữa - cực có tâm, cực chất lượng, cực kĩ tóm lại là perfect❤",0,0,0,0,5,0
"khách sạn quy nhơn gần biển, phòng đẹp sang trọng quá chất lượng so với mức giá.",0,5,0,0,0,0
"khách sạn gần những địa điểm du lịch, ăn uống hot: đồi đa phú, tiệm gà tuk tuk, vườn dâu,.... cách quảng trường lâm viên khoảng 3-4km, khá thuận tiện để di chuyển. khách sạn phục vụ theo hình thức mới (hạn chế tiếp xúc để đảm bảo an toàn cho khách hàng) rất hay, cảm giác thoải mái như ở nhà mình.",0,5,0,0,0,0
"quán siêu rộng, tận 3 tầng. tầng trên cùng là chuyên ăn đồ nướng, với view thoáng nhìn ra được quảng trường. ở đây có thể gọi theo buffet giá nhiều loại 189k/người, set 289k và 389k, 489k thì có thêm nhiều loại thịt và hải sản hơn. ngoài ra còn có combo vip giá 1.289.000 gồn có bò wagyu, tôm hùm, cá hồi na uy, sò điệp, cua tuyết, hàu nhật... đồ ăn miễn phí cho buffet là lẩu hải sản cơm trộn thố đá salad cá hồi kim chi khoai tây kén rau củ quả và các loại maki.",0,0,5,5,0,0
nên thêm biển chỉ dẫn phòng khi bước lên cầu thang,0,4,0,0,0,0
không có điểm gì không thích,0,0,0,0,0,0
"nhân viên không chuyên nghiệp, lấy ví của khách !",0,1,0,0,0,0
"mình nghe bảo món matcha kem sữa quán này ngon nên uống thử. ấn tượng đầu tiên là không gian đẹp, menu nhiều món hot như ở đà nẵng mình từng uống qua matcha uống ổn trà trái cây cam uống mát mát",0,0,0,5,0,0
rất ổn app trong tầm giá,0,4,0,0,0,0
"quán này thấy nhiều ng recommend lắm nè, tới nơi đông ơi là đông, nhân viên cũng rất nhiệt tình dễ thương. mình chỉ order 3 món thôi, vì còn muốn để bụng ăn món khác nửa, ốc hương xào me, con khá to, ăn đã lắm, ốc tươi, xào me ăn vừa miệng lắm. sò điệp nướng mỡ hành cũng ngon, ăn chung w muối tiêu xanh, nhug muối này hơi ngọt xí. mực nướng muối ớt mình gọi 300gr, mực tươi nướng thấm, ăn rất giòn, không dai. sẽ ghé lại ăn nếu có dịp ghé qn lần nữa.",0,0,0,5,0,0
"e chọn gần 10 cái khách sạn rồi . chấm điểm e này cao nhất . đến lúc vào công nhận là quá ok luôn ạ. lễ tân thân thiện , phòng veiw đẹp , sạch sẽ , yên tĩnh . mê chữ ê kéo dài luôn ik",0,5,0,0,0,0
quầy bar không mở và thiết kế bồn tắm hơi bí bách,0,3,0,0,0,0
"khách sạn đường trần phú đối diện biển, nội thất hiện đại. phòng sạch sẽ. wifi và nước rất mạnh. bạn nam lễ tân nhiệt tình giúp đỡ khách",0,5,0,0,0,0
"nói thật là mình không khoái món này lắm. mình thấy bánh xèo nghệ an ngon hơn buồn cười buồn cười buồn cười . 20k/1 cái khá ít. mình đi 3 ng, gọi 6 cái mới đủ. có 3 vị là bò, tôm, mực. ở quy nhơn nên hải sản khá nhiều, mình thấy tôm và mực tạm được nhưng nếu ăn thì ăn tôm ngon hơn. lớp vỏ rán không giòn, kiểu kiểu bột ấy. nhân thì có ít giá đỗ và bò/tôm/mực. ăn kèm bánh tráng và rau thơm. chỉ thử 1 lần cho biết thôi.",0,0,0,3,0,0
"chúng tôi thích nó rất nhiều, chúng tôi sẽ mong được làm lại cho một bữa ăn khác trước khi chúng tôi rời quy rèn!",0,0,0,5,0,0
"biển hòn khô có làn nước trong xanh, rất sạch và du lịch không quá đông đúc. dải san hô ở đây đa dạng, đẹp",5,0,0,0,0,0
"là quán duy nhất bán mì cay vào cả buổi sáng nên cứ thèm khi nào là đi ăn khi đó ngay . không gian tương đối rộng rãi, bàn ghế nhìn sạch sẽ. sợi mì này không phải sợi mì tôm đâu , ăn vào sẽ thấy rất lạ ^^ không gian quán nhìn cũng sạch sẽ và thoáng mát nữa .mình mới gọi tô mì cay cấp độ 1 mà nước mắt nước mũi chảy dàn dụa rồi thì không hiểu cấp độ 7 hắn kinh khủng như nào. nguyên bàn mình xài gần hết cái hộp giấy quán người ta, thật là dị quá đi mà :(((",0,0,0,5,0,0
"tôi đã đi taxi vinasun vào ngày 1 thứ sáu tuần trước 14 tháng 6 từ trung tâm vincom đến đường bùi viện. khi tôi đến đích, tài xế nói 30, 000 đồng, tôi nói không phải là 60 không đồng được hiển thị trong đồng hồ. anh nói 30 không tôi chuyển cho anh 500 không đồng để đổi, anh chuyển cho tôi hình như đổi 50 không đồng. tôi cảm thấy trong lòng rõ ràng là thay đổi sai. anh ấy nên trả lại cho tôi 470 không dong hoặc 440 không dong. tôi cũng có lỗi vì đã vội vàng gặp bạn tôi ở đường bùi viện. bạn bè của tôi đã khuyên tôi sau sự cố này là hãy lấy grab cab từ bây giờ và cũng đảm bảo rằng bạn có một thay đổi nhỏ với bạn, trong trường hợp các tài xế không có thay đổi cho bạn. tôi đã rất tin tưởng vào vinasun tai, chuyến đi còn lại của tôi, tất cả những gì tôi đã lấy grab cars, và sau đó trên hành trình của tôi ở hồ chi được an toàn.",1,0,0,0,1,0
"cũng khá lâu không ghé lại cái view hường này <3, nay quán có 3 không gian lận, nên chổ ngồi thoải mái không chật chội như xưa nữa. quán cũng có 1 chút thay đổi sơ sơ về không gian, về giá cả thì vẫn bình dân v nhé. về món thì có khá nhiều món mới từ cafe đến các món nước cả trà sữa nữa. à nay quán theo kiểu mình vào oder nước tại quầy luôn nhé, thanh toán luôn rồi vào bàn sẽ có nhân viên mang tới, mình thấy cũng khá là hay, quán nay khá rộng nên thấy khách hơi ít đi thì phải.",0,0,0,5,0,0
"chúng tôi đang ngồi trong một quán bar cơ bản trống rỗng, gọi đồ ăn - sau 45 phút chúng tôi yêu cầu hóa đơn đồ uống như chúng tôi nói chúng tôi sẽ rời đi. . . . . họ nói không có thức ăn đang đến, chỉ 5 phút sau (20 phút sau) mất 65 phút để đến nơi.",0,0,1,0,0,0
"thuê xe ở đây có một cái lợi là nếu có trả xe trễ cũng không bị tính thêm, gia cả hợp lý, dòng xe chạy êm và còn mới, có dịp sẽ ủng hộ shop",0,0,0,0,5,0
"xe mới, tiện nghi, sạch sẽ. lái xe thân thiện, đúng giờ. điểm 10 cho mọi thứ",0,0,0,0,5,0
"vi vu trên sông sài gòn bạn sẽ nhìn thấy một sài gòn thật khác lạ, thật đáng yêu. một sài gòn không có kẹt xe, không còn khói bụi, không có những ""pha"" tạt đầu hay nhấn còi ầm ĩ ...... một sài gòn nhẹ nhàng, bình yên đến lạ",4,0,0,0,4,0
"quy nhơn là xinh đẹp có rất nhiều quán bán hải sản đầu tiên phải kể đến quán hải sỹ .nếu muốn vừa ăn hải sản, vừa hóng gió thì hãy đến với quán hải sản biển hải sỹ. quán có sự khác biệt mà nhiều quán hải sản khác không có, đó là khách hàng có thể chọn những con hải sản tươi sống còn đang bơi lội trong bể của quán và bảo nhân viên mang vào bếp chế biến đúng loại đó. quán có không gian khá rộng, nhân viên nhiệt tình , và đồ ăn rất ngon . sẽ ghé quán vào lần sau.",0,0,0,5,0,0
khung cảnh. họ quảng cáo là nhìn ra biển nhưng phòng của tôi ở tầng 5 và không có tầm nhìn ra biển vì nó bị các tòa nhà xung quanh chắn. không nên đặt tên phòng là hướng biển,0,4,0,0,0,0
chỗ vui chơi bên bờ biển. có thể mua đồ uống và đồ ăn nhẹ để ngồi ghế ngắm biển. vệ sinh không sạch sẽ lắm.,4,0,0,3,0,0
"nhà hàng có người quản lý tệ nhất mình từng gặp, mình đi có đem theo xe đẩy em bé, thay vì không thích có thể nói lịch sự thì mình cũng hiểu, đằng này đụng vô xe đẩy của mình rồi tỏ vẻ khó chịu, sau đó quay ra nói lớn với nhân viên để cho mình nghe thấy “sau này khách nào có xe đẩy thì nói để ở ngoài hết”, vâng, vừa ăn vừa bế con chắc ăn ngon lắm. cách cư xử quá kém như cái chợ của chị quản lý nha",0,0,2,0,0,0
họ đi bằng đồng hồ và đi con đường ngắn nhất.,0,0,0,0,4,0
"không vào ăn vì ăn sáng rồi, thấy người cùng đoàn vào ăn nói ăn không ngon, có thể do không hợp khẩu vị, giá hơi đắt, 25k/đĩa mà được có xíu bánh bằng quả trứng vịt, phải 2 đĩa mới đủ ăn",0,0,0,2,0,0
"nhân viên lễ tân ổn, lịch sự.",0,4,0,0,0,0
không có chỗ đậu dành cho xe oto.,0,2,0,0,0,0
"nếu 1 mình muốn ngồi học tập thì nơi này khá lý tưởng đeer đến quán nằm ở vị trí thuận tiện, trang trí khá dễ thương, nhân viên thân thiện, đồ uống pha chế vừa tuy nhiên giá cả hơi đắt 1 xíu, quán có không gian khá nhỏ",0,0,0,4,0,0
người quy nhơn rất thân thiện trừ nhân viên surf bar. tôi đến sử dụng dịch vụ trả tiền chứ không phải xin. còn hút cả thuốc lá ngay cạnh bàn khách hàng có trẻ nhỏ. nhắc nhở còn thái độ.,2,0,0,0,0,0
"khá hiện đại & rộng bát ngát, thơm tho, sạch sẽ & lịch sự. khách nước ngoài vào đây rất nhiều. có đầy đủ rạp phim, khu ăn uống, cafe, shopping, gym,...v...v....hầm giữ xe thì rộng bao la, nhưng bị cái có tính phí giữ xe nhé & giá mắc luôn thất vọng .",2,0,0,0,0,0
"không lèo tèo như ở hn nhưng ăn cũng bìn thường thôi,lòng,bò,ba chỉ,bạch tuộc mà ướp vị giống y xì nhau không có gì đặc biệt buồn cười bia quy nhơn 8k/chai rẻ thối lẩu thì 120k đồng giá mấy loại nhưng tụi mình không ăn",0,0,0,4,0,0
"quán kem được nhiều sự quan tâm của tất cả mọi lứa tuổi đặc biệt là học sinh sinh viên, bởi vì kem ngon mà giá rẻ thì không cách nào không có khách... tầm khoảng 6h đến 9h là quán rất đông khách và mỗi lần tới phải đợi để có bàn đặc biệt là cuối tuần... quán có rất nhiều món ăn vặt như cá viên chiên, bánh tráng trộn, trứng cút sốt me... kem các loại như kem kí, kem trộn, kem chiên... giá thành thì bao rẻ luôn nha... sẽ quay lại quán nhiều lần hơn nữa... vì cũng gần nhà...",0,0,0,5,0,0
"hôm nay mình có vô tình đi vào do tiện mua sắm với cả có bạn làm ở đây nên cũng lần đầu ghé ăn thử. mình đã được bạn nhân viên suggest thưe california do mình không biết mix gì cho hợp vị. cảm nhận của mình đó là vị rất hài hoà và không bị overtasted, đồ ăn lại rất fresh nữa, rất thích hợp cho những bạn đang diet. mình cũng nghĩ đây cũng là bữa hẹn hò hợp lý do đồ ăn cũng bắt mắt, thanh mát với cả dễ mix theo khẩu phần 2 người nữa, mình chắc chắn sẽ ghé lại !",0,0,0,5,0,0
"sân bay nhỏ , vắng khách nên làm thủ tục nhanh, có xe buýt vào trung tân tp quy nhơn",0,0,0,0,3,0
"nhìn ra sông, không khí yên bình, thức ăn tuyệt vời, giá cả hợp lý và nhân viên thân thiện.",0,0,5,5,0,0
"thủ tục nhanh chóng, xe mới và sạch sẽ, giao xe nhanh, giá cả phải chăng và đặc biệt anh chủ rất thân thiện. mình là khách du lịch đến còn được review cho nhiều địa điểm chơi, ăn uống ở qn rất ok. mình rất hài lòng và có dịp mình sẽ lại ủng hộ !!",0,0,0,0,5,0
đồ ăn chờ rất lâu dù quán không hề đông khách . đồ ăn tệ kinh khủng so với quán ăn ngon sài gòn thì quán ăn ngon ở hà nội thật sự là rất rất tệ.,1,0,0,1,0,0
"sushi rất ngon! tôi đã có maki bơ ngon và chồng tôi đã đi với một cái gì đó mạo hiểm hơn, một cuộn sushi chiên lớn với cá ngừ và cá hồi. theo anh, đó là món sushi tốt nhất anh từng có và sau đó anh không còn đói nữa, một điểm rất quan trọng bởi vì đó luôn là lý do để anh không đi đến những quán sushi. chúng tôi yêu nó!",0,0,5,5,0,0
"xe rất chật, bọn mình đi 2 đứa con gái nhưng vẫn chật, 1 nam 1 nữ đi chắc còn chật hơn nữa, so với giá dịch vụ quá tệ, không có gối, không có xe trung chuyển, dịch vụ tệ 1 saooo",0,0,0,0,1,0
"quán rất rộng rãi và sạch sẽ, đồ ăn ra nhanh. bát bún khá đầy đặn, nước dùng ngọt, có 4 loại chả cá khác nhau ăn đều ngon và hợp với nước dùng. có thể gọi bún cá sứa hoặc gọi sứa riêng để ăn cùng bún chả cả thì nhân viên sẽ mang riêng bát sứa cũng xoài bào sợi và nước dùng ra, cá nhân mình không thích ăn sứa với món này lắm nhưng người đi cùng có khen ngon. quán bán cả phở bò nhưng không phải sở trường nên không ngon lắm đâu",0,0,0,4,0,0
rất thích phong cách quán santorino coffee tea. có thể nói đây là quán cafe đáng để ghé thăm nhất ở quy nhơn. do đi công tác cả tuần nên mình cần tìm một quán cafe yên tĩnh và có đồ ăn để lf việc thì santorino chính là nơi tuyệt vời nhất từ món ăn cho đến các món desert như flan phô mai hay món mix có nhiều thạch rất sáng tạo. thích nhất chú chó alaska cực dễ thương. quán nhỏ xinh nhưng cũng đủ làm cho khách cảm thấy thoải mái nhất. khách tây ở đây đến dùng bữa khá nhiều.,0,0,5,5,0,0
nhất định lần sau mình sẽ quay lại vì dịch vụ & tay nghề các bạn khá tốt !,4,0,0,0,0,0
"là một trong những nơi đầu tiên đi đầu trong chè khúc bạch cách đây vài năm nên kiwi rất được lòng mọi người. từ đó tới nay kiwi vẫn luôn cập nhật các món ăn mới trong menu của mình liên tục nên menu của quán khá đa dạng phong phú. ngoài chè khúc bạch thì còn có các loại yogurt, hay gần đây nhất là có cả dừa tắc với cà phê cốt dừa. chất lượng nước ở đây ổn cho các món nước mà mình đã thử qua. à, còn bánh cũng ngon lắm đó, tới đây thì mình hay gọi bông lan trứng muối nhất. tuyệt lắm ^^",0,0,0,4,0,0
"dắt bạn về quê chơi, 2 đứa suốt ngày cứ đồ chiên nóng rồi trà sữa nên nó đòi ăn trái cây cho healthy. thế là dắt nó tới quán này, quán xanh nhìn yêu lắm mà hơi khó tìm buồn cười buồn cười 2 đứa gọi matcha đá xay với trái cây tô. không thích matcha đá xay lắm vì xay không kĩ, hút trúng đá miết mà vị cũng không ngon, uống xong mình bị nhức đầu nữa 😭😭 nhưng trái cây tô ngon nha màu sắc cũng bắt mắt lên hình đẹp. sẽ ghé lại để ăn trái cây tô!",0,0,0,3,0,0
"lúc mình đặt là giá bao gồm ăn sáng buffet, hình như lúc mình đi là dịch nên không được ăn buffet, mỗi ng chỉ được gọi 1 món. ăn không đủ no. tuy nhiên mọi thứ rất tuyệt so với số tiền",0,4,0,0,0,0
"khách sạn cực kỳ thân thiện với thú cưng, nhân viên còn giúp mình trông hộ bé 1 hôm do mình có đặt tour đi đảo.",0,5,0,0,0,0
"ăn quán này những ngày cuối năm , hầu hết các nhà hàng đều đóng cửa , ở đây còn mở mà khá đông khách , trừ món đậu hũ sau khi thử bị ôi , thì còn lại các quán tạm ổn , ok , lẩu cua nước lèo khá ngọt thịt , rau khá đa dạng , món cơm chiên mắm ruốc cũng rất ok",0,0,0,4,0,0
"ăn 5,6 món mà quên không chụp hết, quán chế biến ngon, ốc tôm rất tươi, nước chấm ngon lạ, có khai vị xoài chua, trà đá free, giá khá ổn áp",0,0,0,5,0,0
"vị trí xa xôi mà lại không có bãi biển của riêng mình để tắm. phòng ốc thì tạm được, đạt mức 3 sao. dịch vụ thì đơn sơ, nghèo nàn. view thì tạm được, còn xa mức 5 sao một khoảng cách không hề dễ san lấp. thái độ nhân viên thì gọi là đạt ổn ở 1 số bộ phận. cá biệt có bảo vệ cứ gọi khách là ""thằng"" ầm ĩ",0,3,0,0,0,0
khách sạn nên thay gương ở trong thang máy cho đẹp.,0,0,0,0,3,0
lần đầu mình đến poke thưởng thức và các bạn nhân viên phục vụ rất tốt luôn tươi cười hướng dẫn rất tận tình đặc biệt là các bạn làm cực kì nhanh không để khách đợi lâu. 150k một phần không quá mắc vì đồ ăn cực kì chất lượng. sẽ ghé lại lần nữa,5,0,0,5,0,0
"phụ thu 10% trong dịp tết (mình đi mùng 4) trà gạo thêm tc trắng (1 size 53k) mình thường gọi 50 đường đá nên vị trà đậm, lại ngọt vừa. nhìn chung khá dễ uống. giống vị trà gạo nhật mua trong ck có điều mình được giảm đường :>>> trà cam vàng đào nhài thêm tc trắng (1 size 53k) vị trà ổn, có vị cam uống không bị chua, có bông nhài (giống cúc màu vàng "" "" ) đào ít đáng thương. nói chung giá này sẽ cao với chất lượng ở đây. nhưng vì mình có uống mấy loại xêm xêm ở hcm rồi nên cũng không tính đắt. mặt bằng chung trang trí ổn, nhân viên nhiệt tình, bảo vệ nhanh nhẹn.",0,0,0,5,0,0
"treo đầu dê bán thịt chó, mua vé limousine mà đẩy lên xe sơ cua, hôi mốc thí mẹ, không nói gì về trả tiền thừa luôn. người gọi thì cục súc. - xe không cho được chai nước lọc. xin chừa, nếu làm ăn kiểu này ai còn dám đi.",0,0,0,0,1,0
"mình ăn quán này cũng được hơn chục lần, đợt này thấy mở thêm quán mới nên mình ghé qua check in thử. quán 2 cũng gần quán 1 mà được cái mặt bằng rộng hơn, thoáng hơn, với nằm trong khu đường yên tĩnh nên cũng thoải mái, không phải chen chúc, ốc vẫn đa dạng và đồng giá 30k, ngoại trừ 1 số món tính bằng con như ốc khế, ốc tỏi, sò dương, hào giá 10k/c. - hàu ngũ vị: hàu nướng phô mai, mỡ hành, bơ tỏi, sa tế, muối ớt. con hàu cũng bự, cũng tươi, 1 con 10k. - các món ốc khác xào vị đậm đà hợp với mình. nhìn chung, thì giá 30k/phần là chấp nhận được, đương nhiên với giá này không thể đòi hỏi ốc phải to bự, phần phải thiệt nhiều rồi. nhưng tính ra hợp lý, ăn được nhiều món và ngon. dân lao động hay học sinh sinh viên, văn phòng bình dân có thể ghé thường xuyên đàm đạo.",0,0,0,5,0,0
"quán này thì theo mình là khá khó tìm vì thấy xe cứ chạy vòng vòng, quán có không gian rộng và mát kiểu sân vườn (có máy che), quán sạch sẽ. mình tới quán chỉ ăn món gà thôi, gà luộc, gà chiên nước mắm, miến náu với lòng gà và xôi chiên. gà thả vườn nên thịt chắc, mà mình thì không thích ăn gà nên thấy hơi ngán. xôi chiên cảm thấy có dầu trong xôi nên ngán luôn :)) nhân viên nhanh nhẹn.",0,0,0,4,0,0
"không gian quán nhỏ xinh, bài trí nhìn rất ấm áp. quán sạch sẽ, gọn gàng. chè khúc bạch ở đây thì ngon khỏi bàn rồi, vị vải thanh, nhẹ nhàng hoà cùng thạch rau câu mềm mịn thêm hạt điều béo béo nữa. ăn hết chén rồi nhưng hương vị vẫn còn đọng lại, lại muốn ăn thêm chén nữa ^^ bánh ở đây khá ngon. riêng có một điểm trừ nhỏ là toppoki, toppoki ở đây không ngon, vị lạ lạ bánh gạo thì nhão nhẹt, chả cá hơi tanh. giá cả ở đây thì rất phù hợp với học sinh, sinh viên.",0,0,0,3,0,0
"sạch sẽ, gần biển gan trung tâm, di chuyển thuận tien cho gia đình",0,5,0,0,0,0
"một tổ hợp khoa học, nơi tổ chức hội thảo khoa học thu hút nhân tài thế giới",5,0,0,0,0,0
mình sẽ trở lại vào môt ngày gần nhất,0,4,0,0,0,0
"nhà bạn mình ở gần đây nên cả đám kéo nhau ra đây uống cf,tiện chụp choẹt 1 xíu đặng sống áo...:) tuy nhiên sau khi order đồ uống xong thì bạn nhân viên phục vụ nói đây là nhà hàng nên nếu chỉ kêu nc không sẽ phụ thu thêm 10k/nguoi. mình thấy không hợp lý cho lắm. nhưng thôi,coi nhu 10k là tiền view đê chụp hình cũng được. đồ uống tụi mình toàn kêu soft drink với nước dừa nên không biết chất lượng đồ uống ỏ đây ntn.",3,0,2,0,0,0
"quán rộng rãi thoáng đãng buổi tối rất đẹp chất lượng đồ uống ổn định. mình thích quán này vì nó yên tĩnh và khách cũng lịch sự sang trọng bánh hơi ngọt và đôi khi bị khô chắc do để lâu, quán phục vụ nhanh, nhân viên vui vẻ nhiệt tình",0,0,0,4,0,0
"quán khá vắng, mộc mạc, phong cách kiểu thoáng mái hè phố, hơi xa trung tâm nhưng gần cơ quan mình. nghe quán giới thiệu món cooki mới nên đã thử. do mình không thik kem nên yêu cầu không bỏ. chứ lẽ ra ly sẽ có lớp kem bên trên. cooki khá thơm ngon, bánh oreo vẫn còn lợn cợn ăn rất thích. lần sau sẽ thử thêm các món khác",0,0,0,5,0,0
"lại kiếm không ra quán mới để đi rồi mình phải ghé lại the palace tea lần 3, không lẽ tính làm fan của quán luôn nà :). mình thích trà sữa ở đây bởi nó được làm tự nhiên hay gọi gọi là thạch nhà làm ý, ngon àm lại yên tâm nữa. vị nó cũng khá ngon không quá ngọt nên cũng bớt lo lắng sợ béo. mình cũng hay theo dõi quán, tại quán cũng hay có nhiều chương trình giảm giá, nên có giảm giá là phi ngay tới liền à <3. à bạn gọi thêm topping nhé, topping ở đây ngon lắm, mỗi lần mình uống phải gọi thêm 10-15k topping nữa mới vừa lòng <3.",0,0,0,5,0,0
"hôm nay cả nhóm quyết định nhờ bạn hdv thuê 3 chiếc xe máy giá rẻ chỉ 100k/ chiếc. nhờ bạn í dẫn đi quanh thành phố, đi ghềnh ráng và tháp đôi( ghềnh ráng thì đang được trùng tu nên không tham quan hết được, cả nhóm đến tháp đôi(8k/vé vào cổng). xong mấy điểm trên thì cả nhóm đi ăn sáng quán bún thuỳ bên đg tăng bạt hổ, ăn xong thì đi cf thôi. trưa được bạn hdv giới thiệu về tour cắm trại của bạn ấy làm riêng cho khách với giá 300k/ng. đang tin tưởng vì sự nhiệt tình của bạn í, book luôn,. thế là cả nhóm về homstay ngỉ trưa, 3h chiều thì bạn hdv qua phòng đưa cả nhóm đi ăn ốc chỗ ngọc hân công chúa, đủ các loại ốc biển với giá 15,20k/ dĩa. 6 người ăn mất 215k.😝😝 4h bạn hdv bảo bắt đầu đi cắm trại nhé! hầu hết trại và đồ nướng buổi tối thì đều được chuẩn bị trước( nem, ché, ốc biển, tôm, mực, cá... và cả rượu bàu đá) vậy là chỉ việc chạy xe đến nơi đấy thôi. có chiếc xe máy thật tiện lợi vô cùng",0,0,0,0,4,0
"vẫn những trò chơi cũ thêm được 1 trò mới là nhà nhún. nhưng là điểm tốt nhất ở quy nhơn để đưa trẻ đến chơi vào các ngày lễ tết. còn ngày thường thì hầu như đóng cửa. có nhiều trò vận động và tư duy cho trẻ em khi đến đây như lái xe, tàu điện, tàu lửa siêu tốc, nhà banh, trò chơi cảm giác mạnh, phao nổi, tô tượng, vòng quay, chuồng ngựa... ở đây dịch vụ đều mang tính chất tự phát nên chưa có bài bản và quy mô, do đó cũng chỉ phục vụ vào cuối tuần và các ngày nghĩ lễ là chính. giá cả bình quân từ 20-25.000 đồng 1 trò chơi tầm 3-5 phút mỗi trò. giá mềm nên bay vèo 100.000 đồng vài phút rất nhẹ nhàng, êm ái",5,0,0,0,0,0
chỗ nghỉ nằm trong ngõ nhỏ nhưng oto cũng có thể vào được cảm giác không được thuận tiện lắm,0,4,0,0,0,0
"bahn mi tôi có ở đây có lẽ là tốt nhất. nó cũng được giá và hợp túi tiền (ngang bằng với giá đồ ăn ở hầu hết việt nam), nhà hàng cũng sạch sẽ và thoáng mát, ngồi vào rất thích. tôi thấy rằng đồ uống đắt kinh khủng. cà phê chắc chắn là tuyệt vời nhưng tôi không thể hiểu lý do gì để làm cho nó đắt như vậy.",0,0,0,4,0,0
"chúng tôi hạ cánh muộn nửa tiếng, cần một khoảng thời gian để kiểm soát hộ chiếu và thời gian ở băng chuyền hành lý rất lâu.",0,0,0,0,0,0
"giá vé 1 chiều là 200.000vnđ, bé nhà mình 10 tháng được miễn phí. có không gian cho hành lý và chúng tôi nhận được một chai nước miễn phí.",4,0,0,0,0,0
sân bay lâu năm của khu vực miền trung. trước đây là sân bay quân sự được chuyển đổi thành sân bay dân sự sau này và bây giờ được mở rộng làm mới và hiện đại lên sân bay quốc tế cho các chuyến bay trong khu vực châu á. sân bay có không gian rộng rãi vì toạ lạc ngoại thành cách trung tâm qn 35,0,0,0,0,3,0
"đặc biệt, khu siêu thị tầng trệt với nhiều sản phẩm tươi ngon, giá phải chăng.",0,0,0,0,0,0
ốc ngon nước chấm đỉnh rẻ nhân viên phục vụ nhanh ok hôm nay mình có ghé quán tuấn tú đg***con mình đói bụng mình có bảo em làm cho chị trước phàn mì xào cho bé ăn trước tại cháu nó khóc qá thì nhận được câu tl chờ đi chưa có what . phục vụ kiểu này à . và mìn có sệt được qán này .mì xào làm nhanh chưa tới 5p . ốc nóng hổi đem ra liền nhân viên vui vẻ . nói chung chỉ 1 từ thôi ok sẽ giới thịeeu bạn bè quay lại .,0,0,0,4,0,0
"có thể ăn nhưng món quen thuộc như cá bớp nướng, hoặc có thể kêu những món lạ như cá mặt trăng, cá cam ..... nướng.",0,0,0,4,0,0
"mình mua mang về và lúc ăn quên mất chụp lại buồn cười buồn cười . nói thiệt đây là lần đầu tiêng vô kfc quy nhơn dù mở cũng khá lâu rồi. ok mình thấy phục vụ nhanh, order nhanh và rất lịch sự. gà của kfc thì ngon thôi rồi. ăn 2 miếng gà 38k ( chương trình ưu đãi thứ 4 ák ) mà no tới tối luôn ( mình ăn lúc 4g chiều ). nói chung mình thích kfc hơn lotteria vì gà ngon hơn và nhân viên cũng tốt hơn",0,0,0,5,0,0
"quần áo thời trang, nhân viên nhiệt tình, cửa hàng đẹp, có nhiều hình thức thanh toán tiện lợi",0,0,0,0,0,5
đồ ăn ngon nhân viên phục vụ nhiệt tình thoái mái. không gian rất đẹp :))) nhất định sẽ quay lại nhà hàng,5,0,5,5,0,0
"không khí tốt đẹp, ban nhạc tuyệt vời và nhân viên thân thiện. vấn đề duy nhất là thức ăn, rất nặng và cả hai chúng tôi phải ngủ ngay sau đó và chỉ ăn salad vào ngày hôm sau!",5,0,0,3,0,0
running manchine trong phòng tập thể dục không hoạt động. hồ bơi hơi bẩn,3,3,0,0,0,0
"nhân viên nhiệt tình, thân thiện, phòng sạch sẽ, tiện nghi hiện đại chỗ nghỉ trung tâm đi lại rất thuận lợi",0,4,0,0,0,0
"một trung tâm mua sắm địa phương, có thể là trung tâm lớn nhất! dễ dàng tìm thấy hầu hết mọi thứ và đối với khách du lịch, bạn có thể bổ sung một số phụ kiện và bánh răng du lịch còn thiếu tại đây!",0,0,0,0,0,5
"nhân viên trên xe nhiệt tình thân thiện, còn thái độ nhân viên đặt vé/hủy vé chắc là không cần khách. vé cũng không rẻ so với nhiều hãng khác chất lượng tương đương.",0,0,0,0,2,0
"thiếu nhiều vật dung cơ bản: khăn giấy trên phòng, bàn là hỏi nhân viên nhiều lần mới có do cả khách sạn có 1 bàn là duy nhất.",0,1,0,0,0,0
"5* mà làm ăn lật lọng, khách đặt phòng thì nói khách đến trước 23h59 sẽ có phòng, khách đến lúc 23h50, đã bán phòng cho người khác, lật lọng trở mặt kiểu tao không cần. blacklist dù có cho thêm tiền cũng không ở khách sạn này, mang danh 5* cơ đấy.",0,1,0,0,0,0
"khu vui chơi dành cho mọi người có nhiều dụng cụ tập thể dục, cây hoa được chăm sóc tốt",5,0,0,0,0,0
"đi du lịch thì xác định là ăn đặc sản rồi, cũng tại có tụi nhỏ nên lại phải vô quán cơm. được recommend là đến quê hương 2 nhưng mà nói thật mình thấy nấu ăn cũng bình thường, nhân viên phục vụ không chú tâm săn đón khách lắm. hôm sau mình ăn ngay trong khách sạn mường thanh thấy còn ngon hơn giá cả thì tương đương mà tôm cá tươi hơn hẳn. note để các bạn nào đi du lịch nghe tư vấn mà định qua đây thì nên cân nhắc nhé.",0,0,3,3,0,0
"sân bay sạch sẽ , phục vu chu đáo, lộn hành lý hỗ trợ đổi lại!!!",0,0,0,0,4,0
"dịch vụ tạm ổn với sân bay quốc nội, tuy nhiên với tiền năng phát triển du lịch và kinh tế thì cần phải nâng cấp lên thành sân bay quốc tế mới xứng tầm.",0,0,0,0,3,0
"nhân viên phòng vé tuy hoà thái độ lồi lõm, vô văn hoá. nhân viên phòng vé lê hồng phong cũng không kém. chúc nhà xe làm ăn tốt với dàn bán vé mất dạy như vậy.",0,0,0,0,2,0
"tất nhiên, nơi này đã làm nên tên tuổi của mình trong những năm qua nên giờ đây, bản ngã của họ vẫn được cung cấp mặc dù đồ ăn cũng rất ngon.",0,0,0,3,0,0
mua gì cũng có. giá cả hơi thất thường tùy theo người bán,0,0,0,0,0,2
"dịp đi du lịch ở bình định, thèm trà sữa nên lên foody tìm thì ra quán này nên vào uống thử quán cũng dễ tìm, đường này nhiều quán trà sữa nhưng quán này đông nhất, phần lớn là người ta mua về không gian quán rộng, mát mẻ phần trà sữa nhiều topping, đầy luôn 1 ly, uống cũng được mà giá lại rẻ nếu có dịp quay lại bình định mình sẽ quay lại đây",0,0,0,5,0,0
"dọn phòng chưa chú ý, hết giấy vệ sinh nhưng cũng không bổ sung",0,1,0,0,0,0
view đẹp và nhà hàng có 3 cấp độ. dịch vụ tốt. thức ăn ra nhanh chóng. nhiều loại thực phẩm và nhiều lựa chọn ăn chay. bia hơi đắt tiền ...,5,0,5,5,0,0
"quán nhân viên bao che với nhau để chống chế khách, nhân viên làm lỗi mà quản lý bao che, còn dám nói một dĩa dưa hấu 2 miếng nhỏ mà 50k. chả có nhà hàng nào món tráng miệng sau ăn mà thu tiền khách. chủ nhà hàng mà muốn biết thì liên hệ để bít việc nhân viên làm như thế nào. đã vậy còn không dám cho khách chụp hình nhân viên thì điều đó có nghĩ là như thế nào, chụp để có bằng chứng đối chiếu. ngày 16/07/2020 lúc 20:77. hoá đơn 1tr4 ăn 5 món đoàn gồm 13 người",0,0,0,1,0,0
"thiên nhiên hoang sơ, chưa được khai phá nhiều nên vẫn còn nhiều nét mộc mạc. người dân bình dị, dễ gần.",5,0,0,0,0,0
"xe máy tốt, dịch vụ tuyệt vời, khách hàng rất tôn trọng. đây là nơi uy tín và chất lượng nhất mà tôi từng biết. nhân viên có thể hiểu và nói tiếng anh, cho người nước ngoài thuê rẻ hơn người trong nước. rất thích người nước ngoài, thủ tục chỉ cần để lại hộ chiếu xe máy dễ đi và tiết kiệm xăng. tôi đã đi xe máy 3 ngày trong thành phố. tổng chi phí chỉ khoảng 25 đô la, thực sự tuyệt vời và cần thiết cho chuyến du lịch với nhiều thứ để chi tiêu",0,0,0,0,5,0
"hăm thanh thể thao cho bữa ăn tối và thức ăn thật tuyệt vời. nhiều cấp độ chúng tôi ngồi trên lầu và có một cái nhìn tuyệt vời của đường phố & qua bãi biển. rất sạch sẽ và được điều hành bởi một người phụ nữ tên là docker, người rất thân thiện và rất hữu ích cho nhóm của chúng tôi với những gợi ý về những nơi đến thăm mà không chỉ là khách du lịch. bia lạnh & các thanh thể thao có bia trên vòi nước & đã được hiển thị tất cả các bóng đá trong khi chúng tôi đã có & cho thấy foot afl đó là một lợi thế cho người úc.",4,0,0,4,0,0
"không gian được bài trí theo kiểu tây tây. nhưng thực sự là hơi nhỏ và bí. quán pizza này khá nổi tiếng ở đây. giá cả cũng hợp lý với phần bánh nhỏ tầm 65k, còn phần lớn là 125k. hương vị bánh khá thơm ngon. nhiều loại để chọn lắm. nhưng chỉ hai người nên mình gọi một phần mì ý bò sốt cà, một phần pizza trung, một phần khoai tây nhỏ,đồ ăn khá cầu kỳ và đẹp mắt, ăn cũng khá ổn với thêm 1 lon nước nữa mà chỉ có 147k thôi. chung quy cũng là nơi nên đến thử.",0,0,0,4,0,0
"đi quy nhơn nhiều rồi nhưng là lần đầu tiên mình ở khách sạn này. gia đình mình vô cùng ấn tượng vì khách sạn hiện đại, phòng ốc xịn sò. đi gần tết nên khách sạn trang trí tết rất ấn tượng; chỉn chu. nhưng thích nhất vẫn là nhân viên vô cùng nhiệt tình; chu đáo, tư vấn từ a đến z những chỗ ăn chơi và đặc sản ở qn, chỗ nào mình cũng hài lòng. chắc chắn sẽ quay lại.",0,5,0,0,0,0
"hậu mùa dịch nên không có dịch vụ ăn uống tại khách sạn, chỉ phục vụ bữa sáng. điều này hoàn toàn có thể thông cảm được.",0,4,0,0,0,0
"để có một chiếc taxi phức tạp, tôi đã tận dụng dịch vụ của họ đến và đi từ sân bay và có thể nói thẳng thắn rằng đó là dịch vụ chuyên nghiệp nhất mà tôi gặp phải.",0,0,0,0,4,0
"nằm cách quy nhơn khoảng 16 km, đảo hòn khô có cảnh vật độc đáo với những mỏm núi đá nhô ra biển, những bãi cát phẳng mịn, những bãi cỏ xanh mơn mởn và mạch nước ngọt từ vách đá. hòn khô thực sự là một trong số ít các bãi tắm đẹp nhưng vẫn giữ được sự hoang sơ của thiên nhiên tạo hóa ban tặng.",5,0,0,0,0,0
"có dịp ra quy nhơn du lịch, muốn tìm món đặc sản nơi đây nên lần dò hỏi thăm, được anh tài xế chỉ chỗ ngọc liên, cảm nhận đầu tiên là quán sạch sẽ, có quầy bán đem về rất nhiều loại như khô, tré, chả cá, nem... nhân viên phục vụ nhanh, nhiệt tình, nhóm mình đi 8 người, gọi 8 loại khác nhau nhưng vẫn được phục vụ nhanh chóng, mình gọi bánh canh thập cẩm có mấy loại chả, sứa, mọc ăn cũng ngon, nước dùng vừa miệng, chuối để sẵn trên bàn, ai ăn thì tính tiền 3k/trái, có sữa đậu nành nấu còn nóng khi uống tại chỗ. chả cá cuốn ngon, nên thử.",0,0,0,5,0,0
đóng góp như cầu cuộc sống của người dân ở qn,0,0,0,0,0,5
"tuyệt đẹp. nước biển trong xanh, sạch nhìn tận đáy thuận lợi cho bơn lặn ngắm cá, san hô. còn hoang sơ chưa được khai thác hết.",5,0,0,0,0,0
"đến bình định khi trời đã giữa trưa. cả nhóm đói quá không biết ăn gì. thế là lên mạng và thấy quá này. gọi điện cho cô chủ quán thì biết quán đã đóng cửa từ sớm nhưng khi biết bọn mình là du khách từ xa đến thì cô sẵn sàng đón tiếp và sẽ đi mua bánh về bán cho bọn mình. thật sự rất đáng mến, tất cả vì khách hàng, phục vụ nhiệt tình, thức ăn lại ngon nữa. cô chủ quán thì cực dễ thương và thân thiện. lần sau chắc chắn cũng sẽ đến ủng hộ cô.",0,0,0,5,0,0
"đường đi vào hơi chông gai. tới nơi thì tuyệt vời. bãi biển sạch đẹp. mọi người ở quanh vùng đều ý thức giữ gìn bãi biển xanh, sạch & đẹp.",4,0,0,0,2,0
"nhắc mộc trà thì đa số ai cũng có nghe, quán rất là hót của quy nhơn, quán này rất là đông khách nhất là sáng với tối cở 19h, đến giò cao điểm đó là bạn hơi bị lúng túng vì khách đông đen. ở đây có điểm tâm sáng nữa nhé, còn về nước thì ở đây khá là ngon tuyệt vời, thấy nhân viên pha chế làm chuyên nghiệp. còn về nhân viên oder thì mình nói lần trước rồi mình rất thích cách các bạn phục vụ rất chu đáo, không gian của quán khá là rộng và đẹp. về giá thì mình nghỉ quán thích hợp cho tầm trung trở lên tại vì chất lượng với view cộng với sự phục vụ tận tình nên giá cả có cao xíu. <3 <3 chúc quán phát triển hơn nữa nhé <3",0,0,0,5,0,0
"nhân viên phục vụ nhiệt tình, nhanh nhẹn. tuy nhiên sàn nhà dơ bẩn, rác khắp nơi. gia đình mình gọi bún chả cá và bún cá ngừ. chất lượng quá bình thương",0,0,0,2,0,0
công ty du lịch của chúng tôi đã đưa chúng tôi đến đây nhưng tôi không thấy nó có gì nổi bật. nó rất tối và gần như hang động. thức ăn rất ổn. chúng tôi đã tự mình tìm thấy những nhà hàng khác mà chúng tôi đã quay lại vài lần.,0,0,2,4,0,0
"không gian quán nhỏ nhưng với cách bài trí hài hòa, thiết kế hiện đại không tạo cảm giác bức bối. giữa quán có cây xanh vô cùng thú vị, đem lại cho khách cảm giác thoải mái, hòa hợp với thiên nhiên, lãng mạn và đầy cảm hứng. bên ngoài nhìn vô thì cảm giác rất ấm cúng với đèn vàng nhè nhẹ kensi có nước uống ngon, thưởng thức một ly hồng trà chanh dây thanh mát vị chua nhẹ, đánh tan nóng bức trong người. nhân viên phục vụ lịch sự, dễ thương, bạn bartender thì hơi nhút nhát, nhưng pha chế nước rất chăm chút.",0,0,0,5,0,0
"có thể đi bộ từ nơi chúng tôi đã ở và đáng giá! có trụ sở tại một nhà máy lọc thuốc phiện cũ ...! một sự chào đón thực sự của người việt nam; dịch vụ hiệu quả, tươi cười; sự lựa chọn tuyệt vời trong thực đơn và hương vị thơm ngon. nguyên liệu tươi ngon và giá tốt.",5,0,0,5,0,0
bạn nên mua vé cho số ghế 40 - 79 vì đây là ghế ở giữa thuyền. điều hòa không khí ở phần trước và sau không hoạt động tốt trong khi phần giữa thì tuyệt vời. họ bán các loại bia v.v.,0,0,0,0,3,0
đặc biệt là các món dimsum ngon và fresh,0,0,0,4,0,0
"nhưng mà ở đây có máy lạnh nên ok 😋. menu không có gì đặc sắc. quán có phục vụ cả bánh nữa. mình không ăn nên không đánh giá được.phục vụ hơi chậm chạp. nước lọc của khách hết cũng không rót, đợi xin mới đi rót. có vẻ bạn phục vụ mới vào làm. nhìn chung thì khá ưng. rảnh sẽ quay lại.",0,0,0,4,0,0
"chợ ở trung tâm thành phố, có rất nhiều mặt hàng, hải sản tươi sống",0,0,0,0,0,3
"nhân viên giao tiếp dễ thương, nhiệt tình hướng dẫn và hỗ trợ, trước khách sạn có quầy cafe không gian yên tĩnh nhẹ nhàng.",0,5,0,0,0,0
"hổm nay trời lạnh thèm ăn lẩu hàn quốc kinh khủng . mà bữa noel đi quán đông nên đành ngậm ngùi đợi tới bữa nay mới được ăn . mình gọi lẩu hàn quốc , kimbap và gà cay . lẩu hàn quốc cực kì hợp với trời lạnh , kiểu cay cay , mặn mặn , húp nước nóng hổi , tự nhiên ăn món này thấy như ở hàn luôn vậy á . gà cay cũng khá ngon nhưng hơi ít vui vẻ . kimbap thì theo mình thấy phần nhân bên trong hơi nghèo , ăn chỉ cảm nhận được vị giòn của dưa leo và mùi rong biển . nếu tương chấm có thêm mayjone nữa thì hợp . tổng thiệt hại chỉ 105k và giờ mình đang nóng bụng muốn xĩu tại nồi lẩu quá cay",0,0,0,5,0,0
"nhân viên linh hoạt cho phép nhận phòng sớm, có buffet sáng, địa điểm đi lại thuận tiện, có thể nhìn ra biển, có hỗ trợ cho thuê xe máy và nhân viên đặt vé tham quan giùm; phòng đầy đủ tiện nghi, dọn dẹp phòng thường xuyên",0,4,0,5,0,0
"gà quá nhiều thịt , bên trong còn dầu khá ngán . khoai tây chiên bào sợi nhỏ nên mau bị mềm . nước coca đi kèm ít . cơm khô , rời rạc , không thơm . joli được mỗi cái kem ngon hơn kfc và lotte , kem có mùi sữa , thơm , béo . giá cả ở đây đắt hơn lotte . nhưng thu hút được nhiều em nhỏ vì ở đây có chú ong vui nhộn , đến ăn và chụp hình rất dễ thương . sẽ đến quán với những dịp khuyến mãi ❤️",0,0,0,3,0,0
"bữa sáng ngon miệng. giường ngủ thoải mái, sạch sẽ. nhân viên vui vẻ, lịch sự.",0,5,0,0,0,0
"khu vui chơi rộng rãi, đồ còn mới toanh.50k một vé người lớn.không thấy rác(có thể do mới ít người biết).các bạn trẻ,trẻ em chỉ sợ không đủ thời gian để đi.nhân viên chu đáo, nhiệt tình.5*",5,0,0,0,0,0
"khách sạn sạch sẽ, vị trí trung tâm rất thuận tiện đi lại và vui chơi",0,4,0,0,0,0
"món ăn ngon. món nào cũng ngon, tôm tươi, ghẹ nhỏ mà rất chắt thịt. giá bình dân, phục vụ rất nhanh. đợt sau về quy nhơn sẽ ghé quán nghĩa ghẹ tiếp.",0,0,0,5,0,0
"surf bar rất nổi tiếng tại quy nhơn, hỏi ai cũng biết. quán decor đẹp, có nhiều góc ngồi, tạo cảm giác thoải mái khi ngồi dọc bờ biển buổi tối. nước uống đa dạng, giá không quá mắc. quán đóng cửa lúc 11:00 nhưng vẫn để bàn ghế cho khách ngồi đến sáng. nhân viên phục vụ nhiệt tình dễ thương, pha lộn nước sẵn sàng đổi lại. đây là nơi bạn phải ghé để cảm nhận đêm biển tại quy nhơn nhé.",0,0,0,5,0,0
"đúng như cái tên 1990 á, vừa bước vào quán là cứ như lạc vào không gian từ năm 1990. mình đi từ chiều và ngồi đến tận tối, vào buổi tối quán thắp đèn lung linh rất đẹp. lúc sáng thì nhìn qusn cũng thoáng nhưng cũng giống những quán cà phê thường khác. à tối lúc mình ngồi còncó cả giao lưu ca nhạc nữa. những bài hát rất nhẹ nhàng nghe cực kì thoải mái luôn. đặc biệt rất là thích sân khấu nha, gồm các cửa củ đầy màu sắc ghép lại với nhau rất sáng tạo mà cực kì bắt mắt",0,0,0,5,0,0
"review quy nhơn - phú yên cho chuyến đi 4 ngày 3 đêm cùng nhóm 6 bạn trẻ đến từ hải phòng!!!!! ngày 1: (nếu đến sân bay sớm tầm buổi sáng) đón khách tại sân bay phù cát và ghé tham quan hầm hô - tây sơn - tháp bánh ít ngày 2: 7h sáng gọi thuê xe máy của dịch vụ cho thuê xe máy quy nhơn giá rẻ, xuất phát đi phú yên để đến điểm đầu tiên là mũi điện, nếu có thể thì nên đi sớm thì thời tiết tại mũi điện (nơi đón ánh bình minh đầu tiên trên đất liền việt nam thì sẽ mát mẻ hơn ) bọn mình đi muộn quá. tham quan mũi điện xong chúng ta di chuyển đến bãi xép nơi đây là 1 cảnh trong phim tôi thấy hoa vàng trên cỏ xanh tiếp theo đoàn di chuyển đến đầm ô loan để ăn trưa và nghĩ ngơi nghĩ trưa xong di chuyển đến gành đá đĩa gành đá đĩa là một tập hợp các trụ đá hình lăng trụ xếp liền nhau, hòn nọ nối hòn kia kề với sóng nước. và sau đó team đến với điểm tiếp theo là nhà thờ mằng lăng với lịch sử gần 120 năm tồn tại, nhà thờ mằng lăng được coi nhà thờ cổ nhất tỉnh phú yên và là một trong những nhà thờ lâu đời nhất của việt nam, nơi này vẫn đang giữ cuốn sách đầu tiên được in bằng chữ quốc ngữ. sau khi tham quan xong nhà thờ mằng lăng chúng ta kết thúc và bắt đầu về lại tp. quy nhơn để nghĩ ngơi! (mũi điện - hoa vàng cỏ xanh - gành đá đĩa - nhà thờ mằng lăng) ngày 3: quy nhơn (tour 2 đảo hòn khô kỳ co) 7h sáng chúng ta sẽ đến với đồi cát phương mai sau đó di chuyển đến hòn khô để di chuyển cano đến kỳ co đến trưa chúng ta sẽ quay trở lại hòn khô để lặn ngắm san hô và chụp ảnh tại đây sau đó chúng ta quay lại nhà hàng để tắm tráng và ăn hải sản rồi nghỉ ngơi tiếp theo nên di chuyển đến khu dã ngoại trung lương trước vì lúc này trời cũng còn khá nắng và tham quan chụp ảnh tại trung lương xong thì sẽ quay trở lại eo gió nơi đây còn gọi là đảo jeju phiên bản việt nam! và kết thúc ngày tham quan các đảo tại quy nhơn! ngày 4: tham quan thành phố, mua quà và checkout di chuyển ra sân bay!!!!!",0,0,0,0,4,0
"theo cảm nhận của mình thì cua khá ngon và nhiều, nước ngọt và trong, chả cá thì cũng bình thường. một tô có nhiều cua và chả cá như vậy giá 17k là hợp lý. vị trí quán dễ tìm, ngay bùng binh có ti vi đi vô 50m là thấy, nhân viên quán phục vụ nhanh, vô ngồi chưa đầy 1 phút là có ăn rồi.",0,0,0,5,0,0
"một quán cà phê, nhà hàng, bar rất sang trọng tại quy nhơn, nó thực sự nổi tiếng và thu hút khách du lịch. có một khoảng không gian rộng lớn, nằm sát biển, view ban đêm rất đẹp với ánh đèn lung linh, có âm nhạc đặc sắc. thức uống cực kỳ ngon nhưng giá cả thì khá là đắt so với sinh viên, chỉ phù hợp với khách du lịch và khách hàng hạng sang từ s.blue, bạn có thể ngồi nhìn biển đêm rất là ok, nhân viên ở đây thì nhiệt tình vui vẻ lịch sự",0,0,0,5,0,0
"cho thuê xe máy ngay sân bay phù cát, rất thuận tiện, cô chú cho thuê vui vẻ , ...",0,0,0,0,4,0
"chị chủ shop nhiệt tình, thân thiện, gói các kiểu quà tặng theo nhiều phong cách tuyệt vời",0,0,0,0,0,5
"ghé đây vài lần, hải sản ở nhà hàng hướng dương rất tươi ngon, quán khá lớn nằm ngay eo gió nên rất dễ tìm.mình khá bật ngờ vì trang trí khá ấn tượng và lịch sự. bày biện cũng trang trọng và hấp dẫn.quán để nhạc nhẹ nhàng, khách ra vào đông nhất là vào buổi tối không gian trầm và nhẹ nhàng. phục vụ nhiệt tình, nhanh nhẹn",0,0,5,5,0,0
"một trong những quán cf tệ nhất tôi từng đến . nhân viên gương mặt như muốn giết khách hàng khi chúng tôi gọi đồ uống . bàn dơ chúng tôi đề nghị lau bàn , nhân viên miễn cưỡng cầm dẻ lau như muốn vức vào mặt khách , thiết nghỉ các bạn không nên đến đây vì nơi đây không mang lại dịch vụ tốt nhất cho bạn . nếu ông chủ muốn phát triển quán hơn tôi đề nghị nên có cách quản lí nhân viên tốt hơn với thái độ phục vụ khách hàng .",0,0,0,1,0,0
"đồ nướng thì được tẩm ướp sẵn, mình order rồi thì nhân viên mang ra nướng bơ rồi ăn thôi.tầm 100k mỗi người là ăn no rồi.giá rẻ vậy nhưng chất lượng cũng ngon chứ không hề bị ảnh hưởng. một điểm cộng nữa là nước chấm ngon.",0,0,0,5,0,0
"bãi tắm mới được xây dựng theo phong cách hawaii, khá dễ thương. bãi biển đẹp và sạch. nhân viên thân thiện, vui vẻ, nhiệt tình.điểm trừ là giá cả khá đắt (chắc do đối tượng chính là người nước ngoài) và nước uống không ngon.",3,0,2,0,0,0
"kem tuyết xoài và kem tuyết trà xanh là món mình nghiện nhất của quán này nha! bình thường mình hay đi cùng bạn, 2 đứa gọi 1 tô nhưng mà không lúc nào đã. hy vọng quán sẽ làm size lớn hơn.",0,0,0,4,0,0
"có xe đưa đón từ flc, điều này thật tốt. đồ ăn khá ngon và đa dạng, đặc biệt là giá cả hợp lý. tôi thích quán sạch sẽ hơn nữa.",0,0,0,4,0,0
khu du lịch nằm bên kia cầu nhơn hội nếu đi từ tp. qui nhơn. một trong những khu du lịch mới và đẹp nằm ở qui nhơn. ở đây chúng ta có thể tham quan nhiều phong cảnh và chơi những trò chơi thú vị. hứa hẹn sẽ đến đây dài dài.,5,0,0,0,0,0
thực chất đây là nợi dành cho tàu thuyền đánh cá về bến tàu du lịch đường xuông nguy hiểm rất đơn giản,0,0,0,0,0,0
"xe ở đây tốt nhất trong tất cả những nơi mình thuê, xe mới nên chạy rất êm, lại còn được a nhân viên hướng dẫn tận tình, rất thích... kkk",0,0,0,0,4,0
hòn khô là du lịch qua đảo ăn uống chụp hình thôi chẳng có gi đặc biệt.ai coi tiktok nhiều tàn bị lừa như mình vô hơi thất vọng không như tưởng.vô thì kèo néo khách đi qua đảo để ăn nhà bè giá cao với lấy phí chở đi 100k nguời lớn là chủ yếu.còn đi vô quán cafe co co gì đo củng vậy tới ngay đường cục nhìn quán thất vọng quẹo ra.nói chung không như là mơ titok review ảo.ở đây nên học theo bình hưng ai qua bè nào ăn thì chở qua miễn phí đã ăn rồi thì nên free chở qua vì củng khá gần.,2,0,0,2,2,0
"tôi có một khoảng thời gian tuyệt vời trong chuyến du ngoạn bằng thuyền trên sông mà tôi đến tôi đoán là vào một thời điểm chậm chạp trong năm đối với kim ngưu tôi không chắc thời tiết tuyệt vời ở luang probang tôi đã đặt một chiếc thuyền và kết thúc chuyến du ngoạn này như chiếc thuyền dài 50 ft tất cả với bản thân tôi và người lái xe anh ấy đã đưa tôi đến một số làng và một trang trại cá và chỉ cần lên và xuống hành trình chậm chúng tôi đã đi trong vài giờ, điều đó thật tuyệt vời, tôi chỉ mất chưa đến 50 đô la. có những chiếc thuyền bên sông họ đang đứng xung quanh bạn có thể hỏi bất kỳ ai trong số họ họ có chuyến du ngoạn hoàng hôn và nhiều chuyến đi thuyền khác, điều đó rất thú vị",5,0,0,0,5,0
"nếu bạn không thể tìm thấy một nơi thích hợp để đi du lịch, bạn có thể thử nơi này. thức ăn không tệ và dịch vụ là ok. cài đặt có thể sáng hơn vì nó có vẻ đã cũ.",0,0,0,3,0,0
"chuyện là, con bạn có ông sếp người trung quốc bị đau bao tử sốt 40 độ nhờ nó gọi cho chiếc taxi trở đi bệnh viện. đúng lúc mấy đứa đang lang thang trên đường điện thoại nhỏ hết tiền 😤😭😭>''< *siêu đen đủi*",0,0,0,0,1,0
"đã đi đến đó hai lần, lần đầu tiên rất tốt nhưng nhìn thấy một con chuột trong nhà hàng lần thứ hai ....",0,0,0,1,0,0
đây là món ăn ngon nhất chúng tôi có ở việt nam cho đến nay. hãy thử bánh kếp với thịt bò! đội rất tốt cảm ơn bạn rất nhiều vì sự hiếu khách của bạn!,0,0,0,5,0,0
"ăn thử ở đây một bữa trưa nhưng không cảm thấy đẳng cấp của nhà hàng 5 sao của avani . bếp nấu bình thường , không gian không đặc sắc và giá thì chưa xứng với chất lượng . các bạn cần cố gắng nhiều",0,0,3,3,0,0
"bạn mình ở hà nội vào quy nhơn chơi cần thuê xe máy để đi lại. mình nghĩ ngay đến dịch vụ cho thuê xe máy số 1 quy nhơn của anh hoài bảo tại địa chỉ 27a hoàng hoa thám. qua cho lựa thoải mái, bên này xe đông cực kỳ, mỗi chi nhánh hơn 50 chiếc nhóm bạn mình chốt 3 xe số và 4 xe ga được anh giảm cho 10% tổng bill thiệt đã đứa nào cũng hài lòng khen xe đi ngon, kể từ lần đó ai hỏi mình chổ thuê xe máy mình đều chỉ qua đây",0,0,0,0,5,0
"xe máy của rỗng rất mới và chạy êm, giá bình dân, anh chủ giao xe nhanh và thủ tục gọn. nhiệt tình hướng dẫn tôi những địa điểm nên đi. đặc biệt tôi rất thích những chiếc mũ bảo hiểm 3/4 màu cam của rỗng...nhìn truất cực",0,0,0,0,4,0
"vừa gọi book 22 xe tại cửa hàng vào ngày 28/07 gọi vài chổ cho thuê xe máy khác nhưng chẳng chổ nào có đủ xe. thật may vì tìm được chổ này, quả không hổ danh dịch vụ cho thuê xe máy lớn nhất quy nhơn, có 3 chi nhánh gần cả trăm xe. mình gọi hỏi 22 xe, số lượng xe không nhỏ mà anh chủ chốt cái rẹt. cần ngày quá cũng may tìm được chổ thuê xe máy của anh, thanks anh đã giúp đỡ",0,0,0,0,4,0
mình về quy nhơn và đã thuê xe . cô chú chủ rất vui vẻ nhiệt tình .mà giá cả rẻ xe ngon mọi người về nhớ thuê của cô chú này nhé .,0,0,0,0,4,0
"mua 2 chai nước, nhưng không được đem vào sân phải để ngoài,dân mình hiền mà có gấu như mấy sân ngoài bắc đâu vui vẻ",4,0,0,0,0,0
pizza là món ăn ưa thích của gia đình mình. đặc biệt pizza hải sản ở đây rất ngon. mọi người cứ tụe tin thưởng thức nha,0,0,0,4,0,0
"không gian quán khá nhỏ , và hơi nóng nực một tẹo , khói đồ ăn hay ám vào cả người lẫn quần áo .nhưng đồ ăn ở đây thì miễn bàn , siêu ngon nhé . giá cả hợp lí, đi đông chia ra mỗi người không hết là bao. mình thích kiểu nướng ngói vì thức ăn sẽ không bị cháy đen do than. mỗi lần tới quán là gọi thịt bò nướng, sườn heo nướng với cả đâu bắp, ăn ngon dã man luôn. lẩu hải sản ở đây rẻ mà nhiều lắm , ăn ba đứa một cái lẩu mà không hết ây",0,0,0,5,0,0
thực phẩm việt giá tây,0,0,0,3,0,0
"chợ nhỏ dành cho người dân bản xứ. chợ bán đủ loại rau, củ, thịt, cá, hải sản...",0,0,0,0,0,5
cả 5 món ăn đều khiến tôi thất vọng-không vui vì đây là nhà hàng cuối cùng của chúng tôi ở việt nam - và thời gian trong bếp kém quá,0,0,0,1,0,0
thấy trên foody. kím mãi mới ra được quán. đường nhỏ hơi khó tìm. phải dùng maps hiuhiu. hỏi thăm mấy cô chú cũng không ai biết. dùng maps mới thấy là gần chu văn an. đoạn chỗ hà huy tập. nhưng mà vào quán hài lòng lắm luôn ý. quán dễ thương. anh chị chủ thân thiện vui tính. nhân viên xinh. đồ ăn hấp dẫn. nói chung duyệt. quán mát mẻ. thích ý.,0,0,0,5,0,0
phù hợp với những người đam mê khoa học hoặc gia đình có trẻ trong độ tuổi 7-15 để trẻ có thể trải nghiệm những khám phá khoa học,5,0,0,0,0,0
"âm thanh hay, phòng ốc cũng khá đẹp. giá cả ở mức trung bình cao. mình thường nhậu tại đường nguyễn thị định xong nếu đi tăng 2 là qua kizz gần và cũng hay.",4,0,0,0,0,0
"cách âm chưa được tốt lắm, hành lang hơi nhỏ nên cách khách đứng ở phòng nói chuyện thì hơi bị ồn.",0,3,0,0,0,0
"mua 2 lần trong 2 ngày thì được giao 2 loại bánh khác nhau, chất lượng và mẫu mã khác nhau. ngày đầu gói bằng lá chuối, ngon, dẻo, nhân nhiều. ngày hôm sau lại giao bánh gói bằng giấy , bánh nhão, nhân ít, người giao hàng nói là do bánh mới làm nên như vậy. ngày hôm sau bánh sẽ dẻo. nhưng sự thật không như vậy. bánh vẫn nhão. nên cẩn thận khi mua ở đây.",0,0,0,2,0,0
"sợi bánh canh nhìn rất lạ và cực dễ ăn, phù hợp luôn cho cả trẻ em và ng già, kết nhất là hủ ớt tương làm nguyên chất , nêm vào tô dậy mùi mà không làm mất hương vị nước lèo quán sạch sẽ , thoáng mát , nói chung là món độc lạ , phù hợp khẩu vị với mọi ng- sẽ ghé thường xuyên tốt",0,0,0,5,0,0
"nhà hàng với các món ăn ngon, giá rẻ, nhân viên phục vụ tận tình, chu đáo, thân thiện. có bãi đậu xe an toàn",5,0,5,5,0,0
tôi không hiểu nhân viên ở quy nhơn kiểu gì khách hàng vào thấy cũng làm ngơ chẳn ai chào hỏi tiếp đón không bằng thế giới di động. để khách đợi chờ không ai tới hỏi. chỉ mạnh ai nấy làm việc. thật tệ cho các nhân viên ở nguyenkim quy nhơn,0,0,0,0,0,2
máy lạnh daikin nhưng điều khiển chỉ cho tắt mở và tăng giảm nhiệt chứ không điều chỉnh được chế độ quạt và làm lạnh.,0,3,0,0,0,0
siêu thị big c... bán đủ đồ.. người làm việc.. đuổi hết là vừa.. mất lịch sự.. làm việc không tận tình.. khách hàng là.. rác.. sẽ không bao giờ trở lại...,0,0,0,0,0,1
"quán đông khách. tiền nào của nấy. rẻ, phù hợp cho nhóm bạn trẻ",0,0,0,5,0,0
"một trong những rooftop okie nhất mà mình từng đến. banana mama có hết tất cả những điều mình tim ở 1 nơi để chill : drinks, music, foods,service etc. nhưng điều làm cho mình thích nơi đây là chính là nhân viên và không khí của quán. mọi thứ làm cho mình cảm thấy thoải mái mỗi khi mình đến banana mama. chắc chắn sẽ còn quay lại rất rất nhiều lần. best team ever ^^",4,0,0,0,0,0
một địa điểm hay cho các bạn học sinh thăm quan để hiểu sâu hơn giữa lý thuyết và thực tế các môn học,5,0,0,0,0,0
"sau một ngày làm việc mệt mỏi, mọi người hãy đến co sở massage hy vọng để giải moi. nhân viên ở đây làm rất tốt. tay nghề rất giỏi. tôi đánh giá cao tay nghề nhân viên ở co sở này",5,0,0,0,0,0
vô đợi đồ ăn và nhân viên không nghe khac kêu ngon nhung phục vụ hơi sai. nếu có thay đổi sẽ ghé lại. chúc mai mắn,1,0,0,3,0,0
"anh nhân viên tư vấn không nhiệt tình chút nào hết trơn, giấy tờ thủ tục phức tạp",2,0,0,0,0,0
"chưa bao giờ review vì lười mà phải review hãng xe này, phải nói là tệ hại nhất từ trước tới chừ từng đi, vé xe thì đắt, trả về đà nẵng thì thả cách trung tâm gần 15km, xe thì nhận rất nhiều hàng hoá, trên đường dừng rất nhiều lần, ngủ không nổi, đã vậy mình gửi xe máy thì xuống xe do quá nhiều hành lý bận tìm chìa khoá nên mình không để ý là chưa gắn gương, cx không thèm gắn cho khách, vãiiii, 1 lần và mãi mãi không bao h đi lại hãng nàyy! 🤬🤬🤬🤬🤬🤬🤬",0,0,0,0,1,0
"đây là địa chỉ cho thuê xe máy tại quy nhơn khá lâu năm, cửa hàng lại gần bến xe trung tâm thành phố nên bạn rất tiện trong việc nhận xe. mình đến bến xe gọi thuê xe chỉ mới 10p là các bạn đã có mặt. thuê 3 ngày được giảm giá 10%, vi vu khăp mọi nẻo đường ở tp quy nhơn, đi đủ tất các các khu du lịch eo gió, kỳ co, trung lương, tây sơn, hầm hô, tháp bánh ít không gặp bất cứ vấn đề gì cho thuê xe máy ở đây còn có các hình thức cho thuê theo ngày, tuần, tháng và dài hạn luôn đấy!",0,0,0,0,4,0
"phòng khá thoáng, có đầy đủ tiện nghi và rất thoải mái. vị trí thuận lợi, giá hợp lý, nhân viên thân thiện và nhiệt tình",0,5,0,0,0,0
"sản phẩm ưng ý, người bán có tâm, giá cực kỳ hợp lý nhé!",0,0,0,0,0,4
"dở mà mắc kinh khủng, 30k 1 phần gà viên sốt cay được 6 cục chút xíu còn canh kim chi thì leo queo 5 khúc kim chi vài cục đậu hủ leo queo mấy sợi nấm kim châm, nói chung hết sức tệ phục vụ còn tệ hơn mấy bạ hãy đến cà cảm nhận",0,0,0,1,0,0
"ấn tượng đầu tiên của mình khi mới đến là quán rộng rãi và khang trang mình đi 2 người và kêu 3 cái bánh đầy đủ ăn no cành hanh không hết bánh đầy đủ gồm có tôm, bò và trứng. giá là 40k/cái còn nếu bánh mà 1 nhân thì 30k thật ra lúc đầu mình muốn gọi là 3 cái mỗi cái 1 nhân. nhưng khi nhân viên mang ra thì là 3 cái thập cẩm hic. do đây cũng là lần đầu tiên mình ăn quán này nên chắc do mình nói không rõ làm chị nhân viên hiểu lầm. điểm trừ nhẹ là bánh độ khá dày chứ không mỏng như bánh xào miền tây và miền trung. với cả hơi nhiều dầu mỡ nên mau ngấy",0,0,0,4,0,0
"phòng sạch sẽ, nhân viên khá thân thiện và nhiệt tình. xung quanh cũng có khá nhiều chỗ ăn uống.",0,4,0,0,0,0
"chúng tôi đã thưởng thức nhiều bữa ăn ở đây trong tuần của chúng tôi tại quy bù. nhân viên luôn dễ chịu, thức ăn rất ngon. họ có thực đơn được in bằng tiếng anh, được đánh giá cao cho nhóm của chúng tôi.có ít nhất 3 nhà hàng sushi trong thành phố, nhưng nhà hàng này cung cấp các món ăn chất lượng tốt nhất và các món ăn chính hãng được chế biến bởi các đầu bếp nhật bản. mỗi khi chúng tôi đến đây, họ đặc biệt chú ý đến mọi khách và chắc chắn rằng chuyến thăm của họ là trải nghiệm khó quên. tôi rất muốn giới thiệu ramen của họ và tôi khá chắc chắn rằng đó là ramen thực sự duy nhất xung quanh. giá nói chung là cao hơn so với những nơi khác, nhưng phần cũng lớn hơn. và thành thật mà nói, ai muốn tiết kiệm về chất lượng. chúng tôi sẽ trở lại để biết thêm.",5,0,5,5,0,0
"sân bay có thiết kế không gian khá đẹp, khách ít nên mọi tiện nghi điều ổn. ai tùng đi nhiều sân bay ở viêt nam sẽ biết, gần như sân bay phù cát là đẹp nhất việt nam. nó đẹp không phải vì to lớn hay đông đúc, mà nó đẹp bởi khiến trúc rất hiện đại, đẹp mắt, rất nhiều không gian cho việc trang trí. khác hẳn với sân bay cam ranh, cũng là một sân bay tầm cở và mới xây nhưng chả có gì đăc sắc hết, họ sử dụng không gian chủ yếu cho việc quảng cáo và mua bán haiz",0,0,0,0,3,0
"nhân viên vui vẻ, chuyên nghiệp. phòng tiện nghi. thiết bị mới và đẹp mắt, nhân viên phục vụ dễ thương, nhiệt tình.",0,5,0,0,0,0
"đã đặt bữa sáng theo set banh mi x4 với cà phê miễn phí. thỏa thuận có vẻ tốt. chúng tôi gọi 2 trong số các loại cà phê trước, sau đó gọi thêm 1 loại sau đó khoảng 15 phút. thật không may, bánh misa hoàn toàn nhạt nhẽo về hương vị. khi chúng tôi đến thanh toán, họ tính thêm tiền cho 1 ly cà phê. giải thích của họ là nó chỉ được bao gồm nếu bạn đặt hàng tất cả cùng một lúc. lố bịch.",0,0,0,2,0,0
vị trí tuyệt vời. mặt bằng rộng rãi. nhân viên lịch sự và nhiệt tình tuy nhiên giá cả hơi đắt và ít khuyến mãi. có khu vui chơi rộng rãi nhiều trò cho bé free.,4,0,0,0,0,0
"chủ cửa hàng thì rất ghê gớm. mình chọn đồ cho bạn, chụp ảnh cho nó xem thôi mà bị mắng sấp mặt",0,0,0,0,0,0
"đã thuê một chiếc xe máy trong 1 ngày. họ cung cấp mũ bảo hiểm cho tôi, vợ tôi và con trai 3 tuổi. moped ở trong tình trạng tốt, nhân viên siêu nhạy và có thể nói tiếng anh khá tốt. điều này cực kỳ quan trọng nếu bạn đang cố gắng giải quyết một số vấn đề. năm sao cho thue xe may quy nhon hoai bao",0,0,0,0,5,0
"chợ nhỏ nhưng là khu chợ hải sản có từ lâu . trước đây là nơi tập kết hải sản vì là khu chợ gần nơi ghe tàu khai thác hải sản cập bến. hiện nay khi phát triển du lịch, bến đỗ ghe tàu đã chuyển đi nơi khác, chợ khu 2 vẫn bán hải sản chủ yếu vào buổi chiều, rất tươi và nhiều loại. giá cả cũng phải chăng. các loại rau củ quả, thịt heo - bò, gia vị, trái cây . . .. tương đối đầy đủ.",0,0,0,0,0,5
đây là món bánh tồi tệ nhất mà tôi từng nếm. không có hương vị. bánh mì rất dày và cứng (bên ngoài bánh phải giòn và ngay khi bạn cắn vào sẽ thấy mềm). các loại rau chỉ là khủng khiếp! tất cả những gì tôi nếm là hành trắng. tiết kiệm tiền của bạn.,0,0,0,2,0,0
"rất ưng ý. phòng rộng còn rất mới có tv internet trẻ em rất thích. giường rất rộng nhà mình 2 bạn nhỏ và ba mẹ ngủ khá ok, nhân viên thân thiện.",0,5,0,0,0,0
"xe mới, máy móc chạy êm, gúa cả lại cực phải chăng! thích nhất là vừa xuống bến xe, đi bộ vài bước là có xe máy đi ngay, sướng gì đâu! đặc biệt là chú chủ xe rất dễ thương và nhiệt tình!!! tốt bụng",0,0,0,0,5,0
"không nên gọi vào số điện thoại của tổng đài, tổng đài viên câu giờ rất mất thời gian trong khi phí gọi là 8k cho 1 phút tính cho người gọi. phí gọi quá cao. mình gọi hỏi cái số điện thoại để gửi hàng thôi mà mất 2 phút, tính ra là 16k.",0,0,0,0,2,0
"cơ sở hạ tầng chưa được, chưa an toàn vệ sinh",0,0,0,0,0,2
"hồi chiều đi làm về hơi trễ xíu chạy ngag quán. thấy không gian tối lên đèn đúng là mộc thật đó. hợp gu với mình, thích sự đơn giản thoái mái. khát nước nên dzô ún ly nước mía. sẵn mua chai cam vắt mang về cho phụ huynh. chai cam đẹp nên được lên hình. có góp ý be bé là nhân viên quán không mặc đồng phục. nhìn không bít nhân viên hay khách nên hơi ngại khi cần gọi xíu. chắc do quán còn mới. nhưng nói chung là do mình hơi bị thích kiểu quán này. nước lại ngon. chắc chắn sẽ thành địa điểm quen thuộc.",0,0,0,5,0,0
"mấy hỗm ni nóng quá nên toàn đi ăn kem không à . chỗ ni có 2 tầng luôn . tầng trên khá rộng nên mình hay lên trên ngồi . vừa mát lại vừa ngắm cảnh nữa . menu đa dạng các loại kem , trái cây , đồ ăn vặt mà giá lại cực rẻ . nhân viên 3,4 người luôn nên phục vụ nhanh lắm , không cần phải đợi lâu . ở đây đa số bán gì cũng ngon hết chỉ trừ mỗi kem cuộn thái lan ra thôi . vì lúc mang kem ra cho khách là kem chảy ra hết nhìn ghê lắm",0,0,0,4,0,0
dừng lại để ăn trưa muộn vào chủ nhật. không có nhiều nơi khác mở cửa. rất vui khi chúng tôi dừng lại. salad caprese tuyệt vời. vui lòng trả tiền nhiều hơn cho nó. tuyệt vời pesto và bánh pizza cà chua quá. bia gừng tự chế cũng đã bắt đầu. chai bia địa phương là 19 không,0,0,0,5,0,0
"xe máy mới, tốt, chạy rất ổn, không gặp bất kì trục trặc gì anh tính chủ xe thân thiện vui vẻ, giao nhận xe tận nơi, ngoài ra còn có dịch vụ đưa rước sân bay.",0,0,0,0,4,0
"tháng 10 vừa rồi mình có vô sài gòn, và ghé tiệm ăn tối trước khi ra sb để quay lại hn.",0,0,0,0,0,0
"tôi đã đến đây nhiều lần, tôi thích sushi, nhưng ở quy nhơn tôi chỉ biết cái này, đề nghị của tôi cho nhà hàng này để cải thiện thực đơn và hương vị.",0,0,3,0,0,0
"toàn bộ chăn, gối màu trắng nhìn sạch sẽ.",0,5,0,0,0,0
"nhân viên rất dễ thương. hướng dẫn rất nhiệt tình, thoải mái tận tình, hệ thống xe cho thuê đều là xe mới rất tiết kiệm xăng,...",0,0,0,0,4,0
"thấy mọi người đánh giá tốt nên vào ăn thử. nhưng thực sự là thất vọng và không muốn quay lại quán này luôn. mình ở phòng vip, phòng hôi dình, nhân viên phục vụ chậm chạp, đồ ăn không ngon, nguội. giá thì quá đắt so với nhà hàng hương việt ngay bên cạnh mà lại đẳng cấp hơn hẳn. nói chung là quán này mọi người không nên vào. cứ vào hương việt ăn vừa ngon, sạch sẽ, giá hợp lý, quán lại sang trọng, ngồi phòng vip giá vẫn giữ nguyên so với bt.",0,0,1,0,0,0
"mặc dù mình book phòng khá sớm nhưng đến nơi thì phải chuyển từ cơ sở này sang cơ sở khác ( không báo trước) và không được phòng view cao như ý. bù lại các anh chị nhân viên rất dễ thương và nhiệt tình. phòng sạch sẽ, phù hợp giá tiền, nếu lần sau lên lại đà lạt mình sẽ book tiếp.",0,4,0,0,0,0
cả hai chúng tôi đã có một thời gian tuyệt vời và thích nấu ăn (và ăn!) các món ăn khác nhau - cảm ơn bạn đã có kinh nghiệm tốt,0,0,0,3,0,0
"phòng sạch sẽ, sang trọng, địa điểm trong khu phố biệt thự liền kề nên dễ dàng đi dạo. chắc chắn sẽ quay lại lần tới",0,5,0,0,0,0
tuy không sang trọng như xe cao cấp nhưng đầy đủ tiện nghi. phòng rộng thoải mái nằm. các nhân viên đều rất chu đáo với khách hàng. dù mình xuống bến không có trong điểm,0,0,0,0,4,0
"đến đây mình bất ngờ vì không gian quán siêu thân thiện, theme màu trắng đơn giản nhưng không nhàm chán. menu đồ uống khá đa dạng mà giá thì mềm so với chất lượng, có đồ ăn phục vụ tới 10.30 và điều mình thíchhh nhất là nhạc ở đây là quán chơi nhạc house, vừa đủ để mộng mơ cho chiều hoàng hôn sài gòn chóng vánh. phù hợp đi cả nhóm cả cặp đôi nhưng thiết kế bàn hợp với nhóm đông hơn. khách hầu hết là tây, văn minh thân thiện. cuối tuần có dj từ 9.00. sẽ quay lại mỗi lần bay tơi sài gòn!",0,0,0,5,0,0
"không gian và cách bài trí quán cũng okie, hợp với mọi thực khách khi tới quán nghỉ ngơi thư giãn... mình tới quán lần đầu tiên nên nghĩ quán sẽ giống các quán khác... nhưng mình thấy quán có nhiều cái đặc trưng riêng, mình gọi 1 ly trà với 1 lớp kem mặn ở trên, uống rất ngon và không bị ngáy... giá cả thì bình dân, chị chủ rất dễ thương và rất chiều khách... quán đang có xu hương mở rộng thêm không gian nên các bạn yên tâm sẽ không phải chờ đợi và ràng buộc bởi 1 không gian eo hẹp... vui vẻ",0,0,0,5,0,0
mọi thứ đều được làm mới và được làm bằng tình yêu. tôi hoàn toàn đề nghị nơi này cho một sự thay đổi từ thực phẩm địa phương.,0,0,0,5,0,0
"khách sạn đẹp, trang phục nhân viên sang trọng hơn nhiều khách sạn khác, cách đối xử với nhân viên của ban giám đốc tốt",0,5,0,0,0,0
"mượn bàn ủi nhân viên báo hết bàn ủi, nhờ dịch vụ giặt ủi thì không có trong khách sạn",0,1,0,0,0,0
"dự là ghé bên gia vỹ cơ nhưng xem địa chỉ cứ nhớ mỗi địa chỉ không nhớ tên quán. mà tới nơi 2 quán gia vỹ lẫn anh vũ cùng 1 địa chỉ. đang hoang mang tính bật đt xem tên quán anh gửi xe bên anh vũ niềm nở quá, kéo vô anh vũ luôn nên thôi vào luôn rồi hôm sau thử gia vỹ sau vui vẻ không gian quán rộng rãi, thoải mái. quán có bánh xèo tôm, mực và bò. vỏ bánh giòn rụm cơ mà hơi dầu. nước mắm chấm cũng ok. món này vì khá dầu mỡ nên cuốn với rau sẽ bớt ngấy đi á. rau rửa thấy cũng sạch sẽ nè. 1 cái bánh có tầm chục con tôm tươi.",0,0,0,5,0,0
hệ thống nhà vệ sinh hơi có mùi! còn mọi thứ khác rất tốt!,0,3,0,0,0,0
"mình không biết sao chỗ này lại chỉ được 6.6 nhưng mình thấy riêng về đồ ăn vị khá là ổn đấy. nay mình ăn 3 món tokbokki, lẩu bò và cơm nắm thì chỉ có cơm nắm là không ổn nhất thôi còn lại là rất đáng đồng tiền. tuy nhiên nhân viên phục vụ có chút không tận tình khi trên bàn mình ngồi không có giấy ăn, đũa thìa các thứ nhưng nhân viên không mang ra mà mình phải tự đi lấy. nói chung mình đi 2 người, ăn được nhiều món thỏa thích thì chỉ mất có 130k thôi. rất đáng để thử.",0,0,0,4,0,0
"cơm ở đây khá là ngon. thịt gà ướp cũng thấm, ăn rất vừa miệng. cơm gà chiên mắm 30k như vậy ăn vừa đủ mà giá cũng không quá cao.",0,0,0,5,0,0
"có một chiếc taxi vinaun tại quầy taxi. được sử dụng đồng hồ cho các chuyến đi trong quá khứ của tôi. vì vậy, tôi nhấn mạnh vào một mét. khi tài xế từ chối, tôi nói tôi sẽ xuống xe. vì vậy, anh không có lựa chọn nào khác ngoài việc lên đồng hồ. khi tôi đến đích, tôi yêu cầu nhận. nhưng người lái xe từ chối đưa cho tôi một biên lai và thậm chí đã chửi tôi khi tôi khăng khăng. vì tôi chỉ có một mình, tôi chỉ ném tiền vé cho anh ấy và rời khỏi xe. ít nhất tôi vẫn còn nguyên vẹn.",1,0,0,0,1,0
"ok, mình có dịp ra thành phố biển và thuê xe ở đây và cảm thấy dịch vụ tốt, giá vừa phải không bị hack như những chỗ khác và xe cũng ok. xe lại nếu có dịp xuống chơi. giống",0,0,0,0,5,0
"xe máy việc khỏe, rẻ ông chủ thì thân thiện khỏi nói luôn, còn nhiệt tình giúp mình đặt taxi giá rẻ đi sân bay nữa chứ!! duyệt 😙😙",0,0,0,0,4,0
"món ăn bình thường nhưng giá quá chát so với mặt bằng, tôi chỉ đến để xem những đánh giá đúng không. sẽ không quay lại.",0,0,0,1,0,0
tôi đã sử dụng nó khi tôi đến khu 1.,0,0,0,0,0,0
"quán nổi tiếng lâu đời mình ghé 2 đứa ăn 2 tô bánh canh hết 40k mình thấy cũng bình thường, không có gì ngon đặc sắc lắm bánh ít, được có mấy sợi ăn cho vui à vui vẻ",0,0,0,3,0,0
quán đẹp rộng rãi gần biển mát mẻ. vào có dặn nhân viên ra cho mình gọi đồ. 15’ chả thấy nhân viên nào ra order. vẫy tay gọi nhân viên cũng bơ luôn. trong khi nhân viên quán rất đông. nhắc lại rất đông.,0,0,2,2,0,0
"món ăn ngon, ốc tươi, đặc biệt sò điệp phomai ngon, giá mềm, chị chủ quán nhiệt tình, quán sạch sẽ, khách vừa ăn xong là chủ quán dọn lau sàn sạch",0,0,0,5,0,0
"sạch sẽ, nhân viên nhiệt tình, thân thiện",0,4,0,0,0,0
"nhân viên ở quầy thanh toán rất chán, khách cần thêm thông tin về món hàng thì thái độ rất khó chịu mặc dù khách hàng đã hỏi một cách rất nhẹ nhàng và lịch sự. mặt nhân viên muốn quát vào mặt khách, mặt rất cau có. nhân viên tên: lê thị thuận ở quầy thanh toán",0,0,0,0,0,2
chùa cổ siêu đẹp. không đông đúc ồn ào chỉ có tiếng rất quét lá sân xào xạc. kiến trúc cổ rất đẹp. nên ghé thăm.,4,0,0,0,0,0
"bữa nay gần trung thu mà ở quy nhơn thấy có bánh này lạ với hot quá nè, ai cũng muốn thử loại bánh mới này thay vì bánh trung thu truyền thống hết hà. mà cũng đúng ý chứ bánh trung trung rau câu ăn đỡ ớn hơn bánh bình thường nhìu, bỏ tủ lạnh xong còn mát mát ăn đã dã nữa chứ hehe. bánh còn nhìu màu sắc hình thù nữa, hình cũng vui mắt với đa dạng hơn, túm lại là tui cũng kết mấy cái bánh trung thu rau câu nì lắm rồi đó hehe",0,0,0,5,0,5
bãi biển đẹp. gần công viên thiếu nhi. thích hợp cho trẻ em. và cho ng lớn nữa.,5,0,0,0,0,0
"quán cơm gà này mình vẫn hay gọi là gà chân dài vì làm từ gà thả vườn, thịt chắc dai ăn khá thích. ăn quán này không dưới vài chục lần. quán không lớn,cũng không nhiều bàn lắm. mình thích cơm gà xối mỡ ở đây vì 3 thứ. thứ 1 là cơm được trộn với dầu , ăn thơm và đặc biệt là tơi thành từng hạt, không bị dính với nhau, ăn rất thích. vả lại 1 phần cơm cũng không nhiều tạo cảm giác vừa đủ no chứ nhiều chỗ mang phần cơm ra nhiều quá, chưa ăn mà tạo cảm giác ngán rồi. thứ 2 là phần sốt ở đây là rất lạ, vị ngon đặc trưng mà mình không biết nói từ gì, nói chung là ngon. thứ 3 là gà thả vườn, dai, thấm đều mỡ mặn mặn ngọt ngọt ăn rất thích, còn có cả canh rong biển nữa , rất mát , hôm đó mình đi 2 người , gọi 2 phần gà xối mỡ là 90k với 2 chén canh rong biển nữa 10k . tổng thiệt hại la 100k",0,0,0,5,0,0
"quán sạch sẽ thoáng mát, bánh hỏi cháo lòng bao ngon bao rẻ, thịt rất ư là nhiều luôn... được bạn mời dẫn tới ăn thử mà ta nói không thể nào không khen được, từ cách phục vụ từ chủ quán để nhân viên cực kì dễ thương và thân thiện luôn... nên bạn mình thích cũng phải thôi, ăn rồi mới cảm nhận được nhiều thứ còn ngon hơn chỗ mình ăn trước đây nên ngại gì mà các bạn không bỏ chút thời gian đến để dùng bữa sáng... cháo ngon ngọt hương vị thanh vừa miệng...",0,0,0,5,0,0
"thiệt sự thì nhà mình cũng có khách sạn đang cộng tác với booking, khách nào khách nấy nhà mình chiều quá trời chứ chưa bao giờ dám nạt khách như bên arise luôn. thêm vào đó bên khách sạn phải có trách nhiệm giải quyết cho khách khi overbook chứ không phải là lên giọng ""là hết phòng rồi đó"" với khách.",0,2,0,0,0,0
"lần đầu đi xe an phú chặng đường từ quy nhơn đến khánh hoà thấy xe phục vụ chu đáo. ngoài nước uống thì mỗi người còn được phục vụ một hộp sữa đậu nành. xe giường nằm êm, gối cũng êm luôn, nhà xe còn cẩn thận treo thêm ở mỗi giường một cái giỏ nhỏ để đựng chai nước uống tránh rớt. lái xe chạy an toàn, không phóng nhanh vượt ẩu. dù lúc đi xe trống rất nhiều chỗ những xe chỉ đón những khách đã đặt xe trước, không đón khách ngoài (với số tiền bỏ ra cho tuyến đường như vậy thì thấy rất tốt)",0,0,0,0,5,0
"nhân viên rất nhiệt tình, đồ yody mặc rất đẹp rất thoải mái. mình sẽ ghé ủng hộ nhiều nhiều",0,0,0,0,0,5
"xe của hãng taxi này rất nhiều ở sài gòn, tài xế rất nice những một số cũng không được nice lắm. nhưng vì số lượng xe nhiều nên rất là tiện.",0,0,0,0,2,0
"quán này đông khách lắm vì đồ ăn nấu ngon, hải sản tươi cực kỳ, giá cũng không quá cao. đặc biệt mấy dân tổ chức tour hay lui tới, nhiều khách dùng ai cũng khen cả.",0,0,0,5,0,0
"nhà hàng xinh xắn, đồ ăn ngon với giá cả hợp lý",0,0,4,4,0,0
thuê xe tự lái 7 chỗ tại đây có dịch vụ giao xe tại sân bay phù cát quy nhơn rất tiện lợi. mình đến nơi là đã có xe chờ sẵn. rất ok,0,0,0,0,5,0
"nhà hàng này nhìn cực kỳ sang trọng luôn nha, vừa kết hợp nhà hàng và khách sạn luôn á nên có hồ bơi và bàn ngồi cà phê và ăn sáng đồ các kiểu luôn, nhân viên nhà hàng cực kỳ lịch sự là thân thiện, do đi theo công ty nên menu được chọn sẵn rồi menu gồm 7 món khác nhau chưa kể trái cây tráng miệng, đồ ăn ngon và cừa miệng cá ăn khá là ngon và tươi, ướp và tới nên có độ ngon và tươi nhưng không có bị tanh nên khá là ưng ý",0,0,5,5,0,0
"chợ cá tươi, giá không mắc tuy nhiên phải biết thương lượng. chợ chuyên bán hải sản tươi sống và các mặt hàng thực phẩm đơn giản. các chủ sạp hàng dể mến thân thiện. lưu ý khi đến chợ bằng xe máy nên gởi xe trong chợ nếu không dể bị cagt phạt",0,0,0,0,0,5
"quán hơi nhỏ và khá ít bàn ghế , nhìn sơ qua không mấy ưng ý cho lắm . giá cả ở đây nói chung là cao hơn các quán hải sản khác . giá tầm 10k trở lên . ốc trộn không ngon cho lắm . càng cúm núm 40k một phần ngon nhưng hơi ít . bình thường ở mấy quán khác 10k một phần thì ở đây cao hơn 5k nhưng chất lượng lại không được ưng ý khách hàng lắm . tóm lại thì mình nghĩ là mình sẽ không quay lại quán này nữa . nhân viên ít mà phục vụ hơi chậm",0,0,0,3,0,0
"quán deco tông màu đen trắng nhìn đơn giản và đẹp.menu đồ uống thông dụng , giá bình dân.với quán ở địa điểm đẹp như thế này giá như vậy là rẻ. sữa chua dẻo bình thường không nổi trội,chưa thử đồ uống nên lần sau sẽ thử thêm. điểm trừ là quán điều hoà mà trong nhà vẫn có người hút thuốc, tuy có mở ô cửa sổ nhưng vẫn hôi.trog nhà nên cấm hút thuốc. địa điểm đẹp để cf nhìn ngắm phố phường.",0,0,0,4,0,0
"quán ăn bình dân với khá nhiều lựa chọn các món quà vặt hà nội, nơi thú vị để tụ tập bạn bè, không phải là ưu tiên lựa chọn của mình khi tiếp khách công việc.",0,0,0,3,0,0
"đây là địa điểm thuê xe mình rất tâm đắt ở quy nhơn. cô chú rất nhiệt tình, vui vẻ, giá cả thuê xe lại rất sinh viên.",0,0,0,0,4,0
"thực phẩm rất lớn, thức ăn rất ngon và giá cả rất tốt.",0,0,0,5,0,0
"ban đầu mình nhận phòng nhưng không ưng ý vì chỗ vòi nước ở bồn tắm bị hư và sau đó nhân viên đã lên sửa, lúc ấy bạn mình nói muốn đổi phòng khác và lễ tân đã hỗ trợ mình đổi phòng khác rộng hơn chỉ tiếc là không có bồn tắm, nhưng vẫn rất perfect",0,4,0,0,0,0
quán sát eo gió nên ăn xong lên eo gió chơi rất tiện. view đẹp là điểm cộng số 1,5,0,0,5,0,0
cảnh quang tạm được. không có nhiều dịch vụ vui chơi. xung quanh nhiều nhà hàng biển. đồ ăn giá khá cao,3,0,0,3,0,0
"chuyến đi của chúng tôi yêu cầu đi phà, trả phí cầu đường, và tất nhiên, được đón một lần nữa để lái xe trở lại vài giờ sau đó. mọi thứ đã được st chăm chút và đã bao gồm trong giá bán.",0,0,0,0,4,0
"dù mình chưa đặt bánh nhưng mà shop đã tư vấn rất nhiệt tình, mình rất thích",0,0,0,5,0,0
ần đầu tiên mình đến ăn và bị 3 ô bác bảo vệ xua đuổi bảo là hết bàn. sau đó mình vẫn vào và bảo chủ quán e có đặt trước thì mới được vào. sau đó lúc ăn xong ra lấy xe thì bác bảo vệ vui tính bảo xin 5 ngàn đồng. khu vực để xe này 5 ngàn đồng. bún chả cũng tạm được. nước chấm không ngon bằng bún chả đắc kim hàng mành. never comeback again.,1,0,0,3,0,0
"giữ xe hách dịnh, khách để xe sát bậc thềm thì quản lý ra đôi co chỉ chỏ (mặc dù không có biển cấm để, xe nhân viên vẫn để sát bên), nhân viên thu ngân thì không giải thích chương trình khuyến mãi, kẹo đường khuyến mãi cho trẻ em thì kêu máy hư khởi động lâu...dù khách hàng lâu năm vinmart nhưng quá thất vọng",1,0,0,0,0,0
tôi và người yêu giận nhau hơn 1 tuần rồi. sau đó tôi được 1 người bạn giới thiệu quần áo ở đây đẹp lắm. nên tôi quyết định mua 1 chiếc váy tặng ny để làm hòa. kết quả là chúng tôi đi nhà nghỉ ngay sau đó.,0,0,0,0,0,4
"giá cả phải chăng, nhân viên nhiệt tình, gần khu trung tâm dễ dàng di chuyển tới các điểm vui chơi",0,4,0,0,5,0
"xe chất thêm quá nhiều người, sai quy định, 14h là h xuất phát nhưng 15h chưa đi, xe tệ nhất đó h mình từng đi, mọi người đừng nên sử dụng dịch vụ này",0,0,0,0,2,0
"nhân viên thân thiện, khách sạn đầy đủ dịch vụ từ tour tới xe máy nên rất tiện cho vợ chồng mình đi lại. các bạn tư vấn nhiệt tình điểm ăn uống ở đà lạt.",4,4,0,0,4,0
vị trí thuận lợi. nhân viên nhiệt tình hỗ trợ khách hàng,0,4,0,0,0,0
"hình thức tự check in tạo cảm giác tự do, thoải mái như đang ở nhà của mình.",0,5,0,0,0,0
"trong một ngày rảnh rỗi thì ngồi thèm hải sản, nhớ ngay quán cây dừa, dạo trước hay ra qui nhơn chơi, cứ ra là ghé quán này, hải sản lúc nào cũng tươi ngon, đặc biệt là rẻ, đây là địa điểm an toàn cho túi tiền của dân du lịch",0,0,0,5,0,0
"tới thành phố biển quy nhơn du lịch đi chơi chụp ảnh nhiều nên chân mình mỏi rã rời. search google thì may sao tìm thấy chỗ này. cũng may mình đặt lịch trước không thì đến phải đợi . chỗ này tối đông kín ghế, không gian thiết kế ổn, ấm áp,tone màu hợp với những đứa chuyên sống ảo như mình. tay nghề của các bạn ktv khá ổn, chịu khó hỏi han khách cần gì và lễ phép. giá tiền cho 1 lần massage chân là 200k/60p. ở thành phố du lịch mà mức giá như vậy mình thấy rất hợp lý. mọi sự mệt mỏi đều tan biến. mình sẽ ghé lại khi có dịp du lịch quy nhơn tiếp.",5,0,0,0,0,0
"phòng kín bí có mùi khó chịu như xe ô tô, điều hòa kêu to. đèn phòng tắm sắp hỏng, nháy nháy liên tục, 1/4 bóng đèn ngoài phòng hỏng.",0,1,0,0,0,0
"silent kitchen - tạm dịch là tiệm bếp im ắng?? chắc vậy :)) mà phải công nhận ở đây kiểu lãng mạn, nhẹ nhàng và yên tĩnh, rất thích hợp với kiểu hẹn hò hoặc trò chuyện riêng tư. không vì thế mà làm người ta choáng ngợp, silent kitchen vẫn tạo cảm giác thoải mái cho thực khách. nhân viên được đào tạo bài bản, lịch sự. bên này có đủ thứ từ trà sữa, cafe cho tới đồ ăn. thì kitchen mà, đồ ăn cũng ngon và nhiều lắm. gọi cái pizza ăn thử, khá ok, đế không mỏng cũng không quá dày. cheese nhiều và thơm, tạo cảm giác ngon miệng mà không ngấy.",0,0,0,5,0,0
"một địa điểm tham quan du lịch, nghỉ mát tốt hiện nay tại quy nhơn bạn chỉ cần đi hết cầu thị nại (thành phố --> khu kinh tế nhơn hội) là sẽ thấy ngay khu du lịch phía bên tay phải bạn nên đi vào những ngày không phải dịp lễ, tết để có những bức ảnh đẹp nhất mà không phải lay hoay chọn hướng vì quá đông người vé vào cổng ngày thường cho nhu cầu tham quan rất rẻ (50.000 1 người) và bạn phải trả thêm phí trò chơi nếu bạn có nhu cầu khi vào bên trong tại đây cũng có nhà hàng và khu ăn uống cho nên bạn không phải đi đâu xa hay là đem theo cả mớ đồ ăn cả sẽ rất thú vị cho những cặp tình nhân đi du lịch vì ở đây có rất nhiều homestay qua đêm và view thì miễn bàn luôn nhé!",5,0,0,0,0,0
"đây là big c đầu tiên ở bình định, với thiết kế tòa nhà đẹp, nơi đây có cũng bán khá đầu đủ giống như các big c ở hồ chí minh nên mình rất thích mỗi khi về quê có thể mua sắm đồ ở đây.",0,0,0,0,0,5
"nhiều món để lựa chọn ☑ gà rán ngon tuyệt. quán chia ra gà không xương và gà có xương rất ngon. salad to đủ ăn cho cả 3 người. món nào cũng ngon tốt về mặt phục vụ thì phục vụ tốt, ân cần, nhiệt tình và hòa đồng với khách hàng 👤. vô có chào hỏi, về có mở cửa cho khách và tạm biệt. luôn tươi cười. tư vấn cho khách ăn vừa đủ món để không bị thừa và thiếu ^^.",0,0,0,5,0,0
vì mình đang đói và ăn vội nên không có chụp được hình nào,0,0,0,0,0,0
"chủ cho thuê thân thiện, thuê xe để quên đồ ảnh chạy theo đưa lại, chỉ dẫn chỗ ăn uống nhiệt tình. lần sau quay lại vẫn sẽ thuê xe ở đây!!!",0,0,0,0,5,0
đi nhóm cắm trại hoặc đi thuyền qa đảo chơi mà ăn hải sản ok lắm luôn còn nhiều hình lắm mà lấy hình gần nhất mới đi hôm qua 💃🏻,5,0,0,5,0,0
"hãng xe này so với grab thì mắc hơn tuy nhiên cách đào tạo nhân viên thì không ngon , bởi họ không được đào tạo kỹ năng cơ bản khi phục vụ khách hàng , với tôi chọn grab khi di chuyển là lựa chọn hàng đầu ,",1,0,0,0,1,0
"đây là lần thứ 2 mình quay lại quán này. quá thật rất thất vọng, lần thứ 1 mình vào quán là hồi tết, quán làm đồ uống và bánh cũng được. còn bây giờ, mình rủ bạn vào quán uống lại, view thì vẫn như hồi tết, nói chung cũng được nhưng quả thật nước không ngon quá xá luôn. bạn mình đứa nào cũng chê cả, phần kem quá ngọt, ăn nó bột bột sao á, phần nước thì không ngon tệ. nhân viên phục vụ thân thiện. vì đồ uống không ngon mà giá cả thật sự quá cao so với mặt bằng quy nhơn nên chắc chắn không có lần quay lại nữa đâu.",0,0,0,1,0,0
"sân bay tuy nhỏ nhưng bố trí khá thuận lợi,hợp lí cho khách di chuyển. hàng hóa trong sân bay đa dạng,cách phục vụ tận tình. cảm giác rất hài lòng. một điểm cộng cho quy nhơn. giúp cho khách hàng hài lòng và muốn quay trở lại hơn.",0,0,0,0,4,4
"poke ngon , nguyên liệu tươi , sốt cay rất ngon ,thích hợp cho những người tập gym , rất đáng để trải nghiệm !",0,0,0,4,0,0
"đã hết cách ly xã hội; mọi người, mọi việc đã hoạt động bình thường, mà nhân viên bảo vệ siêu thị chặn khách hàng không cho vào với lý do không có khẩu trang! việc làm này liệu có quá mức cần thiết? hôm nay lần đầu đến đây! phải để vợ con vào còn mình ra quán nước vỉa hè ngồi chờ! lần đầu và cũng là lần cuối mình đến đây!",0,0,0,0,0,2
"nếu vào chợ để ngắm nghía nhiều sản phẩm độc lạ thì ok, còn mua hàng ở đây thì mắc hơn ở chỗ khác một tí",0,0,0,0,0,2
"đẹp và lớn. giống như một khu chợ bình thường, và bạn có thể tìm thấy hầu hết mọi thứ với giá rẻ (không phải giá khách du lịch). nhiều cửa hàng khác nhau bên trong. 3 tầng.",0,0,0,0,0,4
"dịch vụ tập trung vào khách hàng tuyệt vời. đến sớm, xe sạch sẽ rất mới, tài xế thân thiện và hữu ích người lái xe an toàn, chúng tôi không bao giờ lo ngại mặc dù giao thông đông đúc. rất khuyến khích dịch vụ này cho công việc và niềm vui.",5,0,0,0,5,0
"ở ngay trung tâm, gần quảng trường thành phố. hơn nữa, bạn quản lý rất dễ thương, nhiệt tình đổi phòng cho bọn mình ở một phòng view hướng biển mà giá lại không đổi. phòng sạch sẽ và thoải mái.",0,5,0,0,0,0
"sau 11 ngày xuyên việt, chúng tôi đã thử món phở được đề xuất này. tôi đã ăn súp ngon hơn nhiều ở việt nam và nhân viên ở các nhà hàng khác thân thiện hơn nhiều. các nhân viên thân thiện như ở hầu hết các thành phố phương tây. đánh giá quá mức.",0,0,0,3,0,0
"3 chị em mình ghé chạm spa vào buổi sáng, bị ấn tượng bởi không gian thiết kế rất hài hòa và ấm cúng, mùi hương chanh sả nhẹ làm mình thấy thư giãn. đi bộ nhiều nên 2 chân mỏi rã rời, mình chọn dịch vụ massage chân tinh dầu kèm thêm đá nóng 60p, giá 220k . tay nghề các bạn ktv ở đây khá tốt , làm bài bản chứ không hời hợt như một số nơi khác, nhiệt tình và rất lễ phép. mức giá 220k tại trung tâm thành phố du lịch cũng như không gian và thái độ phục vụ tốt như vậy mình thấy hợp lý . bạn nào đi chơi nhiều giống mình thì mình khuyến khích nên thử dịch vụ bên này nhé . rất hài lòng!",5,0,0,0,0,0
"anh chị chủ hiền, nhiệt tình, giá rẻ. mình thuê đi chơi có nữa ngày mà vẫn giao tận nơi. sẽ giới thiệu cho người quen.",0,0,0,0,5,0
"xếp phòng không đúng booking, tôi phải yêu cầu lại đến 2 lần mới tìm phòng như booking. cảm thấy bớt vui cho chuyến đi này. hi vọng khách sạn cải thiện điều này để khách có chuyến đi vui vẻ trọn vẹn. cảm ơn",0,1,0,0,0,0
dịch vụ quá bèo.vip chỉ matxa thông thường. ngoài ra giá cả thì cần gì tính giá trên trời. quản lý phục vụ quá nghiệp dư. tốn tiền vô ích. đào quá tệ,1,0,0,0,0,0
thật là một sân bay nhỏ! giá thực phẩm khá đắt. đó là gần 50.000 đồng cho một bát mì ăn liền với một số miếng thịt bò.,0,0,0,2,0,0
chuyến đi suôn sẻ và an toàn. chúng tôi muốn giới thiệu dịch vụ cho những du khách khác.,5,0,0,0,0,0
"giá cả rất hợp lý, chỉ cao hơn một chút so với mức giá tương đương của grab, nhưng họ chắc chắn đã bù đắp cho sự khác biệt trong dịch vụ được cung cấp.",0,0,0,0,4,0
cảm giác quầy tiếp tân khách sạn hơi tối tăm. nên cố gắng thay toàn bộ khăn tắm mới,0,2,0,0,0,0
"mình vô tình ghé qua quán, không kỳ vọng nhiều vì lối lên không quá fancy nhưng thực sự lúc vô quán bị bất ngờ bởi không gian rooftop từ tầng 10 rất thoáng, và view toàn thành phố cực đỉnh.",4,0,0,0,0,0
"vị trí nhà sách ở trung tâm quy nhơn, sách đủ thể loại nhưng chưa phong phú, hơi nhỏ và chủ yếu mua văn phòng phẩm. cần đầu tư hơn nữa các đầu sách mới, đặc biệt sách nước ngoài.",0,0,0,0,0,3
"tiếng sập cửa khá to, khách sạn nên có khuyến nghị khách nhẹ tay khi sập cửa. phòng gym quá nghèo nàn.",0,1,0,0,0,0
"đẹp, sạch sẻ ,vị trí đắc địa rất tiếc chưa khai thác hết tiềm năng",4,0,0,0,0,0
"chợ bến thành, sài gòn là biểu tượng không thể quen thuộc hơn khi nói đến thành phố mang tên bác. có hàng chục nơi để đi, hàng trăm điểm để khám phá, và hàng nghìn hoạt động chờ bạn tham gia. tuy vậy, nếu chưa ghé chợ bến thành, một ngôi chợ sầm uất bậc nhất đồng thời là biểu tượng của thành phố, thì hành trình của của bạn vẫn chưa trọn vẹn đâu nha. trải qua hơn 100 năm tồn tại và phát triển, chợ bến thành không chỉ là nơi giao thương của thị dân mà còn trở thành điểm du lịch không thể bỏ qua khi đến sài gòn từ kiến trúc độc đáo của ngôi chợ, những người bán hàng thân thiện, đến sự đa dạng của hàng hóa, khiến ai cũng muốn một lần ghé đến tham quan.",5,0,0,0,0,0
"sân bay địa phương, vừa phải không quá đông, dịch vụ không có nhiều nhưng cũng tạm ổn.",0,0,0,0,3,0
"vợ chồng mình đến quy nhơn du lịch và thật may mắn khi tìm được chổ thuê xe máy của bạn bảo. bạn rất nhiệt tình, giới thiệu mình các quán ăn ngon và các tour du lịch eo gió, kỳ co, hòn khô với giá cực kỳ ưu đãi. xe thì mới và sạch sẽ vô cùng, giá cả lại tốt.ấn tượng nhất quả mũ bảo hiểm , đi đâu cũng thấy khách của bạn ngoài đường. nếu có 10 sao mình cũng sẵn sàng cho 10 sao nữa",0,0,0,0,5,0
"mình và bạn mình lần đầu tiên đến đây và cảm thấy rất hài lòng với quán. từ các bạn nhân viên tới chủ quán. thật tuyệt vời khi được thưởng thức một đêm đúng nghĩa theo tiếng nhạc ở đây. không gian mở, mọi người gọi đồ uống và thoải mái thư giãn. cảm ơn đã dành cho tụi mình nhiều sự quan tâm tới vậy nha @tommy. i will get backkkkk",0,0,0,5,0,0
"lễ tân va nhân viên thiếu thân thiện khách từ lúc vào và ra trả phòng không nhận được câu chào hỏi và cảm ơn, nhân viên dọn phòng không thay bàn trải kem đáng răng, hai ngày không không có nước lọc... quá tồi",0,2,0,0,0,0
phục vụ quá chán không nhiệt tình trả tiền trước là bơ khách luôn mực thì rõ đắt mang ra được 1 con bé như ngón chân,0,0,0,2,0,0
rất hiểu biết và kiên nhẫn. đến để giúp chúng tôi khi chúng tôi hết nhiên liệu. dịch vụ tuyệt vời.,0,0,0,0,5,0
"chúng tôi đã có một bữa tiệc lớn, nên việc đặt hàng rất khó hiểu. pizza là tốt, nhưng không hoàn toàn kiểu mỹ (tôi là một người sành ăn, vì vậy tôi không quan tâm). pasta, rissoto, pizza, bánh mì kẹp thịt, cánh gà có sẵn",0,0,0,3,0,0
"về xì gòn sẽ nhớ món này ở đây nhợ ngon thanh ngọt dịu rẻ ơi là rẻ, 1 ly đầy mà có 19k @@ nhân viên thì thân thiện dễ thuóng nói chung thấy người quy nhơn ai cũng dễ thương quá thể ❤️❤️❤️",0,0,0,5,0,0
"cả nhà mình đi siêu thị big c qn sắm đồ, lựa đồ 3 tiếng đồng hồ được 1 xe đầy, nhận thấy sắp đến giờ đóng cửa nên ba mình để xe đồ bên chỗ đầu dãy gần ngay chỗ thanh toán để đẩy ra tính tiền cho dễ, nhưng mẹ , em và mình đang bên quầy quần áo cách đó 5 mét nên ba mình để xe đó chạy lại kêu cả nhà đi về. hý hửng đi ra kiếm cái xe méo còn ở đó nữa. hỏi nhân viên ngay đó chúng nó.cứ đứng cười rồi kêu không biết , hỏi bảo vệ thì nó kêu chắc sắp đóng cửa nên nó đẩy xe ra xả hàng luôn . trong khi còn ng ta đang mua sắm mà không hề nhắc nhở, hỏi xe đồ của ai hay bắt loa báo sắp hết giờ hoạt động, điều mà siêu thị cùi bắp nhất cũng có thể làm để nhắc khách hàng về cho đúng giờ kinh doanh của siêu thị. mà quan trọng nhất là không hề có ai đứng ra tìm giúp cái xe.mới vừa được đẩy đi đâu đó giúp khách, toàn đứng đực ra lõ.mắt ngó cảm giác khách hàng như thứ gì vậy á. không xin lỗi khách, không hỗ trợ khách, trả lời kiểu không có trách nhiệm gì hết . lỡ khách có thói quen để đồ cá nhân trên đó rồi quay lưng lại lấy đồ quay qua mấy cái xe rồi mấy ng đền không mà đầy xe đi không thèm hỏi dù thấy ng ta đứng thù lù cả gia đình cách mấy mét ? giờ sắp đóng cửa chứ chưa.phải quá giờ đâu mà vậy ?",0,0,0,0,0,1
"giá vé xem phim khá rẻ, phòng chiếu rộng rãi, hiện đại, trải nghiệm xem phim không có gì phải chê",5,0,0,0,0,0
"hải sản tươi sống, dù ở quê mình cũng toàn hải sand nhưng ra đây vẫn cứ bị thèm. nhiều món ngon, lạ miệng, xứng đáng đồng tiền.",0,0,0,5,0,0
bảo vệ là vị trí tệ nhất vì lúc mình đến thì là khoảng 5-6h. bác bảo vệ ngồi uống bia không quan sát được khách. hướng dẫn vào chỗ đỗ xe cũng lớn giọng nên khá mất vui với bác này. các phần khác đều ok,0,3,0,0,0,0
"một số khách ăn uống xong bầy vỏ hướng dương và hạt dưa tại phòng gym, khách sạn nên gắn quy định để khách biết ý bỏ rác vào thùng.",0,3,0,0,0,0
"rượu bàu đá chính gốc chất lượng, sản phẩm đẹp với nhiều mẫu mã và bao bì bắt mắt. tôi sẽ mua để làm quà tặng cho gia đình, bạn bè và đồng nghiệp của tôi",0,0,0,0,0,5
"đây là lần đầu tiên cảm thấy rất khó chịu khi đến cgv xem phim, rất không hài lòng vì nhân viên bán vé, hỏi và chốt 1 cách dồn dập, nước thì không cho chọn loại nước, không hỏi kh có thẻ thành viên hay không không có nhân viên trực phòng rạp, tự đi vô tự kiếm chổ ngồi. 😤",1,0,0,0,0,0
"nhân viên rất thân thiện và vui vẻ , phục vụ nhiệt tình",0,5,0,0,0,0
"mình cũng xem review mới viết quán này, ở flc nên đi đâu xa cũng khó, gọi quán hỏi thử, quán cho xe qua đón luôn. qua quán ai cũng dễ thương, món ăn thì ngon mà trình bày lại đẹp mắt nữa. lại phải quay lại ăn hết cái menu quá",0,0,0,5,0,0
"tôi đã có một đêm thú vị ở đây, đồ ăn rất hấp dẫn, một nơi đáng nhớ khi đến sài gòn",0,0,0,0,0,0
bạn mình ở hà nội vào quy nhơn chơi cần thuê xe máy để đi lại. mình nghĩ ngay đến dịch vụ cho thuê xe máy số 1 quy nhơn của anh hoài bảo tại địa chỉ 27a hoàng hoa thám.,0,0,0,0,4,0
"dich vu tot , lai xe nhiet tinh , vui ve ... biet cac quan an ngon va ban dia tai tp quy nhon tài xế thân thiện , đúng giờ đúng tuyến , cảm ơn dv phương khang car.",0,0,0,0,4,0
"uống quán này cũng gần được 1 năm mà giờ mới review (vì mắc bệnh lười 😝) không gian : nhỏ nhưng ấm áp, decor bắt mắt. mình rất thích tới đây tám chuyện với bạn bè vì không khí yên tĩnh không ồn ào náo nhiệt như nhiều quán khác. đặc biệt là có điều hoà ngồi mát mẻ, sạch sẽ. chủ quán hình như là fan của running man nên thấy lúc nào cũng mở chương trình này , ai cùng chung sở thích thì gia nhập lun nhé :)) chủ quán: hiền, dễ thương (nhưng thương không dễ))) lâu lâu hơi tưng tửng xíu nhưng mà lại thấy vui ))) chất lượng: đã uống thử nhiều quán trà sữa ở quy nhơn nhưng cuối cùng vẫn quay lại đây vì thấy không chỗ nào bằng chỗ này. mình thì mùa hè hay uốg soda chanh dây, chanh dây ép, sorbet cam xoài. còn mùa đông lạnh lạnh thì uống hồng trà sữa hay trà sữa 1 lít. đúng kiểu tâm trạng mùa nào uống thức đó.. so deep.. menu còn rất nhiều món nhưng tính mình chung thuỷ uống nào ngon thì cứ uống hoài thui :))",0,0,0,5,0,0
"nơi này có bầu không khí rất tuyệt, âm nhạc rất đặc biệt với múa bụng hàng ngày.",4,0,0,0,0,0
"quán sạch sẽ, đồ ăn tươi, phong cách phục vụ nhân viên tốt.",0,0,0,5,0,0
đáng thử nếu bạn thích đồ ăn ấn độ!,0,0,0,4,0,0
con trai tôi cũng thực sự thích nó.,0,4,0,0,0,0
"giá vả hợp lý, người bán chân thật, thân thiện",0,0,0,0,0,5
"thị trường có tất cả các loại quần áo bạn cần và với một phần nhỏ của giá, chỉ khi bạn chuẩn bị mặc cả có thể khá thú vị!",0,0,0,0,0,3
"xem thật tuyệt vời. nhân viên đã vô ích. anh ấy khó mà phát hiện ra rằng những bức ảnh trên thực đơn trông to hơn rất nhiều so với thực tế. đã đặt hàng nhiều loại nguồn điện nhỏ ngay cả đối với loại ""lớn"". ra đĩa bên nhỏ. chúng tôi hỏi liệu chúng tôi có c",0,0,0,3,0,0
"quy nhơn về đêm quá lung linh và tôi muốn đi dạo phố ngắm toàn cảnh thành phố. và tôi tìm đến dịch vụ cho thuê xe máy . rất hài lòng về dòng xe ab mà a giao đến. xe đi rất êm, và a chủ rất nhiệt tình ạ. có dịp sẽ quay lại nơi đây để gặp a chủ vui vẻ",0,0,0,0,5,0
"ấn tượng đầu tiên về silent là về không gian cực đẹp, chụp hình cực ưng ý. quán là 1 trong những quán cafe có kiểu thiết kế mới lạ khi kết hợp các yếu tố sang trọng cùng các chi tiết xanh thiên nhiên . thay vì những bức tường xi măng khô khan là những tấm kính trong suốt được trang trí bằng những chùm đèn bắt mắt hay những mảng tường được phủ xanh bởi lá cây. bởi vậy, không gian của quán mang đến cho mọi người cảm giác như đang lạc vào lâu đài cổ tích vậy, đến cả đường đi vào wc cũng xinh lắm cơ :"">. mà ở silent thì buổi tối đẹp hơn nhé ^^ một điều đặc biệt nữa là ở tầng 1 của quán có đặt 1 cây đàn piano và quán có cho phép khách sử dụng đấy ạ ^^ menu của quán thì không quá đa dạng, giá thì cao hơn tí so với mặt bằng chung nhưng đồ uống được trang trí cầu kì bắt mắt. các bạn nhân viên ở đây thì nhiệt tình và dễ thương cực kì luôn ấy :""> hãy tới và trải nghiệm silent theo cách của riêng mình đi nào!",0,0,0,5,0,0
"trên hình google đẹp nhưng đến nơi thì mới thấy thực tế. đi vào giờ chiều nên đông khách du lịch. cảnh đẹp nhưng rác rất nhiều. hy vọng ban điều hành khu du lịch trang bị thùng rác đầy đủ bãi chỉ có highlight là mấy hòn đá to, dạng như quả trứng. bác bảo vệ hơi làu bàu",3,0,0,0,0,0
"xe ngọc thương đi an toàn, nhiệt tình, chờ khách hơi lâu",0,0,0,0,4,0
"cô chú với mấy bạn bán hàng vui vẻ thân thiện, tư vấn tận tình, bạn nhân viên đóng hàng siêu cẩn thận. đồ ngon giá cả hợp lý. thanh toán cô còn giảm giá cho mk. 1địa chỉ uy tín để mọi ng mua quà khi đến quy nhơn",0,0,0,0,0,5
để suất chiếu 9h mà tới rạp báo là suất sớm nên chưa có test phim. thiệt là khó chịu! làm ăn không chuyên nghiệp!,2,0,0,0,0,0
"khách sạn đẹp, có thể ngắm cảnh thành phố từ trên cao. vị trí thuận tiện, nhiều tiện ích đi kèm. chỉ tiếc là nhân viên phục vụ phòng ca thán nhiều việc, tranh cãi với nhau to đến mức mình nghe thấy.",0,4,0,0,0,0
"good parking and price! bãi đậu xe rất rộng rãi, nhà hàng ngay dưới sân rất tiện cho ăn uống nếu không muốn đi ra ngoài",0,5,5,0,5,0
"xe đẹp, lái xe nhiệt tình, vui vẻ. chuyến đi sa pa, hà giang cùng dịch vụ thuê xe du lịch hà nội thành công tốt đẹp. cảm ơn bác tài và công ty rất tuyệt vời.",0,0,0,0,5,0
"quán câu cá khá thú vị, nhân viên vui vẻ thân thiện đồ ăn ngon chất lượng, địa chỉ cũng dễ tìm mọi người đến tham quan và câu thử",4,0,4,0,0,0
"nhân viên tận tình, vui vẻ, chất lượng tốt. đánh giá 5 sao",0,0,0,0,5,0
"nhân viên nhiệt tình, lễ tân tuyệt vời, quản lý tốt.",0,5,5,0,0,0
cảm ơn bạn đã chia sẻ cách trồng và sử dụng cây của bạn! tôi đã học được một cái gì đó mới và nấm rất ngon!,0,0,0,4,0,0
"đi dịp tết nên thấy quán đông hơn mà nhân viên phục vụ cũng dễ thương, nhanh nhẹn. ở quy nhơn thấy quán này là nhân viên khá chuyên nghiệp, phục vụ nhẹ nhàng có hỏi han chứ không như các quán khác. quán này đi buổi tối đẹp hơn, không gian lung linh, huyền ảo, nhiều ánh đèn, mà mấy ngày này ngồi ở ngoài hơi lạnh. có 1 số khu vực để sống ảo cũng tốt. nước pha vừa uống, không đến nỗi tệ. quán này có chị chủ rất dễ thương và nhiệt tình.",0,0,0,4,0,0
người lái xe rất tuyệt và đã cho chúng tôi nước đóng chai được đánh giá rất cao.,5,0,0,0,5,0
"mình đến quán vào buổi chiều khoảng 16h. lúc này quán chưa đông lắm. nhưng nghe bạn mình nói là về tối sẽ đông lắm ấy về thịt nướng và nem thì mình thấy rất ngon, ướp rất hợp khẩu vị không gian rộng rãi có nhiều bàn ghế, khang trang. xung quanh còn treo tranh trông khá nghệ thuật và bắt mát mình đi 2 người và gọi combo này chỉ 120k là quá ok no lun chắc chắn sẽ ghé lại nếu có dịp",0,0,0,5,0,0
"vô tình được chủ khách sạn giới thiệu về ốc ở đường ngọc hân công chúa khi tới nơi thì quá nhiều quán nên vợ chồng mình quyết định quán nào đông nhất thì vào, ốc ở này người ta gọi là ốc chỉ thích ăn gì chỉ nấy chứ không phải chế biến như ở hà nội mình . ốc ăn cũng ngon 20k / phần . hàu nướng thì 5k nướng mỡ hành ngon lắm các bác à 1 mình tôi chén tới 20 con hàu . haha nói tóm lại ở đây 4 hôm là ghé hết quán này có món cá bò gì đo ăn ngon lắm các bác còn tôm hùm nướng phô mai như hình chụp là 100k 1con ngon tươi 10d cho quán . vì sự nhiệt tình của quán giành cho vợ chồng mình nên quyết định review cho quán .",0,0,0,5,0,0
"nằm trên bãi biển chính, thực sự trên cát. giá cả cao hơn một chút so với những nơi khác trong thành phố quy bào - nhưng địa điểm vị trí địa điểm! không khí tốt. nơi này có rất nhiều du khách việt nam.",4,0,0,0,0,0
"các anh chị nhân viền vừa lịch sự vừa chu đáo. rạp phim rộng, chất lượng hình ảnh, âm thanh rất tuyệt, sạch sẽ thơm tho. còn có cả nhiều ưu đãi tốt cho khách hàng ❤",5,0,0,0,0,0
"mình rất hài lòng về thái độ phục vụ của mọi người, phòng sạch đẹp, view quá tuyệt vời, giá rẻ!",0,5,0,0,0,0
"mèo vô tình đi ngang và tấp vào, quán không gian nhỏ nhưng đẹp, kết nhất bộ bàn ghế ngoài hè và thái độ phục vụ quán rất vui vẻ cởi mở, soda cherry ngon và giá cả hợp lí ! mèo ưng quán này và sẽ ghé quài vui vẻ :3",0,0,0,5,0,0
"quán có không gian khá đẹp và ấm áp, thực đơn chủ yếu là món tây âu nên hương vị rất lạ miệng và ngon toẹt vời, giá cả hợp lí. boss rất dễ thương và nhiệt tình, quán có bạn franchese đặc biệt nữa. quán thích hợp cho các bạn thích không gian yên tĩnh, họp gia đình cuối tuần, làm ăn với đối tác hay các bạn đang hẹn hò 🤗",0,0,0,5,0,0
"nhà hàng này ở vị trí khá đẹp, nhìn ra là thấy hồ sinh thái ở quy nhơn. quán cũng sang trọng nhưng thực sự cách bài trí thì mình thì thấy hơi khó hiểu, nó không theo một quy luật nào cả, các bàn kê khá gần nhau nên hơi ồn,ảnh hưởng bởi bàn kế bên.nhưng được cái là bàn nào cũng được trải khăn trải bàn nhìn sạch sẽ,tinh tươm. đồ ăn thì cũng tạm được nhưng không được tươi lắm. nhưng được cái bạn phục vụ đẹp trai nên lấy được điểm trong mắt của mình. giá thì cũng ổn,biết chọn món hợp lý thì cũng rẻ.",0,0,0,4,0,0
"dịa điểm nằm ngay trung tâm, phòng rất rộng và sạch đẹp. giá quá tốt vào thời điểm này.",0,5,0,0,0,0
"năm trước đi không thích lắm, nhưng thấy năm nay toàn xe mới nên cho 5*",0,0,0,0,4,0
"mình đã thuê xe để đi phượt, đèo dốc ổn, xe tốt an toàn, chú cho thuê vui tính, dễ thương! giá cả hợp lý. 😇😇 không tiếc gì mà hẻm cho 5*",0,0,0,0,5,0
"một trải nghiệm thú vị và đáng nhớ. ghé qua lần 1 không được vào nên đành qua khu icise tham quan. do quá đam mê khoa học và nghiên cứu, muốn tham quan nơi này quá mà đã quyết định hồi vé máy bay ở lại thêm 1 ngày để quay lại lần 2 xong đến vẫn không cho vào. phải năn nĩ dữ lắm chú bv mới giúp vào hỏi quản lý ở trong và cho nhập đoàn để tham quan và trải nghiệm. cảm ơn sự nhiệt tình giúp đỡ của chú bv và ban ql. có dịp sẽ quay lại lần nữa. vì nghe nói sẽ trang bị thêm nhiều thứ mới lạ nữa.",4,0,0,0,0,0
nhà hàng có view nhìn ra cau thu thiêm và công viên bach dang rất đẹp vào buổi tối,0,0,4,0,0,0
"chủ cho thuê xe vui vẻ nhiệt tình, giao xe nhanh chóng vừa ra cửa đi bộ ra chút xíu là nhận được xe, thủ tục đơn giản. mọi người có ra qn chơi thì ủng hộ cho chú nhé",0,0,0,0,4,0
"nếu ở đà nẵng bạn có các quán như năm đảnh hay eo biển có càng cùm cụn thì tới quy nhơn nên ghé vô đây để thưởng thức hải sản. các món hải sản ở đây ngon, rẻ đặc biệt chất lượng luôn đây nhé. mình khá thích món càng cùm cụm hấp ở đây có cả lá dứa nữa nên mùi vị được tăng lên đáng kể luôn í. menu quán đa dạng, nhiều lựa chọn và phong phú. giá cả ở đây bình thường.",0,0,0,5,0,0
quá tệ. không có gì đặc sắc cũng như thu hút người khác. làm kiểu: thấy họ dơ khu miền cũng chìa trốt.,1,0,0,0,0,0
"holika hiện đang làm điên đảo giới trẻ quy thành. không gian hơi nhỏ nhưng với gam màu trắng xen lẫn những vật dụng màu hồng đem đến cho ta phong cách đa dạng từ sang trọng, hiện tại đến vintage, đến nhẹ nhàng. vị trí quán cũng khá dễ tìm. nhân viên dễ thương, nhiệt tình. bánh trà sữa trân châu giá yêu thương 16.000 đồng/ bánh size nhỏ, 30.000 đồng/ bánh size lớn. bánh khá là thơm và ngon nha, phần bông lan vị trà mềm mịn, lớp sốt trà sữa và trân châu... nói chung là ăn không thể cưỡng lại được, ngon lắm lắm luôn.",0,0,0,5,0,0
"chuyến xe t21 chạy nhơn hải có nhân viên lấy vé tên vân vô cùng mất lịch sự và thái độ không tốt đối với hành khách, nhất là học sinh. cô ta la mắng, ghét bỏ và có hành vi chiếm ghế học sinh rất nhiều lần, phải nói là lần nào cũng vậy và không có thái độ hối cãi. chèn ép gây áp lực cho các em học sinh đây là hành vi không thể nào chấp nhận được. mong xí nghiệp sẽ chấn chỉnh và giải quyết hợp lý. xin cảm ơn!",0,0,0,0,2,0
xe quá tệ. xe chạy đúng 24g cho tuyến sài gòn quảng ngãi. bình thường chỉ 15 tiếng cho những vận tải khác,0,0,0,0,2,0
kỳ nghỉ tuyệt vời cũng nhờ một phần của khách sạn,0,5,0,0,0,0
"nếu bạn đang tìm kiếm burger tốt hoặc quá khứ, thanh này là một nơi tốt nhất để kiểm tra. nhân viên đáng yêu, nhạc sống rất tuyệt vời với không chỉ một cốc bia lạnh mà còn là một loại cocktail rất ngon được pha chế bởi người pha chế thân thiện. dễ dàng kết bạn với người địa phương ở đây.",5,0,0,0,0,0
"tác phong nhân viên tạm được, các line tính tiền chả hiểu sao lại không chịu mở ra nhiều nhiều chút.",0,0,0,0,0,3
"rượu bây giờ chả biết đâu là thật đâu là giả, dần dần rồi thương hiệu rượu bầu đá bình định bị mai một mất",0,0,0,3,0,0
mình và bạn mình lần đầu tiên tới đây.đồ ăn khá rẻ nhưng rất thất vọng với thái độ phục vụ của nhân viên quầy thực phẩm ăn tại chỗ(mang về) nhăn nhó không hướng dẫn cho khách.và nhân viên thanh toán sản phẩm colour plus khi tôi nghe không rõ giá tiền phải thanh toán.tôi hỏi lại thì nhân viên nhân viên (ừ..) với 1 thái độ khó chịu.chưa gặp trường hợp nào làm trong ngành dịch vụ mà như thế.chắc là khinh thường chúng tôi vì ăn mặc nhà quê.,0,0,0,2,0,0
"tưởng không ngon mà ngon không tưởng. mình không thực sự ấn tượng với bánh xèo tôm nhảy quy nhơn. nhưng ăn bánh xèo ở đây đỉnh của chóp. đồ tươi, nêm nếm ngon, nước chấm cũng xuất sắc. giá cả ở mức hợp lý. chắc chắn sẽ quay lại quán khi có dịp ghé quy nhơn lần nữa.",0,0,0,5,0,0
"đồ ăn rất vừa miệng, không bị ngọt như khách sạn khác. người bắc như mình ăn thấy ngon. mặc dù hơi ít món nhưng do dịch bệnh ảnh hưởng nên mình nghĩ như vậy là tốt rồi. sẽ quay lại ở.",0,0,5,0,0,0
"phòng view ổn, nhân viên nhiệt tình, dịch vụ tốt. hơi tiếc là phòng của mình không mở được cửa lùa để nghe được sóng biển vỗ",0,3,0,0,0,0
"cần cải thiện bồn tắm, nắp xả nước hay bị tắc, khó xả nước",0,2,0,0,0,0
"thiết bị, nội thất trong phòng chuẩn 4 sao",0,5,0,0,0,0
"cảm ơn các bạn đã chuẩn bị cho mình một chiếc xe rất tốt trong suốt hành trình của mình tại quy nhơn và cảm ơn cả anh nhân viên rất nhiệt tình tư vấn cho mình các điểm ăn uống khá ngon, lần sau đến mình lại ghé nhé!",0,0,0,0,5,0
"tiện nghi tốt, nội thất rất đẹp, view của khách sạn nhìn sương mù rất đẹp. nhân viên nhiệt tình, giá cả rất ổn. có dịp chắc chắn sẽ quay lại",0,4,0,0,0,0
"bánh ít lá gai ăn rất ngon, chả ram tôm đất cũng ngon. sẽ gọi điện nhờ shop gửi ra hà nội.",0,0,0,0,0,5
"bánh canh ở đây bán rất ngon từ xưa đến nay vẫn hương vị, vẫ mùi vị đó mà làm bao người phải đến đây thưởng thức... mình thấy quán chưa bao giờ vắng khách cả.. giá cả thì lên 1 tẹo... hồi trước là 15k 1 tô, nay là 20k 1 tô nhưng ăn bao ngon, bao no luôn nha... quán có bánh canh mì và bánh canh gạo... quán bán rất sạch sẽ và thoáng mát... nhân viên phục vụ tận tình khỏi chê nha... các bạn hãy tới thưởng thức món bánh canh cua, chả cá của quán và cảm nhận",0,0,0,5,0,0
"không gian nhỏ nhưng thoáng, menu đa dạng, giá rẻ. bánh ngon tuyệt nhưng hơi nhỏ. nước uống cũng ngon lắm. chỉ có 1 nhân viên nên nhiều lúc đợi hơi lâu",0,0,0,4,0,0
"thức ăn ổn, không có gì đáng chú ý. tôi gọi cà phê nóng và nó ấm, gần như nguội. tuy nhiên, nước ép trái cây họ mới làm, đó có lẽ là thứ tốt nhất mà tôi có. dịch vụ kém. đã cố gắng gọi cho các máy chủ nhưng họ quá bận trên điện thoại của họ. sau đó, sau một thời gian, họ thực sự bắt đầu quét và lau sàn nhà trong khi khách hàng đang ăn. bên trong quá tối, có lẽ cần nhiều ánh sáng hơn?",1,0,0,3,0,0
"quán ngay cạnh nghĩa ghẹ, hơi vắng vẻ. tuy nhiên chị chủ rất nhiệt tình, đồ ăn ngon & sạch sẽ. đặc biệt có món gỏi ốc rất ngon, cháo hải sản thì siêu nhiều nhân, giá cả hợp lý. 4 đứa ăn no lặc lè mà hết có 1tr thì mình thấy quá xứng đáng r ❤️",0,0,0,5,0,0
"các món ăn đặc trưng việt nam, ngon mà lại khá rẻ. ngon nhất là cơm gà. nhân viên phục vụ nhanh chóng và nhiệt tình.",0,0,0,5,0,0
"địa điểm trung tâm phố biển. trên ban công tầng 12 mình ở nhìn ra biển rất thích. tiện nghi phòng ok,tuy hơi cũ.",0,3,0,0,0,0
cơm ở đây ngon mà giá rẻ hơn quê hương. gà xối mỡ hay chiên mắm đều ngon. gà xối mỡ da giòn tan lun. quán sạch sẽ. có ship tận nơi nữa. recommend nha.,0,0,0,5,0,0
phòng 'ac là trung tâm nên rất nóng khi mới vào phòng. ac mất nhiều thời gian để hạ nhiệt. ngoài ra cửa phòng vệ sinh khó ra vào vì phòng vệ sinh nhỏ.,0,3,0,0,0,0
người lái xe rất lịch sự và tốt bụng. mọi thứ đều ổn ngay lập tức. chuyến bay bị hoãn nhưng người lái xe đã ra ngay khi chúng tôi xuống khỏi lối ra.,5,0,0,0,5,0
"tác phong nhân viên tạm được, các line tính tiền chả hiểu sao lại không chịu mở ra nhiều nhiều chút.",0,0,0,0,0,4
"quán chỉ hợp ăn chơi, bạn nào muốn ăn hải sản đầy đặn chất lượng thì nên chọn quán khác nhé.",0,0,0,2,0,0
"đối với mình là tạm ổn, nếu bạn đăng ký thành viên sẽ được giảm giá vé. như mình đi 2 người, giá giảm còn 45k/1 người. nếu mua thêm 2 bắp 2 nước là 90k. tổng cộng sẽ là 180k. bạn nào không cận nên chọn hàng ghế từ f trở lên, sẽ ngồi đỡ mỏi cổ và nhức mắt. âm thanh và ánh sáng tại rạp khá ổn. ngoài ra, rạp startlight có khu chờ phim được decor rất đẹp mắt, mọi người có thể nhìn ngắm nội thành quy nhơn từ trên cao, rất chill đấy.",4,0,0,0,0,0
"ngon dã man. quán duy nhất quy nhơn có rau sà lách cuộn. sạch sẽ, kim chi ngon. pizza ngon. vừa mới chuyển chỗ sang đường phan bội châu. có 2 lầu. khách đông. nhân viên 4 người, có chú dắt xe nữa.",0,0,0,5,0,0
"thiệt tình là menu ở quán đa dạng nhiều món trà quá nên cũng vô tình gọi được ly trà cam vàng đào nhài,đầu tiên nhìn cái màu nước là ưng ý rồi nhưng cũng chả biết vị nó ra sao,bt uốg nước cam thì sẽ nghe mùi cam hay bột cam nhưng mà riêng ly này thì không,mình cảm thấy ngon có mùi đặc trưng của cam kết hợp đào nhài nhé ^^ à bên trong còn có hoa nhài nữa nha,vị nước này thì rất ngon,k quá ngọt gắt,mùa hè này mà uống thì hết sảy,mặc dù giá có vẻ hơi cao nhưng mà uốg được 1 ly ngon như v mình cảm thấy không tiếc tí nào 😋",0,0,0,5,0,0
xe buýt nước trình bày quan điểm của thành phố hcm và một số quận ngoại thành từ sông với giao thông ra ngoài.,0,0,0,0,4,0
"quán này tối đông lắm nên tốt nhất là tới sớm chút nhé. có khu vui chơi cho trẻ em nữa nên bố mẹ đến cafe với bạn bè cũng tiện, đỡ giữ mấy đứa nhỏ. bữa mình uống trà đào cam sả, thấy ok đó chứ. không thua gì mấy quán chuyên trà sữa trà đào cho giới trẻ, miếng đào múp rụp. uống ít ngọt thì nhớ dặn quán, mùa này uống vậy là ok rồi. có cả điểm tâm sáng nữa, kết nhất món bún đuôi bò á",0,0,0,5,0,0
"nhóm mình đi quy nhơn chơi. được mấy anh chị đi trước hướng dẫn đến tiệm này để thuê xe. công nhận đúng ý thật. xe mới, chủ quán nhiệt tình thêm cái giá cả quá hợp lý. quy nhơn đẹp, tiệm này cũng quá dễ thương. luôn ủng hộ dịch vụ cho thuê xe máy quy nhơn mỗi lần ghé nơi đây",0,0,0,0,5,0
"toilet bố trí không phù hợp lắm. gương lớn chiếu vô giường khó ngủ. cách âm kém, ồn.",0,3,0,0,0,0
"món ăn ở đây rất ngon. gà rán hay gà nướng các loại đều rất hợp vị, gà rán giòn,không bị bở. đặt biệt gà phô mai nhiều, phômai thơm, béo lắm luôn. ngoài ra ở đây còn có bán các loại nước trái cây, cf , soda các loại. và cách phục vụ của các bạn nhân viên, niềm nở, chu đáo, nhiệt tình và lễ phép với khách hôm rồi mình đi sinh nhật cháu gái tại jollibee, cảm thấy rất thích không gian ở đây .phù hợp để tổ chức sinh nhật, hội nhóm bạn bè tuyệt vời",0,0,0,5,0,0
"các tàu cánh ngầm cũ của nga và vina express hiện đã ngừng hoạt động. tại thời điểm này, tàu tốc hành pacific với các tàu mới đã được tiếp quản sử dụng cùng các phương tiện cập cảng.",0,0,0,0,0,0
"cơ sở xuống cấp trầm trọng, đi vào thì nhân viên đang ngủ, kêu mãi mới có người, lên phòng xông hơi thì đợi nó bật máy cả tiếng chưa có hơi nóng. phòng ốc hôi kinh dị.",0,1,0,0,0,0
"món đa dạng, vị ổn, ăn được, giá hơi cao, không gian đẹp, phù hợp cho khách du lịch và đoàn khách, nhưng để nhớ tới món ăn thì ... có vẻ chưa.",0,0,5,0,0,0
"quy nhơn là một trong những thành phố yêu thích của tôi tại việt nam và quán bar này là một trong những nơi tốt nhất để bạn có thể đi chơi ở đây. thiết kế thoáng mát, bia lạnh bíp, bóng bàn, phi tiêu. . vv rất nhiều hoạt động hàng ngày. bạn có thể dễ dàng gặp gỡ một người mới ở đây: người nước ngoài, du khách ba lô, du lịch, người dân địa phương nên nó là một hỗn hợp tốt cho bầu không khí của họ. rất khuyên! ! !",5,0,0,0,0,0
bãi xe sâu phía bên dưới quá an toàn.,0,0,0,0,4,0
"mình chỉ đến spa ngẫu nhiên do spa gần khách sạn mình ở quy nhơn nhưng rất ngạc nhiên về chất lượng: dịch vụ spa rất chuyên nghiệp, hiệu quả, nhân viên có vẻ có tay nghề rất tốt, phục vụ nhiệt tình, thân thiện. highly recommend!",5,0,0,0,0,0
"sò điệp nướng mỡ hành cũng ngon, ăn chung w muối tiêu xanh, nhug muối này hơi ngọt xí. mực nướng muối ớt mình gọi 300gr, mực tươi nướng thấm, ăn rất giòn, không dai. sẽ ghé lại ăn nếu có dịp ghé qn lần nữa.",0,0,0,5,0,0
"quán có tông màu chủ đạo là xanh dương và trắng. nhìn thì thấy quán khá nhỏ, nhưng cách bố trí nên thấy view quán rất đẹp, chật mà chất :)) phong cách view quán và phong cách phục vụ theo kiểu phương tây nên mình khá thích quán này. về thức uống khá ngon đấy, giá lại cũng hợp lý, tại mình đi vội nên không thử được các món con lại. tóm lại quán này về view rất đẹp, cách phục vụ rất tốt dù khách đông nhưng nhiệt tình. mình rất thích quán này có dịp mình sẽ ghé quán để thưởng thức nốt các món còn lại :))))))",0,0,0,5,0,0
"quán này nghe đồn nổi tiếng lâu đời lắm rồi. thành thương hiệu bánh canh của quy nhơn luôn. mình ấn tượng với bà o già già mặc áo bà ba ngồi bán phía trước. không gian quán cũng không rộng rãi là mấy, nhưng quán này chỉ vào ăn rồi ra, nên không chiếm nhiều thời gian. nên thế này là được rồi. quán ngoài bánh canh bánh cuốn còn bán kèm sữa đậu nữa...bánh canh dai ngon,nước dùng khá ngọt. điểm nhấn của tô bánh canh này là là chả cá, chả cá vừa sực sực và ngọt.ngon quá trời luôn.",0,0,0,5,0,0
"một tập đoàn lớn mà không có 1 phòng nhỏ cho anh em tài xế nằm nghỉ ngơi,để tài xế đi lang thang sếp tôi là member,là khách đang sử dụng dịch vụ bên phía bạn,tôi chở sếp đi chơi golf thì tôi cũng là khách,khách đến nhà không trà thì cũng rượu không có nổi 1 cái room cho ae tài xế nghỉ ngơi thì có xứng đáng được 5 sao không ?,tôi xin phép cho tạm 1 sao",1,0,0,0,0,0
"có vẻ như một chuyến tàu trực tiếp từ trung quốc sẽ có trong năm tới, và một lượng lớn khách du lịch được mong đợi. hãy bảo vệ thiên nhiên tươi đẹp này bằng cách tẩy trang kem chống nắng và thuốc chống côn trùng trước khi vào thác.",5,0,0,0,0,0
"người lái xe tuyệt vời, dũng cảm, không bao giờ bực bội, thậm chí không bao giờ bấm còi, sẽ giới thiệu kỹ lưỡng",5,0,0,0,5,0
"lần đầu mình ăn pizza ở quy nhơn, nói chung là được. thứ nhất, không gian ấm cúng, vị trí dễ tìm. thứ hai, nhân viên thân thiện, vui vẻ. thứ ba, bánh và các món thì tạm ổn. không quá ngon hay đặc sắc. mình đi 2 người hết gần 150k. 1 bánh thập cẩm size s mình thấy ăn cũng ngon, 1 salad cá ngừ( mình ăn xong hết 2 món trước rồi mới đem ra) gia vị hơi nhạt, bánh mì bơ tỏi khá bình thường. thứ tư, thứ mình thích nhất là trà đào tại quán.",0,0,0,4,0,0
"nghe bảo khách sạn chỗ này sang trọng mà lại hút khách lắm nên cũng đến đây thuê phòng thử. công nhận chỗ này đông khách thật, lúc mình đến thuê phòng thì chỉ còn duy nhất một phòng trống thôi. không gian thì sang trọng, lịch sự, mát mẻ. phục vụ thân thiện vui vẻ mà lại còn tận tình nữa. vị trí của khách sạn thì đẹp miễn bàn, đối diện biển nên rất thoáng mát. view nhìn từ phòng mình ra biển rất đã mắt. phòng ốc sạch sẽ, gọn gàng thơm tho. hội trường ở đây cũng bự và mát nữa. mấy cô tiếp tân phục vụ thì mình thấy hơi thiếu nhiệt tình.",0,4,0,0,0,0
"phòng sạch sẽ, thoáng, nệm êm, đầy đủ thiết bị",3,0,0,0,0,0
"quán hải sản này nhiều loại hải sản như tất cả các loại ốc, cua, cá...trên dưới 30 loại được chế biến sẵn rồi bày bán kèm theo nước chấm tùy loại và rau xoài nữa. ưu điểm này là quán bán giá rẻ, các tầng lớp như sinh viên,học sinh,lao động phổ thông đều có thể vào nhậu khỏi lo về giá. một người khoảng 70k là đã thôi. nhưng mà về độ tươi của hải sản thì hình như phải xem xét lại, nó không được tươi ngon lắm. nhưng tiền nào của ấy thôi. quán vẫn đông tấp nập.",0,0,0,4,0,0
"mình được bạn giới thiệu cho tour kỳ co trọn gói 300k trên fanpage du lịch biển bảo nam, thế là thấy cũng ok nên đặt tour bên đó luôn. sáng cùng đồng bọn đến nhơn lý, anh chủ ra đón đến nhà hàng cực kỳ thân thiện. tầm 9h đi cano ra kỳ co, cano xịn ghê, đi tầm 10p là đến đảo rồi. bọn mình tha hồ chụp ảnh tắm biển các kiểu,cảnh đẹp mê hồn. trưa anh hướng dẫn viên của bảo nam đưa bọn mình ra bãi dứa lặn ngắm san hô thỏa thích xong về nhà hàng tắm nước ngọt, ăn hải sản muốn ngập mặt luôn, 8 món. là lá la nghỉ ngơi một lúc bọn mình về lại qn. chuyến đi quá tuyệt, dịch vụ ok",5,0,5,5,5,0
"ở qui nhơn nghe có nhà hàng quê hương nổi tiếng lắm , đi đâu cũng nghe tiếng hết trơn có tới 2 chi nhánh lận , mà sao mình lại không thích quán này cho lắm và cảm thấy không ngon . nhân viên phục vụ có vẻ không thân thiện , mặt chẳng thân thiện tí nào . menu có nhiều món , giá cả cũng được . mình ăn địa chỉ 2 cảm thấy ở đây hơi tối và nóng nực . cơm khá nhạt , hơi mềm. gà giòn nhưng cũng bị nhạt mất , ăn chả thấy ngon gì hết . chắc sẽ không quay lại",0,0,2,2,0,0
"chỗ ngồi đủ thoải mái nhưng các cabin có xu hướng nóng lên khá nhanh vào chuyến đi buổi sáng (full cabin). về cơ bản, bị giam ở trong nhà, mặc dù bạn có thể đi bộ xung quanh bên trong thuyền.trong chuyến trở lại của chúng tôi, một nhân viên đã đậu xe máy của mình tại một trong những khu vực xem (chỉ có 2 người một lúc). lần tới",0,0,0,0,2,0
quán có không gian bắt mắt và đông khách nhất là cuối tuần... thích hợp cho mọi lứa tuổi đặc biệt là các cuộc họp mặt gia đình và bạn bè... nước uống cũng được giá bán cũng được so với view quán ntn... quán không khi nào vắng khách cả... đây là lần thứ 2 mình ghé quán nhưng vẫn thấy được cách phục vụ rất chuyên nghiệp và ân cần của nhân viên đối với khách hàng của mình... có phong cách đặc biệt và đơn giản nên thu hút được nhiều khách trong và ngoài thành phố đến nghỉ ngơi và thư giãn,0,0,0,5,0,0
"không hài lòng về cách trả khách. xe thả số ít người về quy nhơn xuống khu vực phú yên, kêu chờ xe sau lên chở nhưng xe sau còn xa, xe sau lên phải ngồi tạm chật chội để tới quy nhơn trong khi bỏ tiền ra nguyên chặng giường nằm. cần thay đổi cách vận hành và điều phối, anh phụ xe cũng có trách nhiệm ở lại cùng khách nên mới bắt được xe.",0,0,0,0,1,0
"nhân viên tư vấn khá là nhiệt tình, mặt hàng đa dạng,giá cả chấp nhận được cho khách du lịch.",0,4,0,0,0,0
"rất tuyệt vời cho các bạn trẻ yêu thích khoa học! đang trong quá trình hoàn thiện, sẽ có thêm nhiều thú vị trong tương lai!",5,0,0,0,0,0
"nhân viên nhiệt tình, gửi xe rồi đi thang bộ lên tế trời, tháp và đền thờ",4,0,0,0,0,0
"có lần mình về và ghé quán nhưng trời ơi không còn chổ nào để ngồi, buồn 5' ... đang chuẩn bị bỏ đi thì cô chủ vội chạy ra mời mình vào và thế là có được chỗ ngồi vip luôn ... điều không ngờ là quán khá đông nhưng mình không phải đợi lâu, đồ ăn thì ok, không có gì phải chê ... cuối cùng mình ""chốt hạ"" với 1 ly kem misu yêu thích. nhìn chung mỗi lần về thấy quán mỗi khác, đậm chất quê hương. cảm ơn cô chủ quán nhìu ..nhìu.. :)",0,0,0,5,0,0
"bingo's signature thì mềm mịn, nhiều topping, nhìn thích mắt lắm, ăn không bị ngấy. ở bingo có máy lạnh nữa, nên mùa hè mà vô đây tránh nóng nắng thì tuyệt cú mèo. không gian yên tĩnh nên có thể học bài được nha ^^",0,0,0,5,0,0
phòng 4 người nhưng chỉ cho 2 đôi dép muốn mang phải mượn,0,2,0,0,0,0
"buổi tối quy nhơn cũng đáng yêu lắm, nên mình chọn thuê xe máy dạo quanh phố phường, dạo qua một loạt các sự lựa chọn bọn mình quyết định thuê xe máy bên dịch vụ cho thuê xe máy giá rẻ - giá chỉ 120k/xe/ngày 🌼vì đi 7 người nên mình chọn 1 homestay tên la paradise quy nhơn, cách bãi biển và quảng trường khoảng 700m, , anh chị chủ nhà thiết kế các phòng đúng theo cái tên luôn ạ: ocean (4 người), jungle (4 người) to hơn ocean chút, lotus (2 người) và dorm có thể ở được 7,8ng nha, ở đây các cậu có thể hát hò, nấu ăn, dùng máy giặt thỏai mái vui vẻ (chúng mình ở 3 phòng ocean, jungle và lotus) đặt theo combo cả máy bay nữa là 3.450k/ng 🌼ngoài homestay ra, còn rất nhiều khách sạn sát biển đường xuân diệu, nguyễn huệ, ngô mây, nguyễn nhạc... nhé: ly kỳ hotel, thiên hải 2 hotel, mento hotel, 5 elements hostel, carisbay hotel... 🌼 nếu chủ yếu thời gian dành cho nghỉ dưỡng thì nên ở resort nha vì cách trung tâm khoảng hơn 8km đó: casa marina resort, crown retreat quy nhơn resort, avani quy nhơn resort, flc quy nhơn (có bao gồm đưa khách đi eo gió) ...",5,5,0,0,5,0
"gia đình chúng tôi 16 người đến quán và đã đặt bàn sẵn, thật sự các món ăn ở đây rất ngon và độc đáo. đặc biệt tôi là một người con sinh ra và lớn lên tại vùng đất này tôi rất thích ăn các loại mắm, quán đã mang lại cho tôi một món ăn đậm chất quê hương, mang lại hoài niệm mà bất cứ người con xa quê nào cũng nhớ “ mắm nêm ăn với bún”. chúc cho quán ngày càng phát triển",0,0,5,5,0,0
"một quán trà sữa nhỏ nhỏ xinh xinh view khá zễ thương, đặc biết nó gần trường đại học nên khá là đông nhé. quán khá đa dạng về món, với giá cũng hợp lý với sinh viên nè, thấy trà sữa cũng ngon cũng bình thường như mấy quán ngon khác hoy nhưng được cái gần sinh viên <3. quán phục vụ khá vui vẽ, nói chuyện vui, có mấy bạn nữ ohucj vụ zễ thương nè :))). tóm lại quán khá ok nhé, quán hơi đông nên mình nên đi sớm sớm xíu kẻo hết chổ nhé :)). có dịp mình sẽ ghé lại.",0,0,0,5,0,0
điểm cố hữu của các sân bay địa phương là khó khăn trong việc làm vé và thực hiện chuyến bay.,0,0,0,0,3,0
xe đi qua khúc đỗ xăng một lúc thì quay lại để đổ xăng làm tốn thời gian. còn dừng đi vệ sinh lúc 1h30 sáng ở bãi đất trống,0,0,0,0,2,0
"bữa sáng ngon miệng, nhà hàng hơi nhỏ vào giờ cao điểm (7-8 giờ sáng) thường không còn bàn trống",0,0,0,3,0,0
"dịch vụ cho thuê xe máy ở đây rất nhiệt tình, giao xe tận nơi và lấy xe tận nơi hoàn toàn miễn phí, một ngày tính theo 24 tiếng bắt đầu từ lúc nhận xe nhưng khi mình trả xe lỡ đi xa quá về không kịp trễ hẳn 2 tiếng. bạn chủ vẫn rất vui vẻ và không tính theo phí phát sinh. kinh doanh rất sởi lởi và thiệt tình, cho bạn đánh giá 5 sao nhé",0,0,0,0,5,0
"resort nằm ngay khu ghềnh ráng của thành phố quy nhơn xinh đẹp đây hehe. thích nhất view ngắm biển, sáng có thể ngắm bình minh miễn phí. mình đi chung với gia đình, nên quyết định chọn resort này để cả nhà cùng nghỉ dưỡng thật thoải mái. ở đây có nhiều dịch vụ hạng sang chất lượng để tha hồ chọn nhé. món ăn của nhà hàng ở đây cũng rất ngon. xung quanh cây cối nhiều mang lại một không gian xanh mướt luôn. gia đình mình nghỉ dưỡng ở đây ai cũng thích. giá khá cao, tầm 3 triệu đến 5 triệu. nhưng đổi lại là những điều rất đáng để trải nghiệm. resort cách sân bay phù cát tầm 35km, xuống sân bay đi taxi vào là tiện nhất!",5,5,0,0,0,0
"tôi đều ghé kim đình mỗi lần đến qui nhơn. nằm ở vị trí đắc địa, đường nguyễn huệ, trước mặt là công viên rộng với cây xanh cao vút quanh năm rì rào gió biển. quán có thực đơn khá phong phú: chè, sinh tố và cả bánh bèo phong cách quy nhơn. ngon, mát mẻ, giá bình dân là đặc điểm của kim đình.",0,0,5,5,0,0
tiện nghi tốt và đầy đủ,0,4,0,0,0,0
núi nằm liền kề ql 1d đoạn đường biển đẹp qui nhơn. lên tới đỉnh rada nhìn toàn cảnh thành phố biển qui nhơn rất đẹp.,5,0,0,0,0,0
"không gian khá bình dân nhưng thoáng mát, sát cạnh eo gió thuận tiện vừa kết hợp thăm quan và ăn uống, tuy không gian không quá sang trọng nhưng chất lượng hải sản rất ok, giá hợp lý",5,0,0,5,0,0
"nhân viên dễ thương, nhiệt tình",0,5,5,0,0,0
"đẹp, đi lại thuận tiện.. được cái wc ở phòng chờ view tuyệt vời ông mặt trời buồn cười buồn cười buồn cười",0,0,0,0,4,0
"tổ chức tour rất tốt, tôi và gia đình hài lòng, cảm ơn bạn",4,0,0,0,0,0
"gia đình đã có dịp trải nghiệm dịch vụ ở đây. tất cả các phòng đều có view biển đẹp, món ăn ngon, nhân viên phục vụ rất ân cần, vui vẻ. mình sẽ giới thiệu bạn bè biết đến. khách sạn có nhà hàng hoa lớn nhất quy nhơn, món ăn rất ngon",0,5,5,5,0,0
"với các bạn ăn khỏe thì quán có cơm, rau salad và nước sốt ăn thêm, không tính thêm tiền.",0,0,0,3,0,0
yêu nơi này. không khí tuyệt vời. thức ăn ngon và nhân viên rất thân thiện. chúng tôi đến đây hai lần trong một ngày để thử những thứ khác nhau.,5,0,5,5,0,0
"khá lý tưởng cho các tín đồ mua sắm hoặc đơn giản chỉ đi chơi cho đổi không khí, được ngắm các gian hàng đẹp, được ăn uống, được xem phim.",4,0,0,0,0,0
"uy quy nhơn là nơi có đồ ăn rất rất ngon và rất rất rẻ, tuy nhiên ở quê hương đồ ăn bình thường, gía mắc, phục vụ bình thường chả có gì ghi dấu ấn",0,0,0,5,0,0
chiếc xe rất sạch sẽ và thoải mái.,0,0,0,0,4,0
chất liệu và màu sắc của ghế sofa nhìn không được sang trọng và phù hợp với khách sạn 4 sao.,0,2,0,0,0,0
"tôi đến đây 2 năm trước, và gần đây vừa trở lại cho một chuyến thăm ngắn. thức ăn hơi khác so với những gì tôi nhớ nhưng nói chung là rất tốt. không khí ấm cúng và đội ngũ nhân viên tuyệt vời như mọi khi. rất khuyến khích khi bạn đi du lịch một mình, bạn không thể tìm thấy những người bạn mới ở bất cứ đâu nhanh hơn thế này.",5,0,5,5,0,0
"sân bay thiết kế đẹp, thoáng mát. các sản phẩm đặc sản địa phương đa dạng nhưng hầu hết du khách sẽ không mua đồ ở sân bay vì giá khá cao. khu vực chờ được bố trí rất khoa học và thoải mái.",0,0,0,0,4,3
"ngày 1: thuê xe máy của anh hoài bảo đi quanh tp và ra sunfbar 2h có mặt tại sbay quy nhơn bắt xe về khách sạn 30p. và pn mk nhận phòng lúc 2h30. nằm nghỉ 1 lúc rồi đi lượn ăn ltinh quanh thành phố - sunfbar : nên đi vào buổi chiều tầm 5-6h vì 6h30 bắt đầu nên đèn trời vẫn còn sáng nên chụp hình sẽ rất đẹp. ngoaig ra lúc đó ngoài biển cũng đông ng tắm nên rất nhộn nhịp ngày 2: kì co - eo gió - trung lương 7h sáng cmk bắt đầu lên đường. chỗ này cách thành phố tầm 25-30km. - kì co mk mua theo tour 350k/1ng . bao gồm: cano đi 2 chiều ,tắm biển , lặn ngắm san hô. khi về nhà hàng được ăn hải sản 7 món . về ăn uống nghỉ ngơi thoải mái rồi ra eo gió - eo gió là eo biển lớn và đẹp nhất việt nam. chụp ảnh sống ảo ở đây thỳ miễn chê luôn ạ. vé vào 25k thôi nhé vì vẫn còn sớm nên pn mk đi sag khu dã ngoại trung lương - khu dã ngoại này không quá rộng. phía dưới có quán cafe sát biển tone màu xah trắng cực xih với những chiếc lều vintage. từ trên quán cf nhìn xuống nc biển xah ngắt mà tiếc không mag đồ tắm xuống ngày 3: phú yên từ qn sang py cách nhau khoảng 100km nhưng vì nghe nói cảh 2 bên đường khá đẹp nên cmk đã chọn đi bằng xe máy. nghĩ lại mà thấy 2 đứa khoẻ thật buồn cười cban có thể bắt xe buyt hoặc taxi nhé =))) - bãi xép - phim trường “hoa vàng cỏ xanh” vé vào cổng 20k . ở đây đẹp như thiên đường luôn. đứng từ trên nhìn xuống đẹp dã man luôn. thyk nhất biển chỗ này luôn. - gành đá đĩa : mãi hơn 3h cmk mới sag đây. vé vào cổng 20k tiện đương đi về tp qn luôn ngày 4: hòn khô - tháp đôi - gềnh ráng - hòn khô: đi cano ra 100k ở đây có mỗi c cầu. gần giống như kì co ( không nên đi vì ở đây nta đag thi côngnên bị cấm r ạ và cũng không được đẹp như ở kì co) - tháp đôi vé vào 20k - ghềnh ráng mk cũng chỉ ra bãi đá trứng chụp ảnh rồi về ngày 5: lượn quanh tp đi mua quà và ra sunfbar ở trong này rất nhiều quán cafe đẹp nên tối nào ăn uống xog cmk cũng đi cafe tính ra mỗi người hết tầm 7tr5-8tr =)))",4,0,0,4,0,0
"nói, sin chow (xin chào), khi bạn vào và nói, hãy tiếp tục (cảm ơn bạn), khi bạn đã hoàn thành. xe taxi thường chỉ có một vài đô la vì vậy làm tròn số dễ dàng và chỉ tốn của bạn khoảng 26 xu nhiều hơn.",0,0,0,0,3,0
ngắm bình minh tuyệt vời.,0,0,0,0,0,0
"mình không thích pizza lắm, lớp vỏ bánh quá dày tuy nhiên, với giá cả này thì chất lượng vậy là ổn phục vụ lâu, chờ hơn nửa tiếng mới ra món😔😔😔 không gian quán hẹp",0,0,0,2,0,0
"thị trường mẹ và bé quy nhơn về mặt chung shop này bán giá cả rẻ hơn các shop khác, tư vấn tận tâm, duyệt.",0,0,0,0,0,5
"âm thanh hay ấm cúng, cuộc vui luôn được tiếp diễn không đứt quảng. phục vụ nhiệt tình chỉ cần gọi là có. năm sao",5,0,0,0,0,0
"chú cho thuê xe nhiệt tình, giao xe ngay sân bay rất tiện đi lại và trả xe không phải tốn tiền taxi lên xuống tp quy nhơn.",0,0,0,0,4,0
"quán ốc vỉa hè cô xí nhưng đầy chất lượng , ăn ở đây đúng đáng đồng tiền , đồ ăn cực ngon, mới đi ăn nãy giờ nghĩ lại lại thèm , quán với đủ các loại ốc các loại , ghẹ cua , có cả cháo và trộn , giá cả lại phải chăng, không đắt lắm nên các bạn có dịp nên ghé ăn thử , không gian cũng khá sạch sẽ , ăn xong có nước rửa tay , cháo mọi bữa mình ăn thấy ngon lắm nhưng hôm nay thấy vị không được như ngày xưa mình ăn nữa, không biết là sao, nhưng dù sao đồ ăn ở đây vẫn rất ngon,",0,0,0,4,0,0
"hơi tệ, nhân viên nhiệt tình nhưng có lần không biết giá nước, phim gắn 16+ thì tại sao lại có những đứa u10 vào ồn ào, mất trật tự.",2,0,0,0,0,0
"đa phần mình hay vào đây xem phim & ăn uống, giá rất ok, không quá mắc lại rất sang & đẳng cấp tốt",2,0,0,0,0,0
"đúng nghĩa với cái tên của quán, kem ý! phong cách làm việc phong cách của quán và thức ăn rất tây và ngon ạ. quán có kem bánh nước, rất ngon đúng với đồng tiền mình bỏ ra.view đẹp sang trọng không gian không chật không rộng nhưng ấm cúng. với tầm giá tiền đó thì rất hợp lý cho các bạn sinh viên hay gia đình nhé. đã ăn là muốn ăn nữa :))) mình đã thưởng thức và sẽ đến để tiếp tục thưởng thức thêm nhưng món ngon tiếp theo. very good.",0,0,0,5,0,0
"đồ ăn khá ngon, thực đơn phong phú, cách phục vụ khá chuyên nghiệp.",5,0,5,5,0,0
nước hồ bơi cảm giác không sạch lắm.,2,3,0,0,0,0
"là một quán nhậu, với cách nấu và bài trí bình thường, tôi đã làm birtbday cho con gái ở đây, được nhà hàng trang trí và có 2 chú gấu đón tiệc rất dễ thương, tôi thích nhất món cá chình nướng muối ớt của nhà hàng",0,0,0,3,0,0
"cô chú với mấy bạn bán hàng vui vẻ thân thiện, tư vấn tận tình, bạn nhân viên đóng hàng siêu cẩn thận. đồ ngon giá cả hợp lý. thanh toán cô còn giảm giá cho mk. 1địa chỉ uy tín để mọi ng mua quà khi đến quy nhơn",0,0,0,0,0,5
"tụi mình rất hài lòng về chuyến xe này. có trung chuyển từ khách sạn ra bến xe. tiện ích trên xe thì ok, chỗ nằm dài thoải mái, lại còn mỗi khách được một hộp sữa uống lót dạ nữa, trước khi xuống xe còn được phát khăn lạnh để lau mặt cho mát mẻ tỉnh táo sau chuyến đi dài. lại còn bật bài hát riêng của xe nữa. nói chung là hài lòng lắm.",0,0,0,0,5,0
có ship hàng hóa thì nhớ thứ ngày đi nói đợi 4 tiếng là có hàng về cho anh chị mà chờ hoài không có đành phải lên chở về mất uy tín quá,0,0,0,0,0,2
"quán gần biển nên ngồi ngoài trời thoáng mát hơn. giá quá tốt, cá mú đen 500k/kg. tôm sú biển 20 con/kg 620k/kg. 10nguoi ăn hết 3tr no căng bụng. có xe đưa đón miễn phí, gọi trước 10p - +84 90 287 10 80.",0,0,0,5,5,0
"xe thuê 100k/ngày. xe mới, không phát sinh phí. ông chủ nhiệt tình. like.",0,0,0,0,4,0
thức ăn không tươi + không ngon + phục vụ siêu chậm như không muốn tiếp khách. never come back và cũng không giới thiệu bạn bè,1,0,1,1,0,0
"ông chủ nhiệt tình, xe đi rất tốt, giá cả bình dân... lần sau mk có quay lại quy nhơn sẽ quay lại đây thuê xe.",0,0,0,0,4,0
"giá cả chuẩn, phục vụ nhiệt tình, nhiều đặc sản địa phương, nên mua tại đây vì được nhiều cô chú địa phương giới thiệu.",0,0,0,0,0,5
"mình đi 4 người gọi phần 4 người thì quán mang ra 1 phần như ảnh. tất nhiên dĩa rau như vậy sẽ khôg bao giờ đủ cho 4 người. mình ăn hết rau và xin thêm dĩa nữa, lúc sau tiếp tục xin thêm 1 dĩa rau và bánh tráng cuốn. sẽ không có chuyện gì nếu như lúc tính tiền quán bảo xin 2 lần rau và 1 lần bánh tráng nên tính thêm tiền 10k bối rối bối rối bối rối bối rối bối rối . nói chung 10k cũng không là vấn đề nhưng vấn đề ở đây là ở quy nhơn ăn thêm rau cũng tính tiền hả mọi người ơi ?? điều này không hề xảy ra ở địa phương mình (đà nẵng) nên đây là một sự bỡ ngỡ không hề nhẹ :)))) mọi người đi du lịch ăn quán này nhớ hỏi trước khi ăn nhé ạ !!",0,0,0,2,0,0
"phòng gần thang máy, cách âm không tốt nên thang máy chạy là nghe tiếng.",0,3,0,0,0,0
"gần trung tâm nhưng phòng có ban công, lan can ra ngoài ngắm xung quanh rất đẹp",0,5,0,0,0,0
"sân bay quy nhơn không dùng vào mục đích như tên gọi từ khoảng năm 1995-2000 trở đi rồi, thời đó mình chưa tới 10 tuổi, giữa lê duẩn và diên hồng là các bãi đất trống, vị trí đậu máy bay trực thăng ở ngay ngân hàng vietcombank bây giờ, mỗi lần có máy bay đáp là mấy đứa nhỏ từ khắp xóm xung quanh, từ các con hẻm chạy ùa ra để xem, cánh quạt máy bay trực thăng gần đụng vào vị trí đứng xem của lũ nhóc bọn mình. quy nhơn ngày ấy đất rộng, bình yên, không bao giờ gọi là tp du lịch như bây giờ. sau năm 2000 thì bắt đầu quy hoạch xây dựng ngân hàng ở khu này, mình đá banh từ năm 2000 đến năm 2008 đến lúc học đh thì bãi đất ở vietcombank là bãi đất cuối cùng còn xót lại đã được xây lên, riêng vị trí công viên bãi cỏ cột cờ như bây giờ từ khi không dùng làm sân bay thì nổi lên là điểm thả diều vào dịp hè, thời gian gần đây tỉnh nhà phát triển du lịch, ốp đá, tạo không gian đi bộ văn minh và sạch đẹp, tuy nhiên vẫn còn nhiều người không ý thức vứt rác bừa bãi, chỉ có đi tuần tra, bắt xử phạt mới nâng cao ý thức được thôi, còn cứ bỏ đó thì vẫn cứ xả bừa bãi.",3,0,0,0,0,0
nhân viên làm thủ tục nhận phòng muốn thu thêm tiền trẻ em 12 tuổi. trong khi trên boking đã ghi rõ số lượng người lưu trú và tuổi các cháu.,0,1,0,0,0,0
"đi tháng 10 biển động mạnh không qua hòn khô được, biển dân sinh tự khai thác đường khá xấu và cực kỳ nhiều rác",2,0,0,0,0,0
điều mình hơi tiếc là nhìn từ ngoài quán hơi nhỏ nhưng được cái vào rồi mới thấy quán còn kéo dài ra sau nữa. chị chủ quán ở đây zễ thương mà mến khách cực luôn <3. có dịp chắc chắn mình sẽ ghé lại quán nữa nhé quá tuyệt <3!,0,0,0,5,0,0
nếu có 10*+ thì mình cũng rate luôn á và giá phòng ở đây khá rẻ các b đi theo nhóm hay gia đình cũng đều được vì có nhiều phòng rộng nữa. nếu b nào đi honey moon thì khách sạn cũng decor phòng honey moon nữa nè.,0,5,0,0,0,0
"phòng có view nhìn ra biển đẹp, trang trí nhìn hài hòa, cân đối",0,5,0,0,0,0
"hỗ trợ nhận phòng không tiếp xúc rất hay, các bạn hỗ trợ nhiệt tình qua zalo, xe máy mới. vị trí thuận tiện đi lại.",0,4,0,0,0,0
"có rặn san hô đẹp, nước biển trong xanh, ngồi thuyền bè thưởng thức đồ biển rất tuyệt, giá ra hòn khô cũng vừa pải với một nơi du lích. có điều là phòng thay đồ rất ít và không có nước ngọt tắm lại",5,0,0,0,0,0
quán phục vụ nhanh và thân thiện. dễ tìm và rộng rãi. đồ ăn ngon và giá cả phải chăng. sẽ quay lại đồng ý,0,0,4,4,0,0
"phòng sạch sẽ, cơ sở vật chất tốt.",0,4,0,0,0,0
khách sạn 4* ăn sáng quá nghèo làn. ở 3 ngày mà cả 3 ngày cũng chỉ có vài món giống y nhau không khác. cửa không cách âm. nói chuyện ở hành lang là trong phòng nghe hết.,0,1,0,1,0,0
"mình là khách hàng thân thiện lẫn thân thuộc ở đây :))) nói chung mình hài lòng về lotteria. sẽ ủng hộ dài dài. mong mấy bạn cũng đến ủng hộ và ăn thử cho biết nhé. gà ở đây rất ngon, giá hơi cao một tí so với mấy quán khác nhưng đáng tiền lắm ạ ! gà không bị bở cũng không giống gà kfc hay jolibe nha. tuyệt ! tốt .",0,0,0,5,0,0
giá bình thường như mọi quán. thức ăn hơi thừa muối.,0,0,0,2,0,0
"khu resort này gần xịt khu dã ngoại trung lương luôn. nói chung là vô cùng sang chảnh đẳng cấp. tiền nào của nấy, phòng ở siêu đẹp, đồ ăn thì khỏi bàn. đẹp mắt mà ngon nữa, ăn cứ phải nhỏ nhẹ thỏ thẻ cho hợp với cái không khí hic hic. nghe bảo noel này có tổ chức party hoành tráng lắm. muốn đi thì nên book trước từ bây giờ không là cháy phòng",0,5,0,0,0,0
"quà của shop rất đẹp , gói quà đẹp , nhân viên tư vấn nhiệt tình giao hàng nhanh . sẽ ủng hộ shop lâu dài.",0,0,0,0,0,5
"ban đầu định thuê oto nhưng hỏi ra thấy chi phí cao mà trong nhóm lại có mấy bạn bị say xe không đi được nên nhóm quyết định chuyển qua thuê xe máy. hỏi bên khách sạn thì khách sạn giới thiệu gọi cho dịch vụ cho thuê xe máy quy nhơn 27a hoàng hoa thám. mình nghe nói đây là địa điểm cho thuê xe máy số 1 ở đây, lúc đầu cũng hơi ngờ vực nhưng khi bạn chủ cho người mang xe đến thì nhóm mình quá ư à hài lòng luôn.",0,0,0,0,5,0
"quán chỉ bán buổi sáng, gần đường vào chợ đầm. giá cả hợp lí nên lúc nào khách cũng đông nghìn nghịt. một suất ăn bao gồm một dĩa bánh hỏi rắc hẹ xinh xinh, phía trên phủ đầy lòng heo còn nóng hôi hổi, thêm chút hạt tiêu thơm nồng. bên cạnh là dĩa rau sống tươi ngon, một chén cháo, bánh tráng và nước mắm ớt tỏi hoặc nước mắm nhĩ nguyên chất. bánh hỏi sợi mềm, lòng được làm sach sẽ, vừa ngon vừa giòn. dĩa đầy đặn. nhiều loại tuy nhiên nước mắm pha hơi đậm. nhân viên phục vụ nhanh nhẹn. thân thiện",0,0,0,5,0,0
chả giò không ngon và khá nhiều dầu mỡ. phở rất ngon và đồ uống rẻ.,0,0,0,3,0,0
"trong cơn đói của buổi trưa đầu hè, còn gì tuyệt vời hơn ngồi thưởng thức đặc sản bình định. tré bình định sực sực, kẹp thêm ít rau ta nói nó đã. cuộn thêm miếng bánh xèo với bánh tráng ít rau dưa chấm nước chấm bánh xèo, còn gì tuyệt vời hơn nữa. ta nói nó nhức cái nách đó mà, ăn xong uống thêm chai nước nha đam, đi chục km đi bộ cũng thấy nó đã cái nư 😁 đến bình định nhớ ghé lại gần thưởng thức với nẫu nha, 30k/cái bánh xèo 🍽 như ly nước sài gòn mình thôi hài lòng",0,0,0,5,0,0
"mình có người quen giới thiệu,ăn nhưng khi đến đây mình quá thất vọng,nv xem thường khách,đồ ăn thì toàn leo teo không ra ra gì hết,toàn đồ đông lạnh,mà giá bán quá cao,so với những nhà hàng khu đó.thất vọng",0,0,0,1,0,0
"quán chuyên bán các loại hản sản như ốc các loại, sò , nghêu, xìa, vẹm xanh, hàu, tôm, ghẹ hấp, nướng. ngoài ra còn có bán cả trứng tan, nem nướng, chả ram, kem plan, rượu nếp, bia rượu và nước giải khát các loại. không gian hơi nhỏ và khá ít bàn ghế , nhìn sơ qua không mấy ưng ý cho lắm . giá cả ở đây nói chung là cao hơn so với mặt bằng chung. giá tầm 15k- 30k, một số món theo thời giá. ốc trộn không ngon cho lắm . càng cúm núm 40k một phần ngon nhưng hơi ít .",0,0,0,3,0,0
"mình biết quán phải đầu tư cho mặt bằng lắm. nhưng điều đó không đồng nghĩa là nước uống bị giảm chất lượng lại. một ly khá nhỏ ít nhất cũng 27k mà nó bình thường quá, trà hoa hồng thì cũng không quá ngon để tới 45k 1 ly lận. giá hơi chát. nhưng phải công nhận là quán có không gian rộng rãi,thoải mái và dễ thương có sự đầu tư và trang trí. trà sữa uống vào cũng đậm vị trà mà hình như hơi nhạt. được cái mấy em nhân viên dễ thương và lễ phép cực kỳ.",0,0,0,4,0,0
"chả hiểu cái mạng tại bigc sao mà quẹt pc covid không thèm ra mã luôn, mọi thứ còn lại khi đi siêu thị tạm ổn, ah, mình muốn mua lẻ chuối thì không bán lẻ như coopmart (1 nải nhiều quá mình ăn không hết lại hư uổng)",0,0,0,0,0,3
"50k vé vào cổng và .... chỉ có tham quan. khu vực rất rộng và rỗng, không có quá nhiều hoạt động vui chơi hay thăm thú, ít trò chơi, ít khu ngắm cảnh, ít chỗ chụp hình. vé chơi trò chơi cũng khá mắc. cảm nhận chung nếu đi teambuiding mua vé trọn gói trò chơi thì chắc sẽ đỡ chán hơn. còn tham quan, ngắm cảnh, mong chờ giống đầm sen hay suối tiên thì ... thôiiii.",4,0,0,0,0,0
"nằm cách quy nhơn khoảng 16 km, đảo hòn khô có cảnh vật độc đáo với những mỏm núi đá nhô ra biển, những bãi cát phẳng mịn, những bãi cỏ xanh mơn mởn và mạch nước ngọt từ vách đá. hòn khô thực sự là một trong số ít các bãi tắm đẹp nhưng vẫn giữ được sự hoang sơ của thiên nhiên tạo hóa ban tặng.",5,0,0,0,0,0
"hải sản tươi ngon, giá cả theo mình đối với khu du lịch thì cũng vừa phải. bạn nhân viên nữ phục vụ hơi thiếu chuyên nghiệp.",0,0,0,4,0,0
"quán đặt tại vị trí lý tưởng, vừa nhâm nhi ly cafe vừa ngắm biển, quán không quá đông đúc ồn ào, mọi người nên đến đây vào lúc chiều tà, để đón ánh hoàng hôn. mình đã đến quy nhơn 2 lần và lần nào cũng ghé nơi đây đầu tiên, giá cả menu nước rất phải chăng!!",5,0,0,5,0,0
"mình đi vào buổi tối. vị trí khá dễ tìm. quán cũng khá vắng vẻ nhưng nhìn rất sạch sẽ và chủ quán cũng thoải mái. mình gọi 2 nem cuốn, 1 bún khô và 1 mẹt bánh hỏi. giá thì không cao nhưng cũng không phải là rẻ. . . nhìn chung thì 3 món không có gì khác nhau về nguyên liệu, giống như 1 món ăn với bánh tráng, 1 món ăn với bánh hỏi còn 1 món ăn với bún vậy nên khuyến khích các bạn nếu có ăn 3 món này thì gọi 1 trong 3 là được. tuy nhiên vị thì rất ngon nha, nguyên liệu nhìn cũng có vẻ tươi ngon, nói chung là cảm giác rất ổn, món bún nếu đậm đà hơn 1 chút nữa thì món ăn phải gọi là 10/10. à, nem cuối hơi dai chút xíu nên nhai cũng hơi mỏi.",0,0,0,5,0,0
"có món mì cay ngon nhắm nè, trà trái cây thì hết sẩy , mình thik ngồi tầng trên để nhìn phố và uống nước , hôm mình đi có cặp vc chụp ảnh cưới, xinh lăm , nếu có cơ hội nhất định tới",0,0,0,5,0,0
"quán này nằm ngay góc đường vũ bảo với cuối đường nguyễn lữ, không gian quán nhỏ và hơi bị chật hẹp nên về mùa hè thì ăn đồ nướng rất nóng nhé. nay quán có mở thêm không gian đối diện thấy hay tổ chức tiệc sinh nhật, tiệc tùng. quán khá đa dạng về món ăn nướng, nếu chịu nóng để vào ăn quán ngon và giả cả rẻ như thế cũng đáng :))). quán bắt đầu mở từ 6h tối và đóng cửa cũng khá muộn nên vô tư ăn uống <3 :). ở đây nướng ngói nên thức ăn không bị cháy yên tâm ăn nhé. quán rất ok",0,0,0,5,0,0
"dịch vụ rất tốt, nhân viên lịch sự. giá rẻ, 300k cho 90p massage hoặc facial. dịch vụ xong còn có một hủ sữa chua homemade rất ngon.",5,0,0,5,0,0
"không có nhà hàng riêng, không có minibar, không phục vụ đồ ăn đồ uống, có hồ bơi trên tầng cao nhất.",0,4,0,0,0,0
"nghỉ ở khách sạn thì buổi sáng mỗi người được 1 phần buffet sáng ở tầng trệt. không gian rộng rãi, thức ăn bày trí thoáng, cặp sát tường và uốn vòng giữa sảnh nên dễ lựa chọn. xem ra tương đối nhiều món, các món thiên về ẩm thực việt nhiều, có cả bánh chưng, cháo cá - chà bông, cơm tấm... thường thì buffet sáng chế biến các món ăn đơn giản nên không để lại ấn tượng gì với mình. nhân viên dọn dẹp lẹ quá, hễ đi lấy đồ ăn xíu quay lại là muỗng nĩa dẹp hết trơn.",0,4,0,4,0,0
"mua 2 lần trong 2 ngày thì được giao 2 loại bánh khác nhau, chất lượng và mẫu mã khác nhau. ngày đầu gói bằng lá chuối, ngon, dẻo, nhân nhiều. ngày hôm sau lại giao bánh gói bằng giấy , bánh nhão, nhân ít, người giao hàng nói là do bánh mới làm nên như vậy. ngày hôm sau bánh sẽ dẻo. nhưng sự thật không như vậy. bánh vẫn nhão. nên cẩn thận khi mua ở đây.",0,0,0,3,0,3
chúng tôi đến thăm quán rượu sisters và có bữa ăn kiểu phương tây đầu tiên trong một tuần. chúng tôi đã có bánh pizza và tôi phải nói rằng nó là rất tốt xem xét chúng tôi đang ở đâu. nó được điều hành bởi một anh chàng úc và vợ việt nam của mình và họ có một thực đơn thức ăn và đồ uống phong phú cho phù hợp với khẩu vị của bất kỳ ai.,0,0,0,5,0,0
"resort tự dán mác 5 sao, giá thì 5 sao nhưng chất lượng chỉ đáng 3 sao, phần xây dựng, tiện tích chỉ 2 sao. phần xây dựng xuống cấp, trần hành lang bong tróc từng miếng, nước chảy thấm thành vệt hở hoác, tường lem nhem lồi lõm rất xấu, sơn bạc màu hết không thây sửa chữa, cửa phòng cả cửa chính và cửa trong phòng mốc ố đen bẩn, cửa ra lô gia kéo gãy tay mới được, phòng wc thì ổ cắm chỉ dành cho dao cạo râu, không sấy tóc được, sàn dùng nhựa đi chân đất cảm giác rất bẩn, thiết kế nội thất không sang trọng. hành lang nối từ lễ tân sang khu nhà hàng bị cắt điều hòa đi nóng khó chịu. buffet sáng thì siêu tệ, đồ ít, ở 5 ngày thì 90% món là giống nhau, chỉ ngày đầu + cuối có đổi 1 món. resort biển nhưng chỉ có 1 ngày đầu có 1 món cá là đồ biển, còn lại toàn đồ ăn nhanh như ở thành phố. bể bơi tiếp tục là điểm trừ, nước đục nhờ nhờ chắc phải 1 tháng chưa thay nước, phòng wc giữa bể bơi nhìn bên ngoài bẩn thỉu không được dọn dẹp, cửa dán decal lung tung, đèn không có, chỉ dẫn không có nên cũng không dám vào bên trong. ở quá xa quy nhơn nên nếu đi lại tpho chơi thì hơi tốn tiền taxi. biển nằm cạnh làng chài nên không sạch lắm, đi tắm vớt được 1 đống vỏ gói mì tôm.",1,1,0,1,0,0
"vợ chồng tôi vừa thuê xe 5 ngày ở đây. xe rất mới, sạch sẽ, các bạn giao xe rất ân cần và nhiệt tình. giá cả phải chăng, lần sau nếu có trở lại quy nhơn nhất định tôi cũng sẽ gọi các bạn để thuê xe máy",0,0,0,0,4,0
giá rẻ và chất lượng hơn hẳn một số khách sạn khác. vị trí nằm gần biển! highly recommend,0,5,0,0,0,0
"mình với bạn mình đã có chuyến du lịch tại nha trang và apus là nơi đầu tiên mình lựa chọn ở lại. là du khách lần đầu trải nghiệm tại đây nhưng nhưng nhân viên luôn luôn hỗ trợ mình rất nhiều, giới thiệu nhiều địa điểm đẹp. không có lí do gì mình không quay trở lại apus hotel trong thời gian sau.",0,1,0,0,0,0
"mình mới tới quy nhơn lần đầu, được anh hướng dẫn viên giới thiệu quán cafe này. quán nằm đối diện quảng trường, bên bờ biển, không gian rất rộng với 2 không gian riêng biệt, ngoài trời và phòng máy lạnh, mình đi buổi tối nên ngồi ngoài trời, mát lạnh luôn. buổi tối đèn lung linh nhìn không gian lãng mạng, tối chủ nhật nên có hát aucostic nữa. nhân viên quán khá nhanh nhẹn và thân thiện. mình uống sữa chua việt quốc, 45k, giá khá hợp lí, vị vừa miệng.",0,0,0,5,0,0
"team mình vừa thuê bên bạn 3 chiếc xe, xe các bạn giao đến còn khá mới, xe tốt và mình thích nhất là cách tư vấn của a chủ, a ấy rất nhiệt tình vui vẻ hướng dẫn cho team mình rất nhiều điểm chơi và ăn uống khá rẻ tại đà nẵng. qua đây team mình cảm ơn a ấy rất nhiều.",0,0,0,0,5,0
chú chủ khách sạn và nhân viên siêu dễ thương,0,5,0,0,0,0
"quán xinh, kiểu vintage. không gian yên tĩnh. thích chi nhánh ở nlb hơn hd vì ấm cúng, không bị loãng. nước uống ngon. nhân viên vui vẻ lịch sự. wifi ổn. chỉ có 1 điểm là chả hiểu sao lúc đang ngồi tầm 10h khách chưa về mà thấy tắt máy lạnh, nóng nên về luôn :|",0,0,0,4,0,0
vừa bị lừa từ một chiếc taxi đã đổi 500000 của tôi thành 20000 đừng nhảy lên một chiếc taxi từ phố vui. tổng cướp. một chiếc taxi 2 chỉ tốn 22,1,0,0,0,1,0
chắc chắn mình sẽ quay trở lại vào dịp ghé đến nha trang lần tới.,0,0,0,0,0,0
các nhân viên là rất thân thiện và nói tiếng anh tốt (một cái gì đó bạn không nhìn thấy trong lĩnh vực này) và chủ sở hữu thực sự hữu ích nếu bạn có bất kỳ câu hỏi nào. đặt hàng pizza diavola và ức gà giòn! hứa với bạn một bữa ăn rất ngon.,0,0,0,5,0,0
"âm thanh quá dỡ, nhân viên phục vụ không chuyên nghiệp",2,0,0,0,0,0
"rẻ hơn mỗi món so với các cửa hàng ở góc phố của bạn, bia có giá khoảng 8k một lon.",0,0,0,4,0,0
"khách sạn đẹp, nhân viên phục vụ rất nhiệt tình, tận tâm. khách sạn có view vịnh biển tp quy nhon tuyet voi. thích hợp nghĩ dưỡng, công tác, đánh golf. ngay trung tâm tp quy nhon nên di chuyển vào trung tâm rất tiện",0,5,0,0,0,0
"vị trí quá đẹp, gần biển, gần quảng trường. chất lượng khách sạn kém, nhà vệ sinh, máy lạnh có vấn đề. có cảm giác như nhà trọ.",0,3,0,0,0,0
nay mới có dịp viết review cho các bạn hôm mình đã thuê xe máy của bác hoài bão ở đường hoàng hoa thám công nhận dịch vụ của bác rất tốt. nhân viên tư vấn rất nhiệt tình chỉ cho mình những địa điểm ăn uống ngon và những địa điểm du lịch đi chơi rất uy tín và chất lượng mình sẽ giới thiệu cho bạn bè khi có dịp.,0,0,0,0,5,0
"nhân viên nhiệt tình, bể bơi view biển đẹp, phòng sạch sẽ",0,4,0,0,0,0
"rất tốt !!!! xe ngon, rẻ, chủ với nhân viên rất nhiệt tình.",0,0,0,0,5,0
"hàng hoá đa dạng , giá cả hợp lý , nhân viên tư vấn rất nhiệt tình và đặc biệt dịch vụ vinmart có dịch vụ đi chợ hộ rất tiện cho khách hàng trong mùa dịch này luôn 🙂",0,0,0,0,0,5
đáng tin cậy và được đề nghị bởi hầu hết các hướng dẫn khách sạn tại sài gòn. đã sử dụng dịch vụ và dễ dàng chỉ đạo và tìm kiếm sự trợ giúp,0,0,0,0,4,0
nhân viên lịch sự mà khi xuống xe để đi trung chuyển trong nội thành thì xe trung chuyển bắt khách chờ 30’ (ai vội thì tự bắt xe khác đi?),0,0,0,0,2,0
bãi cát đẹp long lanh lung linh luôn. nhiều booth khu vực sống ảo dành cho team tiktok với fbooker như mình nha. làm chục shot hình cháy máy luôn. nước biển trong veo nhìn thấy bàn chân luôn nha mọi người. khu vực nhà hàng giá cả hợp lý. không chèo kéo khách. khu vực vệ sinh & tắm nước ngọt sạch sẽ miễn phí. lều chòi giá cả phải chăng không chém khách du lịch. mình đi ca nô trọn gói 270/người nên không mất phí gì thêm nhé cả nhà,5,0,0,0,0,0
"cô chú rất vui tính, nhiệt tình và tốt bụng cực kì luôn. đã thế xe còn bốc và sạch sẽ lắm. nếu có dịp quay lại quy nhơn, chắc chắn sẽ quay lại. cảm ơn cô chú rất nhiều.",0,0,0,0,4,0
"đa dạng về các đặc sản của miền trung, tạo sự phong phú khi khách mua. giá cả đa dạng từ thấp lên cao, hợp túi tiền của từng đối tượng khách. không gian rộng rãi, thoáng mát, sạch. không thúc ép khách hàng, nhân viên dễ thương.",0,0,0,0,0,4
"sân bay nhỏ,vắng khách,làm thủ tục nhanh ,có nhiều hàng quán,giá cả dễ chịu",0,0,0,0,3,3
"tôi đã đi và trãi nghiệm dịch vụ . đưa đón sân bay đúng giờ . giá cả hợp lý và rẻ hơn taxi như mai linh hay taxi sân bay . thuê đi du lịch ráta tiện . tài xế thân thiện và am hiểu về địa điểm du lịch , ăn uống và có cả tour biển đảo . nói chung là hài lòng . hy vọng luôn uy tín và phục tốt . thank",0,0,0,0,4,0
"vào quy nhơn được ông anh dắt đi ăn bún cá quán nào, chắc quán nào nổi tiếng nên thấy khách du lịch đông, vì đông nên nhân viên hơi loạn một tí, giấy ăn , muỗng đũa, gia vị hết lộn tung cả lên. bún cũng bt không có gì đặc biệt. nhưng thích cái là có chè hạt sen, chè đậu xanh. chè hạt sen siêu ngon kkkk",0,0,0,5,0,0
"điều mình ấn tượng khi mình bước vào đây đó chính là không gian vô cùng ấm cúng, cảm giác như tuổi thơ ùa về thời mình còn bé xíu và đi ăn chực cơm nhà hàng xóm ngon cỡ nào. toàn những món ăn đậm chất dân dã như mắm cà,cá kho, thị kho,rau sống đựng trong những nồi niêu chán bát kiểu xưa lắc, xưa lơ rồi. đồ ăn khá ngon mắt và hương vị rất truyền thống. mình đã hiểu tại sao quán đông khách như thế rồi. nhưng mà lưu ý là giá không dành cho sinh viên nha. nhưng mà đáng đồng tiền lắm.",0,0,0,5,0,0
"đã là tín đồ trà sữa thì không nên bỏ qua địa điểm này . bobapop trà sữa nhìu loại với giá cả vừa phải ! bao bì phải nói là cực cool, rất đẹp. lúc oder thì nhân viên tư vấn tận tình và phục vụ cũng rất thân thiện ! còn không gian thì khỏi phải chê phù hợp để tụ tập ôn bài hoặc hộp nhóm là quá chuẩn lun ! quand thưingf xuyên có các chương trình khuyến mãi, hãy chớp lấy cơ hội và tận hưởng nè . các bạn cũng hãy đến thử nhé !!!",0,0,0,5,0,0
đồ ăn của chúng tôi đồng loạt ra lò và phải nói là ngon hết ý! đặc biệt là naan tỏi- có lẽ là ngon nhất mà tôi từng có!,0,0,0,5,0,0
"một quán nên thử khi đến quy nhơn, không gian sạch sẽ vì nhân viên lau dọn liên tục, có bill khi tính tiền. mình gọi 1 phần bún như hình là 30k, nước thanh đậm đà. hôm khi về mình thử 1 tô đặc biệt của quán vì vội nên không chụp được hình nhưng rất đáng để thử có đủ sứa,chả, 1 khoanh cá ngừ ... có giá 60k.",0,0,0,5,0,0
"mình mới đi hòn khô về và đã ở khách nì, khách sạn thuộc dạng mới khai trương nên rất sạch sẽ thoáng mát, không gian cũng rất ổn, đặc biệt view biển max đẹp luôn. ngắm hoàng hôn, bình minh chi cũng không thể chê vào đâu được. đồ ăn ở đây toàn hải sản tươi sống, xún biển bắt lên tươi roi rói nhảy đành đạch luôn à. nếu bạn đâng có dư định đi hòn khô thì nhơn hải là một lựa chọn đáng để tham khảo đó nha!",0,5,0,0,0,0
"tôi thấy toàn review tốt và rate 9.2 ngạc nhiên quá, có lẽ có tiểu xảo. vợ chồng mình vào, tổng cộng có 1 bàn đang ăn, bên ngoài có khoảng 3 kí ngao, 2 kí sò lông, 4 con ghẹ, 2 con tôm hùm và 1 con cá song, còn lại không có gì. nên đành ăn cơm trứng, thịt lơn với giá không hề rẻ. ở đây so sánh nhanh tôm hùm bán 1,8 tr trong khi hoàng thao 1,3tr/kg. quán cũng bình dân, được cái nhân viên tận tình.",0,0,0,1,0,0
"nên biết lựa và trả giá, đi bên này mua 180k ghẹ to qua chỗ khác có 120k. mang về luộc thúi hết 2 con.",0,0,0,0,0,1
"mình book được phòng với giá quá ưu đãi, nói chung không có gì để chê, tất cả mọi thứ đều làm mình hài long",0,4,0,0,0,0
"mình chưa thuê xe bên nào uy tín như bên này,anh chủ rất dễ mến nhân viên rất nhiệt tình,lần sau vào quy nhơn nhất định sẽ tiếp tục ủng hộ, rất tuyệt vời",0,0,0,0,5,0
"ở đây bán các mặt hàng đặc sản bình định. sản phẩm đa dạng, giá cả phải chăng.",0,0,0,0,0,5
"không gian hơi chật trội, thích hợp đi gia đình, bù lại đồ ăn ngon bổ rẻ",0,0,0,5,0,0
"vợ chồng mình lần đầu tiên sử dụng xe tại quy nhơn. nhờ có chiếc xe mà tha hồ chạy khắp nơi. mà vui hơn là anh trưởng cho thuê xe rất nhiệt tình. tất cả chỗ chơi, tham quan, ăn uống... anh ấy đều cho thông tin . hẹn gặp lại anh vào ngày không xa nhé!",0,0,0,0,5,0
"gia đình tôi và tôi đến đây để ăn sáng, khi tôi hỏi tôi có thể chỉ nướng bánh mì với một quả bơ, cô phục vụ nói họ chỉ ăn chay vào buổi tối. tôi sẽ không quay trở lại để tìm ra cô hầu bàn thật thô lỗ, cười! nước tôi yêu cầu chủ yếu là nước đá.",0,0,0,0,0,0
"tôi rất vui vì chúng tôi đã tổ chức điều này vì nó giúp chúng tôi đến một đất nước xa lạ thật dễ dàng. chúng tôi đang quan sát những người khác đến, những người đều bối rối và không biết họ đang làm gì. đó có thể là chúng tôi. những người này rất chuyên nghiệp và làm cho trải nghiệm thị thực của chúng tôi trở nên vô cùng suôn sẻ. cảm ơn các bạn!!!",0,0,0,0,0,0
"tuyệt đẹp. nước biển trong xanh, sạch nhìn tận đáy thuận lợi cho bơn lặn ngắm cá, san hô. còn hoang sơ chưa được khai thác hết.",4,0,0,0,0,0
"thiên nhiên hoang sơ, chưa được khai phá nhiều nên vẫn còn nhiều nét mộc mạc. người dân bình dị, dễ gần.",0,0,0,0,0,0
"minh chua thuê xe bên nào uy tín như bên này,anh chủ rất dễ mến nhân viên rất nhiệt tình,lần sau vào đà nẵng sẽ ủng hộ nhiều,rất tuyệt vời",0,0,0,0,5,0
"ngày 2 chuyến, tàu đi chậm , hết 2 tiếng, tàu cũ kỹ, cần được cải thiện cho người dân đi chuyển thuận tiện hơn",0,0,0,0,3,0
"sân bay ok, mới tới lần đàu nhưng ổn",0,0,0,0,3,0
"nhiêu đây mà có 400k thôi đó, trời ơi tin được khônggg ngon lành thức ăn vừa ngon, vừa tươi lại càng cực kì rẻ nữa chứ, nhân viên ở đấy cực kỳ dễ thương luôn. bọn mình chỉ ở 1 đêm tại trung tâm nên không được thưởng thức lần nữa, có dịp nhất định sẽ quay lại♥️",0,0,0,5,0,0
"kem bảo vân bữa nay xịn lắm. gọi hẳn là thế giới kem luôn mà nào là lẩu kem, mỳ trái cây lạnh, kem cuộn, kem ly, kem dĩa, bingsu... nay có cả món chè chuối nướng thần thánh. ở quy nhơn mà đi mòn mắt cũng chỉ được 1-2 gánh bán chè chuối nướng thôi. đây thì tiệm mở luôn, ngon lành sạch sẽ và tất nhiên là đắt hơn chè chuối nướng bthuong rồi. mấy cái bingsu các thứ thì 25k, mì kem lạnh 20k, chè chuối nướng 12k và bữa nay có thêm bánh canh tôm nữa, tôm kiểu chả ý khá ngon tô 15k nghen",0,0,0,5,0,0
hỗ trợ nhiệt tình trong thời gian lưu trú. chuyến bay bị delay khách sạn vẫn tạo điều kiện cho ở mà không thêm phụ phí. chất lượng cơ sở vật chất ở mức tốt.,0,5,0,0,0,0
"nhân viện thân thiện, lẽ phép và luôn giúp đỡ khách khi cần từ những việc nhỏ nhất. địa điểm tiện nghi gần trung tâm thành phố, khu vực ở yên tĩnh, văn minh, không gây ồn. giá cả phải chăng, phù hợp ở dài ngày.",0,5,0,0,0,0
"quán có vị trí khá dễ tìm, kiểu phong cách hơi tây tây. bước vào quán nhân viên chào hỏi nhiệt tình. quán có khá nhiều không gian nhưng mỗi không gian hơi nhỏ. quán này nổi tiếng nhờ cái view hành lang nhìn ra bên ngoài ( nơi sống ảo xuất sắc ). được thêm cách trang trí cũng xinh xinh, mình thích nhất là mấy cái bàn ở đâu, ốp gạch lên nhìn hoài cổ . nhưng điểm trừ to đùng là đồ uống , quá tệ, kêu ly capuchino mình nhìn thôi chứ uống không nổi. chấm 7 điểm cho quán",0,0,0,4,0,0
"anh lễ tân dễ thương, phòng sạch sẽ, gần trung tâm, giá tốt nói chung là rất đáng trải nghiệm.",0,4,0,0,0,0
"bãi xe hơi bất tiện, hồ bơi hơi xuống cấp",0,5,0,0,0,0
mình đã mua đặc sản về làm quà tại đây giá rất ok mọi người ai cần mua đặc sản về làm quà theo bản đồ chỉ dẫn rất dễ tìm để mua quà nhé,0,0,0,0,0,5
"đến nơi bảo vệ đòi tiền tip, không bán vé khách lẻ, không cụ thể trong việc bán vé, không có chỗ đậu xe. khách lẻ bắt phải ghép tour với khách đoàn nếu bảo vệ liên hệ ghép tour. trải nghiệm rất tệ, bắt xe lên và về không được gì. tôi",2,0,0,0,0,0
"nước không ngon, nhạc quá lớn và không phù hợp với không gian. phục vụ chậm.",0,0,0,2,0,0
"do đi ra sân bay gắp nên chỉ có thể mua phần kfc mang đi thôi, mình gọi 1 phần combo gồm có 1 hamburger bò, 1 khoai tây chiên và 1 ly nước ngọt để uống, theo mình cảm nhận thì đồ ăn của chuỗi của hàng kfc có thể nói là khá giống nhau rồi nên cực kỳ ưng chất lượng sản phẩm chổ này luôn, đồ ăn mang đi tới sân bay vẫn còn hơi ấm ấm nên ăn cũng ngon lắm mà miếng hamburger khá là to ăn mà no căng cái bụng luôn ấy chứ, khoai tây chiên thì hơi dầu mỡ thấm tràn ra cả giấy gói",0,0,0,5,0,0
"lẩu hải sản không được ngon lắm. giá trung bình chứ cũng không rẻ. sạch sẽ, nhân viên nhiệt tình",0,0,0,3,0,0
"giá tốt, thuê xe máy nhanh chóng, đơn giản, không có vấn đề gì khi đổi trả.",0,0,0,0,5,0
"mình không ngờ lại có món chè khúc bạch ngon thế này luôn. mình đã từng ăn một lần chè khúc bạch và nó quá tệ nên mình không bao giờ ăn nữa,nhưng bị cô bạn ép nên mình miễn cưỡng theo,ai ngờ ăn tuốt hai bát luôn. chè vừa thanh vừa dịu quyện với hươn vải, hạt điều khô giòn tan, còn khúc bạch thì không chê được điểm nào nó thơm ngon với ba vị trà xanh, phomai và cacao ăn miếng nào cảm xúc dâng trào miếng đó. giá thì hạt dẻ vô cùng chỉ 15k một chén. không tìm ra được điểm nào để chê.",0,0,0,5,0,0
"tên bãi trứng có lẽ do có nhiều viên đá tròn cạnh biển, hình dạng nhìn giống quả trứng. cảnh biển thì lúc nào cũng đẹp nhẹ nhàng. nơi đây có vẻ là nơi du khách ghé chụp hình khá nhiều.",5,0,0,0,0,0
tránh nơi này! bánh tráng cuốn khi sờ vào rất cứng và có mùi vị rất lạ. họ tưới cây trên tường phía trên bạn bằng hệ thống phun nước. nước rơi xuống thức ăn và đồ uống của bạn.,0,0,0,2,0,0
"bữa ăn 5 người có khách ta, khách tây. gọi đồ ăn lâu, nhân viên phục vụ chậm và không tư vấn được cho khách",1,0,0,0,0,0
nhân viên dễ thương phục vụ tận tình phòng sạch sẽ view đẹp vị trí thuận lợi. bạn ngọc lễ tân cute phomai que,0,5,0,0,0,0
"bác giao xe cở tuổi bố mình, tội mà lịch sự lắm mình trả trễ xe hơn 1 tiếng đồng hồ nhưng bác cũng không tính tiền thêm các bạn đến quy nhơn du lịch cần thuê xe máy cứ liên hệ chổ này nha",0,0,0,0,5,0
"hôm nay gia đình tôi đến nghĩ dưỡng flc, cạnh đó có vài nhà hàng tuy nhiên sau nhiều vòng xe tham khảo tôi đã ghé đến nhà hàng bảo nam. nhà hàng thoáng mát có sân vường rộng rãi có hồ hải sản lớn tùy mình lựa chọn hải sản tươi sống mình thấy nhân viên phục vụ thiệt tình chu đáo đồ ăn thì củng vừa miện, giá thì củng hợp túi tiền bình dân đánh giá nhà hàng 3* rất hài lòng",0,0,5,5,0,0
"bình thường mình đánh giá khá tốt về quán ăn ngon và mình thích quán ăn ngon ở phan đình phùng vì không gian đẹp, không quá ồn ào. nhưng mới đây, nhân viên có thái độ phục vụ không tốt lắm, chờ mãi mới có bạn ra ghi order đồ ăn rồi cách phục vụ rất ư là thiếu nhã nhặn với khách.",1,0,0,4,0,0
"vẫn những trò chơi cũ thêm được 1 trò mới là nhà nhún. nhưng là điểm tốt nhất ở quy nhơn để đưa trẻ đến chơi vào các ngày lễ tết. còn ngày thường thì hầu như đóng cửa. có nhiều trò vận động và tư duy cho trẻ em khi đến đây như lái xe, tàu điện, tàu lửa siêu tốc, nhà banh, trò chơi cảm giác mạnh, phao nổi, tô tượng, vòng quay, chuồng ngựa... ở đây dịch vụ đều mang tính chất tự phát nên chưa có bài bản và quy mô, do đó cũng chỉ phục vụ vào cuối tuần và các ngày nghĩ lễ là chính. giá cả bình quân từ 20-25.000 đồng 1 trò chơi tầm 3-5 phút mỗi trò. giá mềm nên bay vèo 100.000 đồng vài phút rất nhẹ nhàng, êm ái",3,0,0,0,0,0
tôi cảm thấy rất ấn tượng về roftop này thật sự đã mang lại cho tôi một buổi tối tuyệt với,4,0,0,0,0,0
"nhà hàng món ăn ngon, giá hợp lý, phục vụ dễ thương và nhanh nhẹn",0,0,0,5,0,0
"quá nhỏ, phòng đã cũ rồi nội thất không hiện đại.",0,1,0,0,0,0
"big c các mặt hàng rất đầy đủ, đa dạng, phong phú. hiện tại tầng 3 đang sửa chữa nên sắp xếp đồ mới khó tìm. chỉnh sửa lại rất đẹp, rộng rãi. có cgv ở tầng 3 cũng rất tốt. tầng 1 thì nhiều khu vực thay đổi liên tục. có các quán cafe view cũng tương đối đẹp. tầng 2 chủ yếu tầng game, mình ít đi tầng này nên không rõ lắm. wc ở đây cũng sạch sẽ lắm, nơi tụ tập đông người tầng nào cũng có wc mà lại sạch nữa, rất tốt.",0,0,0,0,0,4
"tính đến tháng 5 năm 2022, 60.000 ₫ đến sân bay. khi đến từ sân bay cũng vậy. tôi không biết vì không có thời gian biểu ... tôi rời đi lúc đúng 3 giờ, vậy có thể một giờ lúc 0 phút mỗi giờ? 1 giờ đến sân bay. xin vui lòng đến với nhiều thời gian.",0,0,0,0,3,0
"quán này bán lâu lắm rồi ấy, có thêm chi nhánh khác cũng ở tăng bạt hổ. bún thịt nướng ngon, nem chả cũng ngon. nhưng bún bây giờ hơi ít hơn so với ngày trước. hồi trước còn xấp xấp đầy tô. giờ chỉ còn nửa tô thôi buồn cười buồn cười . giá cũng khá iu thương cả bún và cuốn 30k. nước chấm cuốn cũng ngon nhưng hơi bị loãng.",0,0,0,4,0,0
"phòng sạch sẽ, view biển siêu đẹp, đi bộ 2p là ra tới biển , có dọn phòng hằng ngày, nhân viên vui vẻ thân thiện",0,4,0,0,0,0
view đẹp. dịch vụ tốt. phòng rất sạch và rộng. vị trí thuận lợi. giá cả hợp lý. khách sạn vẫn hoàn tiền cho khách khi khách không ở qua đêm dù khách đã thanh toán tiền rồi. rất đáng trải nghiệm,0,4,0,0,0,0
"15-20k mà bao gồm chả cá chiên, hấp ( chả quết với tai heo ăn lạ miệng lắm luôn, )trứng cút, cá dầm, hành phi nhà làm, thêm lớp hẹ thơm nồng tròn vị , đặc biệt ớt siêu cay nên các bạn cứ thêm vào từ từ nhé",0,0,0,5,0,0
"ngày cuối ở qn tìm trên foody thấy điểm tốt nên quyết định ăn sáng rồi ghé quán marina này, quán khá đông dù mình đã đi hơi trưa rồi, không gian thoáng mát, nhân viên dễ thương cực, khách đông mà vẫn nhiệt tình, sẽ quay lại đây lần nữa nếu có dịp đến qn",0,0,0,5,0,0
khách sạn vắng nhưng nếu được xếp phòng tầng cao hơn view biển thì ok hơn,0,4,0,0,0,0
tệ! chỉ giữ xe vé tháng. không cho khách gửi xe. dẹp bán đồ đi. làm bãi giữ xe tháng,0,0,0,0,0,1
quán có không gian rộng. đẹp . nhưng nhân viên còn chưa mấy hài lòng. gọi đồ ăn làm hơi lâu. rồi đem ra còn nhầm. ly để uống trà sữa còn chùi rửa chưa sạch. nhìn không mún ún. :3. nói không phải chê. mình góp ý để qans càng ngày càng tốt hơn.,0,0,0,2,0,0
làm ăn lom com.giá quản cáo thì ok.nhưng đến quán giá thì khác.làm ăn hai mặt.ko đáng để khách du lịch đến.,0,0,0,1,0,0
"nhân viên có tâm, thấy bịch rau sà lách của khách có lá bị héo thì lấy ra rồi mới cân. rất tốt, tiếp tục phát huy.",0,0,5,0,0,0
"dịch vụ rất ok ạ, sẽ ủng hộ lần sau ạ",0,0,0,0,5,0
"dịch vụ thuê xe rất tốt thủ tục thuê xe rất nhanh gọn anh chu rất dễ thương, lần sau vào quy nhơn tôi sẽ tiếp tục ủng họ dịch vụ này rất uy tín",0,0,0,0,5,0
về phần trà thì rất ngon nhưng nếu giảm độ ngọt xuống sẽ ngon hơn (mọi người nên điều chỉnh độ ngọt của trà). holika còn có cả dịch vụ ship tận nhà cho các thánh lười. freeship với hoá đơn trên 50.000đ/hoá đơn trong vòng bán kính 2km còn nếu các bạn ở xa hơn thì yên tâm holika vẫn ship với giá ship tối thiểu 10.000đ/hoá đơn. 📞 shipper: 0256 65 222 84,0,0,0,0,0,0
"mình ăn nhiều lần ở đây rồi . điểm cộng ở quán này là không gian sáng sủa, sạch sẽ mon ăn rất ngon. chắc hạp khẩu vị mìn thấy món nào cũng ngon. đặc biệt các phần cơm . điểm trừ : quán phục vụ món ăn lâu ( cái này thông cảm chắc do khi gọi món mới làm) , nhân viên phục vụ không được vui vẻ , giá các món ăn và nước uống khá cao.dẫu nhiều cái không thích nhưng do mình ghiền cơm ở đây nên vẫn hay ghé lại . . khổ vậy :(",0,0,0,4,0,0
"ẩn mình trong khoảng sân cổ kính xinh xắn, chúng tôi nghĩ đồ ăn rất ngon và ngoài rượu, giá đồ ăn cực kỳ ổn sau singapore và london. sẽ cố gắng và phù hợp trong một chuyến thăm khác! cá ngừ đại dương và vịt hầm",0,0,5,5,0,0
"đồ ăn chủ yếu theo vị âu, không hợp khẩu bị người việt. nhân viên phục vụ không thân thiệ, không có thái độ tốt với khách hàng",0,0,0,2,0,0
"cơm gà ở đây rất ngon, suất đầy đặn, giá cả hợp lý (45k một xuất cơm gà xối mỡ). cơm nấu trộn nghệ, đẹp mắt và ngon miệng. rau thì tươi và sạch. quán sạch sẽ, nhân viên phục vụ tốt,",0,0,0,5,0,0
"đây là quán kem tự chọn nà, thích ăn kem gì lấy kem này rồi đem ra cân, chả biết tính tiền bao nhiêu 1gr nữa.. nhưng mà kem cũng không có được ngon lắm đâu, được cái là có nhiều topping... ăn ở trong sài gòn ngon hơn nè. ở đây có bán thẻ m bánh nữa, kì ghẻ, tiệm kem mà có bán bánh, bởi vậy nên đánh cũng không ngon luôn. giá thì cũng bình thường thôi à. quán thì sạch sẽ, đẹp đã, sống ảo tốt nè. nhấn viên thì mình không thích lắm, kiểu như nhòn vô là không có cảm tình rồi. vô tình ghé vô ăn thôi, không có ấn tượng gì quán này..hihi",0,0,0,3,0,0
"lúc check out mình thấy mấy chị đang dọn phòng kiểu dạng căn hộ ở bên cạnh nên có sang ngó thử, nhà ai có trẻ nhỏ ở phòng đấy cực tiện luôn ý.",0,4,0,0,0,0
"chúng tôi đã ăn tối ở đây với gia đình và bạn bè. việc phục vụ thức ăn rất hào phóng. nhân viên rất có sức chứa & quan trọng hơn, thức ăn cũng ngon!",5,0,5,5,0,0
"phòng có mùi khó chịu khi nhận phòng..máy lạnh kêu to,ồn khó ngủ..bể bơi trên sân thượng 10 năm chưa thay nước.",0,1,0,0,0,0
"bãi đậu xe ô tô hơi bất tiện tí xíu, nhưng vẫn đậu đỗ tốt.",0,0,0,0,4,0
vị trí khá bất tiện cho đoàn đi xe ô tô vì đường một chiều và nằm trong hẻm.,0,2,0,0,0,0
"vị trí nhà khách thuận lợi rất gần biển nên buổi sáng sớm bạn có thể đi bộ ra biển tập thể dục và tắm biển thoải mái. do mới xây dựng nên khang trang, sạch, đẹp... mức giá không cao, chấp nhận được. hãy đến nha các bạn!",0,5,0,0,0,0
"yamaha sirius , xe mới và bốc mình rất thích con xe này. chạy tuyệt vời giá thuê 120.000 đồng/ngày. xe chất lượng, chạy lên dốc kỳ co không gặp bất cứ vấn đề gì",0,0,0,0,4,0
"nước trong vắt, nơi bạn có thể bơi, nhiều tầng thác nước, tất nhiên là các cửa hàng trước khi bạn đến đó, nhưng đó cũng là một phần của các chuyến tham quan!",5,0,0,0,0,0
"mình thuê xe của công ty rất uy tín. mình sẽ giới thiệu cho bạn bè của mình. chuyến đi đến chùa địa tạng rất ý nghĩa, tất cả mọi người trong đoàn đều vui vẻ. chuyến đi an toàn.",0,0,0,0,4,0
"phòng hơi nhỏ , nhưng chủ yếu là tiếng ồn xung quanh quá nhiều .",0,1,0,0,0,0
nơi tuyệt vời với các cuộc triển lãm tương tác tuyệt vời! một trong những phát triển mới thú vị hơn ở việt nam ^^,5,0,0,0,0,0
"chuyến hành trình thật thú vị,hoàn hảo nhất cho một chuyến đi bằng du thuyền trên sông,ngon lành cành đào",0,0,0,0,5,0
"dịch vụ tốt, giá cả vừa phải",4,0,0,0,0,0
"điểm trung chuyển khách bằng xe buýt từ tp quy nhơn đến sân bay phù cát, giá vé từ 50-100k/người.",0,0,0,0,3,0
"đây là một cách tuyệt vời, giá rẻ để xem một cái nhìn khác về thành phố và có một chuyến đi ra ngoài. tôi tình cờ tìm thấy nó khi tôi đi dọc bờ sông tìm thuyền du lịch. tôi mua vé khứ hồi từ phòng vé đến thành, đó là điểm dừng thứ hai, chuyến đi có giá 30, 000 đồng, khoảng 1. chiếc thuyền này rời bến lúc 11 giờ sáng và mất khoảng 30 phút để dừng lại trên đường đi. bạn có thể bắt được sự trở lại mà rời đi lúc 12 giờ trưa nhưng điều này cho ít thời gian để có một cái nhìn xung quanh, ngoài việc có một thức uống. tôi quyết định quay trở lại chuyến phà tiếp theo khởi hành lúc 2 giờ chiều và do đó có chút thời gian để nhìn quanh thị trấn nhỏ này, ngồi trong công viên, uống cà phê và kem. chiếc phà trở về đã đến đúng giờ và có một cái nhìn tuyệt vời về đường chân trời thành phố trên đường đi. tôi rất thích nó đến nỗi tôi đã có một chuyến đi khác vào cuối tuần.",4,0,0,0,4,0
"shop có món cá ngừ đại dương phi lê ngon tuyệt. lại rất rẻ so với thị trường. chả ram tôm đất cũng ngon và rẻ. phục vụ thân thiện, nhiệt tình.",0,0,0,5,0,0
"du lịch nhiều nơi nhưng chưa thấy nơi nào mà dễ sống, hiền lành, thoải mái như quy nhơn luôn. cảm ơn bạn cho thuê xe máy tốt bụng đã hổ trợ mình rất nhiều trong máy ngày du lịch ở đây. xe mới và chạy tốt lắm, like",0,0,0,0,4,0
"lần đầu tiên được ghé đến quy nhơn, khách sạn có view rất đẹp, phòng sạch sẽ. các bạn nhân viên rất nhiệt tình, đặc biệt các bạn lễ tân luôn quan tâm và hỗ trợ cho gia đình mình nhận phòng sớm. cảm ơn fleur de lys đã cho mình trải nghiệm tuyệt vời này <3",0,5,0,0,0,0
"mấy lần đặt taxi gọi lên tổng đài đặt xe xong nhắn tin cho mình sdt tài xế này nọ xong đợi 1 hồi... tài xế không tới, gọi lại thì nói huỷ rồi nhưng không báo cho khách biết là không được, đặt lại cuốc khác cũng y chang nên thiệt là bất đắc dĩ lắm mới di xe của vinassun",0,0,0,0,1,0
"tài xế vui tính quá và rất nhiệt tình, chụp cho chúng tôi album rất đẹp mà còn không tính phí. cảm ơn bác tài nhé ....",0,0,0,0,4,0
"hôm trước đi team với công ty mình có dùng bữa buổi trưa tại nhà hàng này. món ăn đã được dọn sẵn ra bàn. 1 bàn 10 người cũng được khoảng 5,6 món. cá chiên nếu nóng sẽ giòn ngon hơn. cá nhiều thịt nhưng vì dọn trước đến lúc mình ăn cá đã nguội rồi. mướp xào tôm và tôm rim thịt ăn tạm được. có món canh cua rau đay là còn nóng nhiều cua. nêm nếm vừa ăn được nhất trong các món. nhà hàng này có view biển đẹp. view biển chủ yếu là quán cafe thôi, còn ăn sảnh bên trong khá nóng.",0,0,3,3,0,0
"phòng sạch sẽ, trả phòng rồi vẫn được sử dụng dịch vụ của khách sạn như hồ bơi, phòng thay đồ, wc.",0,0,0,0,5,0
"nên ghé thưởng thức kem bơ ở đây, ngon tuyệt mọi người ạ, vô tình lang thang và biết đến quán ,ghé đến thưởng thức thì thấy đúng là bợ ở đây nguyên chất đậm đà thật luôn í, vị thì vừa đủ ngọt để ăn kèm với kem. nói chung, cực ngon nè, nên phải lên đây review cho mọi người biết, chứ trước giờ làm biếng đánh giá lắm, à khu này nhìu quán kem bơ, mà nghe đâu quán này là bán đầu tiên nè,hôm mình ghé cũng khá đông khách đấy",0,0,0,5,0,0
"trước đây thuê xe máy nên thuê gần hết xe ô tô. chán với cách phục vụ ở những nơi đó nên tôi thử hỏi thăm bạn bè thì tìm được cửa hàng chành xe may quy nhơn của hoài bão. đây là người đi nhiều, xe cũng ngon, ít xăng. chọn khó để thuê nơi này.",0,0,0,0,4,0
"quán nhò, đường vào cũng nhỏ, đồ ăn ngon và giá cả phải chăng. đoàn mình đi 8 người mà đến muộn, gia đình cũng đang định đóng cửa, còn gì ăn nấy. đồ ăn đa dạng trên thực đơn. được cái gọi món nhanh, cả nhà gia chủ xúm vào làm. sẽ quay lại khi có điều kiện đến đây lần sau.",0,0,0,5,0,0
"sau đó, anh ta chuyển tôi cho một người lái xe khác, vì anh ta tự xưng là quản lý. người lái xe thứ hai này đã chuyển hành lý của tôi vào xe của anh ta (trông không giống xe vinasun và không có đồng hồ đo). người lái xe đầu tiên thông báo cho anh ta tiền để tính tiền cho tôi.",1,0,0,0,1,0
mỗi khi mình đi về quy nhơn là luôn muốn thử món ngon sứ “nẫu”. bánh xèo vừa ngon giòn và tôm rất tươi. mọi người ủng hộ quán nhé. giá 30k/bánh đáng đồng tiền vì tôm với thịt bò nhiều. ăn đã luôn.,0,0,4,4,0,0
"lúc đi xuống quên mang khẩu trang lại lễ tân xin nhưng họ bảo không có khẩu trang - điều này xí xóa được đi. nhưng khi mượn bàn ủi ủi đồ thì lại bảo không có luôn, ủa lạ vậy khách sạn 8 tầng mà không có bàn ủi đồ cho khách",0,4,0,0,0,0
"không hiểu vì sao quán này được rate cao vậy luôn. mình đến du lịch và tình cờ ghé vào, đến sớm quán chưa full mà phục vụ siêu chậm. giá cả mắc so với mặt bằng chung ở quy nhơn - nếu không nói đây là bữa sáng phí mồm nhất mình ăn ở bình định! giá ghi 35-50k/ phần, nhưng dọn ra là dọn chung vào 1 đĩa luôn và đồ siêu ít. chưa kể, mình đi 4 người, gọi 3 phần (vì 1 ng không ăn được lòng) nên ngồi ăn ké bánh hỏi. nhưng khi thanh toán vẫn bị tính 4 phần. dọn chung vô 1 đĩa rồi phục vụ bảo bỏ 4 phần nên mình nhác cãi luôn. nói chung ai du lịch thì tránh xa quán này dùm!",0,0,0,1,0,0
"nhà hàng nấu khá ngon, vừa miệng người việt, không quá chua tay như ở thái mình ăn món cua sốt khá ngon, cua chắc nhưng không được thấm sốt",0,0,4,4,0,0
"thề, quán này ngồi mát với tâm sự bạn bè, hẹn hò với người yêu khá phù hợp. nhưng điểm tệ nhất của quán là bao nhiêu năm qua không nâng cấp được thức uống ở đây. phải nói thức uống ở đây khá tệ, không được món nào, đến nước chanh cũng pha hời hợt như nước đường vắt lát chanh vào cho có vị vậy.",0,0,0,3,0,0
đi xe vào khá xa. may là có dân địa phương dẫn. ngồi thuyền chống ra đến khu suối hầm hô. khi vào thì mình lại đi bộ. cảnh quang khá độc đáo với đá to từng tảng rải khắp con suối rộng. nước suối trong vắt và được phép tắm. nhiều nam du khách đã tắm thỏa thích vì không khí khá nóng bức nơi đây. đây là nơi phải đến khi ghé thăm bình định vì nét độc đáo hết sức đặc trưng của nó.,0,0,0,0,0,0
vât dụng của giường không được thay khi hết 1 chuyến quá hôi hám! khi nói tiếp viên đổi thì tiếp viên nói không có đồ đổi đổi là đổi sao? vật dụng mất vệ sinh có thể lây bệnh cho ng khác! từ ng đi trước ! trải nghiệm lần 1 sẽ không có lần sau!,0,0,0,0,1,0
"quán trông có vẻ đẹp,kem tuyết khá ngon, nhưng cái làm mình không bao giờ quay lại đây là thứ 2 là không gian quán khá bí,quán không có điều hòa nhưng cửa số thì đóng kín,bật cái quạt quay qua quay lại khá bần ^^ và cực kì nóng nhất là vào mùa hè, ngồi 1 tí thôi nhưng nóng không chịu nổi, 2 cái wifi 5 cục nhưng phải nói là chậm hơn rùa(load fb và youtube 144p không nổi), giá cả không tương xứng với chất lượng,nói ngắn gọn v thôi.",0,0,0,3,0,0
"sau một thời gian dài để làm thủ tục hải quan, anh ta vẫn chờ đợi và dễ dàng xác định vị trí. chuyến đi nhanh chóng đến chỗ ở của chúng tô i và có nhiều chỗ cho tất cả hành lý của chúng tôi",0,0,0,0,5,0
hồ bơi hơi bẩn và để không đó hơi lãng phí.,1,0,0,0,0,0
"bãi đá trứng có những viên đá hình tròn hoặc bầu dục giống trứng khủng long trong thời cổ đại. nơi đây rất phù hợp cho các tín đồ mê “tự sướng” kỷ niệm. bãi đá khá nhỏ, nhưng cũng đáng để bạn trải nghiệm khi đến quy nhơn. lối vào bãi trứng mát mẻ và còn hoang sơ. 2 bên đường rợp bóng cây và có các quán cafe để bạn dừng chân nghỉ ngơi thư giãn. tới đây bạn có thể gửi xe và đi bộ tham quan các địa điểm liền kề như hòn chồng, đền thờ hàn mặc tử, bãi hoàng hậu...",5,0,0,0,0,0
"rạp nằm trên tầng ba của bigc quy nhơn có diện tích khá rộng rãi. bạn có thể đi lên bằng thang máy hoặc tháng cuốn. nhân viên quầy vé vui vẻ, nhiệt tình. có khu ngồi chờ trước giờ chiếu đẹp thoáng, có chỗ chụp hình cho các bạn trẻ có dịp lưu giữ kỉ niệm. tuy nhiên hôm mình đi xem suất khuya thì rất nóng và hình như là không có bật điều hòa.",5,0,0,0,0,0
"đọc các nhận xét khác nhau, một số tốt từ những thực khách hài lòng, một số đánh giá trung bình mmm và một số từ những khách hàng quen không quá hài lòng.",0,3,0,0,0,0
"quán có cơm gà, cơm món mình đi 6 người, gọi dạ trường luộc, cá kho, tôm rim, gà chua ngọt, canh cá đồ ăn được có món gà chua ngọt là chế biến kiểu gỏi gà, không ngon, mà đắt đánh giá chung là cũng ok",0,0,0,3,0,0
"tất cả mọi thứ điều tuyệt vời, phòng rất sạch sẽ, thoáng mát, đầy đủ tiện nghi; nhân viên siêu nhiệt tình, và dễ thương. giá phòng siêu tốt, dù cho bạn đặt qua booking hay trực tiếp tại khách sạn.",0,5,0,0,0,0
một quán ăn tệ hại !,0,1,1,0,0,0
mình đi công tác nên cần một chỗ trung tâm đà lạt tiện đi lại nhưng phòng phải thoáng một chút chứ không phải khách sạn nhà hộp không có cửa sổ hay ánh sáng mặt trời. mới ở lần này nhưng thấy phù hợp với yêu cầu của mình. lần sau công tác sẽ ghé lại. hẹn gặp các bạn tháng sau.,0,3,0,0,0,0
"mình tìm thuê xe tự lái quy nhơn thì thấy địa chỉ này, thuê xe ở đây anh chủ rất nhiệt tình, xe mới sạch sẽ",0,0,0,0,4,0
phòng tầng thấp còn có muỗi,0,1,0,0,0,0
"bánh sinh nhật cũng có sẵn, một miếng xốp lớn, màu trắng có đóng băng jaffa sẽ có giá 200k, nhưng họ cũng sẽ cá nhân hóa nó với những lời bạn chọn ở trên cùng, tác phẩm tuyệt vời từ các chàng trai trong tiệm bánh!",0,0,0,4,0,0
"đổi gió là gì? chắc nhiều đàn ông thích ""đổi gió"" và hiểu từ đó, hehe. thôi không bàn sâu xa về từ này. nhà hàng 114, cái tên như cái địa chỉ khỏi phải lẫn lộn chỗ nào và có chăng nó chia ra làm 2 quán 114 ở xuân diệu và bình hà. nếu bạn muốn đổi gió (ý là gió mát lồng lộng) hoặc tiếp khách 1 nơi thoải mái thì 114 xuân diệu là khá lý tưởng. món ăn ngon, nếu xét về số lượng thì 10 món cũng được 6,7 món đa phần là vậy. cơm chiên cá mặn, cá lao 1 nắng v.v... mình nhậu nhiều ở đây và cảm thấy thích hợp, có món sang trọng có món đỗi vị bình dân nhưng cách chế biến cho hương vị và ngon thì cho 8 điểm (theo mình vậy). chủ quán thì nhiệt tình, phục vụ thì không đông lắm nhưng cũng chú ý tới khách vì có người hay để ý. giá cả thì từ 100k - 1tr. tóm lại 114h xuân diệu đáng để bạn thưởng thức 1 lần với những vị khách ở xa và những vị khách quen thuộc nên ghé lại.",0,0,0,5,0,0
"bữa sáng ngon, phải đi bộ khoảng 10 phút ra bãi biển nhưng cũng không sao",0,4,0,5,0,0
các bé nhà mình rất thích hồ bơi ngoài trời tại đây,5,0,0,0,0,0
"mình được cô chú chủ nn phúc thịnh giới thiệu sang đây thuê xe. 2 cô chú rất dễ mến, xe sạch sẽ đẹp đẽ, giá lại còn rẻ. 9h cô chú đóng cửa nhưng vẫn chờ bọn mình tới 9h30 tới trả xe :)) tất nhiên là 5 sao rồi ạ :3",0,0,0,0,5,0
"nhà hàng ăn ngon và rất tốt, chất lượng, cảnh đẹp, nhân viên truyền phục vụ rất chu đáo và nhiệt tình",5,0,5,5,0,0
"lần đầu đến bình định mình cũng nhờ foody để tìm quán ăn. vô tình đi ngang quán này nên ghé vào thử. quán khá rộng, đẹp và thoáng nữa. quán có kem tự chọn giống i love kem ở sài gòn giá lúc mình ăn là 23.000 đồng /100 gram. có nhiều vị để chọn. thích nhất vị dừa và chanh dây. ngoài ra quán còn nhiều thức uống khác giá tương đối. từ đây có thể đi bộ hoặc chạy ra bãi biển quy nhơn cách đó chừng 1km. nếu có cơ hội đến quy nhơn hãy đến đây dùng thử nhé. nhân viên dễ mến nữa nhé.",0,0,0,5,0,0
"sản phẩm giao đúng hẹn , ngon và nói chuyện với khách vui vẻ !",0,0,5,5,0,5
"quán này nước bt, không gian chỉ có 1 góc ở trên lầu là ok. còn lại bt, đặc biệt không biết phải tại cách sắp xếp không gian của quán không, mà buổi tối đi rất ồn, không nói chuyện được gì cả, toàn tiếng người là người y như quán nice hồi xưa .",0,0,0,3,0,0
"chất lượng sản phẩm tốt, nhiệt tình với khách hàng",0,0,0,0,0,4
"được bạn bè giới thiệu vô đây là ăn quán nầy vì nghe đồn rất nổi tiếng, nhưng mình thấy cũng chả đặc sắc lắm, chưa kể là khá thất vọng. quán ăn trông cũng sạch sẽ, phục vụ thì chỉ lẳng lặng đem đồ ăn, chả nói năng gì hết trơn á. bún thì lèo tèo, ít lắm, cũng có chả cá, giò, hành lá, lạc, giá...cơ bản giống bún cá của mình nhưng không có cá nha. nước thì bị ngọt, không hợp vị lắm, chắc do mình không ăn hợp đồ ăn của cái eo đất nước. đến vùng đất mới thì nên thử đồ mới, nên cũng không có gì là tiếc cả. ăn cho biết, có kinh nghiệm cho lần đi sau.",0,0,0,2,0,0
"dịch vụ tốt, không khí trong lành, hậu mãi. phát huy tốt hơn nữa",0,0,0,0,0,5
"công viên thoáng mát dọc theo bờ biển, thích hợp cho du khách đi dạo và đưa trẻ đến vào những buổi chiều. vì ngoài không gian đẹp và thơ mộng còn có các trò vui chơi giải trí cho các bé",5,0,0,0,0,0
"khách sạn dơ, không vệ sinh cẩn thận, mặt kính đóng bợn, bình nước nóng đóng mốc, review có vẻ tự đánh giá. edit: mình nói thêm là hình mình chụp là sau khi đã xuống lễ tân bảo vệ sinh lại phòng cho mình rồi, nhưng kết quả thì như hình.",0,1,0,0,0,0
tuy không sang trọng như xe cao cấp nhưng đầy đủ tiện nghi. phòng rộng thoải mái nằm. các nhân viên đều rất chu đáo với khách hàng. dù mình xuống bến không có trong điểm đặt nhưng các chú vẫn hỗ trợ. khi khách xuống xe còn chào khách rất lịch sự.,0,0,0,0,4,0
dịch vụ quá bèo.vip chỉ matxa thông thường. ngoài ra giá cả thì cần gì tính giá trên trời. quản lý phục vụ quá nghiệp dư. tốn tiền vô ích. đào quá tệ,2,0,0,0,0,0
đây là lần thứ tư tôi quay lại đây và muốn giới thiệu. tôi sẽ trở lại đây mà không nghi ngờ gì nữa. các loại bia và cocktail rất rẻ và bạn khó có thể đi bộ sau khi rời đi do rượu ngon và hiệu thuốc bên kia đường. tôi,0,0,0,4,0,0
ồ. mình đã vừa tìm được lại địa chỉ của công ty thuê xe tại quy nhơn này. thiệt tình thì đã có dịp thuê xe tại đây. phải nói là hết sức ưng ý. xe thì mới mà giá lại hợp lý. đội ngũ nhân viên rất nhiệt tình và hiếu khách. phải nói là từ trước giờ mình đến quy nhơn du lịch thì hầu hết di chuyển bằng xe máy nên đã tìm kiếm hết các công ty thuê xe rồi. giờ mới tìm được chổ ưng bụng nhất.,0,0,0,0,5,0
"nghe khen nhiều mà đến ăn không ngon như vậy, hải sản không được tươi, giá thì siêu mắc",0,0,0,0,0,0
tôi đã dừng chân ở qui nhơn hai ngày với bạn tôi và chúng tôi chỉ ăn ở nơi này.,0,0,0,3,0,0
đi mùa vắng khách (sau dịch covid) nên khu tập gym và bar không hoạt động.,0,2,0,0,0,0
"khách sạn sạch sẽ, trang thiết bị mới , hiện đại. nhà tắm nước cực mạnh tắm rất thích. ăn sáng ngon dạng bufet. phòng rộng rãi.",0,5,0,0,0,0
"nhân viên lịch sự vui vẻ, nhiệt tình, hỗ trợ 24/24 dù nhà mình đến khá sớm. toilet chung sạch sẽ, tiện nghi",0,4,0,0,0,0
chỗ đậu xe rộng rãi. xe máy cho thuê cũng rất mới luôn.,0,0,0,0,5,0
"khách sạn gần biển, giường rộng và nhiều đèn. view có thể nhìn được cả thành phố và biển",0,5,0,0,0,0
"nhân viên cực kì nhiệt tình.chấm 10 cho nhân viên,chỉ cần bạn nhắn nhân viên sẽ hỗ trợ hết mình.cảm ơn vì sự nhiệt tình",0,5,0,0,0,0
"đôi lúc điều hòa hơi khó điều chỉnh, bố trí điều hòa trong phòng chưa làm mát được cả phòng nhanh chóng.",0,2,0,0,0,0
"50k vé vào cổng và .... chỉ có tham quan. khu vực rất rộng và rỗng, không có quá nhiều hoạt động vui chơi hay thăm thú, ít trò chơi, ít khu ngắm cảnh, ít chỗ chụp hình. vé chơi trò chơi cũng khá mắc. cảm nhận chung nếu đi teambuiding mua vé trọn gói trò chơi thì chắc sẽ đỡ chán hơn. còn tham quan, ngắm cảnh, mong chờ giống đầm sen hay suối tiên thì ... thôiiii.",3,0,0,0,0,0
mình thường ghé qua đây mua bánh tráng dừa mang vào sg làm quà.,0,0,0,0,0,5
"cửa phòng tắm không khít, nước nóng phải chờ nước chảy vài phút mới nóng. phòng hơi nhỏ.",0,3,0,0,0,0
"không gian ngoài trời thoải mái và view đẹp, thiết kế sang trọng. rất tuyệt. không gian trang trí nhẹ nhàng và thoáng mát, làm cho mình cảm giác thư giãn và dễ dàng nói chuyện với bạn bè tôi. đó là một nơi tuyệt vời để thư giãn với bạn tôi và thưởng thức âm nhạc , thư giãn tuyệt vời với ngắm cảnh sài gòn xinh đẹp!món uống cocktail trông rất ngon, nhân viên phục vụ rất dễ thương, nhiệt tình. lần sau chúng tôi đến đây lần nữa.",4,0,0,4,0,0
"quán khá bé, nằm trong nhà chủ luôn. đến sẽ được free trà đá và đĩa xoài bé. ghẹ tươi, ngon, không to lắm nhưng khá chắc thịt. giá cả theo thời giá nhưng mặt bằng chung là rẻ. hôm mình ăn chỉ 300k/1kg thôi. món phải ăn thử chỗ này là sò lụa xào bơ tỏi, rất thơm và ngon nhưng hơi đắt.",0,0,0,4,0,0
"phòng chỉ có ánh đèn màu vàng tạo cảm giác lù mù, buồn chán vào buổi tối. nếu khách sạn trang bị thêm ánh sáng màu trắng nữa thì tuyệt vời. ánh sáng màu trắng ở xứ biển nắng quanh năm như nha trang tạo cảm giác mát mẻ, vui vẻ, tươi sáng, lên tinh thần cho khách vào buổi tối.",0,4,0,0,0,0
"nhân viên support nhiệt tình, khách sạn hỗ trợ theo nhu cầu, lễ tân dễ thương, anh nhân viên hỗ trợ xách hành lý giúp, phòng ốc sạch sẽ, mátttttttt, ra biển gần chút éc",0,5,0,0,0,0
"nước biển khá trong. tuy nhiên không có dịch vụ nhiều nên chưa quản lý tốt, tuy nhỏ nhưng lại có nhiều rác. nên trải nghiệm đi cano tham quan quanh hòn khô, như vậy mới thấy được hết cái đẹp nơi đây. mình đi từ sáng sớm để đỡ đông người nhưng rất tiếc không được chiêm ngưỡng con đường nổi cắt ngang biển vì đúng thời điểm nước lên. mọi người nên đi vào ngày đầu tháng hoặc giữa tháng",4,0,0,0,0,0
có một sự lẫn lộn về tên với người lái xe cầm một tấm biển với tên họ không chính xác. điều này đã được giải quyết nhanh chóng thông qua whatsapp.,0,0,0,0,0,0
"đến quán vào một buổi sáng tầm 8h nên khá đông khách ăn sáng, quán nằm gần chợ nhưng sạch sẽ, cô chủ thân thiện và nhanh nhẹn, 1 suất bánh hỏi lòng heo bao gồm bánh hỏi, lòng heo, rau sống, nước mắm và 1 tô cháo loãng để ăn kèm với lòng lợn. dĩa lòng thì gồm dồi, lòng, thịt heo, bao tử, gan,... trông rất hấp dẫn. do lần đầu tiên ăn nên mình thấy hơi lạ, tuy nhiên cũng khá ngon, lòng hơi nguội nên mình không được vừa ý lắm, cháo ngon. nước chấm hơi mặn tí xíu, nhạt lại nữa thì ok hơn. giá cho 2 suất bánh hỏi lòng heo + 1 sữa đậu nành là 75k. đáng tiền.",0,0,0,5,0,0
"nhà hàng nhỏ nhưng không gian rất thoải mái, dễ chịu, món ăn rất phù hợp với khẩu vị của mình, đặc biệt là nước chấm gia vị rất ngon. các loại nước uống cũng đa dạng.",0,0,5,5,0,0
"chuyến đi này là chuyến thăm đầu tiên hôn thê của tôi . tôi muốn cô ấy để có được một cảm giác việt nam ngoài hà nội và hồ chí minh (mà chúng tôi cũng đã đến thăm trong chuyến đi này). quy nhơn đã được đề nghị bởi một cố vấn đáng tin cậy và chúng tôi rất vui mừng chúng tôi đã đề nghị. tôi chọn cho hai ngày trong căn hộ cao cấp ban công tại life của một bãi biển. từ đầu đến cuối toàn bộ đội đã đáp ứng, chào đón, và vui vẻ. họ thực sự không có một góc nhỏ của thiên đường ở đây. phạm vi của các lựa chọn hấp dẫn về sở hữu có nghĩa là có một nơi để mỗi ngân sách. bất kể, cơ sở vật chất được sạch sẽ và duy trì tốt. thực phẩm là tuyệt vời và chúng tôi đã vui mừng có cơ hội để dự phần tiệc tối xã. các căn hộ nằm lẽ 125 km từ tài sản chính và nhìn ra một bãi biển liền kề / vịnh. việc đi bộ giữa hai địa điểm đi trực tiếp qua làng. nụ cười rất nhiều và banh mi phụ nữ (chỉ ăn sáng) là một ngôi sao nhạc rock. nước dồi dào nóng, tuyệt vời a / c, và wifi mạnh mẽ với một cái nhìn chúng tôi sẽ không bao giờ quên. có một con gà trống trong làng ... anh sẽ chắc chắn bạn trải nghiệm không thể nào quên mặt trời mọc :) chúng tương tác với khách du lịch từ khắp nơi trên thế giới ở đây và hy vọng sẽ có cơ hội để trở lại một lần nữa sometime sớm. đặc biệt cảm ơn steve cho sự chú tâm của mình để truy vấn (nhiều) email của tôi cũng như hỗ trợ sắp xếp chuyển sân bay.",0,5,0,5,0,0
"quán ăn ngon phếch. xìa ngao ngọt lịm, ghẹ chắc thịt, ngọt thịt. nhiều hải sản sống đa dạng, chủ quán giới thiệu nhiệt tình, nhân viên tư vấn kỹ càng. phục vụ tốt!",0,0,0,5,0,0
"anh chị cho thuê xe rất nhiệt tình và dễ thương. dịch vụ cực kỳ tốt. mình vào quy nhơn 2 lần đều đến thuê xe và rất hài lòng với chuyến đi. mình đi cả ngày > 100km không gặp bất cứ vấn đề nào. và chắc chắn đây là địa chỉ số 1 của mình mỗi khi đến quy nhơn --------------------------------------------------------------------------------------------------------------- they rent car very enthusiastically and lovingly. extremely good service. i went to quy nhon 2 times, rented a motorbike here and was very pleased with the trip. i go all day with a schedule of more than 100km without any problems. and surely this is my number 1 address when i come to quy nhon",0,0,0,0,5,0
đường xung quanh chợ không giao thông được. rất bẩn và mua bán hổn độn.!!!!,0,0,0,0,0,2
"dịch vụ chất lượng, giá rất rẻ, ông chủ vui vẻ. phục vụ chuyên nghiệp. tuyệt vời!",0,0,0,0,5,0
"giao xe tận nơi và đến tận nơi lấy xe cho khách, tiện lợi và chuyên nghiệp",0,0,0,0,5,0
mình hài lòng về phong cách phục vụ 5 stars tại đây. bạn truyền và yến luôn nhiệt tình hỗ trợ cho nhà mình,5,0,5,0,0,0
"khách sạn khá cao cấp, từ tầng 16 có cửa sổ nhìn ra biển rất đẹp",0,4,0,0,0,0
"không gian hoạt động giáo dục khoa học, sáng tạo cho thiếu nhi thật tuyệt vời! hài lòng 💖 tốt",5,0,0,0,0,0
"mình vừa đặt một con gà thả vườn ở nhà hàng mộc viên, nửa con nướng, nửa con hấp cùng với bộ lòng xào mướp. từ lúc mình đặt thì khoảng 1 tiếng sau thì đã xong, lúc mình mang về gà vẫn còn nóng. cả nhà ăn xong ai cũng nói gà khá ngon, ăn vừa miệng. đặc biệt, mình rất thích phần đồ ăn kèm rất là nhiều như dưa chua, dưa chuột, cà chua và rất nhiều loại nước chấm khác nhau (tuỳ theo sở thích mỗi người). so với mặt bằng chung tại tp.quy nhơn thì 1 con gà/195k cũng không quá đắt, cũng không rẻ quá, tóm lại là giá cả phải chăng, đồ ăn ngon, thế thôi!",0,0,5,5,0,0
giá service khá hợp lý,0,3,0,0,0,0
"mỗi dịp hè là lại ghé đến quán thường xuyên hơn. giá cả tương đối rẻ. còn về phần kem thì mình thấy hên xui hà, có lúc kem ngon, có lúc kem không ngon tệ. mình thích kem trộn ở đây, ngon mà thiệt ra chắc chỉ có quy nhơn mới có món kem này thôi chứ mình hỏi ra chả ai biết món này cả,họ toàn nghĩ kem trộn thoa mặt không hà.",0,0,0,4,0,0
"món ăn ngon, nóng, nhân viên phục vụ hoàng long và quân chu đáo nhanh nhẹn ! sẽ quay lại và lần tới và dẫn theo bạn bè",5,0,0,5,0,0
"đồ quá nhiều! toàn mẫu mới hàng mới mà giá quá rẻ, 1 chiếc maxi xịn sò chỉ có 100k còn được tặng kèm theo mũ rộng vành và túi xách. dịch vụ tốt, thủ tục đơn giản nhanh gọn, được freeship tận khách sạn... quá tuyệt vời!",0,0,0,0,0,5
"thái độ nhân viên việt có vẻ mất dạy, còn mọi các nhân viên khác ok",0,2,0,0,0,0
rất tệ quán thì mưa dột chuột gián bò ngổng ngang đèn thì không có tường thì rỉ sét cứt chuột lum la . tôi sẽ không bao giờ tới quán này nữa,0,0,1,0,0,0
không có miễn phí nước suối,0,3,0,0,0,3
"đồ ăn ổn, giá cao hơn các quán bình dân nhưng so ra thì mặt bằng + chất lượng vậy là được. chưa bao giờ ăn phải hải sản không tươi ở đây, các món cũng không bị nêm quá nhiều bột ngọt.",0,0,0,4,0,0
"dừng lại ở đây để uống cà phê và ăn nhanh. dịch vụ hơi chậm nhưng đủ lịch sự. thật không may, họ đã hết ba bữa ăn và đồ uống đầu tiên mà chúng tôi yêu cầu. có hoành thánh và chả giò, chúng vẫn ổn nhưng chúng tôi đã có món ngon hơn. đồ uống thực sự tốt mặc dù. cảm giác thoải mái và rất lạnh.",0,0,0,4,0,0
ace nào chill thì nên chọn phòng view biển làm vài ly hết xẩy,0,5,0,0,0,0
"cửa hàng chuyên bán đặc sản quy nhơn- bình định. ngoài các loại hải sản như cá khô , mực khô, hàng đông lạnh còn có bánh tráng , bánh ít lá gai, nem chả, tré, rượu bàu đá... ông chủ vui tính, nhân viên nhiệt tình . mua cái gì cũng bớt giá (có giảm giá thật hay không thì có trời biết 😁).",0,0,0,5,0,0
chỉ cần trở về từ một ổ taxi với công ty này. tôi đã bị lừa bởi một trong những tài xế của họ khi đang thay đổi.,1,0,0,0,1,0
"nhận phòng tự động, hỗ trợ qua zalo rất nhanh chóng. phòng sạch sẽ, thoáng mát",0,4,0,0,0,0
mr. thông đã hỗ trợ tôi rất nhiều trong kỳ nghỉ vừa rồi. tôi đã quên đồ và anh ấy đã trợ tôi lấy lại đồ của mình.,0,3,0,0,0,0
"phòng sạch sẽ, tiện nghi. nhân viên phục vụ tư vấn nhiệt tình. đồ ăn sáng có nhiều món thay đổi theo ngày",0,4,0,0,0,0
"mình uống ở chất 2. nhân viên quán không hề thân thiện với khách. lúc mình ra lấy đồ uống, 2 tay bưng khay nên không mở cửa vào được, nhiều nhân viên đứng gần đó nhưng không ai giúp mình, họ chỉ nói chuyện với nhau hoặc lướt điện thoại. lúc mình hỏi về menu cũng chỉ trả lời qua loa, giống như muốn đuổi khách đi 😒",0,0,0,1,0,0
từ tp.hcm đến vũng tàu chỉ mất 1 tiếng rưỡi bằng tàu cánh ngầm. bến phà ở vũng tàu rất dễ bắt taxi đi lại. chúng tôi chỉ cần đi xe 5 phút từ bến tàu đến tượng chúa giêsu khổng lồ.,0,0,0,0,4,0
rạp nhỏ. không dễ tìm. phòng chiếu số 3 ghế ngồi có mùi ẩm mốc. suất chiếu 10h10 buổi sáng thứ 4 chỉ có 6 khách. bỏng không nóng.,0,0,0,0,0,0
"gọi đồ hàng tiếng không bê ra, gọi tính tiền thì kêu ""bếp đang làm"" và không cho thanh toán mà bắt phải lấy hết nhưng vẫn không bê nốt đồ lên. sau nửa tiếng sau thì món vẫn không lên nổi và nó đành phải trừ chỗ đó vào hoá đơn, mặt sưng lên như cái l trâu. phục vụ kiểu bố đời, một lần đến tởn đến già!",0,0,0,1,0,0
"đoàn nhà mình thử hết các loại của quán, không thích bánh xèo trứng lắm, các loại còn lại ngon, đặc biệt bánh xèo tôm đất. rất ấn tượng với góc rửa tay của quán. nhân viên nhiệt tình, thân thiện nhưng không nên cằn nhằn khi khách xin thêm rau sống vì đoàn mình ăn rau rất nhiều :)))))",0,0,0,3,0,0
bãi xe không thuận tiện,0,2,0,0,0,0
"những chiếc taxi luôn được đo đếm, sạch sẽ và gọn gàng. tôi đã theo dõi cẩn thận tuyến đường đến nơi chúng tôi sẽ đến và theo tôi, họ luôn là người trực tiếp nhất.",0,0,0,0,4,0
"mùa thi cử của sinh viên học sinh xong xuôi rồi nhé giờ là thời gian ăn chơi đón tết hoy nhé. bắt đầu thời gian đi càn quét từng quán trà sữa có view đẹp nhé, lần này mình ghé ""chất"" với 1 cô bạn của mình, quán vẫn vậy khách vẫn đông đi đúng thời điểm chứ đi tối tối cở 7 8h là đứng nhé không có chổ đâu nhan :)). quán này kết hợp tông màu zễ thương nhẹ nhàng, lần này mình gọi trà đào thử xem như thế nào, trà đào ở đây lúc nhân viên đưa ra mình chụp soongss ảo cở 5p xong khấy đều uống là rất vừa nhé. luôn tiện gặp ng quen vậy là chụp ké luôn nước của bàn kề bên :))).",0,0,0,5,0,0
"hello các anh em. đây là quán ăn mình hài lòng nhất trong chuyến đi lần này. nhóm mình đi 4ng. ở eo gió từ 11h ngày 11/10 tới 15h ngày 12/10 nhưng đã phải ghé quán ăn 3 lần thì các anh em có thể hiểu quán ""hút "" đến chừng nào rồi hen. mình ở khách sạn cách eo gió tầm 500m trong lúc đi tìm quán ăn thì bị hút bởi quán này vì decor trẻ trung nhất trong khu eo gió )). mình không nói quá đâu, ai đi rồi sẽ hiểu cảm giác này. tưởng đâu đang ở hội an vì quán có tông vàng chủ đạo. nhóm mình đi 4ng bữa ăn đầu tiên được chị chủ giới thiệu ăn combo 7 món với giá 150k/ng. ngon nhức nách luôn các anh em ơi, nêm nếm gia vị vừa phải, đồ ăn tươi và sạch sẽ nhé. ăn xong còn được cho tráng miệng trái cây. nếu bạn đi ít ng hoặc ăn ít có thể ăn combo ít món lại và giá tiền cũng sẽ giảm theo nhé. nói chung mọi người cứ yên tâm là rẻ. thêm nữa là anh chị ở quán ai cũng dthuong, nhiệt tình. còn chịu khó dọn dẹp bối cảnh để tụi mình sống ảo nữa.",0,0,0,5,0,0
"quán có không gian phải gọi là siêu đẹp í nhìn vô cực kì thích mắt, các bạn muốn chụp hình sống ảo thôi miễn chê nha, view bên trong cực kì đẹp, trông rất thoáng, bên trong có nhiều góc rất đẹp và lạ. đồ uống có khá nhiều loại, chất lượng cũng oke , order nước nhanh. ngoài ra các bạn muốn gọi thêm bánh hay đồ ăn thì thoải mái luôn nha. các anh chị nhân viên nhiệt tình, giá cả phù hợp với sinh viên. sẽ ghé lại quán nhiều lần nữa. ....",0,0,0,5,0,0
xe chạy ẩu và vô trách nhiệm. hẹn khách cho khách chờ mà không đón. gọi không nge. lái xe thì lái ẩu . chạy bất chấp tính mạng hành khách . nguy hiểm,0,0,0,0,2,0
"khá đông đúc mà điển hình ở việt nam thiếu hụt hải sản và rất tốn kém, tôi không biết thức ăn ngon như thế nào là nguyên nhân thứ hai tôi thấy giá cho một số bữa ăn.",0,0,0,5,0,0
"ấn tượng với không gian ở đây, không gian nhà gỗ nhưng rất sang trọng, ấm cúng. có nhiều góc chụp để checkin sống ảo. giá cả phù hợp, cà phê rẻ chỉ từ 9.000 đến 10.000/ly à, ngoài ra còn những loại nước ép, trà lipton.. tuy nhiên, menu món nước ít đa dạng như các quán cfe khác. ở đây có phục vụ cơm trưa, tối nữa, những món ăn dân dã như cơm niêu, cá kho, canh riêu..rất thích hợp cho những bữa tiệc công ty, gia đình, các đoàn tour khi du lịch tới quy nhơn. mình cực ấn tượng với món gà quay kèm xôi lên mẹc ở đây, ngon đậm đà. giá cũng rẻ nữa, đi nhóm 4 5 người gọi 1 gà quay và thêm ít món nữa, ít lon bia mà chưa tới 500k. nhìn bill mà thấy ngạc nhiên gà 195.000/con, tụi mình còn tưởng nhà hàng tính nhầm nữa cơ :)). nói chung là hài lòng tốt tốt",0,0,5,5,0,0
"không gian yên tĩnh có chỗ ngồi uống cà phê, sạch sẽ, dễ di chuyển, thái độ nhân viên phục vụ tốt",0,0,5,0,0,0
nằm tại trung tâm quận 1 nên khá thuận tiện với mọi người.,0,0,0,0,0,0
"trước đây mình rất thích phở 10 lý quốc sư, nhưng tháng 7/2014 vừa rồi mình qua ăn hơi thất vọng.",0,0,0,2,0,0
"mình đi 4 người ghé qua quy nhơn, thấy quán có review cao nên ghé vào ăn. mình gọi bún thập cẩm có sứa khá khó ăn. vị nhạt nhẽo. trong quán bày bán hàng hóa như trạm dừng phục vụ xe khách. giá cao so với chất lượng.",0,0,0,2,0,0
"đưa vợ con mình đến quy nhơn chơi, 9h tối gọi mang xe đến bến xe phương trang thì được bạn chủ cho người mang xe đến rất nhanh. xe chạy tốt, giá rẻ 120k cho xe số và 150k cho xe ga. hỏi nhà nghỉ giá rẻ cũng được tư vấn rất ân cần và nhiệt tình, tặng bạn 5 sao chúc bạn ngày càng phát triển hơn nữa",0,0,0,0,5,0
"nhân dịp cùng gia đình du lịch quy nhơn, bình định, đặc biệt đến eo gió được người bạn giới thiệu nên ghé ăn thử. mực tươi ngon, thức ăn chế biến ngon, lần đầu được ăn món “ram đẻn” cả nhà ai cũng thích. chủ quán thân thiện, giá cả hợp lý.",0,0,0,5,0,0
"nhân chuyên đi công tác cũng xem như là chuyến du lịch cho mình. truy lùng tất cả các món ngon ở đây. mấy bạn địa phương giới thiệu chổ này nhìn cũng bình dân nhưng chất lượng lắm. thấy nhân viên phục vụ tốt, thấy mình từ xa nên cũng hiếu khách, nhiệt tình giới thiệu các món ăn, bảo nên ăn món này, ăn món kia. nói chung nhìn đồ ăn đem ra hấp dẫn lắm, nhìn nhiều muốn ngất luôn mà giá lại không thể tin được luôn. khẩu vị tuy hơi sắc hơn của mình nhưng vẫn ngon và chất lượng.",0,0,0,5,0,0
"không còn ngon như trước, thấy có khách đoàn ghé nên không còn chú trọng vào thức ăn , giữ xe chảnh chẹ",0,0,0,2,0,0
"đi xem phim cua lại vợ bầu, suất chiếu cuối 23:20 nhưng có một chút lỗi kĩ thuật. tuy nhiên anh bán vé rất ân cần, chu đáo giải quyết vấn đề. rạp oke về mặt hình ảnh, âm thanh, ghế ngồi thoải mái. điểm trừ là về mặt vệ sinh. không biết có phải vì là suất cuối, mà nước, bắp của suất chiếu trước không ai dọn dẹp cả, vẫn còn y nguyên. đề nghị ban quản lý nên khắc phục và chuyên nghiệp hơn.",4,0,0,0,0,0
- ghế xe buýt thoải mái khi làm việc,0,0,0,0,4,0
thoải mái dễ chịu nhân viên nhiệt tình phòng sạch sẽ sang trọng giá cả phải chăng,0,5,0,0,0,0
"cần đưa đội hình xe mới vào phục vụ, các xe cũ đã xuống cấp. cần nâng tần suất chuyến xe trên các tuyến để dân đi lại thuận tiện tiết kiệm thời gian.",0,0,0,0,2,0
"giá vé không đắt. bạn phải trả 15. 000 vnd cho một vé. thời tiết tốt, nhưng con tàu không được nhìn thấy hiện đại.",0,0,0,0,3,0
"không gian đẹp, thoáng mát, sạch sẽ.",0,4,0,0,0,0
"hải sản ở đây ngon, giá bình dân hơn nhiều siêu thị khác.",0,0,0,5,0,5
lý do e.,0,0,0,0,0,0
"sân bay sạch sẽ, nhân viên nhiệt tình. do covid nên khá vắng khách đi và đến.",0,0,0,0,4,0
gia đình tôi thuê một chiếc xe tay ga lead chỉ 120k / ngày. xe còn 2013 đi cửa hàng bảo dưỡng kỹ hay gì đi đó máy móc êm ru.,0,0,0,0,5,0
"quán bán đặc sản bình định ngon ít chỗ bán, hải sản chuyên mực câu chất lượng, ngon, rẻ. đáng tiền, uy tín.",0,0,0,4,0,0
"quán không gian được, âm thanh cần cải thiện hơn nữa. nội thất trang trí cần thú vị hơn. nhìn chung quán khá tốt",0,0,3,3,0,0
"khách sạn đẹp, trang phục nhân viên sang trọng hơn nhiều khách sạn khác, cách đối xử với nhân viên của ban giám đốc tốt",0,5,0,0,0,0
"quán nằm ngay bờ biển, không gian thoáng đãng, mát mẻ thích hợp cho những ngày hè. trang trí đẹp, phù hợp với giới trẻ. đồ uống tạm ổn.",5,0,5,4,0,0
"mình hay ăn ở kfc hơn lotte và jollibee . gà ở đây có vẻ ngon hơn và không bị mềm . giá ở đây dao động trong khung từ 38k-150k theo từng suất ( mình lựa đại nên cứ cỡ đó mà quất chứ cũng không cố định ) . khoai tây chiên ở đây chấm tương cực ngon , gà cũng ổn . phục vụ nhanh nhưng nhân viên có vẻ rập khuôn và không hay cười cho lắm . còn lại mọi thứ mình thấy khá ổn . chỗ này khá rộng rãi nhưng hơi ồn cho những bạn thích yên tĩnh , ở trung tâm thành phố nên khá dễ tìm .",0,0,0,4,0,0
"quán cũng khá bình thường, nếu bảo mình cho điểm thì mình chỉ cho điểm được thôi. vì mình ăn thấy không có gì đặc biệt. cả bò lẫn mì cay. được một cái là nồi mì rất nhiều và đầy. mỗi người ăn một thố là đảm bảo ăn không nổi cái gì nữa là no mất rồi. mình thấy bò né ít quá,có vài miếng còn trứng thì chiếm chủ đạo rồi. còn mì cay thì lèo tèo một ít hải sản với nấm kim châm. nước chấm khá là nhạt, chung quy chỉ là được thôi chứ không ngon.",0,0,0,3,0,0
"bữa trưa đầu tiên tớ ăn ở đây, tớ gọi cũng khá nhiều món. cơm gà là món must try ở đây nhg tớ thấy cũng bình thường, cơm thì theo kiểu nửa cơm nửa xôi nên ăn lạ miệng tí thôi, gà xối mỡ ăn cũng không có gì đặc sắc lắm. quán rất đông, chủ yếu là khách du lịch. giá bt nếu so với hn nhg là đắt nếu so với mặt bằng giá của qn)",0,0,0,3,0,0
tài xế đã đợi chúng tôi ở lối vào sân bay mặc dù chúng tôi đến muộn vì visa và đường hải quan,5,0,0,0,5,0
"dịch vụ rất tốt, lần sau tôi sẽ quay lại hỗ trợ, cảm ơn",0,0,0,0,5,0
"sân bay khá là nhỏ. chỉ phục vụ các chuyến bay trong nước. tầng 2 có nhiều cửa hàng bán đồ đặc sản như cá ngừ, mực khô, nem, các loại bánh và hải sản khô. giá cả đắt hơn so với bên ngoài.",0,0,0,3,3,0
"vườn hoa rộng, thoáng, sạch, sát biển. cạnh khách sạn hải âu. khu vui chơi trẻ em hoạt động các buổi tối và cả ngày vào t7, chủ nhật. nhiều trò như bể bóng, xe điện, bể câu cá, đu quay...",3,0,0,0,0,0
"mình cảm thấy phục vụ quá tệ, và chăm sóc khách hàng quá tệ.",0,2,0,0,0,0
"- các hệ thống giải trí tại chỗ hoàn toàn không hoạt động (trên cả hai xe buýt), vì vậy don không mong đợi giải trí theo phong cách hàng không",0,0,0,0,2,0
"huong vi khong xuat sac, thieu tinh te, dac sac nhu bun cha hue. 1 phần ăn quá nhiều, ăn cho cố... cảm giác giống như ăn để “vỗ béo”. ẩm thực là …ăn xong vẫn còn thèm",0,0,0,2,0,0
"không gian rộng rãi, nhiều dịch vụ giải trí phù hợp với gia đình, đội ngũ nhân viên bán vé hơn chậm không linh hoạt lắm",4,0,0,0,0,0
"quán này cũng được bạn địa phương giới thiệu. không gian hơi nhỏ nên mùi dầu mỡ khá đậm, nếu làm cho thông thoáng được thì sẽ tốt hơn. bánh xèo tôm và thịt bò đều ok. hơi nhiều dầu do muốn có vị giòn, khác bánh xèo miền nam. nước chấm thì hơi ngọt, ai không quen thì có thể pha thêm nuớc mắm mặn. giá bình thường 50k-60k/người cho ăn sáng thì không rẻ nhưng no đến xế chiều ! dân địa phương cũng ăn nhiều. có 1 quán tương tự ngay sát vách thấy rất vắng khách. sẽ còn quay lại.",0,0,0,3,0,0
bể bơi tầng 7 nước hơi bẩn và 3 ngày không thay.,2,2,0,0,0,0
"sạch sẽ, view quá ổn, nếu được ở thêm sẽ có review chi tiết hơn nhưng nhìn chung mọi thứ ok và mình và nhóm bạn đã có trải nghiệm tốt.",0,5,0,0,0,0
"nhà xe lừa rạt, đặt xe giờng phòng 450k tới nơi đi xe giường nằm phải trả 400k mà không được thông báo trước",0,0,0,0,1,0
không có bản hiệu nhưng mắm ngon. làm lâu năm kiểu truyền thống.,0,0,0,5,0,0
"villa rất đẹp, sạch sẽ, thoáng mát, gần trung tâm đà lạt! đồ đạc trong phòng mới, tiện nghi. tầng gác mái view đẹp trọn thành phố! mình đi 3 người có em bé, nhân viên rất ân cần, tận tình phục vụ. chủ villa là người bắc nữa nên phong cách rất hợp với gia đình mình! mình cảm thấy hài lòng và sẽ trở lại đây vào ngày gần nhất!",0,5,0,0,0,0
"phòng ốc sạch sẽ dọn mỗi ngày, mình book nhầm ngày mà còn vào cuối tuần, xong không có vé về lại ở thêm 1 đêm nữa vậy mà bên khách sạn vẫn vui vẻ deal với mình",0,5,0,0,0,0
"đối với mình là tạm ổn, nếu bạn đăng ký thành viên sẽ được giảm giá vé. như mình đi 2 người, giá giảm còn 45k/1 người. nếu mua thêm 2 bắp 2 nước là 90k. tổng cộng sẽ là 180k. bạn nào không cận nên chọn hàng ghế từ f trở lên, sẽ ngồi đỡ mỏi cổ và nhức mắt. âm thanh và ánh sáng tại rạp khá ổn. ngoài ra, rạp startlight có khu chờ phim được decor rất đẹp mắt, mọi người có thể nhìn ngắm nội thành quy nhơn từ trên cao, rất chill đấy.",5,0,0,5,0,0
"đây là một khu phức hợp mua sắm với một cửa hàng tạp hóa lớn. nơi này cũng có quán cà phê, máy atm, một số nhà hàng và sân chơi cho trẻ em.",0,0,0,0,0,4
"giao xe nhanh mình gọi chỉ 10p là có xe đời mới nhất, rất sạch sẽ nhân viên giao xe rất lịch sự thuê 3 ngày có giảm giá đặc biệt, mũ bảo hiểm rất mới và sạch rất hài lòng khi thuê xe máy ở đây khi đến quy nhơn du lịch",0,0,0,0,5,0
"quán nằm trong hẻm hơi khó tìm đối với du khách như mình. lagu ăn khá lạ, nước hầm rất ngọt, sền sệt, bạn nào thích gu thế này mới thấy ngon. quán gồm 2 tầng, tầng dưới có hai cái nồi bự lagu, đến gọi món xong lên tầng trên mới có bàn ngồi.",0,0,0,5,0,0
"chổ này đúng là cho thuê xe máy số 1 quy nhơn rồi. đợt trước về chơi anh em có gặp nhau và mình thuê chổ này mặc dù ở đây có rất nhiều cửa hàng cạnh tranh. cảm ơn người anh em đã tiếp đãi nhé, lúc nào có dịp ra phú quốc chơi cứ liên hệ mình",0,0,0,0,4,0
nhiều lựa chọn nhưng nhân viên sales thì thô lỗ,1,0,0,0,0,0
"đậu xe ngoài đường, hơi bất tiện",0,0,0,0,2,0
"đồ ăn ngon lắm, tươi và dễ ăn nữa. không gian mở thoải mái thoáng mái buổi tối có nến trông lãng mạn vô cùng, đi chung với người yêu là hết sảy luôn. sẽ ủng hộ dài dài",0,0,5,5,0,0
"mọi người ơi. ai có nhu cầu thuê xe máy thì liên hệ chú này nhen mọi người nhiệt tình, vui vẻ với khách lắm ạ. mà xe chất lượng lắm mọi người cứ yên tâm thuê xe ạ.",0,0,0,0,4,0
"thức ăn thật tuyệt vời và có một cái nhìn trong nhà bếp, nó không có mùi vị và bia lạnh mà không bình thường ở việt nam? nó cũng có bia trên vòi. một trong những chủ sở hữu có tên docker không thể thân thiện hơn khi chăm sóc nhóm 8 chúng tôi không thể làm đủ cho chúng tôi. docker đã cho chúng tôi một cái nhìn sâu sắc về cuộc sống việt nam và đề xuất một số khu vực tuyệt vời để tham quan - những bãi biển và làng quê xinh đẹp và một nơi được gọi là cuộc sống là một bãi biển. thanh tra lại một vài lần vì chúng tôi rất thích nó.",0,0,0,5,5,0
"nhà xe như cc, đặt vé giường buồng limousine mà xếp mình lên xe giường nằm, xong nói không đi thì thôi ở lại",0,0,0,0,2,0
"chợ bán hải sản rẻ, đa dạng, rất tươi. đặc biệt đi chợ vào buổi chiều.",0,0,0,0,0,4
"cách trung tâm không xa qua hết cầu nhơn hội là tới. xe điện từ bãi xe đến cổng là thấy không hài lòng. nhưng khuôn viên cực đẹp các bạn trẻ chụp hình thì cực ảo nhìu trò chơi phong phú nhưng giá vé cũng chưa hợp lí, đồ ăn và nước giá cao... nếu ghé cửa biển thì nên mang theo trái cây nước vào tụ tập dọc biển ngồi thì phê. có mỗi cái khuôn viên rộng đẹp để check in sống ảo thôi. mà đi bộ cho hết thì chắc cũng hết cả buổi",4,0,0,0,3,0
"nhà hàng gia đình, họ làm cho tôi hạnh phúc mỗi ngày. thực phẩm tươi ngon giá rẻ. bạn có thể thấy rằng họ muốn phát triển.",0,0,5,5,0,0
"bó hồng xưa rồi, nay chỉ có bó thịt thôi. là bó thịt đó nhé. mình có nhận đặt bó thịt cho ngày lễ 20/10 sắp tới. gía từ 100-150-200k. có chịu nhận theo yêu cầu nhé. các soái ca mau đặt để tặng lễ cho các chị e soái tỷ đi nè nhá. vui vẻ hình của quán tự chụp cả nhà đừng copy tks.",0,0,0,0,0,5
"quy nhơn trời mưa được rủ đi ăn hải sản, do tiệm nghĩa ghẹ đối diện đông quá nên thôi qua đây ăn luôn. lúc đầu thắc mắc sao không có khách, ngồi một hồi chiều chiều khách ra vô khá đông ha. do bạn mình mê mấy món ốc, xìa chứ mình cũng không hảo lắm nên ăn qua loa vài con cho có thôi. ốc thập cẩm đủ loại hết. món xìa hấp thái thấy cũng ok nè. bởi mấy cái món kia mình ăn quơ quơ nên chỉ mong đến món cháo hàu để ăn thôi. tô bé bự hàu siêu nhiều nha. cháo nóng sốt vừa thổi vừa ăn. trời mưa mà ngồi húp cháo nóng thì siêu phê nhaaaa )))))))))). nói chung hải sản tươi, ngon chất lượng nên giá 3 món hơn 200k mình thấy cũng xứng đáng.",0,0,0,5,0,0
"lần thứ hai tôi đã sử dụng dịch vụ này và cả hai lần đều tuyệt vời những gì tôi cần. ghế tuyệt vời điều khiển hoàn toàn bằng điện tử. phòng chân khổng lồ rất lớn và ngay cả khi người đứng trước ngả bạn cũng không mất phòng chân nào cả. hệ thống giải trí trên tàu với điện thoại đầu chất lượng tốt được cung cấp, sạc usb vv. người lái xe là người an toàn nhất mà tôi từng trải nghiệm không chỉ điều này mà anh ta còn lịch sự chào hỏi tất cả các khách hàng đến với phần giới thiệu về các dịch vụ trên tàu. nếu bạn đang tìm kiếm một experiance du lịch thoải mái nhất trên khắp việt nam thì bạn phải sử dụng dịch vụ này. trên cả hai tạp chí của tôi, tất cả các khách hàng cũng rất tôn trọng lẫn nhau, không có điện thoại di động nào phát ra âm nhạc hay thực phẩm có mùi. dịch vụ tuyệt vời và tôi sẽ sử dụng nó mọi lúc tôi phải đi du lịch.",5,0,0,0,5,0
"công viên thiếu nhi mà toàn thấy người lớn. ban đêm rất mát, có nhiều hàng quán ăn vặt giá rất rẻ. buổi chiều sau 17:00 dân địa phương đổ ra đây tắm biển rất đông, không có dịch vụ trông xe mà cứ để xe trên bờ rồi đi bộ xuống thôi. bãi cát phẳng và mịn. bãi biển rất sạch, không có kinh doanh dù, hàng rong, bán dạo... hy vọng thành phố quy nhơn tiếp tục phát huy và giữ môi trường sạch như hiện tại.",3,0,0,0,2,0
"vinasun được biết đến như một công ty taxi trung thực, đáng tin cậy. tốt nhất là khi ở việt nam nên sử dụng các hãng taxi được đề xuất để tránh tình trạng quá tải và tài xế taxi đưa bạn đi nhờ - theo nghĩa đen.",0,0,0,0,5,0
"phòng sạch sẽ đẹp. nhân viên thì dễ thương, nói chung tuyệt vời, khu này rất đẹp, nhiều hoa nhìn rất mê",0,5,0,0,0,0
"thiệt sự thì nhà mình cũng có khách sạn đang cộng tác với booking, khách nào khách nấy nhà mình chiều quá trời chứ chưa bao giờ dám nạt khách như bên arise luôn. thêm vào đó bên khách sạn phải có trách nhiệm giải quyết cho khách khi overbook chứ không phải là lên giọng ""là hết phòng rồi đó"" với khách.",0,1,0,0,0,0
"tuy là cảng nội địa ,nhưng phục vụ rất chuyên nghiệp tận tình .không gian thoáng đãng.mát mẻ và đẹp",0,0,0,0,4,0
đang sửa chữa phía trước. gần biển gần chợ đêm rất thuận tiện cho việc đi chơi,0,4,0,0,0,0
"quán đẹp, hải sản ở đây khá ngon , đúng vị biển, tôm mực tươi ăn rất ngon luôn, giá cả lại quá hợp lí so với các nhà hàng hải sản trên thành phố, nhân viên phục vụ rất nhanh nhẹn, dễ thương, thân thiện, phục vụ khá nhanh , món ra nhanh khi đông khách hay vắng khách đều vậy luôn, nhân viên rất lịch sự. cửa hàng đẹp sáng sủa, trang trí hiện đại , đến rồi muốn đến hoài hoài. chất lượng món ăn thì quá đạt chuẩn luôn. nhất định sẽ đến lại nữa , ngon quá mà",0,0,5,5,0,0
"có rất nhiều thức ăn thú vị (dành cho cá sấu chúa), nhưng nó thực sự đắt và bạn không kiếm được nhiều thức ăn. tôi không thể giới thiệu nó.",0,0,0,2,0,0
"chỗ rất sạch sẽ, có mùi thơm nhẹ, dụng cụ cá nhân chuẩn bị rất đầy đủ.",0,5,0,0,0,0
"vô đọc review các bạn thấy khen quán này ngon nhất quy nhơn thì cũng hơi sốc :d mình ăn thấy cũng được cũng ngon nhưng mà cá nhân thấy không ngon bằng trong phù mỹ :""> cơ bản vì phần nước chấm pha hơi bị mặn ấy. lòng heo được làm sạch sẽ, ngon, ngọt. lâu không ăn nên lúc tụi mình đang ăn gần hết, cô chủ quán mang ra tô cháo bự, mình bị sốc :)) mải ăn quên chụp ảnh tô luôn :))) giá thì cũng được 3 đứa 105k. mình ăn trong phù mỹ 15k/dĩa nhỏ 1 ng ăn no (thực ra thì không được nh và đầy đặn như ở đây)",0,0,0,4,0,0
có dịp ghé qua quy nhơn nên mình ghé ăn. bánh xèo tôm nhảy là đặc sản bình định nên không thể bỏ qua được. quán này chưa bước vào đã thấy sang trọng mặc dù giá đồ ăn thì chỉ 15-20k một món. nhìn quán không khác gì một nhà hàng hạng sang. nghe giá rẻ vậy chứ chỉ có một cái bánh xèo nhỏ miền trung với tầm 8 con tôm nhỏ thôi. ngoài ra còn có bán thêm bánh căn nữa mà khác hẳn so với ninh thuận. món này ăn với bánh tráng và rau trong khi hồi ở phan thiết hay ninh thuận thì ăn khác,0,0,0,4,0,0
"mấy cậu nhân viên ở đây vừa hiền vừa đẹp trai. tụi mình giỡn vài ba câu mà mấy cậu ngượng chín mặt, ai cũng ấp úng. đúng chất trai miền trung hiền lành thật thà. xe mới rất ưng ý, có đổ xăng cho khách trước khi giao không như những chổ khác giao xe cạn bình và mũ bảo hiểm rất dễ thương",0,0,0,0,5,0
"chủ shop nhiệt tình, uy tín. mình thuê ở quy nhơn nhưng muốn đi xe máy xuống phú yên. shop tue vấn mình đi xuống phú yên rồi gửi lại qua xe khách. thanks shop, có dịp ghé quy nhơn lại tiếp tục thuê xe anh.",0,0,0,0,4,0
"khu vui chơi sicakids tại phường bình định - tx an nhơn - tỉnh bình định là địa điểm vui chơi giải trí cho các em nhỏ từ 2 - 9 tuổi với đa dạng trò chơi vận động, trí não... được đầu tư cơ sở vật chất bài bản, trang thiết bị hiện đại duy nhất tại địa phương. không gian thoáng mát máy lạnh 24/24. mình đưa con đên đây chơi và cảm thấy hài lòng. giá vẻ chỉ 30k/ vé chơi cả ngày. mình ủng hộ loại hình giải trí này tại địa phương giúp các bé tránh xa ipad, smart phone hữu hiệu.",5,0,0,0,0,0
"đây là big c đầu tiên ở bình định, với thiết kế tòa nhà đẹp, nơi đây có cũng bán khá đầu đủ giống như các big c ở hồ chí minh nên mình rất thích mỗi khi về quê có thể mua sắm đồ ở đây.",0,0,0,0,0,4
hết sữa tắm hết dầu gội đặc biệt mở lọ ra rất hôi mùi. bồn cầu không dội khai rình vòi rửa mặt đầy vết dầu bết. thất vọng,0,1,0,0,0,0
"cửa hàng có đầy đủ sản phẩm , giá mềm",0,0,0,0,0,5
"a chủ nhiệt tình thật sự, mình đến bến xe lúc 5h sáng mà ảnh vẫn dậy và giao xe ra với khuôn mặt rất vui vẻ và nói chuyện lịch sự cực kỳ luôn. xe mới leng keng, đời 2018. xe sạch sẽ, chạy rất tốt, cảm giác đi xe của bên này rất yên tâm vì xe quá mới. chúc anh ngày càng phát triển thương hiệu của mình cho ngành cho thuê xe máy tại quy nhơn nhé",0,0,0,0,5,0
"địa điểm: quán bán trong hẻm, ngồi mát, gần khu vực trung tâm. phía bên ngoài hẻm thấy có bàn ngồi luôn. món ăn: mình hay ăn ở đây, quán bán đủ món luôn, cháo lươn với miến lươn mình thích ăn ở đây nhất, cháo nấu rất nhừ mềm với ngọt, còn miến lươn ở đây ăn thơm, không hề nghe mùi, nước dùng cũng ngon. còn các món còn lại, mình thấy khách hay gọi xương bò, cái gì cũng xương bò, bún xương bò, miến xương bò, phở xương bò. mình ăn xương bò rồi, nhưng mình vẫn hay ăn miến lươn với cháo lươn hơn. phục vụ: quán bán đông, khách ăn kín bàn luôn nhưng dọn bàn với đem ra nhanh. quán bán gia đình đi ăn nhiều. giá: quán bán tô 25 ngàn, thấy đồng giá các loại. bún giò 30 ngàn. còn lại gọi thêm thấy thêm 5 ngàn một loại. mình hay ăn quán này vì bán nước thấy không bị say bột ngọt, là một điểm cộng lớn cho quán. ăn nước ngọt từ xương nên thơm ngon.",0,0,0,5,0,0
"chị thu ngân nói chờ lấy bì giấy để đựng rượu, chờ 10p không thấy, hỏi lại kêu chờ tiếp, 30p kêu chờ tiếp, 1 tiếng sau anh đi kiếm bì giấy quay lại báo không có bì giấy!? bắt chờ hẳn 1 tiếng để nhận lại sự thờ ơ và làm ngơ như chả có gì. con người làm việc mà như 1 cỗ máy vô cảm, không có lấy 1 nụ cười, lời xin lỗi hay cảm ơn cũng không có. ngán ngẫm.",0,0,0,0,0,1
- lái xe lái xe ở tốc độ tốt và an toàn,0,0,0,0,4,0
món ăn rất ngon và vừa miệng. 2 anh chị phục vụ (chị huyền và anh quân) rất dễ thương với nhiệt tình luôn! gia đình sẽ quay lại nhà hàng!!,5,0,5,5,0,0
có thể nói là ổn nhưng không hoàn toàn hiểu được xếp hạng cao.,0,0,0,4,0,0
"chỗ nghỉ sạch sẽ, nhân viên nhiệt tình, dễ chịu, phòng rộng rãi thoải mái, rất đáng tiền",0,5,0,0,0,0
"chất lượng xe rất tốt, giá cả hợp lý. các bạn giao xe rất thân thiện nhiệt tình, xe thì êm, mượt, không lỗi lầm gì. thủ tục nhanh, gọn .sẽ ủng hộ và giới thiệu bạn bè sử dụng dịch vụ tại đây.",0,0,0,0,4,0
"nơi vui chơi giải trí của người dân thành phố quy nhơn, tại đây bạn có thể đưa con trẻ đến tham gia các hoạt động vui chơi, khu trò chơi trẻ em trong công viên, đi dạo, uống nước ngắm biển về đêm, tắm biển.. có wc, tắm nước ngọt",4,0,0,0,0,0
"ở gần trung tâm nên gì cũng có, rất tiện ích và sầm uất",0,3,0,0,0,0
"7 điểm cực kỳ hài lòng mà mình vừa sử dụng dịch vụ thuê xe máy giá rẻ 1.thời gian cho thuê xe máy được tính 24 tiếng/ ngày bắt đầu từ lúc mình nhận xe. 2. miễn phí xăng xe gồm 1 lít, 02 áo mưa, 02 mũ bảo hiểm 3. khoảng thời gian giao nhận hay trả xe tầm 10-15 phút 4. dịch vụ hỗ trợ quý khách 24/24 giờ 5. tư vấn địa chỉ ăn uống vui chơi miễn phí 6. xe hư hỏng ở bất kì đâu hoặc bị sự cố chỉ cần liên hệ sẽ được hổ trợ ngay 7. giao nhận xe tại địa điểm nhà ga hoặc bến xe hoặc tại địa điểm, nơi lưu trú khách sạn bạn đang ở",0,0,0,0,5,0
không nên mua ở đây vì giá quá đắt đỏ. đồ kô tươi ngon. một sự lựa chọn tồi khi mua sắm tại đây!,0,0,0,0,0,2
"đã 3 lần ghé ăn tại quán tom thai ở takashimaya , lần đầu từ lúc mở cửa khai trương, nói chung về món ăn thái ở đây rất đặc thù, đậm chút sắc thái hơn các quán khác ở sgn đó là cay (nhiều món phải báo nhân viên làm ít cay hơn!!). thấy dạo này khách đông nên cũng chúc mừng quán bán tốt, tuy nhiên một số món phục vụ lâu có thể do khách nhiều hơn trước! sẽ quay lại nữa!",2,0,4,4,0,0
"quán thiết kế khá đẹp có 2 tầng với không gian rộng rãi, thoáng mát. trang trí hài hoà cho bạn và gấu tha hồ check-in, rất phù hợp với các bạn thích sự mới mẻ và sáng tạo nhé. nhân viên phục vụ thân thiện, tận tình, có nhân viên giữ và dắt xe. tủ kem thì nhìn siêu hấp dẫn, được làm từ các loại trái cây tươi ngon tuyệt. đủ hương đủ vị như sầu riêng, dâu, xoài, chanh dây, đào, dưa lưới, kiwi, cam, bạc hà, dừa, matcha, tiramisu, oreo, nho, việt quất, rum, socola,... cho bạn tha hồ chọn lựa. thức uống và các loại bánh âu ở đây cũng khá khá là ngon luôn. các bạn tha hồ quẹo lựa. các bạn nào có kẹt lịch làm hay kẹt đi học đã có ship tận nơi với hotline: 0256.383.1907",0,0,0,5,0,0
"đồ ăn nhiều và đặc sắc, nhưng giá thì trên trời! chắc chắn không nên mua gì để tránh bị hớ! vào chợ chỉ nên ăn thôi các bạn nha!",0,0,0,3,0,0
"trải nghiệm du lịch quy nhơn của chúng tôi đã được cải thiện đáng kể nhờ những người chủ cho thuê xe đạp hoài bảo. ngoài giá cả phải chăng, cặp đôi này luôn chào đón và hữu ích về nhiều mặt trong việc hỗ trợ chúng tôi tham quan thành phố. rất khuyến khích! cám ơn chị rất nhiều và hẹn gặp lại những lần sau! tràmi & jf.",0,0,0,0,5,0
tổng đài viên cãi tay đôi với khách là thấy service quá tệ rồi. thua xa mai linh. cả gia đình anti luôn vinasun vì có 1 bạn nữ tổng đài viên ở tphcm nói chuyện với khách hàng quá mất lịch sự.,1,0,0,0,1,0
"cảm ơn dịch vụ xe đưa đón giúp giá đình tôi di chuyển từ phù cát về quy nhơn nhanh chóng. đặc biệt, a tài xế vui tính và tốt.",0,0,0,0,4,0
"khách sạn có khuôn viên rộng rãi và kiến trúc ấn tượng. các dịch vụ của khách sạn đều đạt chuẩn 5 sao. nhân viên nhanh nhẹn, thân thiện. đồ ăn phong phú với nhiều mảng ẩm thực các nước, kỹ thuật chế biến cao.",0,5,0,5,0,0
hải sản quy nhơn ngon. chất lượng và thái độ phục vụ rất tốt. sẽ quay lại vào một dịp gần nhất,0,0,0,5,0,0
"51 món, 12 món trên một trang- nhật bản, hàn quốc, thái lan, trung quốc và việt nam.",0,0,0,5,0,0
"điều đầu tiên khi mở cửa phòng, đập vào mắt mình là màu ga trải giường, hợp với gu của mình nên thích lắm. toilet sạch sẽ, điều mà trước h mình chưa từng thấy ở nơi nghỉ nào là có cả nước rửa tay trong toilet. à còn có ban công. nói chung ưng lắm. nhân viên cũng dễ thương",0,5,0,0,0,0
khách sạn nằm trên đồi nên có view rất đẹp. nhân viên rất nhẹ nhàng nhiệt tình và thân thiện. để ý từng chi tiết nhỏ luôn làm mình khá hài lòng.,0,5,0,0,0,0
"mình là khách du lịch từ miền bắc vào, được giới thiệu quán bún cá này khá nổi và cũng gần khách sạn mình ở nữa. kì vọng cũng khá nhiều nên bị thất vọng cũng hơi hơi, sở dĩ vì bún cá ngoài bắc rất ngon nên ăn phiên bản miền trung hơi không hợp chút xíu. mình ord bánh canh chả cá thu 30k gì đấy. nước dùng thì ngọt nhưng là ngọt kiểu đường ấy. bánh canh thì hình như là của gói ăn liền, lúc món ăn ra bánh vẫn đóng thành cục và ăn thì cứng cứng rất khó chịu... (ít nhất cũng nên trần qua chứ :() được cái ăn chả cũng ổn, không gian quán thoáng đãng, rộng rãi, có quạt và wifi cũng như bán 1 ít đồ ăn vặt mực khô khá ngon (60k 1 hộp).",0,0,0,3,0,0
"hẻm hơi nhỏ nên đôi khi xe không vào được vì hàng quán dân kinh doanh, nhưng đi bộ cũng không quá xa",0,3,0,0,3,0
giờ giấc sai quá lệch hẳn 1h30p đặt vé 16h30 mà xe 18h mới chạy,0,0,0,0,3,0
"mình không thích các món về gà + thức ăn nhanh nên thấy gà rán không ngon và hamburger khá bình thường, còn kem tươi thì khá ngon. menu nhiều món, khó lựa chọn cho những người mới đi ăn lần đầu. giá các món hơi cao :d nhân viên thân thiện, lịch sự, nhanh nhẹn.",0,0,0,4,0,0
"chúng rất ngon, vừa đủ lượng toppings và thực sự ngon. sau khi đọc một số đánh giá ở đây, tôi không thực sự biết những gì mong đợi với pizza nhưng chúng tôi không thể lỗi chúng. họ chắc chắn đã ở đó với những chiếc pizza ngon nhất chúng tôi có ở khắp châu á và tôi không cảm thấy mình đang phóng đại ở đó.",0,0,0,5,0,0
"sân bay mới nâng cấp nhưng nhà chờ không nhìn thấy máy bay được, hơi tệ,cả khu sảnh chờ ra máy bay có mỗi 1 cái nhà vệ sinh dùng chung, đi xa bất tiện vô cùng.ko thích sân bay này cho lắm.",0,0,0,0,2,0
"khách sạn sạch sẽ phòng thoáng có view đẹp, xứng đáng 5 sao",0,5,0,0,0,0
nhân viên của khách sạn 2 em lễ tân tuyệt vời. em phát rất nhiệt tình khi phục vụ và làm hài lòng khách. kim xin cảm ơn và sẽ quay lại giới thiệu khách hàng đến nghỉ tại khách sạn khi công tác.,0,4,0,0,0,0
"view từ ban công đep, đi lại ra chợ đêm gần. 2 tụi mình thuê xe máy khách sạn đi chơi theo các điểm bạn lễ tân tư vấn rất ưng ý.",0,5,0,0,0,0
"xe mới leng keng, mình nhìn công tơ.mét chỉ mới 59km, tính ra mình được đi mở hàng xe này, chị chủ nhiệt tình thân thiện, hướng dẫn đủ các địa điểm ăn uống và vui chơi theo lịch trình rất khoa học",0,0,0,0,4,0
"một trải nghiệm mua sắm, ăn uống tuyệt vời, một số cửa hàng, quán bar và nhà hàng xinh xắn, được chuẩn bị để đi lên cầu thang như một hàng đợi lớn để nâng",0,0,0,0,0,4
"cảm ơn các bạn vì đã cho mình thuê những chiếc xe rất tốt, chuyến đi của nhóm mình rất vui vẻ mình rất hài lòng có dịp quay lại quy nhơn mình sẽ liên hệ các bạn nhé!",0,0,0,0,5,0
các món hải sản được ưu tiên ở đây và là thứ bạn cần gọi.,0,0,0,3,0,0
"cuối tháng 6 vừa qua, gia đình mình đã có chuyến du lịch tại quy nhơn và đã chọn flora hotel. bên ngoài flora mới mẻ khang trang, tầng trệt rộng rãi có thể để xe du lịch gia đình từ 4 đến 16 chỗ. vì đã đặt trước qua mạng nên việc check in nhanh gọn. nhà mình đã đặt 2 phòng, 1 phòng 4 người và 1 phòng 2 người, phòng mới, sạch đẹp, ngăn nắp. sàn của các phòng là sàn gỗ nên mình đi chân không thì luôn cảm giác ẩm ẩm hơi khó chịu. phòng 4 người, có 2 ổ cắm điện, hơi ít vì mọi người đi chơi về đều cần dùng. mình gặp rắc rối với vòi xịt nước toilet, mở xài mà bị kẹt cứng nên nước cứ chảy liên tục, phải 2 người đè và đẩy mới hết. ăn buffet sáng thì tạm được chứ không đến mức ngon, nước mắm pha rất sai, có thể là do vị người quy nhơn nó vậy. có một món duy nhất mình cảm thấy ngon là bánh ít trần vì ăn không cần dùng nước mắm. sáng ngày thứ nhất mình chọn uống nước cam, thật sự thì nó là nước đường có màu cam.sáng ngày thứ hai mình chọn nước chanh mà rót ra không dám uống vì rót ra có cặn sữa đậu nành, kiểu như là rửa cái bình đựng nước chứ không rửa cái vòi nên nó đóng máng sữa lại. các em nhân viên ở đây rất thân thiện nhiệt tình, chỉ là mình thấy vẫn thiếu người nên giờ buffet là bay điên cuồng. mình hy vọng flora sẽ xem xét lại để ngày một tốt và phát triển hơn, cảm ơn flora đã góp phần cho chuyến đi của gia đình mình thêm thú vị.",0,5,0,4,0,0
lần đầu tiên thuê xe ở huyền anh này xe bên bạn này rất mới giá cả lại hợp lý có dịp sẽ ghé bạn lại lần nữa vote cho các bạn 5 sao,0,0,0,0,5,0
"nếu bạn thích bánh canh mà ăn bánh canh chả cá không hoài cũng ngán thì bạn có thể thử bánh canh cua o huệ tại 30 trường chinh. bánh canh ở đây có 2 loại là bánh canh mì và bánh canh gạo. quán này hồi năm 1, năm 2 mình ăn thấy rất ngon, còn giờ thì đỡ rồi. theo cảm nhận của mình thì cua khá ngon và nhiều, nước ngọt và trong, chả cá thì cũng bình thường. một tô có nhiều cua và chả cá như vậy giá 17k là hợp lý. vị trí quán dễ tìm, ngay bùng binh có ti vi đi vô 50m là thấy, nhân viên quán phục vụ nhanh, vô ngồi chưa đầy 1 phút là có ăn rồi.",0,0,0,5,0,0
"giá khá ok, tiện nghi sạch sẽ",0,4,0,0,0,0
"ngoài ra, tôi ngửi thấy một mùi lạ (tiềm ẩn) từ unagi, như thể lươn chưa được chế biến đủ tốt nhưng mùi nướng bao phủ nó khá tốt. bf của tôi dường như không đồng ý. anh ta nuốt chửng tất cả cá chình makis và temakis, tôi không chạm vào một con.",0,0,0,2,0,0
"chúng tôi đã có một vài bánh pizza cho bữa tối và họ rất ngon. rất gần với cách pizza sẽ hương vị ở ý! chúng tôi thực sự muốn ăn ở đó một đêm thứ hai nhưng chúng tôi đã phải để lại quy nhon. các nhân viên rất đáng yêu và thân thiện, tôi chắc chắn sẽ khuyên bạn nên ăn ở đây.",0,0,0,5,0,0
cô ấy đã chào đón gia đình chúng tôi bằng những món quà dễ thương cho các con tôi.,4,0,0,0,0,0
rất nhiều đặc sản địa phương giá hơi cao nhưng được,0,0,0,5,0,0
"nhìu view sống ảo và có chỗ thuê chòi tổ chức picnic. chòi lớn nhỏ cho từng nhu cầu. sức chứa lớn nhất khoảng 30-40ng. được đem loa vào để ca hát nhảy múa. xe máy đi cẩn thận. ô tô vào được, đường nhỏ quan sát nếu 2 xe cùng lúc thì hơi khó đi",5,0,0,0,0,0
"tôi ở lâm đồng mà ghiền bánh hồng đặc sản tam quan mà ship bán khá đắt nên hiếm khi mua được, nhưng nghiện từ nhỏ nên khi có dịp ghé mua 😗",0,0,0,4,0,0
khá nhiều mô hình và thí nghiệm khoa học. nội dung chiếu trong rạp còn hơi sơ sài,4,0,0,0,0,0
chuyên bún song thằn đặc sản vùng đất an thái bình định,0,0,0,5,0,0
chúng tôi tới quán ngon ăn. món ăn tạm ổn nhưng chúng tôi không hề hài lòng chút nào với thái độ phục vụ của quán.,0,0,0,3,0,0
"bà dân gốc huế, khách vẫn kêu o, lâu rồi thành quen. sợi bánh canh làm từ bột gạo, cọng tròn dài vừa đủ ăn. thêm chả quết, thêm một quả trứng cút, nửa lát chả lụa sóng sánh trong vị nước lèo đậm đà. nước dùng được nấu từ các loại cá biển nên ngọt đậm đà, chả cá cũng được quết từ cá tươi nên dai mịn, mềm và ngọt vị cá, ăn kèm với cá dầm, ngon hết xẩy. một tô bình thường giá hai mươi ngàn, ngoài ra còn có bán bánh cuốn. nhân gồm có nem chua, chả cá, rau sống chấm với tương đậu.",0,0,0,5,0,0
"chỗ nghỉ sạch sẽ, phòng ốc rộng rãi. đồ ăn sáng khá hợp khẩu vị miền nam. ngoài ra mình thường gọi thêm đồ ăn lên phòng, đồ ăn phục vụ tại phòng tạm được.",0,4,0,4,0,0
"mình đến quy nhơn để du lịch và được mấy người bạn ở đây đưa đi ăn tại quán này. vị trí ở gần trung tâm nên cũng dễ tìm.không gian của quán khá thoáng mát và sạch sẽ. món ăn ở đây rất đa dạng, với mức giá dao động từ 20k đến 35k theo mình là ok so với chất lượng và đối với một quán ở thành phố du lịch như thế này. các món của quán có nhiều topping, lượng bún cũng nhiều nên mọi người đảm bảo no căng bụng. phần rạm ăn mềm và béo, riêu cua cũng ngon. món sứa giòn giòn ăn thích lắm. bún dùng kèm rau thập cẩm nữa mới chuẩn vị. quán có ớt sa tế đặc trưng của bình định ăn lạ lạ. nhân viên của quán rất nhiệt tình, phục vụ nhanh chóng. ngoài ra quán còn có bán các loại đặc sản của bình định để các bạn đi du lịch có thể mua về làm quà. mình đã mua chả cá ở đây, 140k / 1kg, ăn rất ngon nhé. nói chung mình thấy quán này rất ok, các bạn nên ghé lại ăn nếu có dịp đến đây, còn mình thì chắc chắn sẽ quay lại rồi.",0,0,0,5,0,0
lối đi ra vào chỗ cổng hi vọng có thể cải thiên để bớt trơn trượt khi trời mưa.,0,2,0,0,0,0
món ăn vừa miệng. 1 phần phù hợp cho 2 người. không gian đẹp và ấm cúng. tuy nhiên do quán đông nên thời gian chờ món hơi lâu,0,0,0,4,0,0
"lần đầu mình ra thành phố nha trang để hưởng tuẩn trăng mật đặt được ngay khách sạn sạch sẽ, nhân viên dễ thương, dọn phòng rất có tâm, lần sau vợ chồng mình sẽ quay lại đây!",0,5,5,0,0,0
đón tiếp tụi m rất nhiệt tinh luôn. vị trí khó tìm thôi. còn lại tuyệt. quán nhỏ ma khách đông v~. nếu lân sau có ghé lại quy nhơn m sẽ quya lại quán.,0,0,0,5,0,0
rạp nhỏ. không dễ tìm. phòng chiếu số 3 ghế ngồi có mùi ẩm mốc. suất chiếu 10h10 buổi sáng thứ 4 chỉ có 6 khách. bỏng không nóng.,3,0,0,3,0,0
"tìm trên mạng quán này khi du lịch qui nhơn, không gian quán nhỏ nhưng được cái vỉa hè kế công viên biển nên buổi trưa ngồi rất mát. buổi trưa ngồi ở đây thì rất tuyệt. quán bán sinh tố, chè & bánh bèo. sinh tố, chè thì bình thường được mỗi món trái cây dầm sầu riêng. bánh bèo chưa ăn nên không biết như thế nào. giá cả hơi chát 2 chút.",0,0,0,4,0,0
"quán có lâu rồi , gần chợ đầm í , có xa trung tâm thành phố chút nên nhiều khi người ta nhác tới , nhưng quán vẫn dông khách ra vô , lần nào đi chợ đầm , mumy mình cũng tranh thủ ghé qua mua hộp về , rất kết chỗ này , nước mắm là đỉnh , đậm đà",0,0,0,5,0,0
"wifi yếu thật sự, mình nghĩ nên khắc phục ạ",3,0,0,0,0,0
"thiết kế là tốt đẹp. miễn phí miễn phí là tốt đẹp. tuy nhiên, thức ăn của họ quá mặn. ngạc nhiên khi người quản lý nói rằng đó là do sở thích của tôi. không bao giờ trở lại!",0,0,0,2,0,0
"thuê xe máy tại quy nhơn giá rẻ mà lại chuyên nghiệp hết nấc. mình thuê 2 xe ga giá chỉ 150k/ ngày. sài gòn mình cho thuê loại này chắc phải 200k mà thủ tục lại rườm rà chứ không đơn giản như ở đây. xe chất lượng tốt, chạy rất êm và lợi xăng. nhân viên giao xe tận ga quy nhơn cho mình và lúc mình trả họ ra tận ga lấy vô cùng tiện lợi, tiết kiệm rất nhiều chi phí taxi. các bạn đến quy nhơn mà cần thuê xe máy giá rẻ giá tốt chất lượng cứ liên hệ bên này nha",0,0,0,0,4,0
"sàn phòng lau chưa kỹ, đi bị rít chân",0,1,0,0,0,0
"anh chị cho thuê xe khá dễ thương, vui vẻ, nhiệt tình hướng dẫn đường đi, chỗ ăn uống ngon cho tụi mình nữa. giá thuê thì thường 120k xe mới. chất lượng xe ok, máy chạy êm. chỗ thuê ngay 27a hoàng hoa thám, gần trung tâm, nhiều đồ ăn vặt nữa.",0,0,0,0,4,0
phòng có tủ lạnh nhưng ra khỏi phòng thì điện tự tắt nên cũng vô dụng.,0,1,0,0,0,0
"tôi rất không hài lòng về thái độ phục vụ của nhân viên tính tiền. thái độ của nhân viên cứ ""hầm hầm"" vậy, nói thì cứ như quát vào mặt ng ta. ng ta mua đến quầy tính tiền rồi còn hỏi có tiền trả không vậy là thái độ ""khinh thường"" à. nên tôi đề nghị ban quản lí coi, điều chỉnh lại thái độ của nhân viên.",0,0,1,0,0,0
"lâu rồi mới được về quê nên nhất định phải đi ăn bún cá. mọi lần thì toàn ăn bún cá quê hương thôi, nhưng do sáng nay dậy trễ nên phải đi ăn bún cá chỗ khác. chạy một đoạn thì thấy bún cá phượng tèo. chỗ này mới mở, ngày trước bún cá pt chỉ là quán nhỏ nhỏ thôi. vậy mà bây giờ không gian quán rộng và thoáng mát ghê. bún chả cá ở đây 25k/tô. theo mình thấy thì hơi ít, vì mình ăn không thấy no. phải gọi thêm một chén chả cá không để ăn kèm. bún chả cá thì ăn cũng được, nước lèo cũng ngọt và thơm. ngoài ra mình còn gọi thêm cuốn chả cá. khuyên mấy bạn là đừng gọi món này nha. ăn không ngon lắm :( cuốn không khéo, mà cuốn lại bị khô nữa. nói chung là ăn ngán lắm. được cái là cô phục vụ cũng vui vẻ.",0,0,0,3,0,0
"thấy tiệm này mở cũng khá lâu rồi mà bây giờ mới có dịp đến thử quán nhỏ nhỏ xinh xinh , không được deco gì nhiều cho lắm . không gian mát mẻ chị chủ và nhân viên phục vụ nhiệt tình , hiếu khách và rất dễ chịu menu có đa dạng các loại đồ ăn vặt tha hồ cho khách lựa chọn các loại đồ ăn được bày trong tủ lạnh có kèm theo giá cho mỗi loại , nhìn rất sạch sẽ giá cả quá rẻ so với các quán khác đồ ăn khá ngon , hấp dẫn",0,0,0,5,0,0
"chuyến đi tuyệt vời, điểm tham quan tuyệt vời, công ty tuyệt vời & hướng dẫn viên du lịch rất tốt 'phat boy', người rất kiên nhẫn và dễ nói chuyện ... anh ấy sẽ đưa bạn đến tất cả những nơi tốt nhất để ăn! tôi thật sự đề nghị tua du lịch này !!",5,0,0,0,0,0
rất thích. chắc chắn sẽ ghé lại khi đến nha trang,5,5,5,0,0,0
"khách sạn sát biển, phòng mình ở view biển rất đẹp.",0,5,0,0,0,0
"quán này hình như mở cũng lâu rồi, đi ngang thấy nhiều lần mà tối hôm qua mới ghé, thấy ở ngoài cổ cổ hay hay, kiểu như thân thiện lắm làm nhớ lại hồi xưa, mình thì ngồi bên ngoài, bên trong buổi tối hát acoustic nên không vào, bên trong thì mình chưa nhìn kỹ, ngồi ngoài cho dễ nói chuyện, menu món thì giá không cao, order cafe sữa đá, cacao nóng, cafe sữa tươi, cũng được thôi chứ không có đặc sắc gì,",0,0,0,4,0,0
hồ bơi nên được dọn dẹp thay nước mỗi ngày.,1,0,0,0,0,0
"mình uống bai ba lần ở đây rồi, mỗi lần thử một thứ khác nhau. nước uống từ ngon đến quá ngon. kiểu tự nhiên không có đường. menu thì đa dạng: nước ép trái cây, cà phê, nước dừa, nước mía, trà....quan trọng là đồ uống rất sạch sẽ, hợp vệ sinh. quán được trang trí vô cùng dễ thương , chỗ ngồi rất thoáng và thoải mái thích hợp cho tụ họp bạn bè. nguyên combo là đồ uống ngon và chỗ ngồi đẹp là tám tới sáng mai luôn. mấy bạn nhân viên dễ thương và lễ phép nữa, tư vấn nhiệt tình luôn. thế này thì làm sao mà không quay lại được chứ.",0,0,0,5,0,0
"các bạn nhân viên tuy không tiếp xúc trực tiếp với khách nhưng thân thiện và nhiệt tình, còn chuẩn bị sẵn bong bóng cho khách em bé. phòng có giường êm hơn các phòng khách sạn khác mình từng ở.",0,5,0,0,0,0
"vị trí ngay biển, view ổn nhưng nước uống không thật sự ngon. mình đánh giá chỉ ở mức trung bình. nhân viên rất năng động",5,0,0,3,0,0
"quá tệ thái độ của nhân viên cực tệ nhất là 1 bạn nam cao to trong đó khách kêu od bạn í cứ lơ đi, thậm chí không thèm nhìn 1 cái,tôi sẽ không bao giờ tới đây nữa :)) , nhân viên thì để các trẻ nhỏ hất cát tứ tung tôi nhắc nhở thì tỏ thái độ",1,0,0,0,0,0
"ta nói chớ không gì rẻ bằng việc ăn ốc ở quy nhơn luôn. lúc trước thì quán này không nổi nhưng kể từ khi mình học đại học ở sài gòn thì quán này nổi như cồn luôn. ốc ở đây khá rẻ !! hồi tết mình ăn thì 10k/ dĩa, hè này thì vật giá leo thang rồi 12k/ dĩa, riêng dĩa hầu nướng thì 15k/ dĩa. ốc tươi ngon nhưng mình nghĩ quán nên cải thiện lại cách sơ chế chứ như bây giờ thì làm mất vị ngon của ốc đó. thường thì khách đến quán chủ yếu là rẻ. muối với nước chấm cũng tạm ổn. vì lượng khách khá đông nên quán khoogn kịp dọn dẹp nên khá dơ.",0,0,0,3,0,0
"nhân viên trên xe nhiệt tình, tận tâm. chu đáo, nhân viên chuẩn bị cho mỗi khách hộp sữa",0,0,0,0,5,0
"1. khu vực mát mẻ, chuồng trại sạch sẽ, chỉ có ngang qua chuồng dê hơi có mùi >.< 2. chưa đa dạng các loại thú lắm 3. nếu có thời gian thì bên trong có trò bắt cá bằng tay, hồ thiên nga đạp vịt + cho cá ăn, khu vui chơi thiếu nhi 4. chim, chim công đi ra đường gặp khách không sợ luôn, rất dạn dĩ nè, 5. giá vé + vé xe điện thì hơi cao, đi có bé nhỏ nên không ở được lâu nên 45’ là xem hết rồi 6. nếu có thêm thuỷ cung thì sẽ đa dạng hơn",4,0,0,0,0,0
"thân thiện, thuận tiện khi check in và check out",0,5,0,0,0,0
"hải sản tươi ngon, chờ hơi lâu vì bắt hải sản làm khi có khách gọi nên có thể thông cảm. giá cả phải chăng. chỉ với 100k đã có 1 tô cháo hải sản siêu to khổng lồ phần cho 4 người ăn.",0,0,0,4,0,0
mình quên điện thoại khi đã trả phòng và được hỗ trợ rất nhiệt tình.,0,5,0,0,0,0
"khu vui chơi rộng rãi, đồ còn mới toanh.50k một vé người lớn.không thấy rác(có thể do mới ít người biết).các bạn trẻ,trẻ em chỉ sợ không đủ thời gian để đi.nhân viên chu đáo, nhiệt tình.5*",5,0,0,0,0,0
sảnh rọing lớn nhưng buôn bán còn ít gian hàng,0,0,0,2,0,0
bữa sáng ăn được. giường tốt. thích là được gần biển.,0,4,0,0,0,0
"thực sự thì quán này không phải là một nhà hàng mà là một quán ăn hải sản thôi,vì nó không xây dựng cầu kỳ sang trọng như những nhà hàng mình đã từng đi qua. nhưng phải công nhận một điều là quán nằm ở mặt tiền đắt đạo gần khu nghỉ dưỡng flc nên khách du lịch đến đông ghê luôn. hải sản ở đây đáp ứng yêu cầu của những vị khách khó tính về chất lượng vì nó cực kỳ tươi và ngọt tự nhiên, đồ ăn được chế biến rất nhanh và hợp lý nên rất vừa miệng. cho nhà hàng 1 like.",0,0,5,5,0,0
"là một địa điểm du lịch không thể thiếu khi đến bình định. rất đẹp và mát. đi du lịch vào mùa hè thì quá tuyệt vời có đầy đủ các trò chơi từ dưới nước lên đến leo núi, không gian rộng rãi thích hợp cho đi dã ngoại cắm trại. khuyến khích đi cả ngày để trãi nghiệm hết tất cả các trò chơi, khám phá hết các khu chụp hình tự sướng rất đẹp.",5,0,0,0,0,0
"giá thì ngang bằng sài gòn, đồ thì không có gì hết, con tôm giống như con tép, kim chi thì ít, cải thảo thì không có... phục vụ thì không được thân thiện. menu hình ảnh không được đẹp ( không phải chê, chỉ là góp ý để quán khắc phục) chúc quán ngày càng đông khách.",0,0,0,2,0,0
chỗ nghỉ ok nhưng ace không nên ăn ở quán ngay đối diện đó. hơi đắt và đồ ăn cũng không ngon,0,4,0,2,0,0
"sân mới sửa lại. thay toàn bộ mặt cỏ mới ,mặt cỏ đẹp, ngang tầm mặt cỏ quốc tế .ghế ngồi đẹp, rộng rãi, thoáng mát...",5,0,0,0,0,0
"bãi tắm sạch, tuy nhiên các ghềnh đá khá nguy hiểm. mọi người cẩn thận khi đến đây",3,0,0,0,0,0
"nhưng van cho cả gia đình tôi. di chuyển đến sân bay an toàn, nhanh chóng và đảm bảo. người lái xe rất hữu ích, không quá nhiều tiếng anh nhưng anh ấy rất thân thiện.",0,0,0,0,5,0
"chúng tôi chờ đợi một giờ để đi trong chuyến đi này, xe buýt nước cung cấp ac bên trong, vì vậy nó rất thoải mái trong ngày nóng.",0,0,0,0,4,0
địa chỉ trên booking cần cụ thể hơn. mình mất nhiều time để tìm khách sạn. số nhà có trùng lắp mọi người cần chú ý,0,3,0,0,0,0
"phục vụ nhanh, đồ ăn ngon, nhân viên nhiệt tình. khuyến nghị mọi người qua ăn!",0,0,0,5,0,0
"vị trí chủ yếu là ngoài vỉa hè nhưng khá mát mẻ vì nằm ngay sát biển. không có nơi giữ xe, phải để xe trên đường. giá cả vừa phải thích hợp với sinh viên, học sinh. sinh tố ngon, nhưng hơi ít và ngọt. chủ yếu là sinh tố dầm. bánh bèo nóng ăn khá ngon. phục vụ tận tình, thân thiện. không gian thoáng mát mẻ, sạch sẽ sinh tố; bánh bèo",0,0,0,4,0,0
tôi không nghĩ là quy nhơn có spa chuyên nghiệp như vậy... bước vào trong có mùi hương tinh dầu tạo cảm giâc thoải mái và dễ chịu nhân viên tư vần nhiệt tình dễ thương... ktv chuyên nghiệp bài bản.... cảm giác thoải mái khi đến nơi này... quán nằm ngay ngả tư chương dương va nguyễn thị định... để ý mới thấy vì bảng hiệu đặt bên trong...,5,0,0,0,0,0
"dịch vụ cực kì tốt, nhân viên chăm sóc rất nhiệt tình. đặc biệt view cực đẹp, rất thích hợp để chill hay chụp hình sống ảo. nhất định mình sẽ quay lại nếu có dịp",0,5,0,0,0,0
mình mua hộp mực rim me với giá 85k về mở ra thì bên trong mực đã bị mốc. vào cửa hàng hi vọng mua được đồ chất lượng tốt hơn ngoài chợ mà cũng không hơn.,0,0,0,1,0,0
"quán này giờ đã chuyển địa điểm qua bên phan bội châu rồi. mình thích đồ nước của quán hơn là pizza . kim chi kèm theo đồ nướng ăn cũng khá ngon, có điều hơi ít, toàn phải kêu mua thêm 5k/ phần :d .",0,0,0,4,0,0
"ôi mẹ ơi quán này view dễ thương cực luôn, phối tông màu quá là đẹp lên hình ảo lắm. quán nhìn nhỏ v thôi nhưng có nhiều view khác nhau cho mình sống ảo. menu nước của quán có nhiều sự lựa chọn, mình thích trà sữa ở đây có lớp máng sữa ở trên ngon tuyệt thơm thơm béo béo <3. giá cả thì cũng khá bình thường giao động từ 15k-25k nhé, à nhớ gọi thêm thạch nhé ngon lắm đấy. quán cũng mới mở thôi nhưng khá là thu hút khách giới trẻ của quy nhơn về chất lượng, view quán và cách phục vụ của nhân viên ở đây <3 <3",0,0,0,5,0,0
"lễ tân nhiệt tình, chu đáo. khách sạn gần ngay bãi biển",0,5,0,0,0,0
người lái xe của chúng tôi đã đợi chúng tôi với một tấm biển khi chúng tôi đến. chiếc xe thoải mái và chúng tôi đã đến khách sạn của mình mà không xảy ra sự cố. thật là một cảm giác tuyệt vời khi mọi thứ đã được lên kế hoạch trước để đưa chúng tôi từ sân bay về khách sạn. tôi muốn giới thiệu dịch vụ này cho gia đình và bạn bè.,0,0,0,0,5,0
"đến quy nhơn bạn không thể bỏ lỡ một địa điểm vừa thưởng thức cà phê nước uống vừa ngắm toàn cảnh biển thành phố, đó là surf bar. quán này có view đẹp, không gian rộng rãi, chụp ảnh tuyệt vời!",5,0,5,5,0,0
rất ngon và ấn tượng với các món hải sản ở đây. phong cách phục vụ cũng rất nhiệt tình. vì đi gia đình nên mình rất thích không gian nhà hàng,0,0,5,5,0,0
"gần khu trung tâm, đi lại rất thuận tiện",0,4,0,0,0,0
"chưa thấy quán nào làm mình rất hài lòng như quán này. nhân viên order rất dễ thương. nhân viên phục vụ cực kì siêng năng nhanh nhẹn. quán decor cũng bình thường dễ thương thôi nhưng các bạn dọn dẹp đâu ra đây. nhiều quán không được như vậy đâu. có hẳn quầy tự phục vụ gồm khăn giấy, bình trà, ly tách và cả thùng đá để thêm đá cho khách nào có nhu cầu. mình thấy hầu như mấy bạn làm việc liên tục, sắp xếp lại quầy tự phục vụ, bàn ghế.... nhà vệ sinh cách xa chỗ ngồi uống và khá sạch sẽ. mình đi vệ sinh nhiều lần cũng không thấy ngại khi phải đi qua khu vực nhân viên ngồi như quán khác nếu đi nhiều lần haha. chấm điểm cao cho pop và ước gì có nhiều tiền để ủng hộ quán dài dài buồn cười buồn cười",0,0,0,5,0,0
"hải sản ở đây tươi sống. nên đi vào buổi chiều lúc cá mực lên. vô đây chỉ muốn mua hết chợ. nhưng các gian bán hàng ở đây bán thách nên phải trả giá. ghẹ lơn tầm 160 - 180k ghẹ nhở tầm 130k. ốc móng tay 70k- 80k. cua thịt từ 120k- 150k. đó là những món mình hay mua, con nhưng món còn lại mình không biết. ^^ chúc ai ghé nơi đây có 1 hôm đi chợ thật thú vị.",0,0,0,0,0,5
"quầy không có giá, tính tiền lâu, nên nhà dơ, cần cải thiện thêm",0,0,0,0,0,2
"hỗ trợ bình thường, nên bảo vệ quyền lợi đối tác nhiều hơn.",0,0,0,0,0,0
"quán thoáng mát, giá cả phải chăng, hải sản tươi + nấu ngon",0,0,0,5,0,0
"tôi đến sân bay phù cát - bình định vào 1 ngày mưa gió. máy bay phải bay vòng trời hơn 30 phút mới đáp được. đôi dòng nhận xét như sau: - sân bay đẹp, mới, hiện đại - nhân viên tận tình hướng dẫn và giúp đỡ du khách - khoảng cách từ sân bay về trung tâm thành phố quy nhơn là 30km. có nhiều phương tiện lựa chọn như taxi, xe bus",0,0,0,0,4,0
"lần đầu tiên được ghé đến quy nhơn, khách sạn có view rất đẹp, phòng sạch sẽ. các bạn nhân viên rất nhiệt tình, đặc biệt các bạn lễ tân luôn quan tâm và hỗ trợ cho gia đình mình nhận phòng sớm. cảm ơn fleur de lys đã cho mình trải nghiệm tuyệt vời này <3",0,5,0,0,0,0
"quán decor theo kiểu đơn giản, mộc mạc. trà xí muội uống ngon, chua mặn vừa đủ. trà sữa thơm béo, không quá ngọt, nhưng do mình đang chế độ kiêng đường nên muốn uống lạt mà quên dặn mất, nếu nhân viên hỏi gợi ý đường ít hay nhiều thì tốt hơn. giá cả khá rẻ so với mặt bằng chung hiện tại. nhân viên thì nhiệt tình, vui vẻ, có tư vấn cho mình các loại thức uống. quán nằm ngay ngã tư lại trên con đường trung tâm nên rất dễ tìm.",0,0,0,5,0,0
"phòng sạch sẽ, tiện nghi, view biển, nhân viên rất thân thiện!",0,5,0,0,0,0
"chuyên nghiệp, cũng lưu trữ các xe buýt đến và quay trở lại sân bay",0,0,0,0,4,0
"đồ ăn ở quán này ngon bánh xèo bột dày, rau mầm tươi và xanh, ăn kèm với topping dưa leo và xoài rất hợp.chả cá ngon.giá cả 30k/1 cái. dĩa 2 cái. thái độ nhân viên: hôm mình đi ăn quán không đông lắm nhưng mà mình gọi nhân viên xin đồ thêm rất khó khăn. mình phải lặp lại đến 3-4 lần nhân viên mới mang ra mặc dù nhân viên đông.. mình cảm thấy khá thất vọng và khó chịu",0,0,0,3,0,0
đã đến tham quan và thấy dự án khá tiềm năng để đầu tư.,0,0,0,0,0,0
"vì vậy, lần tới khi tôi quay lại thành phố hồ chí minh, tôi sẽ chỉ gắn bó với grab và vinasun, chắc chắn!",0,0,0,0,3,0
"vừa rồi con mình đám cưới đặt trầu cau và mâm quả bên tinh hoa làm rất đẹp :) ngoài bánh kem thì đông sương , hay bánh su ở tinh hoa gia đình mình rất thích ăn . góp ý tinh hoa là nhiều khi đông khách nên có lộn chút xí . nhưng chất lượng rất oke .",0,0,0,5,0,5
"quán khá nổi tiếng ở quy nhơn, có thể nói là một trong những quán phải ghé khi đặt chân đến quy nhơn. quán có mặt bằng rộng , sạch sẽ. phục vụ nhanh nhẹn. menu của quán đa dạng như bún cá, bún sứa, bún ốc, bún bò. bún cá thì cũng như các quán khác , bún sứa ăn lạ miệng, bún ốc hấp dẫn. điều làm quán đông khách có lẽ là nước dùng, rau sống ăn kèm. đặc biệt mì quảng khá ngon, kiểu thập cẩm, có trứng, tôm , thịt . nói chung món nào ở quán này cũng vừa miệng. 1 tô ăn là no nê",0,0,0,5,0,0
"khách sạn ở quy nhơn view biển, phòng có cửa kính nhìn ra bãi biển rất chill.",0,5,0,0,0,0
"mỗi lần thèm pizza mình với em mình đều tới quán này. ☺️ pizza không phải kiểu ngon thần kỳ nhưng được cái chất lượng rất ổn định, quán lại vừa có pizza vừa có bbq nên chị e mình siêu thích. lần gần nhất mình ghé có thử thêm mì ý xốt kem thịt xông khói, cũng khá ổn vì hơi khô mong quán khắc phục điểm này. pizza ngon nha ăn gần hết cái menu pizza rồi mỗi lần cứ thử một vị mới, vị nào cũng ok nên khỏi đắn đo nha cứ từ từ thử. nhân viên nhiệt tình, dễ thương nè. tuyệt vời bữa có uống nước chanh dây bạc hà với chanh thảo mộc gì ý ngon lắm nha.😘😘",0,0,0,4,0,0
"quán khá rộng rãi và thoáng để nướng đồ ăn thoải mái mà không sợ bị ám mùi. mà phải công nhận giá rẻ thiệt, toàn đồng giá mỗi loại 30-35k mà mình thấy một dĩa cũng khá nhiều. nồi lẩu 2 người tầm 65k, mà quá trời đồ nhúng ăn kèm mà đồ tươi chứ không phải đồ đông lạnh. đồ nướng thì được tẩm ướp sẵn, mình order rồi thì nhân viên mang ra nướng bơ rồi ăn thôi.tầm 100k mỗi người là ăn no rồi.giá rẻ vậy nhưng chất lượng cũng ngon chứ không hề bị ảnh hưởng. một điểm cộng nữa là nước chấm ngon.",0,0,0,5,0,0
"phòng sạch sẽ, vị trí trung tâm rất gần biển,đầy đủ những vật dụng cần thiết và mấy chị nhân viên ở đây cực dễ thương .. mình sẽ quay lại vào dịp sau !!",0,5,0,0,0,0
"quán view đẹp, có cả không gian nhẹ nhàng phía bên trong nghe nhạc và nhộn nhịp cho ai muốn ngồi phía ngoài ngắm xe cộ, đường phố 😋😋😋 đồ uống thì bao ngon mà quan trọng là siêu rẻ luôn các bác... 🍸🍹🍦🍵🍶🍷",0,0,0,5,0,0
"phòng ốc rộng rãi, sang trọng, dịch vụ tận tâm, có view biển thơ mộng. không rõ nó là 3 sao hay 4 sao nhưng chất lượng vượt trội hơn hẳn sao đó luôn :))))",0,5,0,0,0,0
cho thuê xe máy có tâm,0,0,0,0,5,0
"chúng tôi đã chia sẻ một pasta napolina - rất tươi và ngon. sau đó, chúng tôi đã gọi pizza - tôi yêu cầu không có phô mai trên pizza nhưng họ quên đề cập đến phô mai trong pesto và tôi cũng không nghĩ về điều này. tôi biết ngay khi nhìn thấy chiếc bánh pizza có chứa phô mai. chủ sở hữu đã thay đổi điều này cho tôi không có vấn đề và làm cho tôi một cái mới.",0,0,0,5,0,0
"địa điểm nhìn nhếch nhác, tối, cũ. chỉ có phòng 1 người, có bồn tắm bên trong, kiểu ""thư giãn"" sau chầu rượu cho các ông. giá đắt hơn các spa xịn khác có dịch vụ massage. nếu bạn là phụ nữ hoặc nam mà thật sự cần massage để thư giãn trong sáng, đi nhóm...thì không nên đến đây.",2,0,0,0,0,0
"sản phảm chất lương, giá cả hợp lý, nhân viên nhiệt tình, thân thiện, sẽ đến lần nữa.",0,0,0,0,0,5
"🌼vì đi 7 người nên mình chọn 1 homestay tên la paradise quy nhơn, cách bãi biển và quảng trường khoảng 700m, , anh chị chủ nhà thiết kế các phòng đúng theo cái tên luôn ạ: ocean (4 người), jungle (4 người) to hơn ocean chút, lotus (2 người) và dorm có thể ở được 7,8ng nha, ở đây các cậu có thể hát hò, nấu ăn, dùng máy giặt thỏai mái vui vẻ (chúng mình ở 3 phòng ocean, jungle và lotus) đặt theo combo cả máy bay nữa là 3.450k/ng",0,5,0,0,0,0
không khí và dịch vụ dễ chịu nhưng thức ăn ở mức trung bình. mì hải sản không có nhiều hải sản. sườn heo có hương vị nhưng hơi dai.,0,0,0,3,0,0
"quán không để giá, khi mình hỏi giá như thế nào thì chủ quán 30-60k tuỳ loại, điều đăng chú ý là bán rất mắc rất ít ốc, lúc tính tiền mình cứ tưởng phần 30k không đó vì hồi trước có ăn cùng bạn 1 lần, lúc hỏi sao giá cao vậy thì đủ lý do xăng, giá ốc tăng… khác xưa. tiếc quá kinh doanh kiểu bập bõm này chắc không có lần 2",0,0,0,1,0,0
"chúng tôi theo đoàn đến nơi này. ấn tượng đầu tiên là không gian khá rộng rãi. đội ngũ nhân viên rất nhiệt tình và chuyên nghiệp. thức ăn là tuyệt vời, cảm ơn tất cả các bạn.",5,0,5,5,0,0
là địa điểm cho thuê xe máy giá rẻ nhất mình từng biết xe đời mới chạy cực êm và tiết kiệm xăng. lần sau đến quy nhơn du lịch nhất định sẽ quay lại thuê xe máy ở đây,0,0,0,0,4,0
"sách trẻ con nhiều kinh khủng mà sách về tâm lý, kĩ năng sống, nói chung là sách thật thì rất ít, tuy ít sách thật nhưng chất lượng sách khá được.",0,0,0,0,0,4
"xe chất lượng , tai xe nhiệt tình vui vẻ quá . cảm ơn nha xe nhé",0,0,0,0,4,0
"quy nhơn năm nay là khu dụ lịch hot nhất nhì việt nam luôn. cảnh đẹp, con người thân thiện, đồ ăn, uống đa dạng, ngon mà còn rẻ nữa chứ... và đặc biệt mình thật sự ấn tượng quán silent - kitchen & coffee luôn. không gian siêu sang, siêu xinh. chụp hình làm bộ sưu tập những điểm nên đến của quy nhơn quá chi là ảo diệu mà đẹp mắt, còn hấp dẫn nữa. sẽ ghé lại nếu còn về quy nhơn.",0,0,0,5,0,0
"trong những chỗ từng thuê thì xe ở đây chạy ngon nhất,anh chủ dễ và vui tính. cửa hàng này khá nổi tiếng trên facebook vì đầu tư toàn xe đời mới và êm, giá hợp lý cả nhà. thủ tục ở đây rất nhanh, không cần cọc chỉ cần thanh toán tiền thuê xe trước các xe ở đây đều chạy êm và an toàn, không như nhiều chỗ xe rất cũ và tệ đã đến đây và nói chuyện với chủ shop, hiền và dễ gần, xe tốt tuy mới hoạt động được 2 năm nhưng cơ sở đã có 1 dàn xe hơn 100 chiếc toàn xe chất lượng, giá hợp lý cho thuê ngắn hạn một địa chỉ uy tín nếu anh em có ý muốn thuê để đi du lịch, dạo phố, khám phá thành phố quy nhơn mấy dòng xe tay ga đi rất êm và mạnh",0,0,0,0,5,0
"thương hiệu gà rán nào cũng có kem của mình, jollibee cũng vậy. ăn gà rán xong thì ăn kem tráng miệng đi nè, kem béo béo thơm mùi sữa ăn thích ha, giá rẻ nữa, có mấy ngàn 1 cây to oạch, ăn 1 cây là no rồi. mà kem khá ngọt nên ai không thích ngọt thì sẽ nhanh ngán ấy. nói chung là với giá cả như vậy cho một cây kem như thế theo mình là hợp lí lắm rồi. à mà jollibee hay có các chương trình khuyến mãi lắm ấy, với hay có chú ong jollibee hoạt náo trước tiệm nữa nên trẻ con thích lắm!",0,0,0,5,0,0
"anh chị cho thuê xe khá dễ thương, vui vẻ, nhiệt tình hướng dẫn đường đi, chỗ ăn uống ngon cho tụi mình nữa. giá thuê thì 100k xe thường và 120k xe mới. chất lượng xe ok, máy chạy êm. chỗ thuê ngay khu ngô mây, gần trung tâm, nhiều đồ ăn vặt nữa.",0,0,0,0,4,0
"món ăn vừa không ngon vừa mắc. gia đình mình 3 người, 2 lớn 1 nhỏ, gọi món gì cũng không xong vì họ không muốn tiếp đoàn ít khách. món ăn thì nêm muối, chẳng có vị gì đặc trưng. món gà kho gừng như hình chỉ có vài miếng mà đến 115k, món canh rau tập tàng nấu tôm thì chắc được 1 con tôm đập dập ra 95k í trời! đĩa dưa giá nhìn xấu chẳng dám động đũa. bán đã mắc và không ngon mà đến nỗi cơm cũng tính thêm. không bao giờ quay lại đâu!",0,0,0,1,0,0
"buổi sáng hôm ấy gia đình mình đã có 1 chuyến đi hải minh thật tuyệt. 1. đến cảng cá cầu hàm tử gia đình thuê 1 thuyền đò người dân chở tour trọn gói hải minh 350k gồm: - tham quan tượng trần hưng đạo, ngọn hải đăng - sau đó xuống đò qua bãi rạng tắm mát và chơi, bãi biển trong và mát lại cạn nữa. - sau khi tắm ngán thì mình yêu cầu đò chỏ qua quán bè nổi biển đông. 2. quán biển đông thật tuyệt, đến đây như thay đổi không khí hắn so với quy nhơn, - không khí trong lành - được câu cá thoải mái. - chủ quán nhiệt tình. - các món ăn phong phú thỏai mái lựa chọn, ghẹ, cua đá, cá hấp, mựa hấp, ốc sò..bao la lại còn bơi tung tăng dưới nước. 3. ăn uông no nê nghỉ ngơi chiều đò đón về. một tour thật thú vị và còn rất rẻ mà ngon nữa. sẽ quay lại.",0,0,0,5,0,0
"để đánh giá về bánh kem thì mình thấy tiệm bánh kem này cũng khá lâu và khá hót. mình đặt bánh sinh nhật ở đây lần thứ 5 rồi, bánh ở đây nó không bị ngắn cái lớp kem, nên ăn thoải mái. à nay quán có thêm bánh su kem ngon bá cháy nữa đấy, mình có thể đến tận tiệm để mua hoặc alo sđt của quán là có người ship đến tận miệng ngay. quán nằm ngay ở ngã tư nên đi qua đi lại dễ thấy nhé> vẫn vậy thôi có dịp lể, hay sinh nhật gì thì mình cũng đặt quán này à rất tinh tưởng.",0,0,0,5,0,5
"món ăn bình thường nhưng không có điều gì bằng việc bất lịch sự. mình muốn thanh toán bằng thẻ tín dụng thì đòi phí. mình ăn hết 970k thu 35k tiền thẻ. mình bảo gì kì vậy, quán làm to mà đi thu phí của khách. thế là 1 tràng bất lịch sự sổ ra. còn nói mình nhỏ mà ... ủa nhỏ tuổi hơn thấy không đúng thì nói thôi. làm chủ quán lớn không chịu lắng nghe học hỏi còn thái độ.",0,0,0,1,0,0
"tuy nhiên, điểm trừ cho nơi đây là giá bán các sản phẩm khá cao so với những khu chợ khác và lối đi bị các tiểu thương chiếm lấn nhiều, gây khó khăn cho việc di chuyển.",0,0,0,0,2,0
"quán có không gian rộng rãi thoáng mát... giá thành thì bao rẻ nha... nên các bạn nên thử... đồ ăn tương đối được... nước lèo của mì cay ngọt ngọt dễ ăn... quán có bán rất nhiều món ăn có cả cơm chiên, bún đậu mắm tôm, gà lắc phô mai, bánh gạo, kimpad... đặc biệt là có mì bay nữa nha... vậy thì 500 anh em hãy tới naga để thưởng thức nào... chọn mức độ cay phù hợp lựa chọn 1 phần thức uống đi kèm với món đồ ăn nhẹ... sẽ mất cả buổi chiều rôm rả mà không lo hết tiền nha...",0,0,0,4,0,0
không gian lớn sạch sẽ nhiều mặt hàng phong phú và đa dạng phong cách đẹp sang trọng phì hợp với khách hàng,0,0,0,0,0,4
"nghe nhiều bạn review tốt về chổ cho thuê xe máy quy nhơn hoài bảo này quả thật không sai, và mình cực kỳ hài lòng khi thuê xe máy tại đây",0,0,0,0,5,0
ngày thường hơi ít khách. nhưng dịch vụ rất tốt. có thẻ thành viên được nhiều ưu đãi khi xem phim.,5,0,0,0,0,0
"tới chỗ dữ đồ mà không thấy nhân viên, đi sơ sơ thấy đang tám chuyện. hỏi thì nói ""khu này không phải dữ đồ, đi qua bên kia chứ trời""",0,0,0,0,0,1
về quê tránh dịch mà gặp ăn cướp...dịch vụ cả chất lượng kém cỏi,0,0,0,0,1,0
"bán đồ hải sản khá tươi, quần áo, thức ăn giá phải chăng.",0,0,0,0,0,5
"quán nằm ngay cạnh eo gió, đi ngắm cảnh xong rồi ra đây ăn luôn. bên trong có nhiều bể nhỏ đựng nhiều hải sản tươi, tha hồ tham quan và lựa chọn để đầu bếp làm. món nào cũng ngon và hấp dẫn. hào sốt phô mai: nhìn cái dĩa mang ra mà muốn chảy nước miếng, con nào con nấy to, phô mai ngập tràn trong cái mai hào. ăn cực tươi, dai sần sật, phô mai béo ngậy. nghêu hấp xả: nghêu con nhỏ, nước hấp bình thường, không đậm vị lắm cồi mai: to nhều thit lắm, thịt cực ngọt nha, cứ tưởng là người ta cho thêm đường. có cả trứng của con đó nữa, ăn béo quá trời. mực trứng hơi khô ăn không ngon lắm",0,0,0,4,0,0
"dịch vụ như quần què từ thái độ quản lý đến nhân viên, mua nồi chiên không dầu tư vấn không kỹ cho khách, khách đến phản hồi thì bảo tư vấn rồi nhưng khách không nghe, quản lý hay nói ngắt ngang lời khách và bỏ đi làm việc riêng khi đang tư vấn. còn nhân viên thì thôi, quá thái độ, cách nói chuyện không tôn trọng khách hàng, khách nói 1 thì trả lời 10, nhăn nhó, khó chịu. ví dụ khi mua nồi chiên không dầu tiếng nghe rất ồn, gọi lên cửa hàng, thì phải check xem khách mua nồi chiên hãng gì, nếu mua hãng đó đúng ồn thiệc thì phải tư vấn hãng đó ồn hay s chứ, bắt bưng nguyên cái thùng lên cho tụi nó xem, (đi bảo hành cũng bắt kh đem lên cho tụi nó sửa, chắc mua tủ lạnh bị hư cũng bắt bưng nguyên tủ lạnh lên tế tụi nó). đem nồi chiên lên xong bảo nó đổi thì nói không hổ trợ đổi mẫu khác, vì mẫu này không hư mà bản chất nồi ồn.. ủa.. trong khi chỉ tư vấn đổi trong 35 ngày thôi. nchung lần cuối cùng mua hàng ở đây. mọi người tránh xa “điện máy chợ lớn” ra nhé!",0,0,0,0,0,1
"chúng tôi đã đến sân bay hồ chí minh muộn vì tài xế đã đợi chúng tôi với một tấm biển - xe sạch sẽ - tài xế xuất sắc - chúng tôi ở trong khu phố cổ, nơi luôn khó đi lại nên điều đó thật tuyệt khi anh ấy đưa chúng tôi đến khách sạn của chúng tôi mà không có vấn đề gì",5,0,0,0,5,0
"không gian thoáng mát, sạch sẻ và nhân viên làm việc rất chuyên nghiệp, tư vấn nhiệt tình và hướng dẫn rất rỏ ràng dành cho những ai chưa đến và chưa lần nào làm thủ tục lên máy bay tốt",0,0,0,0,4,0
khu siêu thị tích hợp có các cửa hàng và chỗ ăn uống ở tầng trệt và lầu 2. lên tầng 3 sẽ thấy khu siêu thị của big c.,0,0,0,5,0,0
đồ ăn ngon. giá hợp lý. hơi nóng chút thôi. do không gần biển.,0,0,0,5,0,0
"cũng lâu rồi mới ghé chất và giá cả ở đây có một sự tăng nhẹ . trà sữa truyền thống trước kia 20k giờ đã tăng lên 25k . hôm nay quán có chương trình khuyến mãi mua 5 tặng 1 . và vì bị nghiện trân châu trắng nên bọn mình đã đề nghị thay một ly trà sữa đó bằng một chén trân châu trắng . phải nói là trân châu ăn bao phê , từ ngày phát hiện ra món trân châu này đi đâu mình cũng phải hỏi có không và gọi liền . mình uống trà sữa khoai môn , khá béo nhưng rất ngon , vị ngọt vừa phải .trà đào cam sả cũng rất ngon . nói chung chất lượng đồ uống của chất chưa bao giờ làm mình thất vọng",0,0,0,5,0,0
"có một điều mình nhận ra là ở quy nhơn quán nào đẹp là đồ uống không ngon . lúc vô quán này mình cũng không hy vọng mấy về chất lượng đồ uống . oder 1 ly bạc xĩu kem và trà đào , 2 món này là an toàn nhất , lỡ như có không ngon thì cũng ráng uống được :)) . nhưng may sao trà đào khá ngon , được 3-4 miếng đào , nước đậm vị đào . bạc xĩu kem cũng ok , kem thơm và ngon , mình ước gì cho nhiều kem hơn xíu . giá 2 ly này là 53k , cũng hợp lí so với không gian của quán . sẽ quay lại đây .",0,0,0,4,0,0
"khá thất vọng. không quay lại! mình gọi món gỏi bò , bbq pork và bbq beef.. đồ ăn dở, phục vụ chậm. không đáng với giá.",0,0,1,1,0,0
"nhà hàng mộc viên là một nhà hàng đủ tiêu chuẩn phục vụ khách du lịch với không gian rộng rãi thoáng mát, đồ ăn được nêm nếm theo yêu cầu, phục vụ tận tình. quý khách đi theo nhóm nhỏ hoặc gia đình, nhà hàng vẫn có không gian riêng tư. nếu có dịp đến quy nhơn, nên ghé mộc viên để cảm nhận ẩm thực miền trung nói chung và ẩm thực bình định nói riêng",0,0,5,5,0,0
"mình đã đến cửa hàng mình thấy hàng hóa rất đa dạng, giá cả rất phải chăng, đồ ăn được. có ship hàng tận nơi nữa.",0,0,5,0,0,0
"khách sạn đẹp, gần biển, nhân viên thân thiện nhiệt tình",0,5,0,0,0,0
"nhân viên bảo vệ ảo tưởng sức mạnh nghĩ khách hàng thích mình rồi lại nháy mắt đưa tình các kiểu ""sao 2 em chạy vậy,bộ say anh hả"" nhân viên thật là ải chỉa:)) đừng để tui gặp lại nữa tui mà gặp nữa tui ỉa pẹc pẹc banh cái siêu thị =))))😏pủm pủm ỉa tám đống 💩💩💩💩💩💩💩",0,0,0,0,0,1
tôi đã thuê một chiếc xe máy ở đây cho một chuyến đi trong ngày bên ngoài thành phố và nhận được dịch vụ tốt nhất mà tôi có thể yêu cầu. hoài bão đã rất tận tình giải thích cho tôi các loại xe máy mà anh ấy đang gặp phải và loại nào phù hợp nhất với tôi. tôi rất vui và chắc chắn sẽ giới thiệu bạn bè thuê xe máy của anh ấy.,0,0,0,0,5,0
vì hết phòng đôi bên cho mình phòng 6 người rộng quá thể với 2 đứa con gái luôn,0,5,0,0,0,0
"uhmmm mình nghĩ là địa chỉ khách sạn ý. địa chỉ khách sạn là 44 trần khánh dư, nhưng đường trần khánh dư có 2 số 44 lận, nên ai đi lần đầu sẽ hơi khó kiếm. nhưng không sao ạ, vì alo cho khách sạn là được hướng dẫn ngay. quen rồi thì thấy vị trí khách sạn rất ok, gần siêu thị, nhà thuốc, có nhiều tiệm ăn ngon, và cách hồ xuân hương tầm chưa tới 2km.",0,4,0,4,3,0
"phòng gần trung tâm thành phố, thuận tiện cho việc duy chuyển.",0,4,0,0,0,0
"thuê xe quy nhơn uy tín chất lượng. công ty cho thuê xe du lịch rất chuyên nghiệp và nhanh chóng, xe du lịch đời mới, sạch sẽ, tài xế thân thiện, hiểu rõ đường đi",0,0,0,0,4,0
"một nơi mơ ước, đặc biệt là khi có ít khách du lịch, đó là trường hợp của chúng tôi trong thời gian lưu trú!",0,0,0,0,0,0
"mọi thứ đều ok, trừ việc khăn tắm. thuê 1 ngày 1 đêm chỉ được cấp đúng 1 khăn tắm do k.sạn đưa. không bít bạn tắm rửa bao lần và khăn nó có bị dơ hay không thì vẫn thế, lễ tân cũng chỉ trả lời "" đã cấp khi nhận phòng rùi sáng mai mới thay mới ạ"", nếu đến ngày mai 12h bạn trả phòng mà sáng đó khăn dơ thì nhận được câu"" trả phòng trong ngày không thay khăn đươcc ạ"", hic, có cái khăn mà tui dùng từ khi nhận phòng: sáng - trưa - chiều - tối- rồi sáng ngày mai - trưa ngày mai khi trả phòng vẫn bị lễ tân từ chối cho xin 01 cái khăn sạch để tắm trước khi ra về hic",0,3,0,0,0,0
"view ban công bị vướng mấy toà nhà nên nhìn ra biển hơi xa, những vẫn oki cũng xác định được trc vì khách sạn ở làn trong sau đg tp",0,4,0,0,0,0
"phòng sạch sẽ, giá cả phù hợp, chỗ đậu xe rộng rãi. nhân viên dễ thương. sẽ ghé lại lần sau",0,5,0,0,0,0
"cho thuê xe máy rất có tâm. xe đời mới chạy êm và tiết kiệm xăng. mình đang đi thì bỗng nhiên trời mưa, thật may mắn vì bạn chủ xe đã chu đáo chuẩn bị sẵn 1 áo mưa cánh dơi lớn để trong cốp. dịch vụ cho thuê xe máy ở đây tốt thật sự, hèn gì đọc review quy nhơn thấy ai cũng khuyên nên thuê xe máy chổ này",0,0,0,0,4,0
khách sạn sạch sẽ! đầy đủ trang thiết bị,0,5,0,0,0,0
"rất tuyệt vời ! mình ở khách sạn này 2 đêm, đêm đầu xong mình muốn chuyển sang khách sạn cùng tầm giá để có trải nghiệm mới tuy nhiên không thể tìm thấy khách sạn khác tốt hơn nên đêm sau mình quay lại đây thuê thêm 1 đêm với giá còn rẻ hơn đêm đầu tiên. chỗ để xe máy rộng rãi, lễ tân lịch sự dễ thương, phòng rộng nhưng không có view rộng, rất sạch sẽ gọn gàng, đầy đủ đồ nhà wc (lược, dao cạo râu, xà phòng, dầu tắm gội,...)đầy đủ máy sấy, móc áo, tủ treo, nệm lò xo xịn nằm rất phê...điểm trừ là trong nhà wc chỗ tắm không được ngăn với khu khô, khi tắm làm ướt cả sàn nhà wc mất thẩm mỹ. chỗ này gần biển nên đi bộ ra tắm biển thoải mái, cũng gần quảng trường nên tối đi dạo mát ăn hàng ăn tối quá gần. mình rất hài lòng, xứng đáng 9,5 điểm",0,4,0,0,0,0
"nước uống khá là ngon, giá cũng được, có điều bánh gạo làm bị nát quá, ăn bở bùng bục. có lẽ do địa hình không thuận lợi lắm nên mặc dù tối t7 mà cũng vắng khách ghê.",0,0,0,3,0,0
"hình thức tự check in tạo cảm giác tự do, thoải mái như đang ở nhà của mình.",0,5,0,0,0,0
thái độ của một vài nhân viên lễ tân nữ và nam,0,2,0,0,0,0
"okay nha bà con, trong đây hàng quán nhiều vô đối, có nhiều quán ngon, bánh thì mình thấy breadtalk okay hơn, ngoài ra thì không có hoạt động vui chơi gì, chủ yếu ăn uống với mua sắm quần áo, mỹ phẩm thôi nha",3,0,0,0,0,0
"theo mình biết đây là chợ tập trung phục vụ chủ yếu cho khu vực lận cận (khu tái định cư phường trần quang diệu). chợ được thành lập cỡ 10 năm trở lại đây, chợ có diện tích không lớn lắm nhưng được quy hoạch nên các gian hàng, sạp hàng cũng gọn gàng sạch sẽ. giá cả ở chợ này mình đi chợ cũng thấy tạm ổn, không cao hơn những chợ khác là bao nhiêu. chợ chỉ bán vào buổi sáng, buổi chiều đóng cửa.",0,0,0,0,0,5
"đã dành 4 ngày ở quy nhơn và thuê xe máy của tôi từ đây. giá cho thuê xe máy thủ công là 120k một ngày, khá tốt. một chiếc tự động sẽ đắt hơn một chút. tôi thích hướng dẫn sử dụng hơn, nhẹ hơn, nhanh hơn và thú vị hơn khi lái - mẫu xe / lựa chọn của tôi là honda wave rsx, nó xử lý như một giấc mơ.",0,0,0,0,5,0
"góc review quy nhơn lịch trình 4 ngày 3 đêm chơi xả láng ở quy nhơn hết khoảng 5tr5/ng. trong đó vé mb + resort 4 sao 4n3d khoảng 3tr. resort nằm sát biển view rất đẹp có nhiều chỗ chụp ảnh check in. 🛑từ hà nội đi quy nhơn bay mất khoảng 1h30 la đến sân bay phù cát. đi taxi vào trong thành phố quy nhơn hết khoảng 500k 🚖 33km. 🛑 ở resort 4 sao royal gồm tổ hợp ăn chơi nhà hàng, bar , quán cf, khu nghĩ dưỡng. rất là chim ưng. ngoài ra mọi người có thể check trên travelkola để book trước phòng 🚖🚖🚖 về lịch trình di chuyển đi thăm quan. ⭐️⭐️ngày đtien mình 9h đã có mặt ở resort do bay chuyến sớm. đến chụp ảnh check in ở tại resort rồi nghỉ ngơi. o đây đẹp nên chụp được khá nhiều ảnh. sau khi nhận phòng ăn uống buổi trưa chiều bọn mình di chuyển xuồng ghềnh đá cách resort royal khoảng 300 mét (chỗ này có ngôi mộ nhà thơ hàn mặc tử). tiếp theo là thuê xe máy đi tháp đôi vì nó cũng khá gần tp quy nhơn (đen cái là bị đi nhầm đường :)) tối ra suft bar view rất đẹp nhé",0,0,4,0,0,0
cơ sở vật chất thì tuyệt vời nhưng thái độ cư xử tệ hại. membership số id 199213102718 đã ở rất nhiều lần và complaint liên tục nhưng vẫn không thể cải thiện nổi một chút về sự niềm nở của nhân viên dành cho khách. 4 lần đến và đi đều mang …,0,4,0,0,0,0
"thích thú sử dụng taxi vinasun, tất cả các xe sạch sẽ và thoải mái. trình điều khiển dễ chịu và sẽ bật ra?",0,0,0,0,4,0
"mình đánh giá 2* cho sân bay này vì trải nghiệm dịch vụ hãng hàng không không tốt, cụ thể là nhân viên của tại quầy checkin của vietnam airlines phục vụ tại quầy thủ tục vào ngày 19feb2021, khung giờ từ 14h50-16h50. nhân viên tại đây rất kiệm lời, làm việc thiếu chuyên nghiệp. khách đến từ trước giờ mở quầy mà khi đến làm thủ tục thì xếp ghế hàng cuối cùng với lý do hết chỗ. sân bay thì lại không được phép làm thủ tục trục tuyến để khách có quyền chọn ghế ngồi. nói chung đi du lịch cả hành trình vui ơi là vui, đến khúc về thì bị fail chỗ này. hi vọng cảng có biện pháp can thiệp đến chất lượng con người. sân bay thì mới đẹp, giá của các dịch vụ tại đây tạm ổn (giá đồ ăn, nước uống, quà lưu niệm,... bằng với giá được bán tại các cửa hàng bên ngoài sân bay. nếu ai ngại xách đồ thì vào đây mua giá cũng y chang bên ngoài nè).",0,0,0,0,2,0
"địa điểm rất tiện cho đi chơi, ăn uống",5,0,0,5,0,0
"khu di tích bán vé nhưng dịch vụ vệ sinh quá tệ, không có nước, không có người quản lý. không bao giờ quay lại",1,0,0,0,0,0
"nhà hàng rất lịch sự,đồ ăn rất ngon,tươi sống đến tận hồ để lựa chọn rồi xuống chế biến giá cả thì rất phải chăng nhân viên phục vụ rất chu đáo.có xe đưa đón tận nơi.",0,0,5,0,5,0
"phong cảnh thiên nhiên hùng vĩ, non nước hữu tình, thích hợp vui chơi, tham quan, dã ngoại, phù hợp với tất cả mọi lứa tuổi",4,0,0,0,0,0
thích hợp cho những buổi tiệt tùng dã ngoại.nhớ thu gom rác trước khi ra về để công viên luôn xanh xạch đẹp,5,0,0,0,0,0
"quán út lợi, hải sản nấu ngon-sạch sẽ, giá rất ổn. món ăn ngon-bù lại của du lịch covid chẳng được đi tham quan.***chủ quán rất thân thiện. điểm 10",0,0,0,5,0,0
"quán rất đông nhưng chất lượng chỉ ở mức bình thường. giá không đắt, hải sản tươi nhg nếu ai kỳ vọng chế biến hải sản ngon như đà nẵng thì không có đâu a. mình đi ăn mấy quán hải sản thấy ngon nhất là hấp và nướng mỡ hành thôi. ở quy nhơn các món nướng phô mai đều dùng phô mai con bò cười nên không ngon lắm. ở quán hải sản hải sỹ này mình ưng nhất là rau muống xào và canh ngao. nhân viên đông nhưng vẫn hay bị quên và nhầm đồ",3,0,3,3,0,0
"tạm ổn đối với những người ăn không quá cay. nhân viên phục vụ tốt, không gian đẹp, nguyên liệu tươi.",0,0,0,4,0,0
"tôi đã thuê xe ở đây và rất hài lòng, toàn xe mới, chất lượng rất tốt. đi du lịch phượt khám phá như chúng tôi thì những chiếc xe chất lượng như ở đây luôn là lựa chọn hàng đầu",0,0,0,0,5,0
"nước uống ở đây tương đối ổn, mình thích trà đào và món marshmallow chocolate gì đó, giá cũng hơi cao nhưng về độ cầu kì và độ ngon mình thấy ok, giá cả phù hợp với chất lượng . tuy nhiên mình rất thất vọng về các món bánh, bánh ở đây y hệt bánh ở quán cà phê khác như friendship, marina, chè khúc bạch kiwi ( mình nghĩ quán lấy lại) và chất lượng bánh mình cũng không thấy có gì ngon, nhạt nhẽo, không đậm đà mùi vị, ăn rất chán, vì đi quán cà phê nào cũng có chừng đó món bánh, nhìn đến ngán luôn. mình rất mong quán có 1 menu bánh hấp dẫn hơn. dù sao không gian khá yên tĩnh và rất hợp với style của mình. chắc chắn còn quay lại nhiều nữa !",0,0,0,5,0,0
tôi đi bộ xung quanh và vào để ăn trưa. dịch vụ thực sự tệ. phải mất khoảng 10 phút khi công cụ hỏi tôi muốn gì. tôi gọi món thịt bò nướng với khoai tây chiên và một lon coca với giá khoảng 7 euro. tôi phải đợi hơn nửa tiếng và thịt bò đã nguội. tôi cho 2 sao vì hương vị ngon mặc dù trời lạnh. tôi đoán có những nơi tốt hơn để ăn trưa.,0,0,0,2,0,0
"đã từng sử dụng dịch vụ này và giới thiệu cho bạn bè, nhận được sự hài lòng từ họ, cũng được tiếng thơm lây!",0,0,0,0,5,0
"sân bay phù cát mới xây mới lại cảng hành khách, hiện đại, đẹp. chúc mừng thành phố quy nhơn. 20 năm trở lại",0,0,0,0,4,0
"thiệt sự chỗ này rất tuyệt vời luôn , có nắng , có biển , đồ ăn nước uống lại ngon , đặc biệt trai tây đông lắm , anh nào anh nấy cao ráo , đẹp trai lại dễ thương , bắt chuyện rất thân thiện . buổi chiều ở đây mặt trời lặn , gió mát , có tiếng sóng biển , thiệt tình là phê hết chỗ chê luôn í",5,0,0,5,0,0
"hôm qua ba về quê nên thay mặt nhà đi ăn đám cưới con cô hàng xóm. suýt nhầm với khách sạn sài gòn quy nhơn, bà con chú ý nha. có nhà hàng tầng hai với cả tầng ba nữa. không gian khá rộng nhưng trần nhà hơi thấp, tạo cảm giác bí. trang trí đẹp, lung linh ghê luôn, âm thanh, ánh sáng ổn, đoàn vũ công biểu diễn tốt. đồ ăn cũng ngon, có mấy món nướng không ok lắm. thịt bò nướng giấy bạc bị khô, gà nướng mật ong thì không thấm lắm. nhân viên không nhiệt tình, kiểu hơi lơ là",0,3,0,3,0,0
"mình đến quán thấy quán rất là vắng...nghĩ chắc foody bình luận sai...nhưng lỡ đến rồi vào luôn xem thử thế nào... ai ngờ ngon mà lại rẻ nữa. .. ăn đứt nhiều quán ở biển đường xuân diệu mắc với lại không ngon...sở dĩ mình review là thư 1 muốn giúp những bạn đi du lịch như mình kiếm được chỗ ăn ngon, giá hợp lý. thứ 2 là muốn review cho vị cua ...mình rút ra bài học.. vắng thì người ta sẽ chăm chuốt món ăn nhiều hơn ...kkkk",0,0,0,4,0,0
"tình cờ biết được nhà hàng chuyên về pizza, gia đình tôi đã ghé thăm và thưởng thức đồ ăn. ngon tuyệt.",0,0,0,5,0,0
chợ bán hải sản tươi ngon giá mềm nhất ở quy nhơn. có rất nhiều loại hải sản cho bạn lựa chọn để chế biến.,0,0,0,0,0,5
tiếng xe máy lên dốc hơi ồn,0,2,0,0,0,0
"nước uống bình thường, giá hợp túi tiền. quán view ngay bờ biển, lần đầu tiên đến không nghĩ giá lại rẻ như vậy với quán cf ngay sát biển. lần nào ghé qn mình cũng phải ngồi đây vài buổi tối. một điểm nên đến khi ghé qn mọi người nhé.",0,0,0,5,0,0
"anh chị lễ tân rất nhiệt tình, nói chuyện vui vẻ hay cười tạo cảm giác thoải mái và thân thiện cho khách, phòng đẹp hết nước chấm luôn, nhà vệ sinh sạch sẽ",0,5,5,0,0,0
"cốp xe tại quy nhơn vừa tiện lợi lại vừa tiết kiệm chi phí, làm chủ và làm chủ thời gian, thoải mái thật sự.",0,0,0,0,5,0
"âm thanh quá dỡ, nhân viên phục vụ không chuyên nghiệp",1,0,0,0,0,0
"phòng sạch sẽ, giá ok, vị trí thì gần trung tâm rất tiện. bạn nhân viên tên đạt rất dễ thương",0,4,0,0,0,0
"nhà hàng hải sản dương râu là một trong những nhà hàng được khách du lịch đặc biệt yêu thích khi đến thành phố biển quy nhơn. menu của quán vô cùng đa dạng với rất nhiều những món hải sản tươi ngon, chất lượng. đầu bếp tài năng, giàu kinh nghiệm, mang đến cho khách hàng những món ngon tinh tế, hấp dẫn nhất. cua ở dương râu rất được yêu thích, như cua sốt trứng muối, cua rang me, miến cua, lẩu riêu cua… các món hải sản khác thì nhiều vô kể luôn nha. hầu hết những món phổ biến nhất đều có đầy đủ cả. hải sản luôn đảm bảo độ tươi ngon, hấp dẫn. đặc biệt bạn có thể thấy chúng còn đang tung tăng bơi lội trong các bể nuôi nữa nhé. khi đến quán bạn chỉ cần chỉ xem muốn ăn loại nào, vị gì, lúc này đầu bếp sẽ chế biến tại đó theo yêu cầu của bạn luôn nè. không gian quán thì siêu rộng rãi với 3 tầng khác nhau. thích hợp để tổ chức tiệc tùng, liên hoan, hội họp. đội ngũ nhân viên cực kỳ thân thiện, dễ gần, phục vụ chu đáo, nhiệt tình. giá cả được niêm yết công khai, minh bạch. không chặt chém. điểm 10 cho chất lượng, điểm 10 cho phục vụ bạn nhé.",0,0,5,5,0,0
"hôm về qn được dẫn đi ăn ở quán này. đến quán tầm 1h trưa mà vẫn đông khách quá trời. không gian khá rộng, tuy không có máy lạnh nhưng không bị nóng quá. nhân viên đông và cũng nhanh nhẹn cút ram me ngon nè, vị đậm đà ăn thích lắm. con cút cũng nhỏ nhỏ chứ hông béo núc ních như cút ở sg gà nướng ướp thấm vị, ăn ngon quá trời, ăn kèm với xôi chiên hai mặt cũng ngon nhưng hơi dầu gà hấp dai ngon, đúng kiểu gà ta thả vườn. ăn thêm tô miến nấu với lòng gà và nấm nữa là hết ý luôn nha. giá cũng okay chứ hông cao lắm",0,0,0,5,0,0
"khu mua sắm bán rất nhiều đồ đẹp, nhưng hơi mắc ,tôi thích nhất đến đây đi dạo, và ăn uống",0,0,0,4,0,3
"người bán ở đây nhìn mặt khách du lịch mà chặt đấy, mình đi 2 người vô hỏi giá tới tận 50k/phần - 2 bánh. lúc đó mình có nói sao bánh xèo đây mắc vậy vì mình cũng dân miền trung thì ng bán ở đó bảo bán 2 năm nay giá vậy rồi, thái độ lại vừa cười nhạt vừa báo giá khiến mình cũng cảm thấy không được tôn trọng vậy nên mình đứng dậy đi luôn. nói chung là các bạn nên cẩn thận.",0,0,0,1,0,0
"chổ gửi xe máy bất tiện vì nhỏ và 3 khách sạn dùng chung, lấy xe để trong phải tự lấy, mất nón nếu để ngoài không cất trong cốp.",0,3,0,0,0,0
"mình đến quán này chắc cũng được 2 lần rồi. đồ nướng ở đây cũng giống như nhiều quán khác đồng giá 35k cho mỗi đĩa nướng,nhưng điều đặc biệt hơn là nướng ngói bằng than, chứ không phải bằng chảo kim loại với bếp ga như những quán khác. nên mình thấy đồ ăn khi nướng ra thì sẽ có vị thơm hơn, thấm hơn nên ăn ngon hơn nhiều. một đĩa 35k mà cũng nhiều nữa, được tẩm ướp sẵn mình tự nướng thôi. mỗi đứa chưa tới 100k là ăn đắm đuối rồi. trời se se lạnh thế này mà được ăn đồ nướng là nhất luôn.",0,0,0,5,0,0
"hôm trước mình cùng bạn đi tới quán uống. mặc dù không gian ở đây hơn nhỏ nhưng tạo cảm giác thoáng. phục vụ tương đối tốt. nước thì ngon. giá không mắc. mình có gọi oreo mint blended. đây là một dạng nước cookie với bánh là oreo, phía trên là kem phần dưới là đá, oreo, sữa (còn gì nữa thì mình không chắc) trộn rồi bào nhỏ và xốp hết mức, ngon ngon ngọt ngọt. khi uống còn cảm nhận được đá bào tan nhanh trong miệng rất đã :). nói chung là theo mình nhận xét thì quán này là một trong những quán nên đến ^^",0,0,0,5,0,0
những người phụ nữ ghé thăm bàn của bạn để gọi món không ưu tiên cho câu hỏi của bạn nếu bạn có một số về các món ăn.,0,0,0,0,0,0
"cách xa thành phố 45p thuộc xã an nhơn. rộng rãi thoáng mát, có hơi lộn xộn hàng quán ở sảnh đi nhưng nhìn chung khá ổn. sân bay nhỏ vắng người nên làm thủ tục cũng không phải chờ lâu cho dù là cuối tuần.",0,0,0,0,3,0
"(bản dịch của google) thật tốt khi có thể mua internet và phạm vi giá khác nhau, nhưng tôi đã gặp khó khăn trong việc tìm vị trí. đừng để bị mất!",0,0,0,0,3,0
"chưa có sự nổi trội lắm, nhưng tôi thấy nó đang phát triển thêm một bước tiến mới. mong trong thời gian sắp tới sẽ không làm tôi thất vọng.",0,0,0,0,0,3
"đã hơn 60 năm hình thành và phát triển, cho đến nay, tuy phải trải qua muôn vàn gian khó nhưng nhà hát tuồng đào tấn vẫn giữ được truyền thống là một trong những con chim đầu đàn trong số các đơn vị biểu diễn kịch hát truyền thống mang tầm vóc quốc gia, luôn nhận được sự đánh giá cao của khán giả trong nước. nghệ thuật tuồng đào tấn cũng đã đến với nhiều quốc gia trên thế giới như: liên xô (cũ), anh, pháp, đức, ba lan, tiệp khắc (cũ), bun- ga ri, lào, cam pu chia, … và đã nhận được sự hoan nghênh, tán thưởng của bạn bè quốc tế. trong quá trình hoạt động nghệ thuật, nhà hát đã giành được nhiều phần thưởng, giải thưởng cấp quốc gia, rất nhiều nghệ sỹ được nhà nước phong tặng danh hiệu nsnd, nsưt.",5,0,0,0,0,0
"chúng tôi đã ăn ở đây 2 lần trong một tuần, 1 bữa trưa và 1 bữa tối, chủ yếu là do thuận tiện cho khách ở các khách sạn gần đó. cả hai lần, cùng một thực đơn và khẩu phần vì không có phần đặc biệt cho bữa trưa hoặc phần khác cho bữa trưa và bữa tối. không phải tất cả các món ăn đều là món ăn việt nam chính hiệu vì có sự kết hợp của một số món ăn không ngon.",0,4,0,2,0,0
"cảng rất ok, nhân viên nhiệt tình hướng dẫn, chất lượng bay rất tốt",0,0,0,0,5,0
"giá cả tầm 10k trở lên cho một phần đồ uống , nói chung khá rẻ so với mặt bằng thành phố . mình thấy chung mấy loại đồ uống loại nào cũng dễ uống hết chỉ trừ những loại có lá bạc hà kèm theo thì hơi khó uống tẹo . có lẽ một phần là bỏ nhiều bạc hà quá nênn hơi hăng",0,0,0,4,0,0
"quán ăn cũng khá ngon, giá hợp lý, 4 người ăn 6 dĩa hết 120k cả nc và khăn ướt. ăn vào buổi chiều cũng khá đông",0,0,0,5,0,0
"tối qua mình và bạn mình đã tới banana mama. mọi hôm cuối tuần ở đây rất đông không có bàn nên chỉ mua rượi rồi đi vòng vòng nghe nhạc tuy nhiên hôm qua mình đi là ngày trong tuần vì vậy còn bàn để ngồi vừa uống vừa nghe nhạc vừa chill với bạn bè rất là thoải mái. không gian quán mang hơi hướng summer, năng động và rất chất tây, còn được ngắm view từ tầng cao rất rất đẹp luôn, sài gòn ban đêm rất đẹp khi được ngắm ở đây nhé. điểm đặc biệt là nhân viên phục vụ mọi người rất nhiệt tình hay hỏi thăm là rượi uống được không, hay bạn dùng đồ ăn ngon chứ đặc biệt hơn là có anh phục vụ tommy (thắng) người việt nam nên a thường xuyên trò chuyện với bàn mình anh có vốn kiến thức về rượi rất chuyên sâu và thú vị, anh nhiệt tình lắm luôn nhờ anh mà em và bạn em đã có một buổi tối trãi nghiệm tại banana mama rất tuyệt vời ❤️ thank you for all ❤️",4,0,0,5,0,0
"phòng có view nhìn ra biển đẹp, trang trí nhìn hài hòa, cân đối",0,5,0,0,0,0
cơn ác mộng. chạy ẩu kinh khủng. ngồi mà run. xe thì xuống cấp tồi tàn. nhắn tin khẩn cấp cho hotline không được. đang năn nỉ tài xế chạy chậm lại. ngồi ghê sau giồng lắc kinh khủng. cầu mong chuyến đi kết thúc,0,0,0,0,2,0
trò chơi cho bé có may thì hư máy thì cho xu vào không hoạt động.,3,0,0,0,0,0
"ngày quy nhơn mưa to gió lớn, đã nếm thử các món đặc sản và thèm cơm. quán khá là bắt mât, dễ tìm, lối decor riêng kiểu bao cấp. bước vào quán thấy khá rộng rãi, thoáng, sạch sẽ. quán khá đông, tầng 1 và 2 thông nhau nên nói chuyện khá vang và ồn. nhạc bật nhẹ nhàng, dễ nghe, ăn rất vào. về món ăn: món ăn nấu ngon, đậm, tuy nhiên có mòn gà rang sả ớt hơi mặn phần ăn tương đối nhiều, mình đi 2 người mà gọi món cỡ 3 4 người ăn vẫn đủ, làm è cổ ra ăn cho cố. về phục vụ: khá nhanh nhẹn, lễ phép, nhiệt tình và dễ chịu. cực kỳ recommend khi đi ăn có người lớn tuổi không thích đi ăn vặt).",0,0,0,4,0,0
"quán này có thâm niên hơn ba mươi năm rồi, được xem là đệ nhất bánh mì lagu ở quy nhơn. chỉ bán buổi chiều tới khuya và lúc nào cũng nườm nượp khách. nằm trong một cái hẻm bé tẹo, quán cũng nhỏ, khách phải leo lên đoạn cầu thang cũng có chút xíu. khay ăn dọn lên gồm một dĩa bánh mì nóng giòn xắt khúc, một tô lagu có miếng thịt ngọt lừ, thêm chút bùi bùi từ hạt sen, củ lang, cà rốt, đậu đỏ…trước khi nướng, người bán nhanh tay quét một lớp bơ đều lên bánh, tỏa mùi thơm nồng nàn",0,0,0,5,0,0
🍒quán xinh. nhỏ nhỏ ấm cúng về package ly tách này nọ rất đẹp nhưng nước uống thì tạm ổn thôi không có gì đặc biệt lắm nè bữa đó mình uống trà xanh còn bạn mình uống gì quên rồi 🍒giá cả bình thường không mắc lắm,0,0,0,4,0,0
cảm ơn các em đã hổ trợ chị rất nhiệt tình trong 3 ngày chị ở quy nhơn công tác và du lịch. có dịch vụ cho thuê xe máy giao xe tận nơi và đến tận nơi lấy xe thế này thật sự tiện lợi và tiết kiệm chi phí quá.,0,0,0,0,4,0
"vừa thuê 1 xe số và 1 xe ga ở đây xe số 120k xe ga 150k tính 24 tiếng bắt đầu từ lúc mình nhận xe. có hổ trợ giao xe tận nơi rất nhiệt tình, xe mới, sạch và đẹp",0,0,0,0,4,0
"đúng địa chỉ, siêu thị có bán bánh mì và các đồ ăn tươi sống như thịt cá, trái cây tươi và nhiều đồ gia dụng khác. (mặt tiền đường 31 tháng 3, tầng 1 tttm an phú thịnh)",0,0,0,0,0,5
nhà hàng có không gian mở và có thực đơn phong phú. chúng tôi đã gọi đồ ăn nhưng không đúng. tôm nướng bbq không có gì đặc biệt cũng không phải là thịt bò. địa điểm là một nhà hàng thịt bò. không có gì đặc biệt hoặc tốt đẹp để viết về nơi này. thức ăn được thực hiện kém và trình bày thì tệ. không ấn tượng. điều thú vị là người phục vụ sẽ cảm thấy cá nhân khi bạn đặt câu hỏi về cách nấu nướng của anh ta. có người phục vụ nấu thức ăn.,0,0,2,2,0,0
"kiến trúc mang đậm phong cách pháp, tuy vắng hơn trước nhưng lại mang nét thơ mộng riêng. nên đi vào thứ 7 & cn.",0,4,0,0,0,0
"giao tiếp tốt, xe suv cỡ trung thoải mái. rất khuyến khích . đúng giờ và không tốn nhiều công sức. chúng tôi là một gia đình 3 người",0,0,0,0,5,0
"rộng, đẹp, sạch, văn minh, phù hợp cho chạy bộ, thể dục, đi dạo. cv bán nhiều đồ ăn vặt nên thi thoảng có khá nhiều rác. buổi chiều có thể xem bóng chuyền bãi biển.",4,0,0,0,0,0
ít nhất phải nói rằng thực phẩm không có hương vị quá đắt và nhàm chán. cách trình bày ngớ ngẩn kỳ cục. thậm chí không thể biết một món ăn được cho là bao gồm những gì cộng với cách chuẩn bị rõ ràng như vậy từ trước. tránh ra !!!!,0,0,0,1,0,0
"nhân viên nhiệt tình, support khách hết mình",0,0,5,0,0,0
"các khái niệm là tốt đẹp, và giá cả tốt. nhưng thức ăn tạo hương vị cho dịch vụ và chất lượng tổng thể của bữa ăn. là trải nghiệm tồi tệ nhất của chúng tôi cho đến nay. chúng tôi bắt đầu chuyến đi của mình tại meat & meet, nơi bạn tự nấu đồ ăn cho mình, nhưng họ quan niệm về tất cả những gì bạn có thể ăn. hương vị của thức ăn ở nơi đó tốt hơn gấp 1000 lần và dịch vụ cũng vậy. bầu không khí thực sự tốt tại nhà hàng bar grill garden, nhưng chỉ có vậy. bạn thực sự cần phải thử một trong những địa điểm khác trong thị trấn nếu bạn thích khái niệm này :)",0,0,0,2,0,0
hơi xa trung tâm tí nhưng mọi thứ tốt. dịch vụ ổn. có bán nhiều đặc sản tươi của vùng bình định tại chỗ cho khách mang lên máy bay. nhà chờ rộng và mát mẻ.,0,0,0,0,4,4
"sân bay phù cát cách quy nhơn khoảng 30km. ngày trước là sân bay quân sự, sau đó chuyển sang thương mại. cách đây vài năm, sân bay khá nhỏ, chỉ đi các chuyến trong nước. còn bây giờ, qui mô sân bay lớn hơn, khai thác thêm các chuyến quốc tế. cảng khá đẹp, khang trang hơn sau khi xây dựng và tu bổ lại. các quầy bán đặc sản giá chấp nhận được, mà đặc sản lại rất ngon. ẩm thực bình định khá đa dạng, ngon tuyệt cú mèo.",0,0,0,4,3,3
"sạch sẽ và thuận tiện, view đẹp!",0,4,0,0,0,0
"trời se lạnh đi ăn lẩu nướng là sướng nhất. quán này mở từ 4h chiều mà lúc mô cũng đông khách hết à. quán nhỏ nhỏ nhưng khá sạch sẽ. tầm chiều tối là đông khách lắm. gía cũng phải chăng, chứ không đắt đỏ, so với mấy quán kia, giá quán này hơi nhỉn hơn xíu, nhưng khá là chất lượng, đồ nướng ướp thấm. lẩu cũng ngon nữa. đi ăn mỗi người tầm hơn 70k là no banh bụng rầu. phục vụ khá nhanh nhẹn.",0,0,0,5,0,0
"xe mới, chạy nhanh an toàn khăn, nước, sữa chạy đúng giờ, sẽ ủng hộ tiếp tục",0,0,0,0,5,0
"lần đầu ghé nơi đây bằng một cơn mưa nhè nhẹ. tấp vào nhanh chóng tháo bỏ bộ đồ mưa và nhảy vào mâm cơm thôi. mâm cơm quá đã hoành tráng, nào là cơm niêu, gà nướng, lẩu cá lóc,... đồ ăn rất ngon ăn no hết cỡ luôn. nhân viên khá là chu đáo, dễ thương nữa. sẽ quay lại nếu có dịp đến lại nơi này",0,0,0,5,0,0
"dự án này đẹp quá, nhất định sẽ đến vào cuối tuần!!!",0,0,0,0,0,0
"khách sạn sát ngay biển , đang có kế hoạch di dời nên tranh thủ ghé - phòng view nhìn ra biển và 1 phần tp quy nhơn khá đẹp - nhân viẻn chuyên nghiệp - có bánh ít lá gai thay trái cây chào mừng - ăn sáng ngon , có các món đặc sản bình định như bánh hỏi lòng heo, bánh bèo .., phòng thường full do khách đoàn đông nên muốn ở phải đặt sớm",0,5,0,5,0,0
"thuê nhiều rồi thấy khá tốt, xe ngon và hoàn tiền 100% khi hủy hợp đồng thuê xe trước thời hạn, thích sự tận tâm vui tính của mấy thanh niên phục vụ giao nhận xe tận nơi",0,0,0,0,4,0
"pizza ngon và nó hợp khẩu vị của tôi, kích thước vừa phải không quá to, tôi rất thích pizza hawaii và pizza pepperoni ở nơi đây.",0,0,0,4,0,0
"anh chủ tư vấn rất nhiệt tình. bánh hồng, bánh ít rất ngon. anh ttư vấn có tâm lắm : nếu chiều tối em bay thì trưa mai em hãy lấy bánh ít cho mới và ngon , mẻ này sáng mai anh giao. và đúng như vậy, về bánh ngon dẻo ai cũng khen ngon. chỉ tiếc vác ít bánh hồng về quá. bánh hồng ngon ngọt thanh nhẹ, bên ngoài có bột trắng phủ nên ăn thú vị lắm.",0,0,0,0,0,5
"việc đưa đón của chúng tôi từ sân bay tại thành phố hồ chí minh đến khách sạn thành phố của chúng tôi được tổ chức rất tốt. tôi đã đặt và thanh toán cho nó trực tuyến một vài ngày trước khi đến. khi đến nơi, người lái xe được nhìn thấy rõ ràng với một tấm bảng có tên tôi, điều này làm cho toàn bộ quá trình trở nên đơn giản. 30 phút sau chúng tôi đến khách sạn.",0,0,0,0,4,0
"cân nhắc khi đến đây. mang tiếng bar mà đồ uống như quán cafe bình thường, nhạc chán không có nhạc sống. được mỗi chỗ ngồi view sát biển.",3,0,0,2,0,0
"một khu nghỉ ngơi ngắm cảnh rất đẹp. - từ đầu cổng vào bạn sẽ phải cuốc bộ trên các bậc thang lên xuống khoảng 200m để đến khu vực chính là quán cafe để ngắm cảnh. giá vé cổng vào 40k/ng lớn, trẻ em dưới 1m miễn phí. - quán cafe nằm sát biển với view rất đẹp nước trong xanh kết hợp với núi và đá rất hợp để chụp hình sống ảo. giá cả nước khoảng 50k/ly. - ở đầu cổng vào có nhà hàng để nghỉ ngơi ăn trưa gọi món hoặc cơm phần. cơm phần giá 250k/khách, theo mình thấy là khá mắc so với những gì được đưa lên, cá kho bé tẹo teo cho 3ng ăn. đi ngắm cảnh buổi trưa rất nắng và leo bậc thang khá mệt, buổi chiều chắc sẽ ổn hơn.",5,0,3,4,0,0
"không khí rất đẹp, nhân viên tuyệt vời, đặc biệt là paul. có rất nhiều niềm vui trong đêm nhạc sống. vì vậy, nhiều trò chơi hội đồng quản trị, họ thậm chí có một bàn bi-a. thực sự tốt burger, cá và khoai tây chiên. cheep bia & cocktail ngon.",5,0,0,5,0,0
tài xế tốt! chất lượng phục vụ tốt,0,0,0,0,4,0
"giá rẻ, hương vị chấp nhận được. bạn có thể đến đó cho hương vị địa phương. nhưng nếu bạn muốn tìm một cái gì đó thực sự làm hài lòng bạn, nó không phải là nơi thích hợp.",0,0,3,3,0,0
"mình vào quán ăn xong thì bị tính 105k/ 2 đĩa. sau đó ra ngoài kể chuyện cho anh taxi thì ảnh kêu do khách du lịch nên họ chém đó, nhiều khách cũng phản ánh vậy rồi 🙅🏻‍♀️🙅🏻‍♀️🙅🏻‍♀️ không bao giờ quay lại quán này. các bạn nên cẩn thận.",0,0,0,1,0,0
nhà hàng hải sản hoàng thao cũng rất là ok và đẹp. nơi dừng chân cho các bạn khi đến eo gió,0,0,5,0,0,0
"ngon giống các quán khác, sạch sẽ mát mẻ. phục vụ nhanh, có chỗ để xe ôtô, nói chung là chấp nhận được.",4,0,0,4,0,0
"từ gia lai xuống quy nhơn chơi mấy ngày. đọc một đống review cuối cùng quyết định chọn quán này. nước chấm gồm ba loại, hai loại muối ớt chanh (một loại chua, một loại ngọt) với nước nắm gừng. ốc thì dĩa nhỏ 15k, dĩa lớn 20k. mình ăn 2 dĩa hàu nướng, 1 ốc hương, 1 ốc gai, 1 xìa, 1 dĩa ốc gì đó không biết tên, 1 ốc len mà tổng hết có 125k. ban đầu mình còn tưởng tính tiền nhầm nữa chứ. hôm sau quyết định đi ăn tiếp, quay lại thì thấy quán đóng cửa. sực nhớ hôm ni là rằm tháng 7 nên chắc nghỉ bán. qua quán khác ăn mà cảm thấy không ngon bằng quán ốc bông. đắng lòng ~.~. sau này mà còn quay lại quy nhơn chắc chắn sẽ dẫn bạn bè tới quán này.",0,0,0,5,0,0
khu vực ăn uống và mua sắm yêu thích của tôi ở việt nam và tôi ở ngay phía bên kia đường tại khách sạn ly ly. rất nhiều nhà hàng tốt ở đây và lựa chọn tuyệt vời,0,0,4,0,0,0
bãi cát đẹp long lanh lung linh luôn. nhiều booth khu vực sống ảo dành cho team tiktok với fbooker như mình nha. làm chục shot hình cháy máy luôn. nước biển trong veo nhìn thấy bàn chân luôn nha mọi người. khu vực nhà hàng giá cả hợp lý. không chèo kéo khách. khu vực vệ sinh & tắm nước ngọt sạch sẽ miễn phí. lều chòi giá cả phải chăng không chém khách du lịch. mình đi ca nô trọn gói 270/người nên không mất phí gì thêm nhé cả nhà,0,5,0,0,0,0
"đó là một thiên nhiên tuyệt vời, văn hóa và hướng dẫn. tất nhiên, thác nước trong vắt là một kiệt tác. (trời lạnh nhưng bạn có thể bơi trong khoảng thời gian vừa đủ. ngoài ra, sau khi trồi lên không bị dính như khi xuống biển hoặc ở vũng tàu.) rau hữu cơ từ lào ・ thị trường nhập khẩu từ trung quốc và việt nam tiếp giáp với nhau, di cư ở miền xuôi của người dân núi cao từ ngành du lịch ở việt nam, tôi cảm nhận được du lịch sinh thái và kinh tế thị trường trong chủ nghĩa xã hội. tôi không nghĩ mình đã có thể đạt đến cảm giác đó nếu không có sự giải thích của anh duy từ hướng dẫn viên.",5,0,0,0,0,0
"nhân viên đùa nhau hất nước vào đầu, tay khách. nhân viên không xin lỗi khách hàng . không mang khăn hay bất cứ gì để lau cho khách hàng.",1,0,1,0,0,0
giá phòng quá rẻ so với chất lượng,0,5,0,0,0,0
"bọn mình ở flc không biết ăn ở đâu, lướt lướt foody thấy được quán này, quán có xe đưa đón nên rất tiện. không gian thoáng mát, chị chủ cũng như anh tài xế cực kì thân thiện, nhiệt tình và chu đáo. chị để ý xem mình là dân miền nào để chỉnh gia vị cho hợp khẩu vị từng khách đến. không chê được chỗ nào luôn, bọn mình đã ghé cả trưa và tối vì quá nghiện đồ ăn chị làm. bánh xèo only 25k/cái mà phải nói là quá giòn quá ngon. salad rong nho thì best thật sự, tươi roi rói luôn. mực một nắng to đùng mà giá rẻ bất ngờ (đoạn này mình quên mất bnhiu/lạng rồi ) cá ....(sr mình quên mất tên) chiên xù một nửa còn đầu nấu canh cũng rất ngon nhen, giòn rụm tan trong miệng luôn í. mọi người nhớ thử món sứa nước lèo nha, đảm bảo không ngon nhưng vẫn lấy tiền nha...:))) mình đùa chứ ngon lắm, ngọt tự nhiên từ thịt tôm băm, về tới sg nghĩ lại mình còn ứa nước bọt vị thèm mà :( nước ép trái cây cũng tươi và ngon lắm, mọi người đừng quên thử nha♥️",0,0,0,5,0,0
"tôi đã ăn trưa với một người bạn sau một vài năm vắng bóng khi dùng bữa tại nhà hàng này. thật đáng buồn là thức ăn đã bị trôi xuống đồi. trong khi món cá hồi của bạn tôi được nấu ngon, thật đáng buồn là món thịt lợn cốt lết và bánh creme brulee của chúng tôi lại không. thịt lợn đã chín quá và rất khô. bánh creme brulee là sự nhất quán của trứng bác mặc dù phần trên là caramel rất ngon. đĩa pho mát ở mức trung bình vì các loại pho mát có vị quá giống nhau.",0,0,2,3,0,0
"không gian sạch sẽ, đẹp, đầy đủ tiện nghi",0,5,0,0,0,0
"khách sạn cực kì sạch, cô chú chủ khách sạn nhiệt tình, dễ thương lắm.",0,4,0,0,0,0
"bãi tắm sạch, biển nông và an toàn. hải sản tươi ngon. giá hơi cao xíu.",5,0,0,5,0,0
"chị ơi, cho em hỏi loại phòng nào là đẹp nhất ở đó ạ, em cũng muốn book, em tìm hiểu trên các trang đặt phòng mà hok rõ. có thể chị cho em số điện thoại để em gọi hỏi ạ",0,0,0,0,0,0
"chúng tôi đã có bữa ăn ngon nhất trong chuyến đi của mình dưới tán cây của nhà máy lọc dầu. đồ ăn kiểu bistrot kiểu pháp tuyệt đẹp, bao gồm cả bánh tartare bít tết hảo hạng. danh sách rượu vang xuất sắc quá. đối với chất lượng của sản phẩm, giá cả cao hơn công bằng.",0,0,0,5,0,0
"khu vui chơi sicakids tại phường bình định - tx an nhơn - tỉnh bình định là địa điểm vui chơi giải trí cho các em nhỏ từ 2 - 9 tuổi với đa dạng trò chơi vận động, trí não... được đầu tư cơ sở vật chất bài bản, trang thiết bị hiện đại duy nhất tại địa phương. không gian thoáng mát máy lạnh 24/24. mình đưa con đên đây chơi và cảm thấy hài lòng. giá vẻ chỉ 30k/ vé chơi cả ngày. mình ủng hộ loại hình giải trí này tại địa phương giúp các bé tránh xa ipad, smart phone hữu hiệu.",4,0,0,0,0,0
"dịch vụ chuyên nghiệp, giá thành rất hợp lý, là dịch vụ cho thuê xe máy có tâm nhất tại thành phố quy nhơn, ai hỏi thuê xe máy là mình nghĩ ngay đến chổ này",0,0,0,0,5,0
"buổi tối rất mát mẻ thoáng đẹp, nhân viên nhiệt tình. mình đi tối mùng 3 tết rất đông nhưng các ban nhanh nhẹn. đồ uống không ngon ẹt không ngon, giá tiền là giá view thôi :) phù hợp cho tâm sự nói chuyện sống ảo, không phù hợp thưởng thức đồ uống",0,0,0,3,0,0
"cửa hàng bán đặc sản bình định, có bánh hồng, bánh ít lá gai, nem, chả, tré, bánh tráng dừa, các loại hải sản khô, tươi, một nắng. rất đa dạng, giá cả phải chăng",0,0,0,5,0,5
"đi nghĩ mát ở đây view đẹp giá chừng luôn , sang chảnh cực kì , tập yoga xong ra nhà hàng ăn trưa đúng chuẩn sang trọng tốt nhân viên phục vụ quá dễ chịu , mặc đồng phục rất đẹp . bàn ăn sạch sẽ . ngồi ăn nhìn ra hồ bơi rất đẹp . ở đây yên tĩnh , rất hợp với kì nghĩ với gia đình . tại đây là resort cao cấp nên giá hơi đắt một tí . bù lại đồ ăn khá ngon . rất đáng để đến đây tận hưởng những ngày cuối tuần",5,5,0,5,0,0
nancy là người có nhiều kiến ​​thức và rất vui khi được đồng hành trong chuyến du lịch được cá nhân hóa này.,4,0,0,0,0,0
mình có search trên các web giới thiệu quán chè này ở qui nhơn nhất định phải thử mình ord chè khúc bạch với sữa chua hạt đác thì thất vọng vô cùng hic cả 2 món đều thật sự không ngon tí nào cả. và không gian quán cũng không đẹp gì nên mình quyết định mang ra biển ăn với cả các bé nhân viên phục vụ nói chuyện cũng không thân thiện lắm thử cho biết vậy thôi chứ sẽ không quay lại ạ,0,0,0,2,0,0
"quán tuy vắng nhưng hải sản tươi sống rất ngon, giá cả phải chăng. tới cầu cảng ghe khoảng 10p là tới quán. sẽ quay lại nếu có dịp.",0,0,0,5,0,0
"tươi, chế biến ngon, giá cả hợp lý !",0,0,0,5,0,0
phòng đẹp giá cao 1tr2 cho dịch covid,0,4,0,0,0,0
quá tệ. không bao giờ đi xe chơn mỹ nữa,0,0,0,0,1,0
"đến nhà hàng, không có nhân viên ra tiếp, nhân viên phục vụ chậm, đồ ăn bình thường, không gian nhật nhưng đồ ăn không có phong thái nhật. nói chugn là chán",1,0,1,1,0,0
bữa sáng theo mình không được ngon,0,0,0,2,0,0
"điều kiện phòng chưa đúng chuẩn 4*: thiếu hộp khăn giấy phòng khách, áo choàng, chỉ 2 gói trà mà không có cafe, cách âm chưa tốt, bồn tắm không có chỗ để đặt xà bông",0,2,0,0,0,0
"trà sữa ngon, không bị ngọt ngấy. thạch và các thứ topping đều tự làm nên yên tâm không phải hàng tung của. đói bụng, khát nước vài làm một ly là vừa no vừa đã khát. sẽ quay lại.",0,0,0,5,0,0
rất nhiều đặc sản địa phương giá hơi cao nhưng được,0,0,0,0,0,5
"nhà xe làm này ăn không có uy tính, mọi người đặt xe bên đây thì phải cân nhắc kỹ. mình gọi điện đặt xe di đà lạt chuyến 12h nhà xe nói 11h30 cho xe đến đón, xong khoảng 11h30 nhà xe có điện lại nói là xe xuất phát trễ khoảng 12h30 sẽ cho xe đến đón, xong mình và người nhà chờ đến 12h45 vẫn không thấy xe đến đón thì gọi điện cho nhà xe thì gọi miết không ai nghe máy, làm mình và gia đình ngồi chờ trong sự ức chế vì không có câu trả lời từ nhà xe, làm cho mình và gia đình lỡ mất các dự tính ban đầu, lần đầu tiên mình mới gặp phải 1 nhà xe cư xử không xem khách hàng ra gì, làm ăn không có uy tính, không xem trọng khách hàng, nếu xe hay tài xế gặp vấn đề gì thì phải gọi điện báo khách hàng biết để xử lý chứ đằng này không báo khách hàng gọi điện thì không bắt máy không 1 lời giải thích, mọi người đặt xe thì né né cái nhà xe lạc hồng này nhé.",0,0,0,0,2,0
- xe buýt ban đầu bỏ lỡ khách sạn của chúng tôi thêm 20 phút cho cuộc hành trình,0,0,0,0,1,0
đây là lần đầu mình đến nha trang và chọn được ngay khách sạn ưng ý. phòng view biển đẹp tuyệt vời.các bạn ở đây hỗ trợ mình rất nhiệt tình. chỉ mất vài phút tới biển và các cửa hàng tiện lợi.,0,5,0,0,0,0
"thực ra mình đến nha trang khá nhiêu lần, nhưng lần này mình không chon trung tâm mà chọn địa điểm khá yên tỉnh đó là khu hòn chồng nha trang, khách sạn này nằm trên con đường bắc sơn không quá náo nhiệt nhưng đi lại rất thuận tiện, ra biển 50m, tiện nghi đầy đủ, đặc biệt có hồ bơi. đội ngủ nhân viên rất nhiệt tình,",0,4,0,0,0,0
"những khách phòng khác rất ồn rất khuya rồi mà họ vẫn nch lớn tiếng r cười giỡn, tụi mình thấy rất khó chịu.",0,1,0,0,0,0
"thị trường mẹ và bé quy nhơn về mặt chung shop này bán giá cả rẻ hơn các shop khác, tư vấn tận tâm, duyệt.",0,0,0,0,0,4
"một địa điểm tham quan du lịch, nghỉ mát tốt hiện nay tại quy nhơn bạn chỉ cần đi hết cầu thị nại (thành phố --> khu kinh tế nhơn hội) là sẽ thấy ngay khu du lịch phía bên tay phải bạn nên đi vào những ngày không phải dịp lễ, tết để có những bức ảnh đẹp nhất mà không phải lay hoay chọn hướng vì quá đông người vé vào cổng ngày thường cho nhu cầu tham quan rất rẻ (50.000 1 người) và bạn phải trả thêm phí trò chơi nếu bạn có nhu cầu khi vào bên trong tại đây cũng có nhà hàng và khu ăn uống cho nên bạn không phải đi đâu xa hay là đem theo cả mớ đồ ăn cả sẽ rất thú vị cho những cặp tình nhân đi du lịch vì ở đây có rất nhiều homestay qua đêm và view thì miễn bàn luôn nhé!",5,5,5,5,0,0
"nhân viên thân thiện, nhiệt tình, phòng đẹp, gần biển, đã ở khách sạn rất nhiều lần và lần nào cũng rất ưng.",0,5,0,0,0,0
ly mojito như là mình uống chanh không đường vậy. chỉ cảm nhận được 1 xíu rượu rhum thôi không cảm nhận được vị nồng của rượu gì cả. kiểu pha chế lắc không đều hay s í. mà chỗ rượu không chỗ chua ơi chua. mà hông có muỗng nên dùng ống hút khuấy khó mà đều nên đành chấp nhận chứ nhân viên mang nước kèm bill ra thanh toán liền ngay lúc đó rồi. mình ngồi khá xa quầy pha chế nên thôi đành chấp nhận luôn. sinh tố xoài thì ôi thôiiii chua thôi rồi buồn cười được cái view biển rồi đèn lung linh thôi. mọi người nên chọn món nào an toàn xíu như nước ngọt chẳng hạn nha :)))),0,0,0,1,0,0
gần như có tất cả các đặc sản của bình định. mình thích nhất là rượu bàu đá. uống rất mạnh mà nhanh tỉnh,5,0,0,0,0,0
"đầy đủ mọi thứ, giá phải chăng",0,0,0,0,0,5
"nam lễ tân thì vui vẻ , nhưng hướng dẫn đỗ xe không chuẩn , và một người khác có vẻ như là nhân viên trực đêm ,có cách hướng dẫn thiếu thân thiện khi khách đậu đỗ chưa chuẩn ( thực chất là đậu theo sự hướng dẫn của bạn lễ tân nam trước đó ) , mỗi người 1 cách hướng dẫn . rất bất tiện vì không có chỗ để xe , tuy nhiên điều đó được thể hiện qua booking rồi nên đó không là điểm trừ.",0,3,0,0,0,0
"thật sự mình rất hài lòng về chuyến đến quy nhơn con người ở đây khá thân thiện, thuê xe máy của các bạn cũng vậy, xe đi tốt, các bạn nhiệt tình mình cảm ơn rất nhiều!",0,0,0,0,5,0
"rộng, thoáng, hệ thống xử lý chất thải tốt, có tương đối nhiều gian hàng, có khu vui chơi, rạp phim hiện đại, khu ăn uống thì hơi ít. tt mua sắm ngay trung tâm thành phố, thuận tiện, bãi đậu xe rộng rãi. rất thích",0,0,0,0,0,4
"giá: suất bé nhất thì hình như 40k, còn có suất to hơn 50k. hơi đắt so với bún chả bình dân, nhưng hôm nào nóng ngồi trong nhà mát rượi ăn thì cũng đáng.",0,0,0,4,0,0
"tuyệt vời và đáng tin cậy. rất thân thiện và hữu ích. rất khuyến khích. bất cứ khi nào tôi trở lại việt nam, tôi chắc chắn sẽ sử dụng",5,0,0,0,0,0
khu du lịch ghềnh ráng tiên sa là khu du lịch vô cùng nổi tiếng ở thành phố biển quy nhơn. vì nằm gần ngay trung tâm thành phố nên thu hút đông đảo du khách trong và ngoài nước. đến đây du khách sẽ được chiêm ngưỡng một vẻ đẹp thiên nhiên tuyệt mỹ.,5,0,0,0,0,0
tôi thường ra quy nhơn du lịch tôi thường tới đây thuê xe máy phải nói rằng không có dịch vụ nào sánh bằng nơi đây xe mới giá rẻ lại còn được tư vấn nhiệt tình,0,0,0,0,5,0
"không đáng tiền và mọi ng sẽ say sóng nếu đi ngắm san hô 15"" ngồi thuyền ngắm mất thêm 50k/ ngừoi",2,0,0,0,0,0
"mình mới đi hòn khô về và đã ở khách nì, khách sạn thuộc dạng mới khai trương nên rất sạch sẽ thoáng mát, không gian cũng rất ổn, đặc biệt view biển max đẹp luôn. ngắm hoàng hôn, bình minh chi cũng không thể chê vào đâu được. đồ ăn ở đây toàn hải sản tươi sống, xún biển bắt lên tươi roi rói nhảy đành đạch luôn à. nếu bạn đâng có dư định đi hòn khô thì nhơn hải là một lựa chọn đáng để tham khảo đó nha!",4,4,0,4,0,0
"cuối tháng 6 vừa qua, gia đình mình đã có chuyến du lịch tại quy nhơn và đã chọn flora hotel. bên ngoài flora mới mẻ khang trang, tầng trệt rộng rãi có thể để xe du lịch gia đình từ 4 đến 16 chỗ. vì đã đặt trước qua mạng nên việc check in nhanh gọn. nhà mình đã đặt 2 phòng, 1 phòng 4 người và 1 phòng 2 người, phòng mới, sạch đẹp, ngăn nắp. sàn của các phòng là sàn gỗ nên mình đi chân không thì luôn cảm giác ẩm ẩm hơi khó chịu. phòng 4 người, có 2 ổ cắm điện, hơi ít vì mọi người đi chơi về đều cần dùng. mình gặp rắc rối với vòi xịt nước toilet, mở xài mà bị kẹt cứng nên nước cứ chảy liên tục, phải 2 người đè và đẩy mới hết. ăn buffet sáng thì tạm được chứ không đến mức ngon, nước mắm pha rất sai, có thể là do vị người quy nhơn nó vậy. có một món duy nhất mình cảm thấy ngon là bánh ít trần vì ăn không cần dùng nước mắm. sáng ngày thứ nhất mình chọn uống nước cam, thật sự thì nó là nước đường có màu cam.sáng ngày thứ hai mình chọn nước chanh mà rót ra không dám uống vì rót ra có cặn sữa đậu nành, kiểu như là rửa cái bình đựng nước chứ không rửa cái vòi nên nó đóng máng sữa lại. các em nhân viên ở đây rất thân thiện nhiệt tình, chỉ là mình thấy vẫn thiếu người nên giờ buffet là bay điên cuồng. mình hy vọng flora sẽ xem xét lại để ngày một tốt và phát triển hơn, cảm ơn flora đã góp phần cho chuyến đi của gia đình mình thêm thú vị.",0,3,0,2,0,0
pham's house là một chỗ mua đồ uống rất ngon. hôm nay thử 1 ly trà sữa bọt biển phải nói là tuyệt vời. bọt mặn mặn rồi trà ngọt. tuy nhiên mình không thích trân châu cho lắm vì nó hơi giống thạch nhưng mà uống với trà thì cũng ngon. mình cũng không thích khôn gian cho lắm vì hơi nhỏ nên mình hay ship hoặc take away. ship thì nhanh. chị chủ quán nói chuyện dễ thương nữa. mọi người ủng hộ cho quán nha... 😗 tuyệt vời tuyệt vời 😗,0,0,0,5,0,0
"đặc biệt view biển cực đẹp, đi lại thuận tiện.",0,0,0,0,5,0
"tôi không thực sự thích nơi này vì tôi thấy một vài mặt hàng đắt hơn, vẫn thích chợ bin tay.",0,0,0,0,0,0
"shop đa dạng mẫu mã, nhiều loại, nhân viên tư vấn chi tiết, phù hợp nhu cầu khách hàng, mình đã mua đồ và rất ưng ý, sẽ ủng hộ shop dài lâu.",0,0,0,0,0,5
"vị trí thuận tiện cho việc đi lại, khách sạn có bể bơi sân thượng rất đẹp và tiện lợi",0,5,0,0,0,0
"trung tâm mua sắm tuyệt vời! ngay cả một số món ăn phương tây như mì ống thực sự, v.v.",0,0,0,0,0,5
"đi trúng mùa dịch nên giá phòng rất rẻ, phòng sạch sẽ tiện nghi. khách sạn rất đẹp. anh chủ rất là nhiệt tình và vui vẻ.",0,5,0,0,0,0
"không gian công viên xanh mát, gần biển hài hòa không khí mùa hè cũng như mùa đông. điểm đến lý tưởng để vui chơi, hẹn hò của tất cả mọi người khi ghé quy nhơn.",5,0,0,0,0,0
"ở đây phải gọi điện thoại đặt trước, đi theo đoàn thì mới được vào. nếu đi riêng lẻ mà không báo trước sẽ không được vào. bác bảo vệ rất thân thiện. bác nhẹ nhàng trả lời tất cả các câu hỏi của mình. khuôn viên rộng và đẹp.",5,0,0,0,0,0
tìm đến quán vào ngày đầu tiên ghé thăm hà nội. không ngon như lời đồn. nói chung là ăn cũng tạm được. so với những quán khác tại hà nội thì không nổi trội lắm. tuy nhiên nem cua bể cũng khá ngon.,0,0,0,3,0,0
"dịch vụ rất tốt, nhân viên chu đáo nhiệt tình, giá cả phải chăng, hợp lí. địa điểm lí tưởng để cho cả nhà du lịch. sẽ giới thiệu cho bạn bè và nhiều người khác nữa.",5,0,0,0,0,0
"muôn màu muôn vẻ, giá thành sản phẩm cao, nên cần phải có kinh nghiệp trả giá để mua được sản phẩm tốt",0,0,0,0,0,3
"đi uống trà sữa với cô bạn,có hai ly trà sữa mà chụp muốn nát cái quán. không gian quán rất thích hợp để check in, địa điểm nào sống ảo cũng ok cả rất thoải mái. quán có 3 tầng nhìn xuống là thấy đường phố, nếu muốn giết thời gian thì đây là địa điểm không tồi. kêu một ly trà sữa rồi ngồi nhìn dòng người đi qua. giá cả cũng sinh viên nên đông khách ghê, toàn mấy bạn học sinh với sinh viên thôi. nước uống nhiều loại, chung quy cũng ngon và rẻ, như thế là được rồi.",0,0,0,5,0,0
"dịch vụ đón khách này rất dễ dàng, đón khách và máy bay của chúng tôi bị trễ. người lái xe đã giúp lấy túi và rời đi quá nhanh nên chúng tôi không thể đưa cho người lái xe một khoản tiền boa. trên ổ đĩa trong trình điều khiển cũng chỉ ra các điểm mốc.",0,0,0,0,4,0
"dù mình chưa đặt bánh nhưng mà shop đã tư vấn rất nhiệt tình, mình rất thích",0,0,5,0,0,0
"nhân viên thân thiện, hỗ trợ tiện nghi khi em cần, sạch sẽ, khá gần trung tâm, chi phí hợp lý, niceee",0,5,0,0,0,0
"khó lắm mới tìm được spa massage hợp ý với mình đến vậy luôn nhân viên chu đáo đến từng chi tiết nhỏ... không gian thì siêu ấm cúng lại sang trọng nữa. hổng hiểu sao bước vào đây người mình nhẹ hẳn đi, âm thanh, mùi hương thoải mái lắm. hầu như đã trải nghiệm hết các gói dịch vụ ở tròn, nhưng mình thích nhất là gói massage body... chọn hẳn gói 90p lên vừa xông hơi vừa giải cơn mỏi quá chuẩn luôn❤️",5,0,0,0,0,0
"chúc cho quán ngày càng phát triển, làm ăn phát đạt. hẹn ngày gặp lại không xa.",0,0,5,0,0,0
"giá quá đắc mà trà sữa lại quá bình thườg, vị nhạt thua xa các quán trà sữa khác ở quy nhơn như bobo chẳng hạn mà giá cả quá mắc hơn cả gong cha hay phúc long mà 2 thương hiẹu đó uốg ly nào thấm ly đó không hề tiếc tiền khi bỏ ra, còn quán trà sữa này uốg mà tiếc tiền kinh khủng vì nó không đág",0,0,0,1,0,0
đã ở quy nhơn lặn biển tại alpha lặn vieynam và nghỉ tại 5 elements garden. bánh mì kẹp thịt và bánh taco là những món ngon nhất ở thị trấn này mà nó phải có,5,0,0,5,0,0
cần kiểm định lại thang máy (giấy kiểm định đã hết hạn).,0,2,0,0,0,0
"dành cho ai đi công tác nếu có ý định ở tại khách sạn này thì xác định là sẽ không được xuất hoá đơn đúng số tiền đã trả đâu. email lại khách sạn thì không trả lời, gọi điện 3 số điện thoại thì không được số nào cả.",0,1,0,0,0,0
"1 ngày tính 14 tiếng bắt đầu từ lúc nhận xe rất có lợi cho khách hàng. đợt trước mình đi nha trang thuê phải chiếc xe vừa cũ vừa nát mà sáng thuê tối phải trả không xịn mịn như chổ này. giá rẻ nữa, 150k cho chiếc tay ga ngon lành quá rẻ",0,0,0,0,4,0
"lúc các cô buồng phòng đến dọn phòng buổi sáng cho mình, thì các cô dọn rất nhanh nhưng mình thấy dọn chưa được sạch sẽ",0,3,0,0,0,0
"nhân viên thân thiện, xe máy giá tốt mà mới, hướng phòng đẹp",0,4,0,0,0,0
"phòng còn hơn cả tuyệt vời. lớn và rất nhiều thoải mái. tôi không biết gì về bữa sáng, không áp dụng trong giá phòng. vị trí tuyệt vời với nhiều dịch vụ 24/7 xung quanh và gần bãi biển",0,5,0,0,0,0
"khách sạn thì giá phòng ok, nhân viên cũng thân thiện nhưng mình ghét 1 điều là, trước khi trả phòng thì mình đã thu xếp hành lý không sót thứ gì, chỉ còn cái điện thoại đang sạc mình luôn nhớ sẽ rút luôn khi ra về ( vì tính hay quên), but khi ra về lại quên thiệt, mới đi được tầm 3km thì nhớ nên đt về khách sạn nhờ lấy dùm vậy mà lễ tân báo 2 lần tìm không ra but mình chắc 1 điều là bộ sạc nằm ở đó. bực đến giờ dù hơn 1 năm, mình vẫn chưa mua được cục sạc zin. mỗi lần đt sạc lâu vào lại nghĩ đến và giận (tính gì thù dai quá). nên hôm bữa đi 1 nhóm bạn thật đông mà mình quyết bàn ra nên quay ra đi khách sạn khác. đó là trải nghiệm của mình.",0,3,0,0,0,0
"hôm nay ghé buồi trưa nên hơi vắng. không gian quán cũng thoáng, view ok. phần bò 35k- ngon, vừa ăn, bánh mì nóng giòn nên rất dễ ăn- bt m ăn mấy quán ở sg quán nào cũng để bánh nguội dai/ khô ăn rất khó chịu nhân viên dtrai nhiệt tình luôn nhé.",0,0,0,5,0,0
"có một chỗ ngồi gần bãi biển vào giờ chiều, thưởng thức nhiều loại đồ uống như trái cây, cà phê lạnh hoặc ấm, và nhiều đồ uống khác. chỉ cần thư giãn bầu không khí.",5,0,0,4,0,0
"rất nhiều vật dụng có thể mua ở đây, giá phải chăng",0,0,0,0,0,5
"quán ốc này nổi tiếng ở quy nhơn rồi, dân địa phương với cả khách du lịch đều đến đây ăn. quán tầm 10 cái bàn nhỏ hà, không gian hơi chật nên bạn chịu khó tí nha, đổi lại ốc ngon lắm. dĩa nhỏ 15k, dĩa lớn 20k, tôm tích 40k. mình gọi mỗi thử 1 dĩa ăn thử. ốc ở đây chế biến sẵn như ốc chảo, có người gọi là mang ra ngay nên nhanh lắm, cơ mà nóng chứ không nguội đâu nha. món ngon nhất ở đây mình ăn là ốc len xào dừa, bao béo, nước ốc bao ngon. ốc trộn cũng ngon không kém nha. ngoài ra mấy loại ốc khác cũng ngon lắm, tên lạ lạ mà nhiều quá mình không nhớ nổi luôn. 4 đứa ăn quá trời gần 10 dĩa mà có 175k thôi, bao rẻ luôn mấy bạn ơi.",0,0,0,5,0,0
ngon bổ rẻ ốc hương 600 nhảy 280 ghẹ 650 ngao 2 cồi 300 giá rất phù hợp mà chât lượng thì khỏi bàn anh chủ thì thân thiện lắm lắm luôn,0,0,0,5,0,0
"mình mới ăn bánh xèo bò, tôm và bánh ít, bánh hồng",0,0,0,3,0,0
"giá rất mắc, combo 4 món chuông gió nhỏ, 2 lót cốc nhỏ mây, 1 quạt đan nhỏ, 1 phin pha cafe sứ in chữ sai gon, người bán báo 1,200,000đ. mình thấy mắc quá không mua, bảo em thôi chỉ lấy quạn đan thôi, chị báo 100,000đ. mình đưa 200,000đ, chị bán nhất quyết không thối lại tiền, không cho mình đi luôn. kiểu nhất quyết phải mua mới được đi ấy.",0,0,0,0,0,2
"địa điểm này nên đi vào tầm 3h-4h chiều và chơi đến tối để có thể trải nghiệm được hết các trò chơi bắn cung, leo núi, cưỡi bò tót, đặc biệt là các trò chơi dưới nước vì sáng đến trưa nắng rất gắt, khó để tham gia được các hoạt động ngoài trời/dưới nước. không gian rộng rãi để các đơn vị tổ chức teambuilding, hội nghị cuối năm.",5,0,0,0,0,0
chất lượng xe rất tốt đi du lịch chỉ cần những địa điểm cho thuê xe máy uy tín là có thể an tâm đi du lịch vui vẻ rồi,0,0,0,0,5,0
"hải sản rất tươi, chế biến đơn giản như luộc hấp thôi cũng ngon, ngọt thịt, giòn, chắc. nhân viên nhiệt tình, chủ quán đáng mến. nên thử cá mặt quỷ, sò lụa (nghêu hoa), nghêu 2 cồi, hào, cháo nhum.",0,0,0,5,0,0
"các bạn đi du lịch nên mua hải sản ở đây, nơi đây tập trung đủ loại hải sản tươi ngon với giá cả phải chăng",0,0,0,5,0,0
hình như quản lý ở đây không sao sát nên nhân viên phục vụ không được chu đáo.,2,0,0,0,0,0
"dịp lễ quá đông vaof ngồi 1 tiếng mà không phục vụ nào hỏi thăm. mình gọi vài lần cũng dạ dạ xong đi đâu mất tiêu. vào trong chỗ pha chế mượn menu thì quản lý mới hỏi menu đâu, nhân viên bảo hết rồi. quản lý quán trình quá tệ dù nhân viên phục vụ nhiều.",0,0,0,1,0,0
trễ giờ check in phòng vì dọn dẹp trễ. khăn tắm xin khá lâu mới có,0,3,0,0,0,0
tôi rất hài lòng về dịch vụ của khách sạn,0,4,0,0,0,0
"tiện nghi đầy đủ, phòng sạch sẽ, view thoáng. nhân viên tận tình, vui vẻ. bạn nữ lễ tân (tóc ngắn) rất vui tươi và nhiệt tình tư vấn mọi điều cho mình, rất cảm ơn bạn. lần tới đi chắc chắn sẽ tiếp tục chọn khách sạn này",0,5,0,0,0,0
"quán này nhỏ nhưng mà không bí. có món trà sữa country gì đó uống mùi khá giống trà phúc long trong sg, cô chủ nhiệt tình dễ gần/ giá cả hợp lý .",0,0,0,5,0,0
"anh chị chủ xe rất vui vẻ, nhiệt tình. xe thì mới, đi rất êm nha 😄😄😄. hơn hết giá thuê rất phải chăng. nếu có quay lại mình sẽ tới đây ủng hộ anh chị chủ hjhj. mình chỉ biết dùng một từ để ns là good!!!!!",0,0,0,0,5,0
"món ăn tạm được, (1ki)ghẹ tươi(400k/1kí), mực giai nhưng không ngọt(200k /1 dĩa), món sứa nước lèo ăn không ngon, nồi nhỏ xíu(320k) nhà mình 5 ng mỗi người được 1 chén, nghêu con to(150k/1 tô). canh cải 80k /1tô. theo khẩu vị thì không có gì đặc sắc vì menu không có giá nên khuyên các bạn nên hỏi giá trước khi gọi món. theo mình thì giá này chát quá.",0,0,0,1,0,0
"nói là quán kem chứ hầu như mình vô đây ít ăn kem lắm, toàn ăn mấy món mặn rồi ăn vặt thêm thôi, giá cũng rất ok so với mặt bằng chung khu này. mình ăn bánh canh và goi, bánh canh bỏ đầy đủ, nước dùng vừa ăn, có thể nêm thêm tuỳ ý, rau thì bọc giấy kính sẵn, mỗi khách một phần không gian ngồi siêu mát, siêu rộng, siêu thoải mái, có thể ăn uống, hẹn hò, tụ họp đủ thể loại luôn hen. nhân viên thì tạm được, thấy lạnh lùng vậy chứ cũng nhanh nhẹn lắm. tiêc là quán lớn nhưng wifi không có.",0,0,0,4,0,0
anh chị chủ rất dễ tính. mình mượn xe báo 17h trả nhưng có việc hẹn lại 18h vẫn vui vẻ và không lấy thêm phí. khi quay lại thành phố quy nhơn nhất định sẽ thuê xe anh chị tiếp. đi nhiều thành phố biển rồi mà thấy anh chị là vui tính dễ thương nhất. dù ở xa thành phố nhưng rất nhiệt tình chạy xe đến. giá hợp lý. trước khi thuê ở anh chị cũng tham khảo nhiều chỗ chắn chém khủng khiếp với khách ở xa tp. nhưng anh chị thì không,0,0,0,0,4,0
"wifi rất yếu và chập chờn, mình đã phải dùng 4g",0,0,0,0,0,0
"rất hài lòng với các bạn , nhà lãnh đạo , đối tác đầu tư kinh doanh",0,0,0,0,0,0
"không có nhà chờ máy lạnh nên hơi nóng bức. xe chạy đúng giờ, canh đúng thời gian để lên máy bay. giá ve 50k/khách, nếu đi ít 2,3 người thì ok, nếu đông người thì nên đi taxi tiện lợi hơn.",0,0,0,0,3,0
"thực sự thực sự thất vọng. tôi đã muốn ở đó một năm rồi .. cuối cùng thì vợ tôi, 4 tuổi rưỡi và tôi đã tìm thấy một đêm chủ nhật buồn ngủ để thư giãn. bữa ăn nhẹ nhàng và lãng mạn.",0,4,0,4,0,0
tất cả đều tốt từ nhân viên lễ tân tới phòng và vị trí khách sạn,0,5,0,0,0,0
"địa điểm rất thuận tiện để di chuyển xung quanh các quán ăn, gần như bạn có thể đến bất cứ đâu chỉ với 5-10p đi xe máy. có 3 nhân viên xoay tua, đặc biệt 1 bạn nam rất niềm nở nhiệt tình với tụi mình và support tụi mình trong cả kỳ nghỉ.",0,0,0,0,4,0
hải sản nhà hàng rất tươi và đậm chất quy nhơn. món bò nhập cũng rất ok. mình thích vị ở đây và sẽ quay lại nếu có dịp ghé quy nhơn :) delicious taste!,0,0,5,5,0,0
"địa điểm thuận tiện, nhân viên thân thiện",0,5,0,0,0,0
nơi này trước kia có cửa sau thông với trung tâm thương mại bây giờ không còn nữa kiểu hơi chật hẹp hơn nhưng vẫn nhìu sách vậy nhé mọi người yên tâm,0,3,0,0,0,0
"từ bãi biển quy nhơn dõi về hướng đông nam, những sớm sương giăng hay những chiều chạng vạng, dù quạnh vắng đến đâu, chỉ cần ngước về pho tượng trần hưng đạo uy nghi trên triền núi tam tòa trước mây sóng ngút ngàn, đủ khiến người ta yên lòng với cảm giác được che chở. công lao và sự hy sinh của một vĩ nhân cho dân cho nước quyết định sự ngự trị vĩnh cửu hay nhất thời của họ trong tâm thức dân tộc. một danh tướng ba lần đánh thắng nguyên mông để bảo vệ độc lập quốc gia, khi cởi giáp luôn khuyên vua khoan thư sức dân để làm kế sâu rễ bền gốc. đại hùng, đại dũng, chí nhân, trần hưng đạo hiển thánh trong lòng dân, được dân đời đời yêu kính tôn thờ. với quy nhơn, tượng đài trần hưng đạo không chỉ là thắng cảnh, mà còn là một tiêu điểm để neo giữ hồn dân tộc. từ thành phố, xuống cửa hàm tử, bạn chỉ cần mươi phút ngồi ca nô lướt sóng, và mươi phút đi lên con đường mới mở ven núi, là có thể đến tận nơi, dâng lên ngài một nén hương tưởng vọng, và bình yên dưới bóng ngài, ngắm biển trời thơ mộng.",5,0,0,0,0,0
"khách sạn ở quy nhơn view biển đẹp. bể bơi sang trọng, phòng sạch đẹp, phục vụ thân thiện.",0,5,0,0,0,0
"chúng tôi đã ghé thăm nhà hàng này trên đường đến sân bay. vì chúng tôi đi cùng một nhóm nên chúng tôi đã có menu cố định nhưng tôi đã kiểm tra menu và nó rất đẹp. thực đơn rượu cũng tốt. các món ăn chúng tôi đã thử đều rất ngon, dịch vụ tốt, cà phê đặc biệt rất ngon. tôi ước mình có nhiều thời gian hơn để thử những món khác trong menu.",0,0,5,5,0,0
"giá rẻ. đồ tươi ngon. nên đi ăn trưa vì quán vắng khách du lịch hơn, phục vụ sẽ nhanh hơn. ăn tối thì xác định là siêuuuuu đông.",0,0,0,5,0,0
"lần đầu ghé siêu thị thấy rộng, nhiều đồ, giá rẻ. nhưng hơi buồn vì thanh toán nhân viên trả thiếu 100k nhưng vì không để ý. đi ra khỏi siêu thị mới để ý. không đáng gì, nhưng vẫn cảm thấy hơi hụt hẫng buồn cười",0,0,0,0,0,3
"nhân viên cực kỳ dễ thương, vị trí trong khu biệt thự nên rất yên tĩnh, phù hợp với gia đình☺️. giá cả so với chất lượng phòng rất tốt.",0,5,0,0,0,0
"phòng hơi tối, chật hẹp, hồ bơi quá nhỏ có lẽ chỉ phục vụ cho trẻ con và chụp ảnh chứ không có giá trị sử dụng là mấy, quán ăn thì không hoạt động... cơ bản là phù hợp với giá tiền",0,3,0,0,0,0
"đó là một nơi yên tĩnh và đẹp. người dân địa phương rất dễ nói chuyện, họ cũng dễ mến; người cá sống tại làng chài. hải sản cũng rẻ. tôi hy vọng ngôi làng này sẽ không phải là một địa điểm thương mại như mọi người đã từng làm với những nơi khác từng rất đẹp ở việt nam.",5,0,0,5,0,0
"quá tệ. tối qua vá xe, lúc chưa vá vẫn còn hơi chạy được vá xong thay vỏ ruột luôn. lại vá thấy qua loa, mình vá xe mà bảo mình lên đánh giá 5 sao cho dịch vụ thuê xe. vá xong mình đi làm dẫn bộ hơn 7km giữa trưa. mong chú có tâm hơn xíu",0,0,0,0,2,0
"tôi ở lại hồ chí minh trong bốn ngày tại khách sạn ở quận 1 và đây là những dịch vụ taxi mà chúng tôi sử dụng trong suốt thời gian của chúng tôi. nó là một trong đó được giới thiệu bởi các nhân viên khách sạn và đây là những người mà bạn bè địa phương của tôi nói rằng chúng ta nên sử dụng nếu chúng tôi muốn họ làm theo đồng hồ và không chỉ đưa ra một mức giá! cho đến nay thông qua chuyến đi của chúng tôi, tôi sẽ nói rằng có hiệu quả và hữu ích.",4,0,0,0,4,0
"phòng sạch, giá cả hợp lý, nhân viên phục vụ tốt",0,5,0,0,0,0
"sân bay phù cát là một sân bay lưỡng dụng ở huyện phù cát, tỉnh bình định, miền trung việt nam. sân bay này do tổng công ty cảng hàng không việt nam, một cơ quan của cục hàng không dân dụng việt nam, quản lý. năm 2019, sân bay này phục vụ khoảng 1.6 triệu lượt khách. hiện nay sân bay đã có nhiều tuyến đường bay thẳng và có thể đón được các loại máy bay cỡ trung như airbus 321.",0,0,0,0,3,0
"mình có đi 1 mình tới đây để thưởng thức, tuy hơi hơi ngại so với không gian quán nhưng sự nhiệt tình của mấy bạn nhân viên + đồ ăn đã làm mình thay đổi suy nghĩ",4,0,0,4,0,0
"thức ăn rất ngon, tôi ăn bánh xèo với thịt bò và tôm. các món ăn được làm tươi và chất lượng tốt. nhân viên nói tiếng anh nhưng không có vấn đề. giá có thể cao hơn một chút so với những nơi khác nhưng tôi thực sự khuyên bạn nên ở đây",0,0,5,5,0,0
thức ăn tuyệt vời! bạn có thể thư giãn và thưởng thức khiêu vũ trong khi ăn tối. rất khuyến khích.,0,0,0,5,0,0
trải nghiệm mua sắm tại chợ là tuyệt vời.hay nan lại vài giây để có một trái nghiệm thú vị.,0,0,0,0,0,5
"đợt vừa rồi mình đi quy nhơn găp quán này ưng quá quán ngay đầu đường nguyễn huệ ngay cạnh biển..rất tiện ngồi hóng gió buổi chiều quán bán bánh bèo và các loại sinh tố, cafe bánh bèo nóng và ngon...ấn tượng mãi... sinh tố thì đa dạng đúng theo kiểu miền nam là vùng đất của trái cây vậy... phục vụ thì không có điểm gì để phàn nàn... mặc dù là quán bt nhưng anh chủ rất ân cần và tử tế..dùng xong bánh bèo còn hỏi lại bọn mình xem có vừa miệng ko..:d giá cả rất phải chăng.. highly recommend cho bạn nào đi quy nhơn nên ghé qua quán 1 lần nhé :))",0,0,0,5,0,0
"lương thực là trung bình. súp miso và udon có vị ngọt, mà tôi nghi ngờ đến từ glutamat. mì udon đã quá chín, do đó quá mềm, nên tad dai hơn.",0,0,0,5,0,0
"đi cả tuần rùi mà mới có dịp review. nhờ có đám bạn rủ mà tới giờ sau 25 nồi bánh tét mình mới biết tới massage kiểu này :d vừa bước vô không gian tiệm là có liền cảm giác thoải mái ấm cúng luôn rồi, thêm kiểu thân thiện mến khách của mấy bạn nhân viên nữa thì tới đây mình chấm 9đ luôn khỏi cần massage gì hết vui vẻ tới đoạn massage thì thôi khỏi bàn rồi huhu... ah đang massage có chị chủ ra chụp tấm hình nên mình xin đem về review giúp luôn nè. phải quay lại mỗi tuần thôi ^^",5,0,0,0,0,0
"ăn nhiều lần muốn ăn tiếp. sạch sẽ, ấm cúng, phục vụ ok, sẽ là nơi mời nhiều bạn bè đến ăn. so good delicous",0,0,0,5,0,0
cho mang thú cưng - có bãi đậu xe ô tô phía trước! dịch vụ phòng khá tốt!,0,4,0,0,0,0
"trà sữa, cookie và soda là những món hình tới quán thường hay uống quán nhỏ nhưng phục vụ tốt cô chủ quán rất thân thiện với khách, còn anh chủ quán rất nhiệt tình thân thiện quán cũng thường có của chủ quán xuống chơi",0,0,0,5,0,0
quán mát mẽ ok dịch vụ tốt. nhưng vô lý ở chỗ khách vào uống nước ở quán trả tiền rồi lúc về lại mất thêm tiền giữ xe trước quán. hazz...,0,0,0,2,0,0
dịch vụ tốt! xe đời mới cảm giác lái rất tốt! sẽ sử dụng trong lần tới,0,0,0,0,5,0
"tôi thích cơ sở này và thức ăn ở đây thực sự ngon. dịch vụ nói chung là tốt và chu đáo. tuy nhiên nó là đắt tiền nhưng chất lượng ở đó đáng giá. tuy nhiên, vấn đề lớn nhất của tôi với nơi này là nó quá ồn ào một cách vô lý. tôi không bận tâm đến những vũ công múa bụng và điều đó làm cho nơi này trở nên độc đáo nhưng âm lượng của âm nhạc lớn không thể chịu được vào buổi tối. tôi sẽ quay lại địa điểm trong giờ ăn trưa nhưng tôi ước rằng họ giảm âm lượng trong buổi tập múa bụng của họ vì lý do chính tôi đến cơ sở này là đồ ăn của nó và thưởng thức bữa tối ngon miệng nhưng âm nhạc mà tôi ước họ có thể bật nó xuống vì lợi ích của những tiếng trống tai của khách hàng.",5,0,1,4,0,0
"quyết định di chuyển bằng xe máy khi đến quy nhơn du lịch quả là một quyết định sáng suốt. bọn mình thuê xe máy đi, rất tiện lợi, tự do di chuyển khắp mọi nơi, giá rẻ mà chất lượng tuyệt vời luôn",0,0,0,0,5,0
đoàn thuê xe đi hà giang và đoàn đã đi đến nơi về đến chốn. cảm ơn bác tài rất nhiều. chuyến đi thành công tốt đẹp.,0,0,0,0,4,0
"có đầy đủ cá dịch vụ giải trí như xem phim, chơi bowling, game, ăn uống cafe, sang trọng và hiện đại. nhân viên thân thiện, cảnh đẹp",5,5,0,0,0,0
"hôm check in bọn mình lên tầng nhận phòng thì có 1 nhóm nhân viên nam ngồi ngoài cửa phòng của bọn mình, có bạn nam còn vừa bước ra từ phòng của bọn mình (có vẻ vừa đi wc ra), thấy bọn mình vào nhận phòng mới đứng dậy đi sang phòng khác để bọn mình vào. thật ra nếu gặp khách khó tính họ đã yêu cầu 1 phòng mới vì phòng bọn mình nhận rõ ràng là chưa được dọn sạch như yêu cầu. nhưng thôi, mùa dịch vắng khách mình cg không khắt khe.",0,3,0,0,0,0
"trước hết, đây là nơi ba lô quan trọng nhất. nếu bạn không muốn đi chơi với khách du lịch ba lô, đừng đến đây.",1,0,0,0,0,0
chủ khách sạn rất dễ thương,0,5,0,0,0,0
"an toàn , giá bình dân ~300k/đêm . có phòng 2 giường đôi thích hợp gia đình trẻ nhỏ. khách sạn trong hẻm taxi vào được , đi bộ ra bãi biển hòn chồng 5p . nên thuê xe máy 100k/xe số, 150k/tay ga nhưng phải alo trước khách sạn chuẩn bị. xe ở nt thường là hiệu sym nếu bạn không có yêu cầu đặc biệt. phòng tầng 8 view biển tuyệt đẹp. phòng sạch sẽ , chăn ga sạch, nước nóng lạnh đủ mạnh , có máy sấy tóc, tivi smart , máy lạnh đủ dùng. có dịch vụ dọn phòng nếu bạn có yêu cầu.",0,5,0,0,5,0
sân bay là con đường dạo phố đẹp nhất quy nhơn rồi. khung cảnh thoáng đãng. quy hoạch công viên xann thông thoáng. tuyệt vời,5,0,0,0,0,0
"bạn nếu không muốn đi quá xa khỏi thành phố quy nhơn mà vẫn có thể thưởng thức bánh xèo tôm nhảy nổi tiếng tại cái xứ nẫu này thì bạn nên ghé quán này. khá ok, vỏ bánh giòn, tôm tươi, rau ăn kèm nhìn khá tươi ngon và sạch sẽ.",0,0,0,5,0,0
"buổi tối quy nhơn cũng đáng yêu lắm, nên mình chọn thuê xe máy dạo quanh phố phường, dạo qua một loạt các sự lựa chọn bọn mình quyết định thuê xe của anh hoài bảo - giá chỉ 120k/xe/ngày trùm dịch vụ cho thuê xe máy quy nhơn.",0,0,0,0,5,0
"bánh bèo bán đắt hơn so với giá trị. ở quy nhơn nhiều hàng ăn bình dân lề đường mà ngon lắm, không cần ghé vào đây làm chi.",0,0,0,2,0,0
"mùa dịch nên khách sạn cắt giảm nhiều dịch vụ, với mình thì ok vì không ở khách sạn nhiều",0,3,0,0,0,0
"mình đi du lịch rất nhiều vùng miền ở vn, cảnh vật và con người là 2 yếu tố quan trọng để khách du lịch ấn tượng và nhớ mãi về mảnh đất nơi họ đi qua. nhà hàng này làm mình có ấn tượng không tốt, cách làm việc không thể chấp nhận nổi. mình đặt bàn đặt chỗ theo thực đơn cho đoàn 7 mâm các kiểu từ buổi tối hôm trước, sáng 9h alo gọi điện để kiểm tra lại ( vì biết bây giờ qn đông khách có thể có trục trặc) nhà hàng báo em không nhận đoàn chị nữa. quá choáng!!",0,0,0,1,0,0
"khách sạn gần biển, nhân viên thân thiện nhiệt tình",0,5,0,0,0,0
"giao xe nhanh chóng, thủ tục đơn giản. mình từng đi du lịch tại nha trang, đà nẵng, đà lạt , cũng từng thuê xe máy ở nhiều nơi nhưng chưa thấy chổ nào cho thuê toàn xe xịn như chổ này. còn trẻ mà giỏi quá, ngưỡng mộ em trai, cố gắng giữ phong độ và phát huy thêm nhé.",0,0,0,0,5,0
"chất lượng so với mặt bằng chung những quán trà sữa quy mô nhỏ ở quy nhơn thì khá tốt. đa số mấy quán có mùi hương liệu nhưng ở đây không có. tất nhiên cũng không thể so sáng với những thương hiệu nhượng quyền đài loan. quán khá nhỏ nhưng trang trí sạch sẽ, chỗ ngồi ổn. chỉ có điều cửa ra vào hẹp, rất khó chịu khi đụng phải khách đứng order. điều mà mình muốn góp ý với quán là đá trong ly nhiều so với giá tiền, tuy giá size lớn hợp lý nhưng hầu hết là đá nên thành ra không rẻ tý nào thà quán làm ly nhỏ thôi còn dễ chịu hơn.",0,0,0,2,0,0
"mình mua đúng 1 lần không quay lại lần 2. giá mắc ở quy nhơn không nói. vấn đề là nhân viên không nói rõ với mình quán bán trân châu nào, làm mình về thắc mắc với admin là sao không phải loại trân châu truyền thống. đã vậy admin còn mỉa mai mình kêu mình đáng lẽ phải đi hỏi quán đó là trân châu gì. ủa vậy sinh ra vị trí thu ngân order hay bạn nhân viên đứng trực tiếp đưa nước uống cho khách để làm gì. sao quán không biết tự động giới thiệu cho khách để khách khỏi nhầm lẫn. hoặc có khi khách hàng đúng nhưng cách gọi thạch của quán và của khách khác nhau thì sao??? nước uống tạm ổn ngoại trừ cách chăm sóc khách hàng của quán quá tệ. còn lại không gian quán được, chỗ ngồi chờ rộng rãi, nhân viên khá dễ thương và chú bảo vệ hiền. vậy thôi!!!",0,0,0,2,0,0
"nghe nói quán này của đài loan nên kem tuyết xoài là cực kỳ chuẩn đài loan lun! mình có biết mango tree có ở sài gòn nữa và cũng trên đường nguyễn huệ quận 1. giá trong í là gần 90k/ 1 phần y chang! nên mình phải tranh thủ tận hưởng chỉ hơn 50k mà chất lượng 90k thôi! riêng mảng sống ảo thì khỏi nói! quán quá đẹp đi! các chị em đến đây chụp hình đến mê muội lun á! nhân viên rất ư dễ thương lun! ghiền mango tree rồi đó nha! giá cả như đã nói ở trên, không thể hợp lý hơn nữa! nhất định phải đến n lần! kakaka",0,0,0,5,0,0
phòng bi a hơi nóng vì chắc lâu không ai lên chơi nên không được chăm chuat,0,0,0,2,0,0
tôi đặt pizza bánh pizza xúc xích 26 cm nhưng nhận được một bánh pizza 20 cm với một số miếng thịt màu xám có vị rất xấu. tôi sẽ không bao giờ quay lại đây nữa. tôi rất thất vọng về nhà hàng này.,0,0,0,1,0,0
"nước không ngon , nhân viên phục quá kém, khách hàng phản ảnh vì phải uống ly nhựa thì bắt khách phải chịu trả lời bướng thay vì hoà nhã. mình uống ly cooktail giá 100k cho lần đầu và lan2 2 ly yaout đúng kiểu lề đường. đi 2 lần bể mộng check in. chắc chắn sẽ không bao jo quay lại đây lần nào nữa.",0,0,0,1,0,0
"nằm cạnh xa lộ an dương vương, phía ngoài là biển bên xa là trường đh quy nhơn. thoáng mát nhiều trò chơi miễn phí có phí cho trẻ em...",3,0,0,0,0,0
giá thành hạt rẻ mà vị trí rất tiện luôn ạ. vì rẻ nên mình không nghĩ là có view biển. nói chung là rất ưng ý,0,5,0,0,0,0
"chả ram ngon, thơm, giòn.",0,0,0,5,0,0
"chúng tôi dừng chân tại thành phố quy bào, để tham quan và tìm thấy chính mình trong một trong những nhà hàng trang trí nội thất đẹp nhất của các mặt hàng lịch sử không khí thư thái và tự nhiên. thực đơn của nhà hàng này đi kèm với nhiều lựa chọn các món ăn được chế biến bởi các đầu bếp với ẩm thực việt nam rất ngon và ngon, dịch vụ thân thiện và chào đón và hầu hết giá cả cũng rất hợp lý cho cả người dân địa phương và du khách. chúng tôi đề nghị nhà hàng này cho tất cả mọi người.",0,0,5,0,0,0
lựa chọn hàng hóa tuyệt vời,0,0,0,0,0,4
lần đầu tiên tôi đến bar này cùng mộ người bạn của mình đồ uống ở đây rất ngon phong cảnh rất lãng mạng nhạc vừa đủ nghe để bạn có thể nói chuyện với mọi người khung cảnh tuyệt với với tầm nhìn đẹp trong buổi tuối sài gòn nhân viên ở đây rất thân thiện và lịch sự nhiệt tình,5,0,0,0,0,0
"con người quy nhơn đúng kiểu thật thà thân thiệt dễ gần, chất phát đậm chất miền trung luôn. mình có thuê xe máy chổ này 3 ngày, xe mới, chạy tốt và lợi xăng lắm. 150k cho xe ga vision đời mới . hôm thứ 2 mình đi tới cầu thị nại thì không may thủng lốp xe, gọi cho anh chủ, anh chủ chạy lên đổi xe khác và mang xe bị tụi mình đi thủng lốp về để vá, nhiệt tình dã man, vote anh 5 sao mạnh luôn",0,0,0,0,5,0
"quán ăn sạch sẽ và ấm cúng, có nhiều món ăn đẹp mắt. hàu trên dĩa sắt có vị ngon và béo ngậy rất hợp vị",0,0,5,5,0,0
đánh giá nội dung là: dịch vụ cho thuê xe máy ngay trung tâm thành phố quy nhơn giao xe rất nhanh mỗi lần mình đi công tác đều ghé bên bạn hoài bảo này để thuê xe,0,0,0,0,4,0
"chẳng biết nói gì hơn ngoài việc cảm ơn bạn rất nhiều. xe mới, tốt, giá rẻ thì quá nhiều người review rồi nhưng hô nay mình phải cảm ơn bạn vì đã rất thật thà và tử tế. mình trả xe và để quên ví trong cốp xe, lúc gửi lại xe thì cũng vội vàng không kiểm tra. bạn mang xe về và đã chủ động quay lại trả ví cho mình, mình thật sự bất ngờ vì lúc ấy mình đang lục tung khách sạn lên để kiếm. bạn xứng đáng nhận được 10/10 điểm vì chất lượng dịch vụ",0,0,0,0,5,0
"spa chất lượng và nhiệt tình. nhân viên nhiệt tình, chuyên nghiệp. trải nghiệm tuyệt vời khi đến quy nhơn.",5,0,0,0,0,0
"theo mình thấy là giá khá cao so với các chỗ khác nếu tính về tổng thể đầu tư, quy mô khu resort, hồ bơi... nhưng được cái là bãi biển rất private. phòng mình ở đáng lẽ là delux (3.5 triệu) thôi nhưng họ tự cho upgrade lên suite. suit thì co the phải hơn 4 triệu. nội thất tuy co vẻ không đầu tư cầu kỳ như các resort khác (o day theo kiểu mộc) nhưng rất comfort, rất clean, toàn bộ phòng hướng biển, bám sát lấy biển luôn, chứ nhiu resort khac phải đi bộ xa xuyên qua vườn, hồ bơi...còn ở đây bước vài bước là ngay xuống biển. vì sát biển như vậy nên cảm giác đúng chất là đi nghi dưỡng ở biển, từ bất cứ nơi nào trong resort cũng có thể thấy biển. có 1 điểm thú vị nữa là họ cho mượn thuyền kayak free, 1 số khách tây chèo ra hòn đảo nhỏ đối diên chơi và tắm được luôn. đảo này chung, không có người ở, cứ thoải mái chèo tầm 20p la tới. buffet sáng ok, các món đều ngon nhưng không đa dạng lắm, khá it, có thể mình đi mùa thấp điểm nên vậy. phục vụ rất rất nice, nói chuyện rõ ràng từ tốn. buffet sáng chờ đến khi không còn khách mới dọn dẹp không nhu 1 số chỗ khác khách đang ăn cũng dọn) khi checkout thì đuọc tặng 2 chai suối lạnh và mứt gừng ăn đi đường, đựng trong túi giấy lịch sự --> cái này e chua thay resort nao có làm cả. honeymoon có thể được tặng 1 chai champaign và trang trí phòng. buổi tối nằm võng đôi ngoài hồ bơi, ngắm cảnh biển ban đêm rất đẹp. vì người ta thả bè bắt tôm hùm, đốm đốm đèn sáng rực nguyên vung biển như sao trời í. nhược điểm: - cách xa thành phố, khoảng 15km, khách ở đây chủ yếu gọi taxi, tầm 15p có. lúc truoc nghe noi co xe đua đón nhung không hieu qua sao đó nên giờ không làm nữa. - vị trí nằm giữa con đèo cửa ngõ vào tpho nên khá nhieu xe tải và xe khách, ban đêm có đoạn không có đèn nên đi lại có thể hơi nguy hiểm, không nên đi xe máy - loại phòng hiện tại chỉ có room nhu khách sạn chưa có bungalow nhu resort (nghe nói đang xây) nên theo mình giá như vậy là khá cao nếu đi mùa thấp điểm (sau tết và trước tháng 6) có thể giá rẻ hơn duoc 10%",0,5,0,4,5,0
"tuy nhiên sau bao nhiêu năm, với các loại bánh mới ra cải tiến hơn về chất lượng, mùi vị thì bánh như lan dần trở nên thường hơn. tuy nhiên vẫn là 1 thương hiệu có tiếng!",0,0,0,4,0,0
"khu vui chơi giải trí với nhiều trò chơi thú vị thích hợp để đi chơi theo nhóm hoặc với gia đình: leo núi, bắn cung, đấu trường bò tót, đu dây, trò chơi dưới nước, khu trò chơi cho trẻ em... cảnh quan cũng rất đẹp, nhiều chỗ để chụp hình sống ảo",5,0,0,0,0,0
thực đơn có nhiều món ăn từ châu á. thức ăn ngon nhưng hơi đắt. dịch vụ của chúng tôi không thực sự thuộc loại thân thiện với xã hội nên vâng.,0,0,0,4,0,0
"mình ở đây từ những ngày đầu quán mới mở vì được nghe bạn bè cũng như foody review rằng đây là nơi bán trái cây tô đúng chuẩn nhất ở quy nhơn. hành trình đi tìm quán với mình cũng không khó khăn lắm vì mình học cấp 3 gần đó nhưng với hầu hết mọi người thì có lẽ hơi khó khăn được, mà theo mình thì mọi người chỉ cần hỏi đường tới trường thcs lương thế vinh thôi là sẽ tìm ra quán ngay vì quán nằm ngay bên hông của trường mà. chắc có lẽ là vì bù đắp cho vị trí địa lý không được thuận lợi nên quán làm nước hay đồ uống mà theo mình đánh giá là ngon, đúng vị, phù hợp với giá cả, cũng sạch sẽ nữa. mình hỏi chuyện chị trân-chủ quán thì chị cho hay mọi nguyên vật liệu ở quán đều là chị tự tay lựa rồi đặt hàng ở sài gòn về. ở đây món mọi người hay chọn nhất là trái cây tô, tô trái cây là sự hoà quyện giữa vị thanh mát của các loại trái cây, chút chua chua của sữa chua, chút béo ngọt của sữa kèm thêm một viên kem lạnh tuỳ theo vị mà bạn chọn.",0,0,0,5,0,0
"nước dùng vừa phải, ngọt vị. bún nóng và ngon. phục vụ nhanh, quán thoáng mát, sạch sẽ. 30k 1 tô là vừa ăn. đi buổi tối quán đông lắm nha. nói chung ngon nên không có gì để chê cả. lần sau xuống quy nhơn sẽ ghé lại lần nữa.",0,0,0,5,0,0
chuyến bay của tôi delay gần 2 tiếng nhưng vẫn được đơn vị cung cấp dịch vụ xe đón sân bay quy nhơn hổ trợ đợi chờ và đón tại sân bay. cám ơn đơn vị và tài xế.,0,0,0,0,4,0
"trên hành trình, nó dừng lại nhiều lần cho nhà vệ sinh và thức ăn. nếu không ai cần nghỉ ngơi, tài xế tiếp tục hành trình.",0,0,0,0,3,0
"bãi biển nằm trên đường xuân diệu, gần tượng đài chiến thắng. chiều tối có thể đi dọc bãi biển, ghé surf bar ngắm biển, uống ly cà phê hoặc cocktail.",0,0,0,0,0,0
"khách du lịch cũng nên đến thử vì địa điểm cũng trung tâm mà nhà hàng rất sạch sẽ, sang choảnh. có tầng trong nhà dùng để đỗ xe và hai tầng trên ăn. hình như toà nhà tích hợp cả hotel thì phải. giá cả ở đây siêu hạt dẻ. chỉ 15-20k một thứ. quán có bánh xèo và bánh căn. đã không bán nem lụi nữa. chất lượng bột bánh ở đây ngon. nhân nhiều vô kể. ngon nhất là vị bò. tôm chưa ngon lắm và mực thì bình thường. nhưng so giá thì cũng khá bõ. bánh không to lắm. nhân viên dịch vụ bình thường. bánh ra khá nhanh. trà đá thơm",0,0,5,5,0,0
"chưa mở lại dịch vụ giặt ủi, tivi không mở được.",0,1,0,0,0,0
"quán phục vụ nhanh, sạch sẽ, món ăn tươi ngon và giá rất tốt.",0,0,0,5,0,0
quán ngay sát eo gió. nhân viên nhiệt tình. có xe đưa đón tận nơi. đồ ăn rất là ngon.,0,0,0,5,5,0
"đồ ăn ngon, đa dạng, không gian ấm cúng nhân viên phục vụ tốt. anh quản lý rất đẹp trai cùng với chị chủ cực kì dễ thương sẵn sàng giúp đỡ khách. tôi được bạn giới thiệu ăn ở đây 3 lần và lần nào cũng là 1 trải nghiệm thú vị",5,0,5,5,0,0
dịch vụ cho thuê xe máy tốt nhất mình từng thuê giá cả hợp lý thủ tục nhanh đơn giản nhân iên tư vấn rất nhiệt tình giao xe và lấy xe tận nơi rất tiện cho bọn mình vote cho các bạn 5 sao,0,0,0,0,5,0
"nằm cuối đường nguyễn huệ, khách hàng chủ yếu là dân địa phương. giá hải sản ở đây rất rẻ so với những nhà hàng ở đường xuân diệu. khách khá đông nên phục vụ không nhanh.",0,0,3,4,0,0
xin lưu ý rằng có những kẻ lừa đảo ngoài kia giả vờ là bạn hoặc họ có thể là nhân viên của bạn sử dụng thẻ vinasun của bạn để lừa đảo khách du lịch. họ đã cướp của tôi 500 đô la.,0,0,0,0,1,0
"xe đi từ quảng ngãi vào bình dương mà 3 tiếng đồng hồ chưa ra khỏi quảng ngãi, xe thì hàng chất đầy xe, trể lịch trình khách hàng, nhận khách ngồi cả dưới sàng!!! quá tệ!",0,0,0,0,1,0
điểm cộng là nhà hàng này có xe đưa đón miễn phí từ flc. giá khá ok nhưng món ăn theo khẩu vị mình thấy không ngon lắm đợi món ăn khá lâu quán sạch sẽ thoáng mát,0,0,0,4,0,0
"đồ ăn ở đây khá ngon, hợp khẩu vị, phù hợp với người ăn kiêng, view đẹp, thoáng mát, giá cả phải chăng.",0,0,5,5,0,0
"phòng rộng, mọi thứ được trao đổi qua zalo, tiện trong giai đoạn dịch covid thế này. các bạn tư vấn nhiệt tình. có bán thêm snack khá ngon. linh hoạt về thời gian thanh toán. mình thích việc không cung cấp đồ dùng 1 lần để hạn chế rác thải nhựa.",0,4,0,0,0,0
"cá nhân tôi cảm nhận thì quán nhỏ nhưng rất đông, có lẻ vì khách follow review, bánh xèo tôm không ngon. bánh xèo bò thì ok hơn một chút. nhìn chung thì vẫn không nhon bằng bánh xèo diên hồng.",0,0,3,3,0,0
"2. mình đã book vé trên vexe rẻ, thanh toán tiền tận cửa hàng rồi nhưng tới sáng hôm đi lại bị hủy vé, tới khi liên hệ lại thì vé đã được đặt cho người khác. thật không thể chấp nhận được. tới nhà xe thì nhà xe bảo không biết, của bên vexe làm chứ không phải bên mình làm. vậy bên nhà xe thanh thủy liên kết với bên kia để làm trò đùa à ?",0,0,0,0,2,0
"quán ngon, mát mẻ, hải sản tươi sống, giá cả hợp lý, trọn gói dịch vụ du lịch tốt",0,0,0,5,0,0
"bốn hoặc năm điểm dừng, 45 phút lên sông, thả xuống tại một nơi nào đó ở ngoại ô và sau một giờ, bạn sẽ phải đợi ở đó, cùng một chiếc thuyền đưa bạn trở lại - một 45 phút xuống sông.",0,0,0,0,3,0
"thuê xe máy ở đây có thể nhận xe khách sạn và trả xe ở ngay khách sạn rất tiện, xe chạy tốt. lần sau sẽ thuê tiếp nếu có dịp ghé quy nhơn",0,0,0,0,5,0
"đa dạng dịch vụ, nhân viên co.opmart nhiệt tình và hàng hóa phong phú.",0,0,0,0,0,5
"phòng ốc thoáng mát, sạch sẽ và đầy đủ tiện nghi.",0,3,0,0,0,0
"quán dễ tìm. nhìn từ ngoài khá tối. bé bé. vào trong trang trí kiểu lạnh lạnh ấy. nhìn cứ thấy nghiêm túc. nhưng thấy cũng khá đặc biệt. phục vụ ổn. mình gọi ly american. khá ngon, thơm thơm. nhà vệ sinh sạch sẽ. mình đi buổi sáng sớm. không đông lắm. nhạc mở ok. giá cả hợp lý. nhìn chung khá thích. sẽ quay lại",0,0,0,5,0,0
"lại tìm ra thêm được 1 quán nhậu hải sản nữa, đặc biệt quán này hải sản bao tươi nhé, khong biết người ta bảo quản như thế nào mà mình đến quán nhậu lúc nào cũng tươi không à. thấy menu rất nhiều món, đều hơi cay cái là giá nó hơi mắc xíu chắc tại đồ tươi không biểu :) đều tiền nào của đó thôi. cách phục vụ của quán mình thấy khá ổn, oder hơi lâu xíu tại quán đông khách nữa nên cũng thông cảm thôi :)) nếu có kinh tế kha khá thì mình nghỉ nên đi quán này là howph lý nhất nhé bao tươi!",0,0,0,5,0,0
"ngoài ra khi thuê xe chổ này còn được giảm giá gần 20% khi mình đi tour qua kỳ co hay cù lao xanh chơi, kinh doanh có tư duy và sự liên kết tốt",0,0,0,0,4,0
"khách sạn ở tại vị trí trung tâm gần tháp trầm hương ở quảng trường đi ra chỉ mất 2 phút phòng rất đẹp và mới không hiểu sao lại có những đánh giá phòng cũ.giá quá rẻ và hợp lý với phòng giường đôi có ban công là 230k 1 đêm.khách sạn đẹp,sang trọng,dọn phòng hàng ngày rất sạch sẽ.nếu có dịp quay lại chắc chắn sẽ ở tại pavilion này",0,5,0,0,0,0
nên chú ý chính xác về việc check in- out của khách để việc thanh toán nhanh chóng.,0,3,0,0,0,0
"chợ nhỏ , nhưng hải sản tươi sống . khi mua nên trả giá khoảng 20-30% .",0,0,0,0,0,5
"có ai lên lotte ăn cây kem ké máy lạnh rồi về chưa :))). nắng nóng lên đây ăn cây kem mát lạnh trốn cái nóng là hết sảy vui vẻ kem ở đây siêu mịn, ăn nghiện luôn , lần nào đi big c mua đồ cũng ghé vô mua 1 cây ăn . thái độ phục vụ của nhân viên thân thiện, nhiệt tình . không gian sạch sẽ, rộng rãi, thoải mái. gà và khoai tây chiên ở đây cũng rất ngon. hay có các chương trình khuyến mãi nữa. giờ thì mình vẫn còn ngồi ké máy lạnh và sài wifi chùa đây :))).",0,0,0,5,0,0
"quán này bán bò né hơi bị ngon đấy , mì cay cũng nhỉnh hơn những quán khác ,mỗi lần đến mình toàn ăn phần đặc biệt 4 (chén bò lửa+ né đặc biệt ) đúng là tiền nào của nấy , ăn phần 45k bỏ đầy đủ ngon hơn hẳn ,mì cay cũng ngon, làm tô mì thật nhiều , bỏ đồ ăn cũng nhiều nữa , nhân viên nhiệt tình lắm, đặc biệt nhân vien với cả đầu bếp toàn nam vui vẻ , hôm sau chắc chắn sẽ quay lại",0,0,0,5,0,0
"nhân viên rất thân thiện, nhà vệ sinh sạch sẽ, chăn giường sạch",0,4,0,0,0,0
"có khá nhiều xe và loại xe. ông bà chủ thấy cũng vui tính, dễ gần. giá cả hợp lý, phù hợp cho từng loại xe. đặc biệt xe luôn trong tình trạng tốt nhất vì ông chủ kiêm luôn sửa chữa xe.hjh",0,0,0,0,4,0
"nướng nyna nyna thì cực kì quen thuộc với bọn mình rồi, đơn giản món gì cũng siêu ngon, siêu rẻ luôn hehe. lẩu chua chua cay cay, đậm đà mà đồ ăn kèm lại nhiều nữa. đồ nướng chất lượng lắm. ngoài ra còn có mấy món hàn như tokbokki, kimpap, chị chủ dễ thương lắm. buổi tối có mấy đèn lồng chụp hình lên yêu cực, nhân viên nhanh nhẹn nhưng mà tầm chiều tối quán đông món ra cũng hơi lâu đó. đi sớm sớm xí chỗ trước ngồi ăn lai rai là được. nhớ thở bạch tuộc phomai dai dai béo béo nha",0,0,0,5,0,0
"không gian quán thoát mát, phụ vụ nhiệt tình và cô chủ quán rất dễ thương, tiếp đãi chúng tôi rất ân cần.",0,0,5,0,0,0
"hồi thời sinh viên, mình chả dám ăn ở đây một lần vì quá mắc.nghe nói rất nổi tiếng nhưng giờ mình đi ăn thì thấy cũng bình thường giá cũng ổn chứ không cao gì. bình thường từ nội dung đến hình thức, mình thấy cũng được chứ không đánh giá cao lắm, mình thấy nó hơi ngọt. thực đơn thì đa dạng lắm, thứ gì cũng có và được cái quán mới xây lại khang trang , rộng rãi, mát mẻ. mấy bạn phục vụ thì không được nhanh nhẹn lắm. chắc tại mình nghe khen dữ quá, nên giờ mình hơi thất vọng.",0,0,0,3,0,0
"cửa hàng thân thiện,phục vụ nhiệt tình,giá cả phải chăng,các mặt hàng đặc sản địa phương đa dạng phong phú,sẽ quay lại khi có dịp quay lại quy nhơn❤❤❤",0,0,0,5,0,0
"thật tuyệt vời. phòng sạch sẽ, hiện đại, thoải mái, có tầm nhìn đẹp. hồ bơi vô cực trên đỉnh, tầm nhìn đẹp ra biển",0,5,0,0,0,0
"phòng 501 nhà tắm bị đọng nước cả ngày, không có khoá cửa nhà tắm.",0,2,0,0,0,0
"minh chua thuê xe bên nào uy tín như bên này,anh chủ rất dễ mến nhân viên rất nhiệt tình,lần sau vào quy nhơn sẽ ủng hộ nhiều,rất tuyệt vời",0,0,0,0,5,0
"chú nhiệt tình, vui vẻ và rất tận tâm ! sẽ luôn ủng hộ chú ! he is very funny and always do the best ! very carefully ! i’ll comeback in the next time !",0,0,0,0,5,0
"cuối tuần gọi là hết xe, cửa hàng nên nhập thêm xe về cho thuê nhé. nay thương hiệu đã mạnh rồi thì nên mở thêm 2-3 chi nhánh nữa để đáp ứng nhu cầu khách hàng. dịch vụ tốt, xe máy tốt, lần nào gọi cũng ưng lắm",0,0,0,0,5,0
"phòng không cách âm, quá ồn, không thể nghỉ ngơi, sáng trưa chiều tối đều bị ảnh hưởng bới tiếng ồn bên ngoài! cơ sở vật chất không đầy đủ, không có hộp khăn giấy, nước vòi sen chảy yếu! toilet lâu lâu kẹt nút không bấm được nói chung khách sạn cần cải thiệt cơ sở vật chất! so với giá tiền thì chưa tốt!",0,1,0,0,0,0
"lại thêm 1 quán của những thánh nghiền bakery ngọt rồi nhé, mấy fan đây rồi nhỉ. quán này bánh độc đáo dễ thương lắm nè, có làm mấy cái hình ngộ nghỉnh ghê nhìn là mê không muốn ăn luôn. ở đây khá nhiều bánh từ ngọt đến mặn, mình có thể yêu cầu quán tạo kiểu theo mình thích. mình thấy giá cả nó cũng khá bình thường chứ không quá mắc. mình mua nhiều là có nhân viên ship tận miệng nữa đấy. tóm lại mình rất thich mấy quán bakery như thế này <3. có dịp mình sẽ ghé quán lại đê oder nốt những loại bánh khác.",0,0,0,5,0,0
"bạn có thể thăm nhà thờ đá, mộ thi sĩ hàn mặc tử, ngắm bãi đá trứng và biển xanh, có thể nhìn về phía thành phố và tàu thuyền leo đậu rất thanh bình. bạn cũng có thể leo lên cao thăm mộ cũ thi sĩ hàn mặc tử, dạo mát trong không gian rừng bạch đàn yên ả",5,0,0,0,0,0
"hàng hóa hơi ít, nhỏ gọn, kiếm ít đồ làm bếp mà chỉ thấy có 1 con dao hay 1 cái kéo, được cái nhân viên khá thân thiện",0,0,0,0,0,3
"xem thật tuyệt vời. nhân viên đã vô ích. anh ấy khó mà phát hiện ra rằng những bức ảnh trên thực đơn trông to hơn rất nhiều so với thực tế. đã đặt hàng nhiều loại nguồn điện nhỏ ngay cả đối với loại ""lớn"". ra đĩa bên nhỏ. chúng tôi hỏi liệu chúng tôi có cần đặt hàng bên có nguồn điện hay không thì họ nói không và chúng tôi được thông báo là có nguồn điện đi kèm với rau. nó đi kèm với một lát bánh nướng tròn. cũng gọi một thực đơn lập sẵn có kích thước bằng một món khai vị bình thường. tất cả thức ăn đều có vị ngon nhưng kích thước tổng thể và giá cả của các bữa ăn chính không xứng đáng. một người khác trong nhóm của chúng tôi đã gọi món khai vị chả giò lớn hơn cả ổ chính của chúng tôi. nơi tốt để đi ngắm cảnh trên sân thượng và uống một ly bia, nếu không thì đừng bận tâm.",0,2,0,2,0,0
"khách sạn nhỏ, nằm trong ngõ, các tiện ích đi kèm của 4 sao là không xứng đáng. không gian chật hẹp, view biển thì ok, phòng view city thì cực xấu",0,2,0,0,0,0
"sân bay rất sạch sẽ, lịch sự. đội ngũ nhân viên thân thiện, nghiêm túc. nhà vệ sinh sạch sẽ.",0,0,0,0,4,0
"bánh xèo tôm nhảy có vị riêng đặc trưng, giá cả bình dân hợp lý, phục vụ nhanh. nhà hàng có đặt thêm những chiếc bánh hồng, bánh gai bé xíu trên bàn để khách hàng ăn thêm cũng rất thú vị.",0,0,5,5,0,0
"nhà hàng này không xa khách sạn của tôi, không có nhiều người ở đó trên đường 6 giờ chiều, nên tôi ăn tối nhẹ. đó là tốt, dịch vụ là nhanh chóng.",0,0,4,0,0,0
"tôi đã mua một nam châm. ở phía bên kia của bãi biển, có một cửa hàng lưu niệm khác. nó rẻ hơn 10000 so với nhân viên bán hàng, nhưng nó đắt hơn hội an. không có nam châm đà nẵng ở hội an.",0,0,0,0,0,2
"anh xã đi công tác tại quy nhơn, 2 vợ chồng di chuyển bằng taxi tốn nhiều chi phí quá nên mình mới tìm chổ thuê xe máy đi cho tiện lại tiết kiệm. may mắn tìm được chổ này 27a hoàng hoa thám quy nhơn, mình gọi điện mang xe đến tận nơi, thủ tục đơn giản không rườm rà như mấy chổ khác, bạn chủ nhiệt tình vui vẻ chỉ cho 2 vợ chông mình mấy quán hải sản ngon với chổ bán đặc sản giá sỉ mua về làm quà",0,0,0,0,4,0
chị lao công cũng rất thân thiện.,0,3,0,0,0,0
tiếng ồn của các máy móc từ các nhà cao tầng xung quanh làm ảnh hưởng đến sự yên bình,0,2,0,0,0,0
"đúng nghĩa ngon bổ rẻ, nửa kí ghẹ, 1 dĩa tôm nhảy, 1 dĩa ốc móng tay, 1dĩa ốc hương, cháo hải sản, bia = 485k , quá là ưng ý luôn @@",0,0,0,5,0,0
"xe tốt, nữ đi cũng rất an toàn thoải mái. anh chủ nhiệt tình vui vẻ, cẩn thận, giá thành rẻ",0,0,0,0,4,0
"gần biển, phòng nào cũng có ban công nên thoáng, gần nhiều quán ăn đi bộ thuận tiện, là khu trung tâm đông vui. đã nghỉ tại đây 4/2022. sẽ quay lại nếu có dịp.",0,5,0,4,0,0
chỗ nghĩ quá tuyệt vời. lần sau sẽ tiếp tục đến đây,0,5,0,0,0,0
"đầu tiên cứ thấy quán có máy lạnh là thích. quán bé bé. trang trí cũng ok chứ không gây cảm giác đặc biệt gì. đồ uống khá ổn. mình uống ly hồng trà macchiato thì phải. cũng qua vài tuần nên không nhớ rõ 😝 bỏ thêm trân châu trắng, giá là 28k 1 ly. theo mình cảm nhận thì với giá đó mình sẽ uống 1 ly phô mai bên espresso chứ không uống ở đây đâu. nhưng mà ở đây có máy lạnh nên ok 😋. menu không có gì đặc sắc. quán có phục vụ cả bánh nữa. mình không ăn nên không đánh giá được.phục vụ hơi chậm chạp. nước lọc của khách hết cũng không rót, đợi xin mới đi rót. có vẻ bạn phục vụ mới vào làm. nhìn chung thì khá ưng. rảnh sẽ quay lại.",0,0,0,4,0,0
"hôm nay cuối tiaafn lại có dịp ghé quán cùng với điwsa em của mình. hình như những trẻ em thường thíh ăn gà rán thì phải. quán hôm nay khá đông, mà chỉ toàn ba mẹ dẫn các bé tới ăn. điển hình con em của mình cũng ghiền hà rán không kém, mình kêu một combo 99k mà một mình nó chén sạch. chắc chủ nhật quán khá đông, mua mà chờ order với chờ món khá lâu, nhưng ăn cảm thấy ngon, nên cũng tạm chấp nhận. mình thấy nhân viên ở đây bình thường, như các cửa hàng bán gà khác, không thấy gì là khó chịu.",0,0,0,3,0,0
"tôi đặt xe chuyến 11h ngày 10/2/2022, đến lúc này là 2h chiều sau 7749 cuộc gọi qua lại họ lấy lý do hư bố, sau đó hư camera hành trình, sau đó đổi cho tôi đi chuyến của hãng khác, rồi lại hẹn tới lui… vẫn không có xe đến đón",0,0,0,0,2,0
"quán nằm trên đường trần độc rất dễ tìm, view quán rất thoáng mát, trang trí đẹp.quán khá đông đặc biệt vào buổi tối, trà sữa ở đây khá ngon, thơm và đặc biệt nhất ở đây là thạch nhà làm, có khá nhiều loại , theo mình thấy thạch ở đây ngon cực kì, mình uống trà sữa ở quy nhơn khá nhiều nhưng mình thấy ở đây vẫn ngon nhất. phục vụ nhanh, nhiệt tình và giá thì rất ok. phù hợp với học sinh và sinh viên. sẽ ủng hộ quán dài dài...",0,0,0,5,0,0
"phòng ổn, được mời đi nên chẳng biết giá cả thế nào. nói chung là được mời sẽ đi, còn tiền túi thì nghỉ, vui vẻ",0,4,0,0,0,0
"khách sạn apus đáng giá từng đồng tôi bỏ ra. cơ sở vật chất tiện nghi, hiện đại, lại còn có cả bể bơi trên tầng thượng. wifi trong phòng rất tốt. vị trí thì quá tuyệt vời: đi bộ 5 phút ra biển.",0,5,0,0,0,0
"không có bãi đậu xe riêng, thực đơn sáng ít lựa chọn nhưng món ăn ổn",0,1,0,3,0,0
"quán chuyên hải sản tươi sống, dù ngày lễ đông khách vẫn đủ phục vụ du khách đến tham quan, mua về! tốt cho 5 sao!",0,0,0,5,0,5
"tôi thường xuyên đi taxi vinasun ở sài gòn, và luôn có một trải nghiệm tốt. tôi vừa bị quá tải bởi một công ty taxi khác ở hà nội, và nó nhắc nhở tôi rằng họ tốt như thế nào.",0,0,0,0,4,0
"thật sự đến ăn và thất vọng, bánh hỏi và lòng heo lúc mang ra đều nguội (mình thích lòng được chần nóng hơn). giá khá chát, 40k/suất như hình, mình thấy giá vậy còn đắt hơn ở hà nội nữa. chắc chắn không quay lại",0,0,0,1,0,0
"hổm rồi về cháu quên đánh giá mất :v cô chú cho thuê xe rất hiền và nhiệt tình ^^ xe thì chất lượng khỏi phải bàn vì chú cũng kiêm luôn thợ sửa xe ^^ giá cả hợp lý. nhờ vậy mà mới chở crush vi vu khắp qn được <("") lần sau cháu sẽ tới thuê tiếp ạ ^^",0,0,0,0,5,0
rất khuyến khích.,0,0,0,0,0,0
"sân bay nhỏ nhỏ, xinh xinh, mỗi tội đi vào hơi xa",0,0,0,0,3,0
"theo mình thấy là giá khá cao so với các chỗ khác nếu tính về tổng thể đầu tư, quy mô khu resort, hồ bơi... nhưng được cái là bãi biển rất private. phòng mình ở đáng lẽ là delux (3.5 triệu) thôi nhưng họ tự cho upgrade lên suite. suit thì co the phải hơn 4 triệu. nội thất tuy co vẻ không đầu tư cầu kỳ như các resort khác (o day theo kiểu mộc) nhưng rất comfort, rất clean, toàn bộ phòng hướng biển, bám sát lấy biển luôn, chứ nhiu resort khac phải đi bộ xa xuyên qua vườn, hồ bơi...còn ở đây bước vài bước là ngay xuống biển. vì sát biển như vậy nên cảm giác đúng chất là đi nghi dưỡng ở biển, từ bất cứ nơi nào trong resort cũng có thể thấy biển. có 1 điểm thú vị nữa là họ cho mượn thuyền kayak free, 1 số khách tây chèo ra hòn đảo nhỏ đối diên chơi và tắm được luôn. đảo này chung, không có người ở, cứ thoải mái chèo tầm 20p la tới. buffet sáng ok, các món đều ngon nhưng không đa dạng lắm, khá it, có thể mình đi mùa thấp điểm nên vậy. phục vụ rất rất nice, nói chuyện rõ ràng từ tốn. buffet sáng chờ đến khi không còn khách mới dọn dẹp không nhu 1 số chỗ khác khách đang ăn cũng dọn) khi checkout thì đuọc tặng 2 chai suối lạnh và mứt gừng ăn đi đường, đựng trong túi giấy lịch sự --> cái này e chua thay resort nao có làm cả. honeymoon có thể được tặng 1 chai champaign và trang trí phòng. buổi tối nằm võng đôi ngoài hồ bơi, ngắm cảnh biển ban đêm rất đẹp. vì người ta thả bè bắt tôm hùm, đốm đốm đèn sáng rực nguyên vung biển như sao trời í. nhược điểm: - cách xa thành phố, khoảng 15km, khách ở đây chủ yếu gọi taxi, tầm 15p có. lúc truoc nghe noi co xe đua đón nhung không hieu qua sao đó nên giờ không làm nữa. - vị trí nằm giữa con đèo cửa ngõ vào tpho nên khá nhieu xe tải và xe khách, ban đêm có đoạn không có đèn nên đi lại có thể hơi nguy hiểm, không nên đi xe máy - loại phòng hiện tại chỉ có room nhu khách sạn chưa có bungalow nhu resort (nghe nói đang xây) nên theo mình giá như vậy là khá cao nếu đi mùa thấp điểm (sau tết và trước tháng 6) có thể giá rẻ hơn duoc 10%",0,5,0,4,3,0
phòng trang bị đẩy đủ tiện nghi. sạch sẽ. lễ tân nhiệt tình nhẹ nhàng thân thiện với khách hàng,0,5,0,0,0,0
"trên sự mong đợi chỗ nghĩ đáng ngưỡng mộ khung cảnh đẹp nên thơ mộc mạc sâu lắng lòng người , yên tĩnh thích hợp cho các kỳ nghĩ dài hoặc các kỳ nghĩ đông của khách thập phương, bạn bè năm châu bốn bể , là không gian trong sự thăng hoa,",0,5,0,0,0,0
"tuy nhiên, về giá cả thì tương đối cao hơn mặt bằng chung và mỗi sạp một giá khác nhau. đặc biệt, các tiểu thương và kể cả người bán hàng rong ở chợ này đều nói thách gấp nhiều lần so với giá thực tế, do vậy bạn cần giữ cái ""đầu lạnh"" để cân nhắc và suy nghĩ đưa ra giá thích hợp để mặc cả. mình ghét nhất nạn nói thách ở đây nên rất ít đi chợ này. do vậy, bạn không nên đi vào buổi sáng sớm vì khó mua hàng và mặc cả đúng giá với tâm lý là ""người mở hàng"".",0,0,0,0,0,3
"lúc cho thuê xe rất nhiệt tình. nhưng lúc tính tiền lại tính thiệt cho khách. mình thuê từ 11h kém 10 nhưng tính giá từ 10h30. lúc cho thuê đưa xe tới trong vòng 1 nốt nhạc, còn lúc mình trả xe phải chờ tới hơn 30p. thấy rất nhiều review tốt nhưng cảm nhận khi sử dụng dịch vụ khiến mình hụt hẫng bấy nhiêu. lần đầu, và cũng là lần cuối cùng!",0,0,0,0,2,0
"chỗ nghỉ sạch sẽ, phòng ốc rộng rai, đặc biệt giường đôi rất to ạ",0,4,0,0,0,0
"khách sạn quý nhơn gần biển, view đẹp, phòng chill. ấn tượng tuyệt vời trong chuyến đi này!",0,5,0,0,0,0
các nhân viên là tuyệt vời. anh chàng bảo vệ còn hữu ích nữa ❤️. phòng sạch sẽ và vị trí gần bãi biển. họ cũng có phòng tập thể dục và hồ bơi.,0,4,0,0,0,0
dịch vụ và nhân viên rất nhiệt tình dễ thương. phòng xinh xắn sạch sẽ tiện nghi. nhưng tiếc là bể bơi tầng 16 view đẹp quá trời mà khách sạn lại không dọn dẹp mà bỏ bê nên không ai lên đây bơi được cả . uổng cái view quá chời. còn lại rất ổn,0,4,0,0,0,0
"cảnh cực đẹp, phục vụ ổn, dịch vụ chưa đa dạng lắm nhưng thái độ nhân viên tốt. recommend cho các bạn không thích nơi đông đúc. tốt nhất đi ô tô với cả nhà lên đây nghỉ.",4,0,0,0,0,0
"đợt thứ 7 tuần vừa rồi được người quen giới thiệu mình có ăn tại quán, không gian thoáng mát ( không phụ thu) đồ ăn ngon, tôm tươi, cua thì chắc và ngon, không uổng tiền. mình có ăn mỳ xào hải sản thì thấy phần mì là mì gói đúng kiểu mình thích. nói chung quán ăn tốt, nếu có lần sau sẽ tiếp tục ghé ủng hộ quán.",0,0,0,5,0,0
"quán này không gian mở ngoài trời nên thoáng mát rười rượi, lại sạch sẽ. mình để ý rất kỹ từ chén bát đến đĩa đều một màu trắng tinh không vương tí bụi, như thế là đã ghi điểm trong mắt mình rồi. đồ ăn thì thôi rồi luôn, có nguyên 1 bể hải sản tươi sống,mình chỉ cần đến chọn là đầu bếp chế biến mà giá cả thì rất rõ ràng ngay từ đầu.nhân viên thì dễ thương,hướng dẫn chọn món tận tình luôn. đồ ăn ra thì vừa nhanh vừa nóng nên cực kỳ ngon, ăn no và đã mà không bị ngấy.",0,0,0,5,0,0
"khu mua sắm thời trang, mỹ phẩm cao cấp giữa trung tâm sài gòn. giữa trung tâm là các quán cà phê sang chảnh. khu foodcourt tập trung tại tầng hầm của tòa nhà, có món đá bào xoài khá đặc biệt. mô hình takashimaya sài gòn cũng giống với chuỗi takashimaya singapore",0,0,0,0,0,0
"mới đi quán này. sợi bánh canh hơi lạ nhưng dai ngon. nước dùng ngọt thanh, có vẻ không phải nhờ bột ngọt. quán cho hẹ và hành phi mới chiên nên tô bánh canh rất thơm. bạn mình đi cùng, tuy đã no nhưng không cưỡng lại được phải gọi một tô ăn thử buồn cười",0,0,0,5,0,0
bạn nam xách đồ rất nhiệt tình và thân thiện.,0,5,0,0,0,0
"mình ở quy nhơn cũng được 2 năm rồi ... thỉnh thoảng mình vào hoặc thuê xe máy đi chơi ... mình cũng thử thuê ở nhiều nơi nhưng chỉ thích mỗi mình hoài bão. xe tay ga hay ô tô cũng mới, động cơ tốt hơn xe của nhà, thích hợp đi du lịch. lâu lâu có xe nhưng mình vẫn thuê xe đi cafe xa .. bối rối bối rối bối rối à, chị có tiệm sửa xe nên sau mỗi lần khách trả xe thường kiểm tra xem xe có chưa. có gì để sửa xe. vẫn mới và ngon như lúc ban đầu ... ủng hộ dài dài anh em nếu có dịp",0,0,0,0,5,0
"mình hay gọi ship về. bây giờ không còn phần nhỏ 35k, chỉ còn phần 50k. cơm thơm ngon, gà tươi. ăn 2 người nên gọi 1 phần cơm đùi gà (50k) và 1 phần cơm thêm (5k nhưng nhiều lắm) là vừa ăn vì đùi gà khá nhiều. 2 người ăn chỉ thiệt hại 55k ^^ điểm trừ: cho rất ít kim chi",0,0,0,4,0,0
thất trãi nghiệm thú vị và đáng ghi nhớ,0,4,0,0,0,0
"bánh hỏi cháo lòng mới đầu nghe mình hơi ngại vì lòng mình ít khi ăn được vì nặng mùi nhưng vẫn quyết tâm thử cho biết nhưng không ngờ lại ngon lắm luôn. lòng làm sạch, tươi. bánh hỏi và nước chấm và cháo cũng rất ô kê la. :)) cả bàn như hình cộng thêm 2 ly sữa đậu nành mà chỉ có 70k.",0,0,0,5,0,0
quá tệ. không có gì đặc sắc cũng như thu hút người khác. làm kiểu: thấy họ dơ khu miền cũng chìa trốt.,0,1,0,0,0,0
"anh chị chủ cho thuê xe nhiệt tình, chu đáo, dễ thương, đặc biệt là giá thuê max rẻ.",0,0,0,0,4,0
"chè có nhiều loại khác nhau, nhưng nổi tiếng nhất là chè thái có sầu riêng. cốc chè to, vị chè rất thơm ngon, đặc biệt rau câu/ thạch mềm rất đặc trưng. ăn mùi sầu riêng quyện với các loại thạch rau câu ai không ăn được sầu riêng có thể dặn bỏ ra khi order, bớt 5k. điều đáng nói là ông chủ quán tầm 70 tuổi phục vụ quá tuyệt vời, đa di năng từ bê đồ cho khách cho đến gọi taxi nếu khách cần. 10 điểm cho quán chè nhớ quy nhơn, sẽ còn quay lại.",0,0,0,5,0,0
"heekcaa là 1 thương hiệu trà sữa nổi tiếng. mình nghĩ địa điểm khá thuận lợi, lại gần trường cấp 3. mình thấy thức uống cũng tạm ổn , nhưng giá thì hơi cao . không thể phủ nhận 1 điều là quán có không gian rộng rãi, thoáng mát, thoải mái và dễ thương có sự đầu tư và trang trí. trà sữa uống vào cũng đậm vị trà , nhưng nếu bạn nào thích ngọt thì không phù hợp lắm , bởi mình thấy vị hơi nhạt. được cái mấy bạn nhân viên dễ thương và thân thiện. phục vụ rất nhiệt tình .",0,0,0,5,0,0
"tôi không giỏi nói tiếng việt, vì vậy khi tôi hỏi một trong những tài xế tại sao anh ta không nói với tôi rằng trả tiền cho đồng hồ rẻ hơn thay vì trả giá, anh ta mắng tôi. đó là vô cùng thô lỗ và chưa được khám phá.",1,0,0,0,1,0
"dịch vụ ok.ql thân thiện , nhân viên phục vụ chuẩn không cần chỉnh , cơ sở sạch sẽ , mỗi tội hơi xa trung tâm tí...còn lại good. 5* cho dịch vụ",0,0,0,0,0,5
"dịch vụ rất tốt, độ tín dụng và an toàn cao mọi người nên đi thử",0,0,0,0,4,0
tôi không biết họ lấy những đánh giá tốt đó từ đâu. nhưng nơi này không đáng để ghé thăm. các nhân viên nơi chàng trai chưa từng làm việc trong một nhà hàng trước đây. họ mang thức ăn của chúng tôi đến hàng xóm của chúng tôi và họ ghi vào hóa đơn. họ đã quên mọi thứ. và thức ăn không ngon chút nào. tôi sẽ không đến đó.,1,0,1,1,0,0
"mọi thứ diễn ra suôn sẻ - đúng giờ và chất lượng xe tốt. chi phí cao hơn nhiều so với một chiếc xe grab, nhưng giá trị nó cho dịch vụ và sự tiện lợi. rất vui khi giới thiệu dịch vụ này.",0,0,0,0,5,0
"khách sạn dơ, không vệ sinh cẩn thận, mặt kính đóng bợn, bình nước nóng đóng mốc, review có vẻ tự đánh giá. edit: mình nói thêm là hình mình chụp là sau khi đã xuống lễ tân bảo vệ sinh lại phòng cho mình rồi, nhưng kết quả thì như hình.",0,1,0,0,0,0
"view đẹp, phòng sạch sẽ, nhân viên thân thiện",0,4,0,0,0,0
"quán rộng , đô ăn đồ uông gì cũng đêuf được chăm chút khá tỉ mỉ , dệp mắt , tối thứ 3 quán này có ca nhac acoustic nữa , rất thích capuchino của quán này , đều ở mức viawf phải , không quá ngọt , không quá đắng , sánh vừa thanh thanh , nhạc thi ok , phần lớn là các anh lớn lớn nên hát mấy bài hồi xưa , kiêu hoài niem í",0,0,0,5,0,0
đồ ăn sáng cũng ngon và đa dạng,0,5,5,4,0,0
"quán rất tuyệt , vị rất lạ rất ngon, uống rất đáng đồng tiền , mình đã ún rất nhiều quán nhưng quán này là được mình chấm điểm cao nhất . ghé quán được 3 lần rồi và dự là mình với con bạn thân sẽ ghé thường xuyên vì mê vị ở đây rồi . nhân viên phục vụ rất tốt , thân thiện , hết lòng với khách hàng . ước gì quán có chi nhánh trên an nhơn nhỉ , vì cứ mỗi lần thèm là mh với con bạn phải lặn lội từ trên an nhơn xuống mất hơn 30 phút vui vẻ . palace tea mà có thẻ tích điểm nữa thì tuyệt biết bao .",0,0,0,5,0,0
thật không hiểu nổi đứng sát lề đường nghe điện thoại mà cũng bị xe vinasun quẹt đã vậy không dừng lại mà còn bỏ chạy. không biết ý thức để đâu nữa. lấn làn xe máy chạy như ông nội thiên hạ. sẵn nói luôn không biết tài xế hãng xe này có bệnh gì không. kẹt xe cũng bấm còi mà bấm liên tục nghe nhức cái đầu đâu chỉ vậy cần kì thích chặn đầu xe. ôi nghe hãng xe của việt nam tưởng tự hào lắm ai dè. thôi né cho lành. phát khiếp.,0,0,0,0,1,0
"tôi thất vọng chỗ này nhất, có máy lạnh mà mở không đủ mát, nóng quá, người đông, trung quốc nhiều, không có chỗ đậu xe, đi dạo không thoải mái, lần sau sẽ đi chỗ khác chứ không đến đây nữa",0,1,0,0,0,0
"ngày xưa mình hay uống ở quán này lắm mà dạo này bận rộn việc ôn thi nên ít đi , được hôm đi ăn sáng gần đó hứng lên cả đám kéo nhau vào uống , hương vị trà sữa ở đây mình rất thích , nói thật phong cách phục vụ rất okey , giá cả thì mình thấy so với những hãng trà sữ khác thì rẻ , trà sữa socola hợp khẩu vị của mình , trân châu quán nấu ngon cực , cứ thích nhai trân châu ở đây , quán mở cửa cả ngày , trưa vào rất mát mẻ , không gian thoải mái để check in",0,0,0,5,0,0
"phòng đẹp, giường thoải mái, nhân viên rất dễ thương",0,4,0,0,0,0
"chả giò ""tươi"" của chúng tôi quá khô ... bánh crepe việt nam của chúng tôi rất nhiều dầu và họ để cả con tôm (mà không làm sạch chúng !!!!), mực nướng của chúng tôi đã nướng quá mức và nước chanh leo được cho là không tươi tươi ở tất cả ngoại trừ một loại nước trái cây siêu thị nguyên chất! dịch vụ không tốt và vì vậy tôi sẽ không giới thiệu địa điểm này cho bất kỳ ai, ngay cả đối với khách du lịch thuần túy!",0,0,0,4,0,0
"phục vụ: có mấy em nhân viên thì không ưng tẹo nào, hôm nào ngồi tầng 1 gặp bác già phục vụ thì thấy thân thiện hơn",1,0,0,0,0,0
"quán có nhìu loại bánh xèo: tôm nhảy, thịt bò, mực. mình thích nhất là bánh xèo tôm nhảy ăn 5-6 cái chưa ngán. mấy cô phục vụ nhiệt tình, vui vẻ. không gian quán rộng rãi. giá cả thì mình không rành mắc hay rẻ vì mình ở sài gòn đi du lịch bạn chỉ qua đây thì ăn thôi :).",0,0,0,5,0,0
"inn cafe được thiết kế theo phong cách ngọt ngào và lãng mạn. bởi vậy, các bạn sẽ dễ dàng tìm được cho mình những góc sống ảo ưng ý tại bất cứ chỗ nào trong quán. menu đồ uống thì cực kì đa dạng luôn, chất lượng nước ổn, ly nước cũng được trang trí bắt mắt, lên hình cực xinh nhé. quán có 2 tầng và theo mình thì tầng 2 có nhiều chỗ để chụp hình đẹp nhất, các cặp đôi còn có hẳn một phông tường vẽ trái tim nữa cơ, thích quá đi à :""< nhân viên của quán thì ok nè, nhiệt tình, thân thiện lắm nha. inn đáng yêu lắm nên các bạn bớt chút thời gian ghé qua inn đi nè ^^~",0,0,0,5,0,0
"thị trường lớn đầy đủ mọi thứ, nhưng các nhà cung cấp rất rất năng nổ làm việc hết mình để lấy tiền của bạn. họ tính phí cho khách du lịch gấp 5 hoặc 6 lần những món đồ có giá trị để bạn vẫn trả quá nhiều tiền khi bạn mặc cả xuống một chút. tôi rất tiếc những lần mua hàng mà tôi bị áp lực bởi các chủ cửa hàng.",0,0,0,0,0,2
"nhưng hè nắng nóng tới rồi nên mình vừa rồi có thử qua món chanh tuyết của quán, chà, nói sao ta, mát lạnh các bạn ạ, cảm giác như tuyết tan dần trên đầu lưỡi ấy, tan tới đâu mát mẻ tới đó, lại còn chua chua ngọt ngọt nữa chứ, dễ uống lắm cơ, giá thì theo mình nhớ là 20-23k các bạn ạ, thử đi nha, dễ chịu lắm đó! không gian ở quán không được lớn nhưng vẫn có những góc nhỏ xinh xắn cho các bạn tha hồ selfie. điểm trừ là nếu đi đông người thì sẽ hơi khó khăn trong việc sắp xếp chỗ ngồi, nhưng bù lại nếu bạn muốn tìm chỗ để học bài hay muốn đi một mình để suy ngẫm thì garden là lựa chọn hợp lí. mà quán không chỉ bán nước không đâu, quán còn có cả rong biển cháy tỏi hay khô gà để nhâm nhi nữa đó. gần đây quán có thêm khô gà lá chanh bên cạnh khô gà cay, vị cũng mới lạ hơn, rất đáng để thử đó, mà giá cũng vừa túi tiền lắm.",0,0,0,4,0,0
"phòng sạch sẽ, yên tĩnh, nhân viên dể thương",0,5,0,0,0,0
"phòng không cách âm, quá ồn, không thể nghỉ ngơi, sáng trưa chiều tối đều bị ảnh hưởng bới tiếng ồn bên ngoài! cơ sở vật chất không đầy đủ, không có hộp khăn giấy, nước vòi sen chảy yếu! toilet lâu lâu kẹt nút không bấm được nói chung khách sạn cần cải thiệt cơ sở vật chất! so với giá tiền thì chưa tốt!",0,1,0,0,0,0
gần như có tất cả các đặc sản của bình định. mình thích nhất là rượu bàu đá. uống rất mạnh mà nhanh tỉnh,0,0,0,0,0,5
"tôi thích không khí ở quán cà phê này lúc đầu. thức ăn và cà phê rất tầm thường. tôi đã đề cập nơi này có cầu thang lên và xuống không? rộng rãi! tôi đến để ngồi ở một địa điểm bốn chỗ vì tôi có rất nhiều đồ với tôi và nó không đông đúc chút nào. người phục vụ đến gặp tôi và nói rằng tôi không thể ngồi đó vì ở đó tôi chỉ có một mình và không có bốn người trong bữa tiệc của tôi. tôi nhìn sang và rõ ràng có một anh chàng đang ngồi một mình trên chiếc xe bốn chỗ và anh ta không được yêu cầu rời đi. tôi cảm thấy rằng tôi đã bị đối xử bất công. tôi quyết định sử dụng chỗ ngồi trên lầu và không có ai xung quanh. tôi đã không đánh giá cao dịch vụ của người phục vụ đó, điều đó đã làm hỏng ấn tượng đầu tiên của tôi về nơi này. ngoài ra, những nhân viên còn lại cũng không khá chú ý xem bạn muốn thêm đồ uống hay thêm đồ ăn. không ai đến xung quanh khi đến lúc thanh toán hóa đơn của tôi. đáng buồn thay, đây sẽ là chuyến đi đầu tiên và cũng là cuối cùng của tôi đến quán cà phê m2c.",0,0,0,2,0,0
"hét lên với phú, người phục vụ của chúng tôi, một lý do lớn khác khiến chúng tôi có khoảng thời gian tuyệt vời như vậy! cảm ơn tất cả các khuyến nghị và cái nhìn sâu sắc.",0,0,0,5,0,0
"những chiếc xe máy được bảo dưỡng tốt, và có nhiều loại xe đạp. sếp và quản lý cũng giỏi giao tiếp vì họ nói tiếng anh tốt. đừng thuê từ khách sạn tôi thích thuê của bạn ở đây!",0,0,0,0,4,0
tôi mua cánh gà với giá 54k trên kệ nhưng xuất hoá đơn thì thấy 72k. tôi yêu cầu được trả lại hàng thì nhân viên làm mặt lạnh nạt tôi “sao không nói sớm để xuất hoá đơn mới nói” và không cho trả lại. ủa không xuất hoá đơn ra làm sao tôi biết được đã bị lừa =)))) cảm ơn vinmart qui nhơn đã đem đến cho tôi trải nghiệm mua sắm tuyệt vời này,0,0,0,0,0,2
"chỗ ở rất gần khu trung tâm cách chợ đêm và biển 1-200m. đi ra cảnh thuận tiện, cách sân bay cam ranh di chuyển tầm 40 phút. nhân viên lễ tân niềm nở, phòng sạch đẹp",0,4,0,0,0,0
nên ăn nem cua (nem to) thì sẽ ngon hơn nhiều so với nem bé.,0,0,0,0,0,0
"xe gì đi lẻ vài ngàn , kêu không có tiền thối rồi xin khách lấy luon tiền chẵn vì là khách mở hàng , thái độ phục vụ kiểu gì vậy , đi bực mình , tốt nhất mọi người đừng đj",1,0,0,0,1,0
"khách sạn 4 sao nhưng nhà hàng không phục vụ ăn trưa, gọi món thì được thông báo không phục vụ tới trước 4h chiều.",0,1,0,0,0,0
"không gian, cảnh sắc, cùng với những ly cocktail ở đây như quyện vào nhau đầy sức hút",4,0,0,4,0,0
"rất nhiều mặt hàng được bày bán ở đây, giá hơi cao hơn 1 chút so với thị trường chung, nhưng vì nó là cửa hàng 1 stop nên mức giá đó chấp nhận được.",0,0,0,0,0,5
"khu vui chơi dành cho mọi người có nhiều dụng cụ tập thể dục, cây hoa được chăm sóc tốt",5,0,0,0,0,0
"đồ ăn mặn, ra món chậm, có người ăn xong rồi mà người kia vẫn chưa có đồ ăn, nhân viên thiếu nhiệt tình trong quá trình phục vụ",1,0,0,1,0,0
"cơm mậu 1 cái tên khá hot trong giới chụp ảnh cưới quy nhơn, các cặp đôi đưa nhau ghé đây để chụp những bộ ảnh cưới. bên cạnh view đẹp với tông màu vàng hoài cổ thì quán có những món ăn rất ngon có tiếng cơm nhà. buổi trưa với tối là lúc gia đình kéo nhau tới ăn vậy là những cặp đôi đi trể co thể không có bàn mà ăn đâu nhan! bù lại thức ăn ngon tuyệt thì giá cả hơi mắc nhé, giá đó phù với những vị khách du lịch muốn có bữa ăn ngon đảm bảo vệ sinh và gia đình khá giả chứ không phải thuộc loại bình dân. nhưng dù vậy quán vẫn luôn thu hút khá là nhiều khách, chúc quán phát triển lâu dài và lâu lâu có chương trình khuyến mãi :))",0,0,0,5,0,0
"sân bay khá nhỏ, chỉ có 1 người soát vé chỗ cổng an ninh nên phải xếp hàng dài chờ khá lâu",0,0,0,0,2,0
"quán này ngày xưa khá nổi tiếng ở quy nhơn (khi tổ chức tiệc hay ăn uống cùng bạn bè thường hay ghé quán). nhưng nay: thức ăn tạm được, nhân viên mặt tỉnh queo, thời gian chờ món muốn mượn quán cái gối ôm.",0,0,0,3,0,0
"trung tâm thương hiệu lớn, rất nhiều cửa hàng nếu bạn muốn thỏa thuận thực sự và rất nhiều quán ăn chủ yếu là người châu á đã thấy bất cứ điều gì phương tây nhưng không mong đợi. mua một vài món đồ trong một cửa hàng (mumuso) và phát hiện ra khi trở lại khách sạn chúng tôi đã thiếu món đồ đắt nhất. một bài học kinh nghiệm để kiểm tra trước khi rời khỏi cửa hàng rằng tất cả các mặt hàng đều ở trong túi.",0,0,0,0,0,2
"chợ bán hải sản rẻ, đa dạng, rất tươi. đặc biệt đi chợ vào buổi chiều.",0,0,0,0,0,5
phòng hơi mùi khó chịu khi ra ngoài trở lại phòng. ở tầng 4 nên nước nóng không ổn lắm đợi lâu. thùng rác trong nhà vệ sinh không có nắp đậy,0,1,0,0,0,0
"món ăn thì được chút xíu, chả có gì gọi là đặc sắc. được cái không gian thoáng mát, chủ yếu để phục vụ cho người nước ngoài, phục vụ bình thường",0,0,0,2,0,0
"khi mình vừa tới khách sạn, nhân viên tiếp đón rất nhiệt tình từ lễ tân cho tới bảo vệ, các anh kỹ thuật. ngoài ra anh huy bên sale cũng nhiệt tình tư vấn cho mình về nha trang.",0,4,0,0,0,0
"phòng sạch sẽ, đầy đủ tiện nghi nè, view núi rất đẹp, phòng mình ở tầng trệt có lối đi riêng khá là ổn áp ☺️. bạn lễ tân thì rất ư là dể thương.",0,4,0,0,0,0
"chúng tôi đã ở đây lần thứ hai, nó giống như lần đầu tiên. thức ăn ngon, dịch vụ tốt, cảnh đẹp. tôi sẽ đến đó trong lần tới. cho phép đến đây cho cảm giác của bạn.",5,0,0,5,0,0
"đồ ăn vừa ngon, vừa sạch chưa kể giá cả lại cực kỳ vừa túi tiền phù hợp cho sinh viên . đi quán nhậu , mình cực kì để ý cách phục vụ của nhân viên khi đi ăn dù cho có ngon cỡ nào mà phục vụ tệ hay không nhiệt tình mình cũng không đến nữa nhưng đến vị cua thì không những nhân viên nhiệt tình mà đến a chủ quán cũng cực kỳ dễ thương nữa vui vẻ đi học xa mà lâu lâu về que lại đến vị cua cùng bạn bè và dần trở thành thoid quen. đồ ăn hải sản ở đây các bạn cứ yên tâm về chất lượng, vì mình từng mua hải sản ở vị cua rất nhiều lần để gửi đi xa cho họ hàng ai cũng khen tươi và cực kì ngon, chưa bao giờ thất vọng cả dưới đây là món cua singapore nè !! trời má ngon bá cháy ngon hết phần thiên hạ luôn . ai đến vị cua thig đừng quên thử món này nha. vị cua is the best 🙆🏻🙆🏻🙆🏻",0,0,5,5,0,0
khách sạn quy nhơn đẹp nhất trong số những khách sạn tôi từng ở!,0,5,0,0,0,0
"quán quá tệ. chỉ được trang trí đẹp, còn thức ăn không ngon tệ, ngay cả người cty mình ở 3 vùng bắc trung nam đều chê, quán nấu không món nào ra món nào, phục vụ khinh người, toàn mấy đứa thiếu chuyên nghiệp, nhìn cứ ngơ ngơ ra như bị bệnh thiểu năng. quán chật chội, đi tour giá cao mà bị lừa vô quán này, cả đoàn cty mình phản ánh tour quá trời. làm ơn, đừng móc nối với tour đẻ ép khách vô quán này nữa. làm ăn có tâm giùm đi, để đức cho hai đứa con nữa chủ quán ạ.",0,0,0,1,0,0
"trải nghiệm tuyệt vời, anh chị khá nhiệt tình, lễ tết chỉ phụ thu thêm 10k/chiếc, giá bình thường là 120k/chiếc. xe khá đẹp mới luôn. với dàn xe 40 chiếc, gần như lúc nào cũng có xe cho khách.",0,0,0,0,5,0
"thực phẩm là cửa hàng lưu niệm chính như bánh kẹo, cà phê, hoa quả khô. không có túi vải và các sản phẩm thêu, nhưng khi bạn không muốn dành thời gian mua quà lưu niệm một cửa hàng tiện lợi của một phạm vi nhất định của sản phẩm.",0,0,0,0,0,4
"(bản dịch của google) không có vật dụng gia đình như bếp từ, bếp ga, muỗng, đĩa… mà chỉ có bồn rửa. có một ấm đun nước điện, nhưng nó trông không được sạch sẽ. tủ lạnh, tv, quạt, điều hòa, giường, nước nóng lạnh đều được cung cấp, tính ra 2 đêm khoảng 500.000 đồng nên tiết kiệm chi phí. phí thuê một chiếc xe máy mỗi ngày là 140.000 vnd. gần bãi biển và tốt đẹp.",0,3,0,0,4,0
"ở đây bán rất nhiều hàng hóa, thức ăn truyền thống-quà tặng với giá tốt, nên tôi thích big c hơn nếu bạn muốn mua gì đó ở thành phố quy nhơn.",0,0,0,0,0,4
top thương hiệu chả ram tôm đất được ưa chuông nhất việt nam,0,0,0,5,0,0
chúng tôi rất thích ngồi ở một chiếc bàn bên ngoài và mọi người xem trong khi có một vài loại bia tươi tiger lạnh và lạnh. không gọi món nhưng thực đơn trông có vẻ ok và mùi bánh pizza nấu ăn chắc chắn hấp dẫn. phòng tắm rất sạch sẽ. vị trí tốt trên đường từ bãi biển với một làn gió biển dễ chịu.,0,5,0,0,0,0
có lẽ ảnh hưởng bởi dịch covid nên thiếu nhân viên dọn phòng,0,3,0,0,0,0
"quy trình đặt vé dễ dàng, tài xế đúng giờ và lịch sự, chúng tôi không phải lo lắng về bất cứ điều gì. tôi luôn khuyên bạn nên chuyển nhà riêng vì bạn không bao giờ biết tài xế taxi sẽ làm gì!",5,0,0,0,5,0
"là bar nằm bên bờ biển, khá đẹp và lạ. tuy nhiên đồ uống ở mức bình thường, không mấy nổi bật. buổi tối không gian rất đẹp. thích hợp cho các thánh sống ảo",4,0,4,3,0,0
"mình đến quán nhiều lần rồi nhưng chủ yếu là đi một mình nhưng lần này mình dẫn em gái mình theo. em gái mình không thích ăn đồ sống nên khi mình rủ đi ăn thử hơi có định kiến nhưng lúc mới bước chân vào pokesaigon nó bị hấp dẫn liền cái đầu tiên là được chọn toppings dập mặt (cỡ 15+ toppings, lâu lâu quán lại đổi topping of the week để đa dạng hoá). sau đó trộn đều tô poke của nó với base là salad (nó đang ăn kiêng nên chọn salad, bạn còn có thể chọn cơm gạo nhật/ gạo lứt) với sốt (nó chọn goma sesame vì là sốt dễ ăn nhất), proteins (2 muỗng cá gồm cá ngừ + cá hồi cay) và cả bầu trời toppings. lạ là trộn đều hết lúc thưởng thức không bị lạ miệng hay các nguyên liệu vị nghịch nhau mà vị như hỗ trợ lẫn nhau ý làm tăng hương vị và át mùi cá. em gái mình đổ đứ đừ luôn nên sau lần này pokesaigon lại có thêm fan mới",0,0,0,5,0,0
"phòng sạch sẽ, nhân viên dễ thương",0,4,0,0,0,0
"không gian nhà hàng đẹp, rộng rãi thoáng mát. view nhìn ra biển đẹp và sạch. thức ăn ở đây chế biến rất ngon và hợp khẩu vị của mình. rau cải rất tươi, nước chấm pha ngon, cá chiên béo và giòn. nhân viên phục vụ rất lịch sự và nhiệt tình, xin thêm gì là thấy đem lên rất nhanh. nói chung đây là nhà hàng được nhất trong cả chuyến đi 3 ngày ở quy nhơn của công ty mình. tuy nhiên không biết sao trên bàn mình có một hộp gì không biết. mong nếu có dịp sẽ ghé để thưởng thức thêm các món ăn ở nhà hàng này nữa.",0,0,5,5,0,0
"vừa rẻ vùa ngon. hải sản tươi sống, cực chất lượng.",0,0,0,5,0,0
"cách âm của khách sạn không tốt lắm, vẫn nghe được tiênga gõ của phòng bên và 1 ít âm thanh đường phố bên ngoài",0,2,0,0,0,0
"phòng ốc mới, đẹp hơn rất nhiều so với giá tiền bỏ ra. giá tốt so với các khách sạn lân cận",0,5,0,0,0,0
"quán chè kết hợp với quán cafe nên decor khá đẹp, nhưng đông quá mình không lên lầu được. quán có bảo vệ giữ xe, dắt xe hộ khá bài bản. tụi mình gọi chè thái sầu và không sầu, đợi 1 tí là có chè. chè cũng bt, nhưng nước rất ngon ngọt. thạch nhiều quá nên ăn ngán ngán>< nên đi sớm vì tầm 9h tối quán bắt đầu đóng cửa.",0,0,0,4,0,0
kinh nghiệm cho bản thân và cho bạn khi đến khu vực nhơn lý . sử dụng dịch vụ kì co eo gió. ăn uống hải sản tại nhà hàng bên nhơn lý . mình thì đi nhiều nhà hàng . thấy bên bảo nam có nhiều thứ để bạn tìm hiểu dịch vụ ăn uống bên này . rất đáng đồng tiền bát gạo .,0,0,5,5,0,0
"tôi thích view phòng ra biển, sự sạch sẽ, sự chu đáo nhiệt tình của nhân viên lễ tân, chú bảo vệ. có dịp chắc chắn trở lại",2,0,0,0,0,0
1 điểm trừ nhỏ là buổi tối trong wc mùi cống bốc lên hơi khó chịu nhưng mở cửa sổ nhà wc ra thì mùi không còn nữa.,0,2,0,0,0,0
"thức ăn là có thể qua được. chúng tôi ăn tối ở đây bởi vì chúng tôi đang tìm kiếm một sự thay thế rẻ hơn, nhưng bạn có được những gì bạn phải trả cho. về cơ bản, mọi nhà hàng khác trong làng bai xep đều bán thức ăn ngon hơn, nhưng nơi này phục vụ một nhóm khách hàng ít tiền. hầu hết các nhà hàng trong làng đều bán hải sản tuyệt vời, nhưng hải sản đắt tiền bất kể bạn ở quốc gia nào. ở đây bạn có một bữa ăn tiêu chuẩn mà bạn sẽ nhận được trong bất kỳ bẫy du lịch nào ở bất cứ nơi nào ở việt nam với giá cả hợp lý. nó là hoàn toàn không đáng kể.",0,0,4,0,0,0
"khó lắm mới tìm được spa massage hợp ý với mình đến vậy luôn nhân viên chu đáo đến từng chi tiết nhỏ... không gian thì siêu ấm cúng lại sang trọng nữa. hổng hiểu sao bước vào đây người mình nhẹ hẳn đi, âm thanh, mùi hương thoải mái lắm. hầu như đã trải nghiệm hết các gói dịch vụ ở tròn, nhưng mình thích nhất là gói massage body... chọn hẳn gói 90p lên vừa xông hơi vừa giải cơn mỏi quá chuẩn luôn❤️",5,0,5,0,0,0
chè đậu xanh ở đây cực kì ngon. 10k 1 ly thôi mà chất lượng. bánh bèo thì so ra quy nhơn nhiều chỗ khác ngon hơn.ở đây được cái báng bèo nóng nhưng mước mắm không đậm đà cho lắm. chắc tại mình ăn cay và mặn hêhhee. mấy anh phục vụ ăn nói nhỏ nhẹ rất chuyên nghiệp mặc dù chỉ là quán lề đường.,0,0,0,5,0,0
"phòng sạch sẽ, nội thất còn mới và hiện đại. dịch vụ nước ép tận phòng siêu rẻ và chất lượng",0,4,0,4,0,0
"công viên nhỏ xíu xiu nhưng vị trí sát biển cực kì đẹp, đối diện với trường đh quy nhơn nên các hoạt động thể thao đá banh, bóng chuyền, bóng rổ,... trong công viên và sát bờ biển cũng rất sinh động. có lẽ đây là nơi thể hiện rõ nhất sức trẻ của thanh niên quy nhơn, đặc biệt là vào sáng sớm và chiều. ở đây tắm biển rất thích. trên bờ có các quầy hàng rong nhỏ với mực rim, bánh tráng dừa nướng, cóc ổi xoài cũng khá ngon và siêu rẻ. mình mua một miếng xoài to hay bánh tráng nướng chỉ có 3k :o~~~. tuy nhiên, người dân ở khu vực này còn hay xả rác nên nhiều lúc khiến bãi biển nhìn hơi dơ. mong chính quyền có biện pháp khắc phục.",0,0,0,0,0,0
xe sân bay chạy đúng giờ nhưng cẩn thận với dịch vụ cò xe ô tô con trước cổng.,0,0,0,0,3,0
"thoải mãi,nhân viên nhiệt tình.phòng sạch sẽ.giá hợp lý",0,5,0,0,0,0
"mình có ghé quán 1 lần khi mình ở quy nhơn. theo mình cảm nhận thì sữa tươi trân châu đường đen có phần hơi béo,trân châu dẻo rất ngon, còn trà sữa truyền thống thì khá là ok. điểm cộng là view đẹp và nhân viên phục vụ nhiệt tình toàn trai xinh gái đẹp :)) giá cả cũng hợp lý nữa, mình thấy khá là ok.",0,0,0,5,0,0
"bạn mình đi quy nhơn về và giới thiệu chổ cho thuê xe máy này cho mình. khen chổ này cho thuê xe mới lắm, chạy tốt và rất nhiệt tình. mình đã trải nghiệm và thấy đúng là như vậy, còn 1 điều mình ấn tượng nữa là cho 2 mũ bảo hiểm cặp hình gấu đúng đáng yêu luôn. vừa phù hợp với mình và người yêu đi chơi, cảm ơn nhé",0,0,0,0,4,0
bạn nhân viên quân rất là nhiệt tình và chu đáo,5,0,0,0,0,0
"quần áo thời trang, nhân viên nhiệt tình, cửa hàng đẹp, có nhiều hình thức thanh toán tiện lợi",0,0,0,0,0,5
trong lúc tụi mình chờ check-in đã được nhân viên mời 1 đĩa nho rất tươi ngon,0,4,0,0,0,0
"bên khách sạn đã xác nhận đặt phòng của mình nhưng khi mình gọi điện cho bên khách sạn để hỏi về vấn đề mình thấy ghi ""hồ bơi đang ngừng hoạt động"" thì bên arise có chị nào bắt mát kêu thì là hết phòng rồi đó em. mình có hỏi tại sao hết phòng mà vẫn xác nhận đặt phòng của mình thì chị đó kêu do booking nó tự nhảy lên thôi.",0,3,0,0,0,0
chúng tôi đã ăn ở đây một vài lần trong 5 tuần của chúng tôi ở quy nhơn,0,0,0,5,0,0
"mình chuyên viết bài review cho các địa điểm du lịch và các cửa hàng làm dịch vụ du lịch. mình đã trải nghiêm và thuê xe máy ở đây, dịch vụ thật sự rất tốt, xe mới, mũ bảo hiểm đẹp và thái độ phục vụ rất ân cần. mình chỉ thuê có một buổi tối để đi dạo đêm thành phố quy nhơn nhưng vẫn được giao xe tận nơi nha các bạn",0,0,0,0,4,0
"chúng tôi đã sắp xếp một chuyến tham quan riêng đến địa đạo củ chi vì thời gian của chúng tôi ngắn và chúng tôi phải bắt chuyến bay vào buổi tối, khó có thể phù hợp với một chuyến tham quan thông thường.",0,0,0,0,0,0
"tôi đã mua một nam châm. ở phía bên kia của bãi biển, có một cửa hàng lưu niệm khác. nó rẻ hơn 10000 so với nhân viên bán hàng, nhưng nó đắt hơn hội an. không có nam châm đà nẵng ở hội an.",0,0,0,0,0,0
"mình ăn ở đây cũng kha khá lần, đáng tiếc lần nào cũng thất vọng. món ăn món thì nhạt nhẽo, món thì mặn như muối. góp ý với nhân viên thì bị liếc xéo, thái độ này nọ. mình thấy cả quản lý cũng mặc kệ nhân viên, không biết quản lý nên nhân viên nào làm cũng bất cần. haiz, nói chung đây là lần cuối ăn ở san fu lou nha.",0,0,0,2,0,0
"nơi luôn rất đông đúc. vì điều này và sự giới thiệu của một hướng dẫn viên du lịch, chúng tôi đã đến đó để ăn tối. dịch vụ rất tệ. gần như không có tiếng anh (điều đó là tốt cho một nhà bếp trên phố viatnemese nhưng không phải là một nơi như thế này). ngoài ra, đồ uống của chúng tôi (bia) đã được phục vụ cho những người hàng xóm của chúng tôi. sau khi yêu cầu đồ uống, mất khoảng 10 phút để lấy lại.",0,0,0,2,0,0
"tối thứ 7 ra bờ biển chill cùng người yêu tìm đến quán này khá ok, chúng ta đừng kì vọng đồ uống nha, bỏ tiền mua chỗ và view thôi. mình gọi sữa chua hoa quả nhưng toàn dứa thôi, quán nên bổ sung menu cho phù hợp với khách du lịch",0,0,0,5,0,0
"phong độ quán vẫn rất ổn định. nêm nếm ngon, vừa vặn. ốc xào dừa ở đây vẫn ngon nhất trong các quán mình từng ăn. các món ốc xào lên nhanh, ngoài ra các món khác thường hay phải đợi lâu vì quán khá đông. điểm trừ nhỏ là ở đây ghẹ rất bé, ăn không thật sự đã.",0,0,0,4,0,0
"mình mới cùng gia đình nghỉ dưỡng ở flc quy nhơn. được nhân viên lễ tân giới thiệu nên tới thử. nhà hàng nấu ăn ngon, hải sản tươi sống đa dạng, giá cả niêm yết rất hợp lý. đặc biệt cân kí chính xác bằng cân điện tử luôn nha. không gian thoáng, nhân viên phục vụ rất nhiệt tình, có đưa đón từ flc nữa. gia đình mình rất hài lòng. cám ơn nhà hàng rất nhìu",0,0,5,5,0,0
"tôi vào một chiếc vinasun 7 chỗ với số xe 5435. tôi nói với anh ấy nơi tôi cần đến và vào. trong vòng 100 mét lái xe, và chưa ra khỏi sân bay, tài xế quay sang tôi và yêu cầu 150, 000 đồng, khoảng 7 usd. tôi hỏi anh ta tại sao anh ta không tính tiền cho tôi. anh ấy nói bạn sống quá gần, tôi sẽ không kiếm được tiền. khi tôi chuẩn bị ra sân bay anh ấy 2 ngày trước trên một chiếc taxi vinasun, nó khoảng 100 không vì vậy anh ấy sẽ làm một cái gì đó. bất kể, các tài xế không thể chỉ quyết định khách hàng nào sẽ nhận và trả tiền sau khi họ thấy họ sẽ kiếm được bao nhiêu.",1,0,0,0,1,0
"tôi chỉ vào nơi tôi đang đi trên bản đồ giấy cộng với điện thoại của tôi nhưng tôi vẫn bị đưa đến sai địa điểm. ngay cả khi chúng tôi đi qua nhà thờ đức bà của sài gòn, người lái xe vẫn không dừng lại và nói với tôi rằng tôi muốn đi đến một nơi khác. willn thậm chí dừng xe cho đến khi chúng tôi đến đó. tài xế đã sang. cảm ơn vì đã đưa tôi đến sai địa điểm và phải đi bộ gần hết mức có thể nếu tôi đã bắt taxi ngay từ đầu. lừa đảo!",1,0,0,0,1,0
"chúng tôi đã đến thăm quán bar thể thao quy nhơn vài lần và rất thích thú. có một thực đơn tốt với nhiều loại bao gồm cả rau như chúng tôi. cà ri chay, bánh burger chay & bánh pizza đều ngon - cà ri rất tuyệt. sạch sẽ và chạy rất tốt - nơi này xứng đáng để làm tốt. lựa chọn tuyệt vời của các loại bia và khu vực quầy bar / nhà hàng trên tầng 4 là giá trị nỗ lực lên cầu thang. nếu bạn đang tìm kiếm một break từ mì vv và một chút nấu ăn phương tây nơi này là lý tưởng, và nó có giá trị một chuyến thăm nếu bạn muốn dính vào thức ăn địa phương là tốt.",5,0,0,5,0,0
khó tìm đường và lễ tân chưa rõ booking,0,2,0,0,0,0
"nhân viên vui vẻ, phòng phim sạch sẽ. nhưng vẫn không xử lý được các trường hợp dùng điện thoại làm ồn trong lúc xem phim. nói chuyện gây mất trật tự ảnh hưởng đến người xem. không tạo nên ý thức người xem phim văn minh mà toàn đá ghế người khác.",1,0,0,0,0,0
quá tệ. giường đôi.hư cổng sạc. clip review video khác 1 trời 1 vực ở ngoài. đắn đo giữa nguyễn kim với phong phú mà trải nghiệm quá tệ. xe trung chuyển cũng đợi cả tiếng mới có. không có lần sau với phong phú.,0,0,0,0,1,0
"pepa quán ăn hàn quốc tuy nhỏ nhưng mình thấy quán có menu phong phú, nhiều món ngon, với giá rất rẻ so với thị trường, mỳ cay ở quán không có cấp độ, mình không ăn được cay nên hay gọi cấp độ thấp nhất , nhưng vị cay của quán cũng không quá cay lắm nên các bạn nào như mình thì vẫn có thể ăn được , đặc biệt quán này có món lẩu mỳ cay giá rất rẻ giành cho 2 người ăn, lâu lâu cuối tuần tụ tập bạn bè đến đây ăn món hàn là tuyệt nhất rồi, , ^^",0,0,0,5,0,0
nha hàng thoáng mát cực kỳ. mấy bạn phục vụ dễ thương làm sao ! món ăn thì super ngon . vì chỉ muốn chia sẽ cho các bạn nhưng viết không hay mất thời gian đọc. vậy các bạn đến đi rồi sẽ cảm nhân. thôi mình uống nốt lon bia rồi ngủ đây.bii bi thân ái,0,0,5,5,0,0
"nhà hàng sân vườn , view bao đẹp , thoáng mát , rất thích hợp cho khách đoàn hoặc khách lẻ , hải sản phong phú , dễ dàng lựa chọn những món ăn thích hợp cho khẩu vị từng người và vùng miền , nhân viên nhiệt tình và lễ phép ,",0,0,5,5,0,0
"đủ loại đặc sản quy nhơn, bình định. từ bánh tráng, cá mực khô đến bánh kẹo, hoa quả sấy...",0,0,0,0,0,4
thái độ nhân viên quá tệ,0,2,0,0,0,0
"nhân viên rất nhiệt tình, là khách hàng khi thấy nhân viên như vậy quả thật cảm thấy rất được tôn trọng. cảm ơn đội ngũ nhân viên rất nhiều.",5,5,5,0,0,0
phòng mình dầu gội và sữa tắm bị hết trước khi mình vào,0,3,0,0,0,0
không quẹt thanh toán bằng thẻ tín dụng được,0,0,0,0,0,2
"thái độ nhân viên phục vụ quá tệ, nhân viên tám chuyện, đùa giỡn to tiếng, quăng ly, đồ đạc ầm ầm, nghe như tát vào mặt.",0,0,0,2,0,0
"sau khi di chuyển trong 18 giờ, thật nhẹ nhõm khi nhìn thấy tấm biển có tên của chúng tôi trên đó tại sân bay hồ chí minh rất đông đúc. sau khi tìm thấy nhau, tài xế của chúng tôi lên lấy xe và chúng tôi đi. mọi thứ đều trả trước. không có căng thẳng kết thúc một ngày dài.",0,0,0,0,0,0
"gia đình đã có dịp trải nghiệm dịch vụ ở đây. tất cả các phòng đều có view biển đẹp, món ăn ngon, nhân viên phục vụ rất ân cần, vui vẻ. mình sẽ giới thiệu bạn bè biết đến. khách sạn có nhà hàng hoa lớn nhất quy nhơn, món ăn rất ngon",0,5,5,0,0,0
"khách sạn gần biển ở quy nhơn, vị trí đẹp phòng mình ở có view biển rất tiện cho việc sống ả",0,5,0,0,0,0
"giá thấp và thức ăn ngon, ngay cả khi kích cỡ phần hơi nhỏ - điển hình cho việt nam tho. các nhân viên ở đây rất yêu thích và cố gắng hết sức để giúp đỡ bất cứ điều gì họ có thể. lần thứ hai chúng tôi đến đó, họ đã phải đối mặt với 2 nhóm khách hàng khủng khiếp (một gia đình có trẻ lớn ném vỏ bánh pizza và thức ăn thừa trên sàn nhà, và một người đàn ông mỹ lớn tuổi khác đã cho họ một thời gian khó khăn để nói tiếng anh tối thiểu - mặc dù anh ta không nói tiếng việt nào!) vì vậy, hãy tin tưởng họ vì đã xử lý một cách bình tĩnh như vậy. một nơi tuyệt vời nếu bạn thèm đồ ăn phương tây trong số những món ăn đường phố quy hưng.",4,0,0,4,0,0
"chủ xe rất vui vẻ nè, mà vị trí thuê ngay bên xe quy nhơn,đi bộ là tới, sẽ rất tiện lợi cho ai đi xe ra qn.",0,0,0,0,4,0
"quán nhỏ nhỏ, decor khá ổn, không có máy lạnh nên hơi nóng. pizza khá ngon, có thể so sánh với các tiệm trong sg, hơn hẳn pizza hut, domino. pasta ăn cũng ok, sốt béo, thơm. khá là hài lòng với chất lượng món ăn ở đây.",0,0,0,4,0,0
đã sử dụng indochina charm travel để đưa đón sân bay của tôi ở hồ chí minh đến và đi từ sân bay. dịch vụ tuyệt vời đã sẵn sàng khi tôi đến và rất nhanh chóng đưa tôi đến khách sạn và sân bay. muốn giới thiệu,5,5,0,0,5,0
"lại có dịp ghé tuyến đường ngọc hân công chúa để thoả sự thèm ốc của mình. thấy foody review quán ốc hảo hảo ổn, nên mình ghé ăn thử. thường thì mình thích ăn quán nào quen thôi, mà hôm nay thử ghé xem sao. quán ốc này cô chủ quán khá nhiệt tình, đi ngang qua là kêu lại liền, để xe rồi có người dắt. quán cũng có khá đầy đủ món, tới gọi món là bưng ra liền. quán bỏ gia vị cho ốc khá đậm đà, mình thích như vậy, vì đậm đà của nước ốc ăn rồi húp cực thích. nhưng món gỏi xoài của quán không thíh lắm, quán dùng xoài chính quá làm cho gỏi mình ăn bị sàu xuống, không thấy ngon.",0,0,0,3,0,0
"mua cải bó sôi không có, nhiều loại rau để lên bảng nhưng không có",0,0,0,0,0,3
"lần đầu tiên được lái môtô nước là ở đây nè, trong một ngày hè nắng chang chang, cảm giác phê lòi luôn. làng chài khá vắng và yên bình (lúc này khách du lịch chưa biết đến nhiều). hải sản thì tươi ngon cực kỳ, ai đến đây nhất định phải thử món bánh xèo mực nha, mực tươi giòn ngọt hết ý (tiếc là lúc đó ham ăn quá chưa chụp được ảnh 😑)",5,0,0,5,0,0
"những bạn tiếp tân rất nhiệt tình tư vấn chỗ thuê xe và chỗ ăn uống, phòng ốc sạch sẽ, tiện lợi. khách sạn ở đối diện biển và trung tâm nên rất tiện cho việc mua sắm và vui chơi. rất đáng để thử, cám ơn regalia !",5,5,0,0,0,0
"nhân viên thân thiện, trung đẹp trai, phát dễ thương, thảo and nhân buong phòng master",0,4,0,0,0,0
"siêu thị lớn nhất tỉnh này, có cả rạp chiếu phim và khu ẩm thực",4,0,0,4,0,5
"thân thiện, nhiệt tình vui vẻ, phục vụ không tiếp xúc rất ok rất tốt, cskh nhanh, view đẹp",0,5,0,0,0,0
"đường nhỏ, không có chỗ đậu xe 16 chỗ",0,0,0,0,2,0
"chúng tôi đến rất nhiều thời gian. khoản phí khoảng 10 đô la, chúng tôi đã đưa ra một khoản tiền lớn khi xem xét các điều kiện và tài xế chỉ mất chưa đến 50 phút để đưa chúng tôi đến đó.",0,0,0,0,4,0
chợ tháp đôi là chợ nhỏ của phường đống đa nhưng các mặt hàng đầy đủ để mua rất thuận lợi,0,0,0,0,0,4
đông đúc và ồn ào. thời gian chờ đợi để trả phòng lâu.,0,3,0,0,0,0
các món ăn chính nó là ok nhưng không phải là rất ngon. đó là trải nghiệm đồ ăn tồi tệ nhất trong toàn bộ chuyến đi của chúng tôi (3 tuần rưỡi).,0,0,0,3,0,0
"đồng thời trên booking.com, đây là phòng 4 sao, nhưng có vẻ 4 sao này là tiêu chí đánh giá của booking, chưa phản ánh đúng tiện nghi và dịch vụ của khách sạn này. mình đi du lịch khá nhiều, và với mình khách sạn này chỉ tầm 2 sao.",5,0,0,0,0,0
cho thuê đang cho sv giá 50k khi tới thue lấy xe thì lấy 120k. hoảng. xe chạy thì phải đạp mới nổ. hết chỗ nói luôn. từ nay không chơi anh trưởng.,0,0,0,0,2,0
"tôi rất thất vọng về thái độ phục vụ của tài xế của cả 2 chuyến xe trưa nay. tôi đã dự định sẽ thanh toán chi phí nhiều hơn đồng hồ báo vì tôi đi quãng đường ngắn và vì hôm nay là tết dương lịch, nhưng khi đến nơi thì tôi thay đổi suy nghĩ của mình vì không việc gì tôi phải trả nhiều hơn cho 1 dịch vụ mà tôi không hài lòng.",0,0,0,0,1,0
"đúng là chất :))), với cái tên để mang lại thương hiệu. quán này view dễ thương lắm nè, sống ảo đẹp cực ảo luôn, với không gian nhẹ nhàng không quá màu mè. về nước ở đây thì có 1 số đứa bạn bị fan nước ở đây, mình cũng thấy vậy, nước ở đây khá là ngon. chắc dắt người yêu đi quán này miết quá trời ạ. giá cả ở đây mình thấy cũng bình thường chứ không quá mắc, phù hợp cho sinh viên học sinh. mình có thể mua ở đây để mang đi được nhé. chúc quán thành công.",0,0,0,5,0,0
"chợ đông đúc,hải sản tươi sống.hiện tại khi ra vào chợ phải khai báo,sát khuẩn và kiểm tra thân nhiệt.",0,0,0,0,0,5
"2 anh chị lễ tân vui vẻ, nhiệt tình. hai anh chị thấy mình đi một mình nên rủ vào ăn uống chung nói chuyện rất vui. nếu được mình sẽ trở lại một lần nữa.",0,5,0,0,0,0
"quán này mở lâu lắm òi. mình đã được mẹ dẫn đi ăn từ những ngày còn nhỏ xíu. nhưng mà bây giờ chất lượng không còn như trc. nước ít đậm đà hơn, loãng quá nhiều. ít đậu và sườn cũng không to như trước :))). 30k/suất. nói chung không ngon hơn hồi nhỏ mình ăn.",0,0,0,3,0,0
"tự check in - check out rất tiện lợi, thoải mái như ở nhà, hỗ trợ online nhanh chóng nên không khó khăn, bãi giữ xe máy rộng rãi, địa điểm dễ tìm, khá gần trung tâm",0,4,0,0,0,0
"phòng sạch sẽ, khách sạn tiện nghi, gần biển.",0,4,0,0,0,0
"tôi không khuyên bạn nên đi bằng thuyền, nhưng tôi tình cờ đi bằng thuyền, vì vậy tôi đã lên. đường đến bãi biển khó quá ... vẫn đáng để bạn ghé thăm",0,0,0,0,3,0
rượu rất là ngon và đậm đà. nhất định sẽ ủng hộ lâu dài,0,0,0,5,0,0
"trong khu này không thiếu các quán dessert kiểu như thế này, bọn mình chọn quán này là bởi vì được nhắc từ trước. kêu quán này đồ ăn tráng miệng ngon, đặc biệt bát bingsu vừa nhiều vừa ngon 30k. ấy vậy mà đặt mông xuống ngồi vô quán thì quán kêu hết bingsu 😩 tiếc quá nên chuyển sang mấy thứ khác. đồ ăn vặt kiểu chè các thứ vô cùng đa dạng phong phú. mình thì chọn mì trái cây kem lạnh 20k 1 bát. bát to, nhiều loại trái cây ở trong, thạch sợi giống mì, ăn bằng đũa cũng được á :)) rất ngon luôn, ngoài mong đợi với số tiền 20k :)) rất ưng, chờ đồ hơi lâu chút thôi.",0,0,0,4,0,0
shop này làm ăn mất dạy lắm nha mọi người nên né ra mua hàng kiêu ck trước xong rồi hàng lỗi thì chế độ đổi trả không có,0,0,0,0,0,1
"nhà hàng này đã giảm giá mỗi khi tôi đến đây. 5 năm trước thức ăn ở mức trung bình. lần này đồ ăn quá cơ bản và dưới mức trung bình, thịt dai và không ăn được, khẩu phần ăn nhỏ và giá quá cao. hơn hết, dịch vụ chăm sóc khách hàng thật tồi tệ, nhân viên không ngoan, suốt ngày mơ mộng và không nhiệt tình giúp đỡ, hoặc nhận đơn đặt hàng mặc dù ở đây không có nhiều khách hàng. chúng tôi đã yêu cầu thêm bánh phồng tôm vì chúa và họ không thể làm được! nhà vệ sinh thật kinh tởm. nền móng của nơi này từng là một nơi đáng yêu nhưng thật kinh khủng khi đi và chỉ có danh tiếng cũ của nó mà nó không thể theo kịp.",0,0,1,0,0,0
"giá cả, dịch vụ chất lượng rất hài lòng. tuy khách có hơi trong hẻm chút nhưng đáp ứng đi bãi đỗ ô to tại chỗ nên cũng rất ok.",0,4,0,0,0,0
"người lái xe thân thiện và chiếc xe buýt nhỏ mà chúng tôi lái rất đẹp, sạch sẽ, ac chắc chắn và wifi như một phần thưởng bổ sung.",5,0,0,0,5,0
"chỗ này rất sáng sủa, thoáng mát, sạch sẽ, máy lạnh mát rượi, nhiều quán ăn ngon,",4,0,0,0,0,0
"nhân viên nhiệt tình, phòng view hướng biển nhìn thoải mái, gần biển và trung tâm tp nên di chuyển tiện.",0,5,0,0,0,0
"vâng, tôi không phải là một người hút thuốc. đôi khi tôi hút thuốc khi có bạn bè đi cùng. chủ nhà hàng này bị sao vậy? đây là thái độ phục vụ không thể chấp nhận được.",1,0,0,0,0,0
"quán bình dân. menu có 3 loại bánh xèo với tôm, mực, bò. bánh xèo tôm là ngon nhất, bò có xả ăn ổn, mực bị mặn quá. bánh xèo chiên giòn rụm. nước chấm đậu phộng hơi lạ vị. bánh nhiều dầu chỗ ngồi rộng rãi, hơi nóng. cô chủ quán thân thiện, phục vụ nhanh",0,0,0,4,0,0
"các bạn du lịch từ hà nội vào quy nhơn như mình nên đến chợ khu 2.mua đồ hải sản có rất nhiều và tươi vào buổi chiều nhé.tuy là 1 chợ dân sinh nhưng hải sản có tương đối nhiều và quan trọng nhất là giá cả hợp lý.không bị ""chặt chém"" vì là khách du lịch",0,0,0,0,0,5
"tp66 nằm tại ngã 4 của trần phú giao với nguyễn công trứ nên là một địa điểm dễ kiếm với hầu hết mọi người. quán vừa mới được sửa sang lại nên cũng kiểu bài trí cũng mới mẻ hơn, có nhiều góc để selfie hơn nà. đồ uống ở đây theo mình là chất lượng, đặc biệt là matcha. mình thích matcha ở đây, rất đúng vị. ngoài matcha thì các món smoothies cũng rất đáng thử. quán cũng có vài món mới như trà đào váng sữa là món mà mình đã thử quá. và mình thích món này lắm luôn ấy, trà đào đã thích nay còn thêm lớp váng sữa béo béo nữa bảo sao không yêu ^^",0,0,0,5,0,0
"quán giá rất oke nhen, các món nướng 32-35k/phần, khá nhiều và ngonn. quán nướng bơ nên đồ ăn rất thơmm, rất thích món gỏi ốc của quán~ ngoài lẩu nướng thì còn các món hải sản khác và một số món gà và món hàn mọi người có thể thử nhen nhân viên phục vụ nhanh chóng dù quán đông, quán cũng có nhiều bàn nên chắc không sợ hết chỗ đâu nhen~ highly recommend (*ﾟ▽ﾟ*)",0,0,0,5,0,0
"đến quán vào một buổi sáng tầm 8h nên khá đông khách ăn sáng, ấn tượng đầu tiên là quán sạch sẽ, cô chủ lẫn nhân viên (chắc là sinh viên làm thêm) nên thân thiện và nhanh nhẹn. 1 suất bánh hỏi lòng heo bao gồm bánh hỏi, lòng heo, rau sống, nước mắm và 1 tô cháo loãng để ăn kèm với lòng lợn. dĩa lòng thì gồm dồi, lòng, thịt heo, bao tử, gan,... trông rất hấp dẫn. do lần đầu tiên ăn nên mình thấy hơi lạ, tuy nhiên cũng khá ngon, nước chấm hơi mặn xíu, nhạt tí nữa thì ok hơn (hay tại mình quen ăn nhạt roài á). rau sống thấy sạch sẽ lắm. giá cho 4 suất bánh hỏi lòng heo là 100k. ản no lun á. đáng tiền. thấy quán cũng chưa có phòng máy lạnh, 8h sáng ở miền trung cũng nóng lắm á:)), tại mình thích máy lạnh. ờ, bạn nào đi theo đoàn, đông người thì nên đặt trước nha, thấy cô chủ nói có phòng cho khách đoàn mà ở khu nhà bên cạnh. túm lại, sẽ quay lại và sẽ giới thiệu cho bạn bè.",0,0,0,4,0,0
"mặc dù tôi gặp một số rắc rối khi nhập cư, người lái xe đã đợi 1,5 giờ và nhanh chóng đưa chúng tôi đến địa điểm airbnb của chúng tôi. chiếc xe rộng rãi và rất sạch sẽ. sẽ đặt lại chúng nếu cần.",0,0,0,0,5,0
view bể bơi trên tầng thượng,3,0,0,0,0,0
"thích anh nhân viên và lễ tân cùng c dọn phòng. em được đón tiếp rất nhiệt tình được hướng dẫn chu đáo từ vé đi chơi đến thuê xe và các tiện nghi khác. buffet ngon và nhẹ nhàng cho buổi sáng. thực sự rất xứng đáng với tiền bỏ ra. có chị my, anh viên, anh son.... hihj em quên mất vì cái tờ giấy đâu mất rồi ý ạ. cảm ơn mọi người nhiều ạ",0,0,0,2,0,0
"ghẹ hơi nhỏ nhưng chắc thịt, ngon. cháo hải sản ngon. giá rẻ . điểm trừ chỗ ngồi hơi ít,khu wc nên nâng cấp",0,0,0,4,0,0
"được dịp ra quy nhơn chơi, được gia đình bạn dẫn ra đây ăn, nghe nói là quán ngon và nổi tiếng lăms. ra tới nơi cũng trễ đã qua giờ cơm trưa mà quán vẫn đông khách quá trời luôn. quán có bàn ghế cao ngồi cũng thoải mái nè, không gian lại rộng rãi, nhân viên cũng nhiều do quán đông khách quá mà, mà nhân viên phục vụ lanh lẹ nhanh lắm, ra món cũng nhanh nữa. nói chung phục vụ ở đây good ở đây chủ yếu là gà, gà ở đây đúng kiểu gà ta ăn thịt dai dai ngọt ngon, không có bị bở như gà công nghiệp. chế biến cũng đậm đà vừa miệng, món gà luộc hơi bị ngon đó, vì ngọt thịt và dai dai đã lắm luôn. miến nấu nấm cũng ngon nè, vị nước thanh. gà sốt me, không quá chua thấm tới miếng thịt chấm muối ăn chua chua cay cay đã. nói chung quán này ngon, thành thử nó đông khách là đúng :))",0,0,0,5,0,0
"nhà sách lâu năm. chuyên đồ dùng văn phòng và sách cũ. chủ chu đáo, nhẹ nhàng, giá cả hợp lý.",0,0,0,0,0,5
aeon mall tan phu thật tuyệt vời! rất lớn cũng đặt ra với một loạt các cửa hàng. điều tốt nhất về nó là siêu thị nơi bạn có thể nhận được vô số vật phẩm cho ngôi nhà.,0,0,0,0,0,0
"từ nah trang họ đón chúng tôi tại khách sạn của chúng tôi lúc 10 giờ 50 khi họ nói họ sẽ làm như vậy vào 11,15 may mắn thay, chúng tôi đã sẵn sàng. khi chúng tôi trở về 11:00 từ đà lạt, tài xế lái xe trễ nửa tiếng, anh ta không gọi điện để cảnh báo chúng tôi. anh vượt xe trên những khúc cua mù. ở nha trang, anh ta thả chúng tôi ra nói với chúng tôi rằng khách sạn của chúng tôi đã ở một góc. trên thực tế, nó là 700 mét theo hướng ngược lại. một cách dài để kéo trường hợp. chỉ cần có một trình điều khiển không tốt ngày hôm nay",0,0,0,0,2,0
"đi du lịch nhiều nơi nhưng chưa thấy ai cho thuê xe máy có tâm và chuyên nghiệp như chổ này, xe mới, sạch sẽ, giá rẻ. rất hài lòng khi đã thuê xe tại đây",0,0,0,0,5,0
"ngõ vào nhỏ, khó đánh ô tô vào",0,0,0,0,0,0
"mình với vợ chồng cô bạn mới đi ăn về. mình ấn tượng nhất ở quán này đó chính là nước chấm, mỗi loại đều có một thứ nước chấm đi kèm,vậy nên trên bàn mình có 3 người mà chắc chục dĩa nước chấm. mình duyệt điều này vì nó hợp vệ sinh và nước chấm hợp với món ăn tạo độ ngon. khách quan mình thấy quán này khá ổn, bò cuộn kim châm cũng nhiều thịt bò, nước lẩu cũng nhiều đồ nhúng và đậm đà nữa. mỗi người tầm 100k là no không thấy đường về rồi. lần sau có lương quay lại ăn tiếp.",0,0,0,5,0,0
"nhân viên có tâm, thấy bịch rau sà lách của khách có lá bị héo thì lấy ra rồi mới cân. rất tốt, tiếp tục phát huy.",0,0,0,0,0,5
"khi đặt vé xe thì bắt buộc ghi địa điểm đi/đến. nhưng khi lên xe thì tài xế lại hỏi lại (không chuyên nghiệp). tài xế nói chuyện lí nhí không nghe gì được, khi ghé trạm khách không biết nên ngồi ăn cơm thì gọi hối và kêu bỏ cơm ra đi ngay, mặt mũi nhăn nhó. về đến sài gòn thì toàn bỏ khách ở đầu đường (hoặc cuối đường) chứ không thả xuống gần địa chỉ khách cung cấp, không cần biết xa thế nào, dịch vụ rất tệ, không bao giờ đi lại lần 2.",0,0,0,0,1,0
"tui o phong 308 khách sạn muong thanh quy nhon. khách sạn qua te. nem nam luong , men va nem nam rat ngua. may lanh thi hieu retech giong voi nhung khách sạn binh dan . voi cai gia phong 1560. khách sạn 4 sao ma kieu nay thi không con gi de noi. chia tay muong thanh quy nhon...",0,3,0,0,0,0
"dĩa nào dĩa nấy to tổ chảng. phong cách phục vụ rất tốt. cho nên giá cao so với mặt bằng chung ở đây, nhưng so ra là quá rẻ nếu ăn trên tàu ở hcm hoặc ở các nơi du lịch khác. sứa nước lèo rất ngon, 1 phần như vậy là cho 4 người lớn ăn đó. sò điệp nướng mỡ hành ok, cơm chiên trứng giòn rụm.",0,0,0,5,0,0
"chợ đông đúc,hải sản tươi sống.hiện tại khi ra vào chợ phải khai báo,sát khuẩn và kiểm tra thân nhiệt.",0,0,0,0,0,4
đây là một trong những quán bar bên bờ biển duy nhất ở quy bù nên có lượng khách ổn định. không có gì thực sự sai nhưng cũng không có gì đặc biệt. ít chậm về dịch vụ.,3,0,3,3,0,0
view biển đẹp. phải đi bộ lên nhà hàng cococamp khá xa. người lớn tuổi không nên đi,0,3,0,0,0,0
"rất nhiều mặt hàng được bày bán ở đây, giá hơi cao hơn 1 chút so với thị trường chung, nhưng vì nó là cửa hàng 1 stop nên mức giá đó chấp nhận được.",0,0,0,0,0,3
"tôi đã sử dụng dịch vụ này 6 lần trong kỳ nghỉ ở việt nam, 3 lần đến và 3 lần khởi hành từ sgn. mỗi lần tôi đều có cùng một tài xế và anh ta luôn đến sớm, lịch sự và lái xe rất an toàn. sau lần đầu tiên tôi đến sgn, trong đó anh ấy cầm một tấm biển có tên tôi trên đó, mỗi lần đến và đón thêm anh ấy đều đến và tìm tôi, điều này giúp cho việc đến và đi của tôi dễ dàng hơn nhiều! anh ấy luôn giúp tôi với hành lý và có gáo nước lạnh đợi tôi trên xe. ngoài ra, lily, ở văn phòng, rất giỏi giao tiếp. cô ấy luôn kiểm tra một ngày trước khi khởi hành để sắp xếp thời gian đón và nhanh chóng trả lời các câu hỏi của tôi. tôi chắc chắn sẽ giới thiệu công ty này.",5,0,0,0,5,0
"bờ biển sạch đẹp, dốc thoải, cảnh quan trên bờ với hàng dừa xanh, hàng dương liễu trông thật hay...chỉ tiếc nước biển không được trong xanh. sáng sớm có thể đến đây vừa tắm biển vừa ngắm cảnh mặt trời lên cũng lý thú...",4,0,0,0,0,0
khu siêu thị tích hợp có các cửa hàng và chỗ ăn uống ở tầng trệt và lầu 2. lên tầng 3 sẽ thấy khu siêu thị của big c.,0,0,0,0,0,0
"phòng cực kì rộng, thoải mâi và rất đáng giá, bản thân mình làm dịch vụ thường đòi hỏi cao, mà khi ở đây không đòi hỏi cao được, vì mọi thứ rất tốt, nhân viên lễ tân nhiệt tình lắm, tận tình chỉ dẫn",0,5,0,0,0,0
"đồ ăn bình thường so với giá. mình sẽ không bao giờ quay lại, mà chắc nhà hàng cũng không quan tâm đâu ha, vì không cần khách thì mới làm vậy chứ",0,0,2,2,0,0
"nằm trên 1 quả đồi có đỉnh bằng phẳng, được bao bọc bởi những dãy núi cao xung quanh, đến đây mới cảm nhận hết sự linh thiên nơi đây.",3,0,0,0,0,0
cô chú cho thuê rất tốt bụng nhiệt tình. xe thì mới giá thì rẻ nói chung thuê xe hồi giờ có chỗ cô chú là tốt nhất. mọi người nên thuê cô chú nhaa,0,0,0,0,5,0
"lần mò được bài review nên tối qua mình và ny xách mông đi luôn. vượt qua 1 tiếng ở tận mira hotel thì cũng lấy được chân kinh tuyệt vời mình vào chủ đề luôn. bọn mình gọi 1 ốc móng tay xào dừa, 6 hàu nướng mỡ hành, 1 ốc mít luộc, 1 càng cúm núm ( ăn lạ nha như thịt cua) . 2 nước khớm. tráng miệng, + phần caramen tổng cộng 200k cảm nhận: - ốc móng tay 25k .béo lắm, ốc sạch không bị sạn. mình ăn ở 1 vài nơi sạn nên sợ khoản này. nước dừa xào vừa phải không bị ngọt quá, hơi cay cay. mình nhờ quán gọi thêm 2 bánh mì chấm hợp tuyệt ))) - hàu nướng mỡ hành: per one tốt tốt tốt hàu béo mềm, chín nóng hổi, hành lạc nhiều béo ngậy. ăn vừa vặn béo ngậy. - càng cúm núm ( tên lạ như món ăn ạ ngon thịt như vị cua càng to bằng 3 ngón cái . chấm điểm: 7/10 có quay lại không nhất định có chỗ ngồi: ngồi hơn nghi hiểm tí ạ tại ngồi vỉa hè ngoài đường mát mẻ mình ăn ở đây lần đầu mong các bạn chỉ thêm món nào ăn ngon để lần tới thử. thanks",0,0,0,4,0,0
"điều ấn tượng đầu tiên là quán trang trí khá đẹp, kiểu là hơi art một chút ý, quầy pha nước có cái gương tự sướng đúng chất luôn, menu quán thiết kế đẹp nữa, đại khái là hơi bị mê cái thiết kế của quán nì, cộng với việc nước uống ok, giá cả phải chăng và không gian yên tĩnh, thích hợp với việc hạc bài vào buổi sáng và trưa hie hie túm lại là sẽ ghé lại quán vào những lần sau vì quá thích <3",0,0,0,5,0,0
"vị trí ok, giá rẻ, nhân viên cũng nhiệt tình đặc biệt chú bảo vệ dễ thương",4,4,0,0,0,0
"tên bãi trứng có lẽ do có nhiều viên đá tròn cạnh biển, hình dạng nhìn giống quả trứng. cảnh biển thì lúc nào cũng đẹp nhẹ nhàng. nơi đây có vẻ là nơi du khách ghé chụp hình khá nhiều.",5,0,0,0,0,0
"phòng khá bé và không có cửa sổ, nên mới vào phòng sẽ cảm giác hơi ngột ngạt, nội thất cũ, cách âm kém, phòng khác nói to là có thể nghe thấy tiếng, khá ồn",0,2,0,0,0,0
khách sạn nhỏ ít phòng nên yên tĩnh. ăn sáng vừa phải nhưng phù hợp đối với người lớn tuổi. nhân viên hoà nhã tận tình. vị trí rất tốt vì gần biển tuy ở trong hẻm. vệ sinh phòng tốt và dù phòng nhỏ nhưng trang bị đơn giản hợp lý nên thoáng . tôi thích địa điểm này và sẽ tiếp tục khi có dịp ra nt.,0,5,0,4,0,0
"trong một lần du lịch quy nhơn, đi dạo bộ buổi tối ở quảng trường thấy khát nước thì ghé vào quán này thử. quán có cầu thang lên xuống nằm khuất nên các người bạn đến sau kiếm được vị trí khá khó, phải gọi điện 2 3 lần mới tìm được. không gian quán được bài trái khá đẹp và có view nhìn xuống thành phố đẹp. thực đơn của quán cũng khá phong phú, giá cả cũng phải chăng. tuy nhiên nếu đi nhóm đông theo mình thì rất khó xếp chỗ ngồi, bên mình cũng phải chia ra ngồi 2 nơi mới đủ chỗ. gặp hôm trời nóng và quán đông nên cũng thấy hơi ngột ngạt. nếu có dịp du lịch sẽ ghé quán nữa.",0,0,0,4,0,0
"nội thất quán đẹp, đầu tư công phu.",0,0,4,0,0,0
chợ nhỏ nhưng đầy đủ đặc sản quy nhơn. không sạch lắm như bao chợ ở việt nam.,0,0,0,0,0,3
"thức ăn ở mức giá cao, nhưng ngon. gia đình tôi và tôi đã ở việt nam được 8 năm và tìm thấy món ăn việt nam đặc biệt tại tre. các máy chủ đã dành thời gian để thông báo cho chúng ta về những gì mong đợi liên quan đến các món ăn, các phần và phong cách nấu ăn khi đặt hàng. bài trình bày rất hay và thức ăn đến đúng lúc. chúng tôi đã có cuộn tôm chiên giòn bình định, phi lê cá chẽm nướng, bụng heo om trong nồi đất sét và kẹo sô cô la. đó là tất cả một điều trị.",0,0,3,3,0,0
"tôi thích nơi này rất nhiều, tôi đã đến đây vài lần chỉ để trốn khỏi những con phố nhộn nhịp và tìm một bến lạnh và một số món ăn nhẹ vào buổi chiều. họ không bao giờ thất vọng và liên tục cung cấp các món ăn nhẹ ngon.",0,0,0,4,0,0
siêu thị này thiết kế theo dạng nhà kho để hàng hoá. không gian và chỗ đậu xe rộng rãi nhưng không quá nhiều tiện ích như những siêu thị khác.,0,0,0,0,0,4
"có ai ship được giúp mình bát ốc len nhà cô xí ra hà nội khôngggg, huhu. món này thực sự quá đỉnh. mình ăn 1 lần mà thèm vật vã mãi, không tìm được quán nào ở hn có món ngon như vầy. giá cả thì siêu rẻ vô địch, phục vụ nhanh cực các bạn ạ!",0,0,0,5,0,0
"nhân viên rất thân thiện, nhiệt tình, phục vụ chu đáo",0,5,5,0,0,0
"tôi đã đặt một bàn ăn tối cho tôi và đối tác kinh doanh ở ban công để chúng tôi có thể thưởng thức rượu và xì gà. khi chúng tôi đến (đúng giờ), chúng tôi phát hiện ra rằng nhà hàng không cho phép hút thuốc ở các bàn ban công. chúng tôi đã kiểm tra lại với nhân viên phục vụ (rất nhẹ nhàng và lịch sự) và chúng tôi quyết định rời đi vì không hút thuốc. chúng tôi xuống tầng dưới để giải thích cho chủ sở hữu lý do tại sao chúng tôi rời đi. chủ sở hữu người ý nói với chúng tôi: ""vậy là bạn sẽ rời đi?"" tôi nói: ""vâng, xin lỗi nhưng tôi nghĩ chúng tôi có thể hút thuốc ở ban công"". sau đó, anh ấy nói ""làm ơn đi và bạn không cần phải quay lại đây"". tôi đã hỏi tại sao"". anh ấy nói: ""đối với những khách hàng như bạn, chúng tôi không cần"".",1,0,0,0,0,0
khi gọi món ăn thi thật thất vọng vô cùng :( đồ ăn không có gì đặc sắc mà giá thì trên trời. lúc thanh toán còn plus thêm 10% vat so với giá trong menu.,0,0,0,2,0,0
"khách quen khi đến quy nhơn thuê xe ở đây, cảm giác sau bao nhiêu lâu thì nó vẫn chất lượng mà đầu tư dịch vụ tốt như ngày đâu",0,0,0,0,5,0
"địa điểm thú vị, nhiều góc chụp ảnh đẹp. đồ ăn ngon, phục vụ nhiệt tình coffe cũng siêu ngon. vé vào cửa chỉ 40.000đ nhân viên thân thiện",4,0,0,4,0,0
"gần biển, gần chợ đêm, thuận tiện đi lại. nhân viên rất thân thiện và nhiệt tình",0,4,0,0,0,0
"nhưng lần thứ hai, một con chuột lớn chỉ chạy vào giữa nhà hàng, tìm kiếm một chỗ khuất nào đó dưới quầy.",0,0,0,1,0,0
cửa kính nhà tắm bị hít chặt lại khó mở nếu sử dụng nước nóng vào ngày lạnh.,0,2,0,0,0,0
"hôm đi ăn trúng ngay buổi tối 1/6, vì quán đông và nhân viên phục vụ cũng mỏng nên bị sót bill của bàn mình mà không biết, phải chờ 30 phút mà chưa thấy món ăn, trong khi các bàn khác đến sau mà lại có món trước mình. khiếu nại lại chủ nhà hàng thì được giải thích tình trạng bị sót bill nên bếp và nhân viên phục vụ không kết nối được. các bạn nhân viên tại quán cũng chưa được huấn luyện kỹ nên còn khá lúng túng trước trường hợp này.chủ quán cũng đã xin lỗi và giảm 10% bill cho mình kèm món bánh mì bơ tỏi được free. pizza ngon, giòn dù mang về nhà ăn ( vì mình không thể chờ quá lâu ở quán), khẩu vị thuần âu. quán sạch và đẹp nhưng nếu mọi người muốn ăn kiểu thưởng thức nên đi buổi trưa để được không gian yên tĩnh, đồ ăn ngon.",0,0,0,4,0,0
"tôi và gia đình có đến nhà hàng ăn, đồ ăn rất ngon. không gian ấm cúng, phục vụ nhiệt tình và chu đáo. mọi người ai cũng khen ngon. nếu có dịp quay trở lại, tôi sẽ ủng hộ nhà hàng.",0,0,5,5,0,0
"đi loanh quanh quy nhơn thì mình nhận ra quán này rất rộng so với các quán khác ở đây. quán thiết kế gồm sân vườn, khu trò chơi, tầng 1, tầng 2, tầng 3 ( nếu đông khách ) . ở tầng 1 với tầng 2 có bức tường gạch để anh chị em chộp hình nhé :)) mình thích ở quán này là nhân viên được đào tạo rất khắt khe tạo 1 cảm giác lịch sự mến khách. quán có thức ăn sáng nữa nhé, nước ở đây khá ngon nhưng giá tiền thì tầm trung. đặc biệt quán này t7 cn rất đông khách nhé cẩn thận không có chổ ngồi đấy :))) tóm lại quán này rất ok nên đi thử 1 lần để tiếp thu phong cách làm việc của quán nhé <3 <3",0,0,0,5,0,0
"chúng tôi đến đây hai lần liên tiếp, vì chúng tôi yêu thích mì ống tự làm, salad caesar và gà parmesan.",0,0,0,5,0,0
"trái cây và rau tươi được lựa chọn hạn chế. đó là một siêu thị lớn nhưng chủ yếu chứa đầy những thứ mà tôi là một người nước ngoài sẽ không bao giờ mua. ví dụ như dầu ăn và mì gói là rất lớn. nó nằm trên tầng cao nhất, không thuận tiện. bạn cần đi hai thang cuốn lớn để đến nơi. cả ngày họ đang nướng bánh mì tươi, thật tuyệt!",0,0,0,0,0,4
"tuần vừa rồi mình có du lịch quy nhơn vài ngày và có thuê xe máy bên dịch vụ hoài bảo để thuận tiện đi ăn uống và tham quan các địa điểm đẹp ở quy nhơn, xe rất tốt, nhân viên vui vẻ, nhiệt tình, rất hài lòng với thuê xe máy hoài bảo 😘 😘",0,0,0,0,5,0
"quán ăn ngon có không gian rất ấn tượng, dân dã mà ấm cúng. phù hợp với bữa ăn gia đình hoặc tiếp khách .",0,0,4,4,0,0
"nên đi các khung giờ khuya sau 8h30 vì khách đông check in vé hơi lâu, cũng tùy bữa thôi... , giá cá thì rất ok",4,0,0,0,0,0
cửa hàng cho thuê xe tại quy nhơn rất chuyên nghiệp.,0,0,0,0,5,0
"không để ý hải sản ra sao nữa, vì ăn xong bị tức ngực khó thở do người nấu nêm nhiều bột ngọt quá.",0,0,0,3,0,0
"thức ăn là homestyle và ngon, giá cả rất phải chăng, và dịch vụ tuyệt vời. rất khuyến khích parmasagne gà và mì ống tự làm của họ. hầu hết khách hàng là các gia đình việt nam địa phương, và cũng có một số người nước ngoài như chúng tôi.",0,0,0,5,0,0
phòng ốc sạch sẽ. nước nóng rất tốt. vị trí thuận lợi đi lại.,0,5,0,0,5,0
"thấy mấy bạn cứ check in ở đây nhiều nên mình quyết định lết xác qua xem quán như thế nào. nói chung view quán khá là đẹp đủ để những teeng đến sống ảo, quán khá rộng, menu của quán đa dạng gồm thức uống, đồ ăn vặt, bánh nữa nhé! thấy giá cả ở đây khá là ổn, mình thích cách phục vụ của nhân viên quán này lịch sự và zễ thương lắm. tóm lại quán này khá là tuyệt view đẹp thức uống thức ăn ngon khá yên tỉnh! tuyệt! có dịp mình sẽ ghé quán để thưởng thức nốt.",0,0,0,5,0,0
"nhà hàng tệ, không bao giờ quay lại, phải trả thêm phí 200k cho một đĩa đồ ăn chưa động vào trong khi không hề kêu ra thêm. tẩy chạy nhà hàng làm tiền. đồ ăn thì không ngon tệ. không thể chấp nhận .",0,0,2,0,0,0
"tụi mình có hỏi thuê xe của anh bảo trước đó 1 ngày. hẹn giao xe lúc 6h sáng hôm sau nhưng không ngờ xe đến sớm hơn mình tưởng, chỉ mới 5h là đã đến nơi rồi, thế là mình gọi cho anh ấy bảo xe lúc 5h. cứ tưởng sẽ phức tạp cho anh em nào ngờ anh rất vui và giao xe cho mình rất nhanh sau đó, chỉ 15p sau là đã có 2 xe máy cho nhóm mình. thủ tục thuê xe cũng đơn giản, chỉ cần đưa ra cmnd và kiểm tra bằng lái xe, ký tên vào hợp đồng thuê xe là xong.",0,0,0,0,5,0
tôi thấy sự trung thực và hỗ trợ khách hàng tối đa khi có thể của anh ấy.,0,0,5,0,0,0
pig c giá thì có rẻ .nhưng hàng khuyến mãi thì mua về không dùng được.đặt biệt là đồ ăn khuyến mãi hạn dùng còn lâu mà mua về mấy bì hư hết trọi.mình bị 2 lần rồi .lần trước mua trúng đồ hết hạn mang qua trả lại không chịu trả lại tiền mà biểu mình mua món đồ khác sao cho đủ tiền.vãi thật,0,0,0,0,0,2
"nhiều loại thịt và món ăn địa phương ngon, đồ uống giá quá hợp lý. nằm gần tòa nhà sky tower.",0,0,0,4,0,0
"được người địa phương giới thiệu nhiệt tình nên quyết định thử mặc dù tìm thấy quán khác có xếp hạng cao hơn. ngày tết nên khách liên tục, phục vụ gần như hết sức, nói gì, kêu gì cũng gật nhưng không làm nổi. cuối cùng mình tự phục vụ luôn: dọn bàn, lấy li chén, xuống quầy lấy beer-nước uống... quán cũng để cho tự làm luôn, còn chỉ chỗ cho tự lấy ! nem nướng và thịt bò nướng ok, hơi ngọt xíu. nước chấm thì vừa ăn. vệ sinh thì không ok lắm (đương nhiên) nhưng châm chước ngày tết vậy. kỹ thì tự ra rửa ly chén thôi ! nhìn người phục vụ và nướng thịt làm không kịp thở thì cũng thông cảm được ! sẽ ghé lại.",0,0,0,3,0,0
"xe buýt thoải mái, điều chỉnh chỗ ngồi với màn hình, điều hòa, chúng tôi được đưa đến khách sạn của chúng tôi, tài xế xe buýt đã làm một công việc tuyệt vời nói chung, tính với sự chậm trễ!",5,0,0,0,5,0
"chỗ nghỉ rất trung tâm tuy hơi khó tìm vì đi vào đường nhỏ, nhân viên cực kỳ thân thiện và hỗ trợ nhiệt tình, phòng đẹp và sạch",0,4,0,0,0,0
"thu hút đông đảo mọi người đến tham quan, mua sắm.",0,0,0,0,0,4
"liên kết hệ thống giữa flc và vườn thú chưa được chặt chẽ, nhóm mình trước khi đi đã check với nhân viên lễ tân nhưng đến nơi vẫn bị bắt mua vé thêm, sau khi giải thích phải ngồi chờ cả buổi kiểm tra xong mới được cho vào. bên trong không gian rộng rãi nhưng chưa được đa dạng về thú, mình xem được chuồng công và vài loại khác nhốt chung, đà điểu, cừu, có 2 con dê cứ lẻo đẻo theo cũng dễ thương, khá dạn dĩ, chuồng cọp có 2 con, chuồng sư tử có 1 và chuồng gấu cũng ít. đi bộ khoảng 30p đã xong, nếu mua vé xe điện hoặc xe ngựa thì hơi mắc với giá 70k/người. đi cho biết chứ không có gì nổi bật để quay lại.",3,0,0,0,0,0
"nhân viên quá tệ, tìm cách lấy thêm tiền khách với cớ là mất đôi dép, nhưng thực tế đã chứng minh là không mất",0,1,0,0,0,0
saigon transfers thật tuyệt vời! thời gian đến của chúng tôi thay đổi nhiều lần nhưng cô vũ vẫn có sức chứa và rất phản hồi qua email.,0,0,0,0,5,0
"đi ngang qua vài lần và mình quyết định ghé quán xem ntn. nhìn ngoài đường vào thì cứ tưởng chừng quán nhỏ chật hẹp, nhưng khi bước vào trong thì quán rất thoải mái nó còn ở phía sau nữa. đặc biệt quán yên tỉnh, nhạc nhé là nơi lý tương cho các bạn cần góc yên tỉnh học bài làm việc nhé. view của quán theo kiểu ấm áp yên tỉnh. thức uống thì khá ngon giá cả hợp lý. được tặng phiếu giảm giá nữa nhé.",0,0,0,5,0,0
"khách du lịch đến quy nhơn đừng quên ghé quán để thưởng thức những món ăn ở quán nhất là những món được chế biến từ cua, cực kỳ thơm ngon. tuần nào mình cũng ghé quán vì hơi bị ghiền món lẫu cua, hôm nay review cho anh chị chủ vui tính dễ thương nè tuyệt vời tuyệt vời tuyệt vời",0,0,0,4,0,0
"phòng bố trí thông thoáng rất tốt, sạch sẽ, nhân viên nhiệt tình, chu đáo lắm",0,5,0,0,0,0
"đông này bạn đã tìm được 1 quán coffee nào để check in sống ảo chưa nào, 1 quán coffee nhỏ nhắn ấm áp nằm trên đường ỷ lan. view quán mà lên hình rất ảo lắm nhé, chuẩn bị thêm 1 chiếc máy ảnh nữa thì quá tuyệt luôn nè. nước của quán khá nhiều lựa chọn, iá cả thì mình thấy khá ok như những quán khác thôi, view này cũng phù hợp cho những bạn mọt sách muốn tìm không gian riêng nè! tóm lại quán này view đẹp , hơi nhỏ, nước ngon giá rẻ. có díp sẽ ghé lại quán!",0,0,0,5,0,0
"nhà vệ sinh thiếu tiện nghi, quạt ồn, không có chốt cửa. thùng rác không có nắp, để vướng chân khi sử dụng bồn cầu... nhà vệ sinh rất tệ",0,1,0,0,0,0
nhất định sẽ trở lại quy nhơn thêm nhiều lần nữa và nhất định sẽ tiếp tục thuê xe máy chổ này. xe đẹp mới và đặc biệt mũ bảo hiểm cực dễ thương và sạch sẽ,0,0,0,0,5,0
"đặc sản ngon,đa dạng hấp dẫn đáng để trải nghiệm ,mua sắm quà cho mọi người khi tới quy nhơn.",0,0,0,0,0,4
là chợ có rất lâu.bán hải sản tươi rất ngon,0,0,0,0,0,5
"bị thích cái không gian ở đây tiệm bánh nhỏ này mới khai trương, đi ngang qua thấy đẹp nên ghé vào liền không gian kute kiểu nhẹ nhàng tinh tế vậy á, bánh trái cũng vậy nhìn cái nào cũng cưng cưng muốn ăn hết àh vui vẻ",0,0,0,5,0,0
"không gian thoải mái, phòng sạch sẽ, vị trí thuận lợi, anh chị nhiệt tình vui vẻ",0,4,0,0,0,0
"đi vòng vòng khu này tìm được massage bình định uy tín, nhiều dịch vụ bạn cũng nên trải nghiệm rồi cho nhận xét nha, mình thì 5 sao",5,0,0,0,0,0
"quán chặt chém khách du lịch quán bán chặt chém, bạn mình dân quy nhơn dắt đi ăn trước ăn chỉ 30-40k dĩa, thấy khách du lịch quán liền chém 60k trơ lên 1 dĩa mà 1 dĩa có vài con ốc, rất ít. mới vào order hỏi quán bnhieu 1 dĩa thì nói giá 30-40k thôi, quán không có menu cũng không có bảng giá gì. các bạn khách du lịch đi ăn quán cẩn thận đem ra dĩa nào nên hỏi giá dĩa đó chứ không tính tiền là bất ngờ lắm. hỏi dân xung quanh bảo "" quán đó bán đắt nhất quy nhơn"" nghe là hiểu rồi. đã thế về nhà xem được bình luận khách đánh giá quán chặt chém khách không riêng gì mình bị nên cũng đủ biết quán ntn. nếu quán cứ như vậy thì dần dần cũng mất khách thôi nhé. bạn mình dân quy nhơn dắt đi ăn mà quán còn chém vậy là thua rồi các bạn du lịch đi tạch quán này nhé",0,0,0,1,0,0
làm thủ tục và ra thẳng máy bay bằng lối đi rất ok. không phải di chuyển qua xe buýt,0,0,0,0,4,0
đó là một chuyến du lịch rất hài lòng mà tôi muốn chuyến lưu diễn này sẽ tiếp tục với khung cảnh tương tự trong tương lai.,5,0,0,0,0,0
"chúng tôi không thể đánh giá chúng đủ cao, quản trị viên rất chu đáo. chuyến bay từ đà nẵng của chúng tôi bị trễ 1 tiếng, sau khi có tin cập nhật, tôi nhắn tin cho anh ấy qua facebook chat thì họ thông báo là họ đã biết rồi do mã chuyến bay tôi gửi cho họ khi đặt vé. chúng tôi cũng bắt xe riêng đi thăm địa đạo củ chi và xung quanh thành phố. dịch vụ tuyệt vời và những chiếc xe đẹp.",0,0,0,0,0,0
thức ăn được v tốt. rất nhiều sự lựa chọn cho người ăn chay. nơi này luôn sôi động với các vũ công múa bụng biểu diễn theo thời gian. dịch vụ nhanh chóng và tốt.,4,0,0,4,0,0
"wtf, cái quán kém chất lượng như vậy không hiểu sao tour lại dắt đoàn cty mình vào. tráng mieng bưng ra dĩa bánh ít hôi thiu, hỏi nhân viên thì được nhân viên nạt nộ, giống như chủ quán muốn đuổi khách. đừng dắt khách nước ngoài vô đây làm mất hình tượng vn quá.",0,0,0,1,0,0
"3 - mình may mắn được bác tài vip 1 chở mình chạy theo xe kia đến suối tiên để lên xe. 4- cửa kính tầng trên, giường số 14 kêu két két két suốt ( giống như bị rê hay gì đó) **** mình đặt 4 vé đi và về cho thứ 7 và chủ nhật để đi công tác, và đi cực kỳ thường xuyên nhưng sau vụ này mình sẽ huỷ 2 vé khứ hồi và chuyển qua limousine hãng khác, càng ngày thấy chất lượng phục vụ của các nhà xe đi miền trung càng xuống. mong nhà xe sao limousine cân nhắt cách phục vụ của bác tài nói riêng và nhà xe nói chung.",0,0,0,0,2,0
"sân mới được nâng cấp, sạch và mới, đặc biệt là mặt sân. phần chỗ ngồi đa phần không có ghế, ngồi bệ xi măng.",5,0,0,0,0,0
"đi dạo siêu thin xong, con em nó bắt phải vào ăn gà ở jollibee cho bằng được. tính ra cũng tiện. mua sắm xong rồi ghé ăn trưa cũng ok. mình đi ngày thường nên quán khá vắng khách. nhân viên ở đây cũng dễ thương nè, nói chờ chút là có ngay liền phần cơm hai miếng gà bự. mình không thích ăn gà rán loại này nên thấy bình thường, nhưng con em lụ đạn thì vừa aen vừa khen ngon, ly trà đào cũng được. giá ở đây tương đối, không quá đắt, buổi trưa ăn ở đây ổn.",0,0,0,4,0,0
"phụ xe hút thuốc liên tục trên xe, xe có nhiều em bé đã nhắc nhở nhưng làm ngơ",0,0,0,0,1,0
"tôi đi xe buýt nước như một chuyến đi khứ hồi chỉ để ở trên sông và ngắm nhìn thành phố một cách dễ dàng. đó là một hành trình buổi chiều yên tĩnh. tôi nghi ngờ rằng khi các công nhân đang đi làm và trở về nhà thì đây sẽ là một trải nghiệm khác, nhưng như một sự kiện yên tĩnh sau bữa ăn trưa, tôi đã rất vui mừng vì tầm nhìn và chi phí thấp.",4,0,0,0,4,0
ra khỏi những con đường đông đúc và tất cả những chiếc xe máy và có một cái nhìn khác về sài gòn từ dòng sông. các dịch vụ thông thường với nhiều điểm dừng được lên kế hoạch là một ngày tuyệt vời ở bất cứ nơi nào bạn đến hoặc đi. một d giá rẻ. chỉ cần 15 không một vé cho bất kỳ hành trình.,4,0,0,0,4,0
"do đó, taxi và các phương tiện giao thông tư nhân không mang lại lợi thế nào so với xe buýt, và trên thực tế, thậm chí có thể ngược lại vì taxi đang có xu hướng tìm kiếm những con đường tắt nhưng hóa ra lại ngược lại.",0,0,0,0,4,0
"đồ ăn ngon. nhân viên rất thân thiện, luôn tươi cười.",0,0,0,4,0,0
không có hỗ trợ nhận phòng sớm. dù phòng còn trống. khách booking bị xếp ở các tầng thấp để có giá tốt. bữa sáng lại là gọi món riêng lên lầu ăn chứ không phải buffet,0,2,0,0,0,0
"chợ được mệnh danh là chợ nhà giàu bởi thức ăn bán hơi đắt hơn so với lân cận. do vậy mà thức ăn ở đây luôn tươi và ngon. bạn sẽ không thấy chuyện cá ươn hay mực cũ vì nếu thế sẽ không có ai mua cả. mua rất tiện, đôi khi không cần vào chợ( ở lề đường) còn thái độ phục vụ cực kì vui tính nha, vì tiền nào của đó nên hãy thận trọng khi trả giá, có thể chị bán hàng nổi cáu với bạn đấy. tóm lại thức ăn tươi ngon là tui thích rồi😄😄",0,0,0,0,0,4
"tự nhận mình là khách hàng khá khó tính vì với mình đồ của bản thân có thể xuề xoà nhưng đồ mang tặng thì mình khá kỹ. ngoài vấn đề về địa điểm quá quá xa của shop thì mình không có ý kiến gì cả. nhân viên tư vấn và chăm sóc khách hàng rất chu đáo và nhiệt tình. hy vọng bạn mình cũng sẽ ""phê"" món quà ấy như lần đầu tiên mình nhìn thấy nó. rất sang trọng và ý nghĩa. cám ơn và chúc shop ngày càng phát triển. có thêm chi nhánh ngoài hn nữa thì tuyệt vời, nhé !!!!",0,0,0,0,0,4
"hướng dẫn của chúng tôi thực sự thân thiện và nhiều thông tin. thật thú vị khi được ngắm nhìn chợ vào buổi sáng, cũng như các bản làng của người hmong. thác kung si hoàn toàn tuyệt đẹp và chúng tôi đã có nhiều thời gian cần thiết để khám phá, bơi lội và leo lên đỉnh. chắc chắn có những cách rẻ hơn để làm điều này nhưng chúng tôi thực sự đánh giá cao việc có một chiếc xe tải nhỏ thoải mái và có nhiều thời gian tùy thích ở mỗi nơi.",5,0,0,0,0,0
"xe được giao tận nơi, cho mượn 2 nón bảo hiểm. thái độ chủ cửa hàng vui vẻ, nhã nhặn",0,0,0,0,5,0
"khách sạn to và sạch sẽ, nhân viên dễ thương nhẹ nhàng. phòng cũng sạch sẽ và thoáng mát",0,5,0,0,0,0
"nhân viên nhiệt tình, mình có con nhỏ check in sớm, nhân viên hỗ trợ cho mình nhận được phòng lúc 10 giờ sáng mà không thêm phụ thu gì cả",0,5,0,0,0,0
"đồ ăn không tươi, đông lạnh. chế biến không ngon",0,0,0,2,0,0
"khá gần biển, chợ đêm và siêu thị! chị lễ tân rất thân thiện và dễ thương!",0,4,0,0,0,0
mình đến quy nhơn lần này là lần thứ 3 nhưng đây là lần duy nhất mình cảm thấy hài lòng về dịch vụ cho thuê máy khi thuê ở đây. 2 lần trước mình thuê những chổ khác chất lượng rất tốt. của hàng này vừa cho thuê xe rẻ mà xe lại mới nữa,0,0,0,0,4,0
"đi du lịch cũng nhiều nơi nhưng không thấy chỗ nào cho thuê xe như này cả, anh giao cho mình 2 chiếc xe air blade loại đời mới nhất, đẹp và lành, máy ngon lành như xe nhà luôn. tụi mình chuyển từ quy nhơn sang phú yên, đi hết các điểm du lịch của cả 2 thành phố nhưng không có chuyện gì xảy ra. rất tuyệt vời, đánh giá 5 sao cho cửa hàng của anh ấy tuyệt đối và cảm thấy những người bạn đánh giá sẽ cho thuê xe máy tốt là vô cùng đúng.",0,0,0,0,5,0
"căn hộ tiện nghi, sạch sẽ, tất cả những gì tôi mong muốn đều có ở đây. không gian phòng rất lãng mạn. lần sau tới tôi nhất định sẽ ghé lại đây 1 lần nữa.",0,5,0,0,0,0
"ở đây chính xác như thị trường, các saler rất rule. không có giá sửa chữa, vì vậy nếu bạn đến bạn hỏi bao nhiêu họ sẽ cho bạn biết rất tốn kém và hơn nếu bạn không biết giá rẻ bạn sẽ lãng phí tiền cho sản phẩm đó. vâng sự kiện bạn biết giá rẻ bạn vẫn móc cho giá cả. lời khuyên là: chỉ nhìn thôi. thưởng thức không mua ở đây.",0,0,0,0,0,4
"chú chủ khách sạn rất dễ thương, nhiệt tình, thuê xe máy cực rẻ, còn chỉ mình chỗ ăn ngon nữa. bạn tiếp tân lịch sự, dễ thương. phòng 5 người ở thoải mái",0,5,0,0,0,0
"phòng ở tiện nghi, vị trí thuận tiện ra ngay biển. có thể thoải mái dạo bộ đến những điểm vui chơi. nói chung là rất ưng hotel này khi tới nha trang.",0,4,0,0,0,0
"các anh chị nhân viền vừa lịch sự vừa chu đáo. rạp phim rộng, chất lượng hình ảnh, âm thanh rất tuyệt, sạch sẽ thơm tho. còn có cả nhiều ưu đãi tốt cho khách hàng ❤",5,0,0,0,0,0
"xúc xích không phải là xúc xích. chúng là những thứ cocktail đã qua chế biến màu hồng. thịt ba chỉ được cắt nhỏ thành từng miếng. trứng đã chín quá và có màu nâu. chip cũng giống nhau. không có đậu với bữa sáng của tôi hoặc cà chua chiên? đã hứa trên thực đơn. tuy nhiên, tôi không tranh luận vì tôi không muốn bất cứ thứ gì khác thêm vào hỗn hợp vật chất ghê tởm trên đĩa của tôi.",0,0,0,2,0,0
chỉ 5k đồng và mặc dù chậm nhưng nó hoạt động! phi trường. người soát vé trung thực và không chấp nhận nhiều hơn,0,0,0,0,4,0
"đồ uống ngon. ngoài cafe còn có nhiều lựa chọn khác như matcha, cookie, trà sữa phô mai, trà sữa muối biển, trà sữa lúa mạch, mojito các loại. chủ quán dùng nguyên liệu xịn, chủ yếu hàng nhập (nói không với hàng tung của) nên rất yên tâm về chất lượng. mình thì uống chủ yếu là cafe (espresso sữa, cappuccino) , chocolate, matcha và trà sữa.",0,0,0,5,0,0
"tiện nghi không tốt như đánh giá, ở tận 2 đêm nước suối lại tính tiền khách, két sắt không cho khách sử dụng, view biển chỉ được 1 góc nhìn hẹp... thất vọng",0,1,0,0,0,0
"good, nhà ga sạch sẽ, hơi nhỏ nhưng gọn gàng, quầy quán ngăn nắp",0,0,0,0,3,0
"quán ngay sát bờ biển, giá cả bình dân, đồ uống cũng được không đến nỗi nào. deco đẹp. 1 quán ven biển đẹp cho các tín đồ thích tự sướng.",5,0,5,3,0,0
"nhân viên nhiệt tình, chuyên nghiệp, sạch sẽ, gần bãi biển, view đẹp.",0,4,0,0,0,0
"phòng có giường lớn, êm đẹp, sạch sẽ,... lễ tân is the best. buffet ngon, thanh đạm. không gian sảnh sang chảnh tha hồ check in. cảm ơn phương linh đã giúp tụi mình tìm 1 căn phòng vừa ý. nếu có dịp mình sẽ chọn căn pano.",0,5,0,0,0,0
lần đầu đi xe taxi bị tài xế đòi tiền các bạn ạ!!!😰😰😰😰,0,0,0,0,1,0
"mặc dù thức ăn rất ngon nhưng tôi nghĩ nó hơi đắt. chúng tôi đã đặt hàng giao hàng, nó đến cùng thời gian mà họ báo giá. không có dụng cụ ăn uống, không có khăn ăn, không có đĩa.",0,0,2,4,0,0
"xe chạy tốt, nhân viên nhiệt tình giao xe tận nơi. chuyến đi khá vui đồ ăn khá ngon. cảm ơn tôi sẽ quay lại.",0,0,0,0,0,0
"bingsu xứ hàn đã về với quy nhơn mấy cô chú bác ợ, bingsu ăn phát mê liền luôn thích chi mà thích lạ kì, đã vậy món ăn còn đẹp nữa trước khi ăn tha hồ mà sống ảo các kiểu luôn, chỉ có điều bingsu hơi nhanh tan một tẹo nên có muốn sống ảo cũng phải thật nhanh á, không là nó tan hết ăn cũng không ngon đâu hie hie, có nhìu vị mùi nữa nè, giá thì 35k thì phải, mà quán đang có chương trình mua 5 tăng 1 nữa, nên ai muốn ăn thì lập kèo 6 người đi cho tiện he, mình đi có 4 người à nên thiếu 1 người ăn không được tặng hehe",0,0,0,5,0,0
còn nếu đi vào các buổi tối có đêm nhạc thì phải nói là hết nấc,4,0,0,0,0,0
"quán vỉa hè , bàn ghế gỗ thấp , không gian khá mát mẻ . nhân viên không mấy thân thiện lắm . thời gian đợi đồ ăn quá lâu . menu thì có nhiều món bánh lạ , khá phong phú . giá cả thì cũng rẻ so với mặt bằng thành phố . bánh ở đây ngon , ngọt dịu chứ không bị ngấy vì béo . điểm trừ là món chè khúc bạch 15k , miếng khúc bạch hơi nhão , nước dùng thì hơi bị đục màu . bánh tráng nướng cũng ngon , có bò khô , pate , thịt ... ăn lạ miệng nhưng đợi lâu quá buồn cười có cái bánh tráng mà đợi cả nửa tiếng đồng hồ",0,0,0,3,0,0
"yên tĩnh, quang cảnh đẹp, có bãi tắm riêng khá đẹp, bãi cát không dốc nhiều và sóng cũng êm hơn các bãi trong thành phố",4,0,0,0,0,0
"mình ở khách sạn trên đường***gần quán nên buổi sáng ghé quán ăn cho tiện. quan rộng, ngay mặt tiền nên dễ tìm, ghé quán lúc hơn 8 giờ nên vắng khách. menu giá từ 30 đến 40k được để ngay cửa quán, đi qua là thấy giá rồi. quán sạch sẽ, lên món nhanh không phải chờ đợi. mình ăn bún sứa 40k, có rất nhiều sứa, giòn ngon, chả cá, vò viên cá, rau ăn kèm tươi, sạch, nước chấm ngon, đặt biệt mình rất thích sa tế của quán, nước lèo hơi nhạt theo khẩu vị của mình.",0,0,0,4,0,0
lên tầng 5 chơi bowling và xem phim tuy nhiên cảm thấy thất vọng. hệ thống điều hòa không hoạt động gây cảm giác ngột ngạt và thiếu không khí,1,1,0,0,0,0
"khách sạn thoáng, nhân viên nhiệt tình hỗ trợ, khách sạn ngay trung tâm, gần tiệm mỳ nhà gỗ, gà tuk tuk nên tiện đi lại",0,4,3,0,0,0
"thật sự bất ngờ với lần đầu tiên tới nơi này, buổi chiều lãng mạn với hoàng hôn thật sự đẹp lắm luôn.chụp được nhiều hình đẹp nên vui lắm !.tới tối thì nhạc rất hay, nước uống ngon, thức ăn vừa miệng nữa,nhân viên quán cũng thân thiện,phục vụ nhanh. bất ngờ ở gía cả phải chăng cho vị trí sát bên khu phố tây bùi viện .",4,0,0,4,0,0
"có rất nhiều sách ở đây...có thể đọc nhưng nhà sách khá bé không có không gian cho khách ngồi xem sách...hây hây giá như có ghê bàn ngồi xem sách (ai ngồi thì mình tính phí bn 1h đó )không gian chật nhưng cách bố trí sách, truyện, vở ,đồ dùng ...rất khoa học dễ dàng lựa chọn..",0,0,0,0,0,3
"nhiều gian hàng đẹp, nhiều đồ ăn ngon. thi thoảng mấy đứa lại ới nhau qua đây lượn một vòng là hết nửa ngày luôn",0,0,0,4,0,0
"ấn tượng ban đầu là quán khá đông, đẹp, sang trọng, nhân viên chuyên nghiệp và lịch sự.",0,4,0,0,0,0
quán phục vụ rất nhanh đồ ăn ngon mấy bạn nhân viên nhiệt tình không gian quán cozy mình sẽ ghé lại lần nữa,5,0,5,5,0,0
đồ ăn rất ngon. đặt hàng gnocchi và pizza. cả hai đều rất thú vị và tôi không phải là một fan hâm mộ của pizza bình thường. giá cả hợp lý và tuyệt vời khi bạn cần một cái gì đó khác với món ăn việt nam. rất khuyến khích.,0,0,0,5,0,0
"công ty tuyệt vời nhưng cũng đắt đỏ. đề nghị bạn sử dụng taxi grab hiệu quả và thực sự rẻ. chúng tôi đã lấy một ngày có giá 13, 000 đến khách sạn của chúng tôi. ngày hôm sau, chúng tôi lười biếng và sử dụng vinasun cho cùng một hành trình là 330, 000, không bị cướp khi họ sử dụng đồng hồ mà chỉ cảm thấy ngu ngốc. tải ứng dụng và tiết kiệm cho mình tải.",0,0,0,0,1,0
"lúc đầu vì mình kbiet là chiều khoá dự phòng lại ở trong phòng nên nhân viên không dọn phòng được tuy nhiên sau đó mình đã gửi lại và có nhắn tin báo cần dọn phòng giúp mình nhưng tối về thì phòng vẫn nguyên, hơi thất vọng!!!",0,2,0,0,0,0
"anh chị cho thuê xe khá dễ thương, vui vẻ, nhiệt tình hướng dẫn đường đi, chỗ ăn uống ngon cho tụi mình nữa. giá thuê thì thường 120k xe mới. chất lượng xe ok, máy chạy êm. chỗ thuê ngay 27a hoàng hoa thám, gần trung tâm, nhiều đồ ăn vặt nữa.",0,0,0,0,4,0
"trời nóng lên thì phải kiếm thứ gì ăn để giải nhiệt, đồ nào càng mát càng tốt, mình thì mình ưng ăn chè khúc bạch nhất. quy nhơn cũng có nhiều quán khúc bạch nhưng mình thì hay ăn ở đây tại nhà gần đây, với lại quán nhỏ cũng mát mẻ, dễ chịu. giá mỗi chén khúc bạch chỉ có 15k thôi nhưng bao thơm nhé. có điều khúc bạch ở đây thơm mùi nhãn chứ không phải vải, viên khúc bạch mềm mịn, ăn là chỉ có đã. nói chung là thích ăn chè khúc bạch ở đây!",0,0,0,5,0,0
lần sau mình sẽ dẫn bạn bè mình tới đây dài dài luôn,0,0,0,0,0,0
"siêu thi c.o.o.p mart được tỉnh bình định ưu đãi cho thuê mặt bằng 50 năm. hiện giờ siêu thị là nơi tập trung mua sắm và tham quan của người dân bình định và khách du lịch thập phương. những nghành như thực phẩm, giày da, điện thoại, đồng hồ. mặt trước và sau là hệ thống karaoke, cửa hàng xe máy yamaha, ngân hàng, cafe...",0,0,0,0,0,0
khách sạn nên lưu ý kiểm tra các ngăn tủ khi vệ sinh phòng/ khách trả phòng. khi mình kiểm tra ngăn tủ trong phòng thì thấy quần áo của khách trước còn trong ngăn tủ.,0,2,0,0,0,0
vi vu trên sông saigon chỉ với 30.000/ 2 lượt đi và về nếu đi 5 bến bạn sẽ còn 2 tiếng thưởng ngoạn cảnh đẹp dọc 2 bờ sông sài gòn.,4,0,0,0,4,0
"chúng tôi đã thử một số nhà hàng địa phương trên khu phố cổ và tìm thấy một nhà hàng lãng mạn dễ thương ở phố gia ngư (cách hồ hoàn kiếm khoảng 5-10 phút đi bộ). thức ăn là tuyệt vời và dịch vụ của họ là tuyệt vời. nhân viên của họ đã chăm sóc chúng tôi và cho chúng tôi một số mẹo để thưởng thức món ăn một cách trọn vẹn. tôi thực sự hài lòng, rất khuyến khích nơi này!",0,0,5,5,0,0
"quán đa số bán hải sản biển : tươi sống và rất ngon . giá cả cũng khá ổn , không quá mắc và cũng không rẻ . nằm ở mức trung bình . nói chung là đến quán này ăn đồ biển thì ngon tuyệt , nhất là ăn mực xào tỏi , hầu nướng phô mai với tôm nướng phô mai",0,0,0,5,0,0
"khách sạn đầy đủ tiện nghi, nệm ấm chăn êm, nệm to 3 người nằm còn vừa. đầy đủ mọi tiện nghi cần có. ngay khu trung tâm đi đâu cũng gần. quá ok luôn",0,5,0,0,0,0
"chỗ này vắng hoe vắng hoắt, không một bóng người, vào đứng chờ hoài không thấy ai mà gọi sdt cũng không ai nghe. cảm thấy vô nghĩa",0,2,0,0,0,0
"cứ mỗi lần thèm ốc lại ra đây, quán này bán đủ các thể loại ốc luôn, mà thích nhất quán cái món mai cúm núm í, ngon lắm luôn, chi có 10k 1 mai thôi, mà vào buổi tối thì không bao giờ có, chỉ co buổi trưa tầm 11,12g quán bán vài cái mai thôi, co hôm canh quán lây về có 4 cái mai , mình gọi hết luôn ăn cho sướng, ngon mà rẻ nữa , cá sơn ở đây to mà ngon, có 170k 1 kg thôi, đi đông gọi 1 kg cuốn bánh tráng là no nê luôn, mình hay ăn buổi trưa cho ít khách, đi buổi tối đông đen , đứng chờ lấy ốc hoi lâu tí, được cái khách đông mà làm nhanh nhẹn lắm,nhân viên gọi phát có mặt ngay, khu này có nhiều quán bán ốc kiểu này, những chỉ mỗi quán này là ngon và đông khách nhất thôi, sẽ quay lại dài dài😁",0,0,0,5,0,0
"không gian bắt mắt, rất phù hợp cho các bạn đến vui chơi và chụp ảnh sống ảo các kiểu... đồ uống tạm được giá cả bình dân... buổi sáng thì hơi ít khách nhưng quán được cái có không gian rộng rãi mát mẻ và có cả không gian cho các bạn tới học bài hay tìm 1 chỗ yên tĩnh để đọc sách hoặc làm việc trên máy tính... nhân viên rất vui vẻ và thân thiện với khách hàng... quán rất dễ tìm nên trên đường trần thị kỉ phía sau siêu thị coopmart, được nhiều bạn trẻ biết đến...",0,0,0,5,0,0
"xe yamaha sirius đời mới lái khá bốc, mượt mà, còi, xi nhan gương đầy đủ. giá 300k/3 ngày. ổn lắm nha",0,0,0,0,5,0
"quán nhỏ nằm trong con đường nhỏ nhưng món ăn rất tươi ngon, theo khẩu vị miền trung.",0,0,0,5,0,0
"thị trường này cung cấp nhiều loại giống và nếu bạn có thể mặc cả, bạn có thể giảm giá thấp hơn 60% so với giá niêm yết. phải mặc cả vì giá chào rất dốc.",0,0,0,0,0,4
"quán có mặt bằng thoáng mát , thực đơn khá đa dạng như bò né , beep steak, mì cay , gà sốt singapore nhưng buổi sáng chỉ có 1 sự lựa chọn đó là bò né. thực sự thì bò né ở đây khá bình thường , vài miếng bò được ướp sẵn xào sơ qua rồi 1 cái trứng opla vừa chín tới , bò bình thường , opla khá ngon. điểm trừ là nước chấm , khá lạ chắc là quán tự pha chế , chấm vào không tăng thêm vị cho món ăn . ăn kèm là dĩa rau chua ngọt , khá ít rau nên ăn hơi thiếu cho 1 đứa thích rau như mình. ^^",0,0,0,4,0,0
"quán này nằm đầu đường nguyễn huệ, đoạn gần quảng trường trung tâm thành phố quy nhơn. kem tuyết ở đây cực kỳ ngon! không phải là đá bào hay sữa tươi xay ra rồi đặt trái cây lên trên đâu! mỗi vị kem tuyết rất đặc trưng. đúng vị của trái cây, ngọt thanh chua chua. còn vị matcha thì đúng là tuyệt cú mèo! mình nghiện matcha ở đây lắm! matcha ở đây chuẩn của chuẩn! trân châu thì dẻo dai. à, trà sữa ở đây làm mình nghiện vì mùi thơm của oolong tuyệt vời! mình thích trà trái cây ở đây nữa! không quá ngọt, cảm nhận được vị đắng chát và mùi thơm của trà cùng vị trái cây đặc trưng!",0,0,0,5,0,0
"nhân viên lịch sự, chất lượng hàng hoá ok!",0,0,0,0,0,4
"lần đầu ghé siêu thị thấy rộng, nhiều đồ, giá rẻ. nhưng hơi buồn vì thanh toán nhân viên trả thiếu 100k nhưng vì không để ý. đi ra khỏi siêu thị mới để ý. không đáng gì, nhưng vẫn cảm thấy hơi hụt hẫng buồn cười",0,0,0,0,0,3
"không gian ngồi siêu mát, siêu rộng, siêu thoải mái, có thể ăn uống, hẹn hò, tụ họp đủ thể loại luôn hen. nhân viên thì tạm được, thấy lạnh lùng vậy chứ cũng nhanh nhẹn lắm. tiêc là quán lớn nhưng wifi không có.",0,0,0,4,0,0
"quán rộng, có máy lạnh, thoáng mát. thực đơn quán mình thấy có bánh xèo tôm 25k, mực 25k, bò 25k, trứng 18k và thập cẩm 35k. chất lượng : rất ngon, nhân nhiều. cá nhân gia đình mình rất thích bánh xèo mực và tôm. 1 cái bánh xèo mực , có nhiều mực và mực béo ngon lắm. vì là vùng biển nên mới có giá 25k / cái bánh xèo mực. nên mình thấy giá như vậy không mắc chút nào, như một số bạn đánh giá. bánh xèo bò, bò có nêm nếm gia vị , ăn rất ngon. vỏ bánh nhỏ, và giòn ngon lắm. mọi người nên cắt bánh làm 4 miếng, dễ cuốn và không bị ngán nha. cả nhà mình đi 7 người - hết 275.000",0,0,0,5,0,0
"mình thấy đa số là review khen nhưng mình đã trải nghiệm quán cafe này và chắc là sẽ không ghé đến nữa, mình review để quán có đọc được thì rút kinh nghiệm: - về phần đồ uống: pha đồ uống tệ, nhất là món mojito quá ngọt, không có mùi mojito gì hết, mojito nhưng cảm giác là uống như nước siro vậy đó. - về không gian: chỉ có đúng 1 số góc ổn, còn những góc khác thì không đẹp, đi lên lầu sẽ đi ngang 1 phòng làm nước thấy hơi nhếch nhác. tầng cao nhất gần về trưa hanh nắng. đi ngày tết thì tụ tập đánh bài lô tô hét la ỏm tỏi nên cũng mất thiện cảm. - về nhân viên: đi hôm tết đồng ý khách đông, hỏi nhân viên sao chưa có nước thì nhân viên trả lời mạnh miệng:"" tết mà, chờ chút chớ, nước ép làm lâu, vậy anh uống cafe đi cho nhanh"", thấy bực rồi mà thôi cũng cho qua, xong cái hồi lên đập cái bill tính tiền lên bàn rồi bỏ đi trong khi nhóm mình chưa muốn tính tiền, kêu lại hỏi thì nhân viên nữ đó trả lời:"" tết đông nên thanh toán trước"". nhân viên gì mà nói câu nào cãi câu đó, thái độ phục vụ thì láo lếu. muốn tính tiền sớm thì cũng nói tiếng chứ đập bill xuống vậy rồi bỏ đi là không chấp nhận được. quán nên điều chỉnh lại đội ngũ nhân viên chuyên nghiệp hơn nữa.",0,0,0,1,0,0
"món ăn sáng không đa dạng, nên thêm nhiều món để thay đổi khẩu vị.",5,0,0,0,0,0
"khách sạn gần biển, phòng mình có view hướng biển cả hướng thành phố nữa, phòng thoáng đẹp, đạc biệt nhân viên rất tận tình và vui vẻ nha... có cơ hội quay lại mình sẽ ghé lại đây lần nữa",0,4,0,0,0,0
"quà của shop rất đẹp , gói quà đẹp , nhân viên tư vấn nhiệt tình giao hàng nhanh . sẽ ủng hộ shop lâu dài.",0,0,0,0,0,5
"quay lại quán thấy lạ ghê, decor xinh và đẹp hơn trước rất nhiều. món ăn cũng có nhiều đổi mới, chăm chút về decor mìn rất thích phần trứng non chấm bánh mì, ăn rất vừa miệng",0,0,0,5,0,0
"đi đợt tết nhưng giờ mới review. lặn lội trời mưa đến quán cũng đã 8h tối, đập vào mắt là cảnh tượng thật khó quên, người làm ốc thì ngồi bên vệ đường, người ăn thì chen nhau trên nền đường ướt nhẹp, có lẽ do đông quá nên quán không quét dọn kịp. nhưng tất cả được bỏ qua vì ốc ở đây rất ngon, rất vừa ăn, đặc biệt là ốc mỡ, mình khoái nhất là món muối ớt chanh và nước chấm làm từ gì không rõ, nhưng ngon cực. tự phục vụ luôn, muốn ăn gì nói chủ làm, muốn xin gì tự lấy. giá rất rẻ nhưng chất lượng rất tuyệt. hi vọng ngày quay lại đúng lúc trời khô ráo 😁",0,0,0,5,0,0
"hoàn toàn hài lòng! nhà mình trải nghiệm quy nhơn 6 ngày nên đăng ký khách sạn flora qua traveloka. các bạn tiếp tân rất dễ thương và chuyên nghiệp đã tự đề nghị upgrade phòng cho nhà mình do là mùa thấp điểm du lịch. các bữa ăn buffet ngon với hai em phục vụ rất hiếu khách. phòng ốc còn mới và rộng, view biển nên rất đẹp. khách sạn thoáng do thiết kế có cửa thoáng trước và sau nhà.từ khách sạn ra bãi tắm quy nhơn tầm khoảng 150 mét, rất tiện lợi, bãi biển sạch và đẹp. một nơi đáng để nghỉ dưỡng!",0,5,0,0,0,0
"đồ khá đầy đủ, có thể mua dừa trái, đồ về làm quà (nem, cá mực tôm khô, các loại mắm) ở đây. chợ mở cả ngày tuy nhiên có nhiêu khu chỉ mở sáng sớm. ghé chợ tầm chiều tối có thể ghé ăn ốc thúy kiều ở ngay gần đó",0,0,4,0,0,0
"nhà sách fahasa tttm coop mart có rất nhiều tựa sách cho lứa tuổi nhỏ, sách học tập, đủ loại đồ dùng văn phòng phẩm và đồ chơi. các bạn muốn mua sách tiểu thuyết hay các tựa sách 16+ trở lên thì nên ghé fahasa big c nha. nhà sách fahasa chấp nhận thanh toán thẻ, quét mã qr và ví zalo pay.",0,0,0,0,0,5
"dịch vụ ổn với giá, các bạn nên chọn và trải nghiệm.",5,5,5,0,0,0
"đối diện khách sạn saigon quy nhơn nên surf bả là điểm must-check trong chuyến này. view ban ngay thì không đặc biệt vì trời lúc nào cũng nắng. view ban chiều tối thì hấp dẫn đẹp hơn khi lên đèn. vị trí tốt vì quán dạng bar và nằm trên bãi cát sát kề biển. chỗ tuyệt vời cho sống ảo trên mxh 😉 thức uống thì ngược lai, rất nhạt nhẽo. khi kêu kem thì mang ra cây kem trong bịch giống như bán trong siêu thị 🤨, tiếng là bar thì việc này làm mọi người sốc bối rối . yagourt, sinh tố không ngon, nhạt nhẽo. quán cần nâng chất lượng đồ uống, ngoài view đẹp ra",0,0,0,3,0,0
"thoáng mát, sạch sẽ, tiện nghi đầy đủ",0,5,0,0,0,0
"khách nào gọi mới làm , chữ không phải kieu bỏ đông , nhân viên cung thân thiện, được cai quán bán từ sáng đên khuya 1g sáng muon qa ăn cũng có, mà nhà hàng nổi tren biển nên ăn ở đây chụp hình check in cũng thích, nói chung sẽ quay lại.",0,0,0,5,0,0
"rượu đắt so với các nhà hàng khác, thức ăn có giá cả hợp lý.",0,0,0,3,0,0
"mình ghé quán vào tối thứ 6 trong chuyến đi quy nhiwn lần này. quán nằm trên bờ biển và gửi xe phía bên đường, xe máy 3k 1 chiếc. không gian rất rộng và thoáng mát vì ở ngay trên bãi biển mà, ngồi uống 1 ly bia nghe sóng biển rì rào nhạc bắt tay chill phết. quán trên trí đẹp, nhiều gốc sống ảo, nhiều bàn ghế, quán đông nhưng nhân viên rất nhanh nhẹn và nhiệt tình. menu đa dạng giá bình dân. điểm trừ là quán để cho người bán hàng rong vào làm phiền khách vì người bán khá nhây, cứ mời hoài dù nói là không mua",0,0,0,4,0,0
"phòng view biển đẹp, sạch sẽ, nhân viên thân thiện, gần trung tâm, gần biển chỉ vài phút đi bộ, bể bơi và gym room trên sân thượng đẹp",0,5,0,0,0,0
"đang cần thuê xe máy thì thấy tờ rơi trong bãi giữ xe chung cư mình gọi thử, dịch vụ tốt, giao xe nhanh, xe chạy êm và tiết kiệm xăng, giá cả hợp lý, đã lưu lại thông tin bên bạn, sẽ tiếp tục gọi nếu cần",0,0,0,0,4,0
"quán này ban đầu nhìn khá to, kiểu như cà phê trong biệt thự, tuy nhiên khi vào bên trong thì hơi bất ngờ, không gian khá nhỏ, trang trí không được đầu tư, kiểu như quán mới mở, mình tới tầm 7h30 tối nhưng không hề có khách, mình ngồi tầng 2, hơi kín và còn mới nên còn khá hôi mùi sơn tường, nhân viên phục vụ thì không mở điều hòa cho khách, nóng và rất ngộp. khi lên xem trên foody mình thấy ở đây có bánh mì khá ngon nhưng khi hỏi nhân viên có món gì ăn không thì nhân viên nói đã hết nhưng mình nghĩ vì không có khách nên quán không chế biến. đồ uống ở đây thì khá đắt và không có gì đặc biệt. khá là thất vọng.",0,0,0,2,0,0
"quán ngay cạnh biển, không khí mát mẻ, giá cả đồ uống phải chăng, sẽ quay lại vào dịp tới đến quy nhơn",5,0,0,0,0,0
"seach map để đến quán. hỏi sô 40 đào duy từ mà hông ai biết. dân địa phương còn nói đường gì tên lạ quá buồn cười tưởng mị bị troll r nhưng may cố gắng đi đại. quán khuất trong hẻm nhỏ, đường vắng. không để í sẽ đi hố đó. ngó được menu hết hồn lun. đơn vị theo đĩa chứ không cân gì đâu. a chủ quán oder quan tâm mức độ hài lòng của khách lắm. cứ ra hỏi thăm ăn được không, ngon không. giới thiệu thêm giùm a nha. tổng thiệc hại mớ đó + 1 đĩa nữa mà ngon miệng quá không kịp chụp ^^ và 2 pepsi 1 tiger 390.000₫ tuyệt vời lun ạ. có dịp ra quy nhơn nữa sẽ ghé.",0,0,0,5,0,0
"cho thuê xe máy tốt nhất ở quy nhơn. chủ nhà rất nhiệt tình, vui vẻ. xe đa dạng, mới, chạy rất êm! khi đến quy nhơn, bạn cần thuê xe máy ở đây.",0,0,0,0,5,0
"nhân viên phục vụ tận tình, vui vẻ, giúp khách check in sớm nhất có thể và hỗ trợ khách đặt các dịch vụ. rất linh động xử lý các yêu cầu của khách. mình sẽ quay lại nếu có dịp đến nha trang.",0,4,0,0,0,0
"phòng ổn, được mời đi nên chẳng biết giá cả thế nào. nói chung là được mời sẽ đi, còn tiền túi thì nghỉ, vui vẻ",0,4,0,0,0,0
"từ bên ngoài nhìn vào nhà hàng mang 1 tông màu kem trắng khá là sang trọng đường vào nhà hàng cũng rộng rãi, nhà hàng này hình như vừa kết hợp khách sạn hồ bơi rồi điểm tâm cà phê sáng các thứ luôn hay sao ấy, mình đi với đoàn nên khi bước vào bàn tiệc thì trên bàn đã setup các món sẵn rồi chỉ cần gỡ giấy bao lại là ăn được rồi, mà đồ ăn tuy setup trước nhưng độ nóng vẫn còn nên cũng thấy thích, do từ xa đến và để ăn trưa nên mình thấy ăn khá là ngon miệng",0,0,4,4,0,0
"mình đi cà phê không thích mấy quán ồn ào cho lắm nên đi ngang thấy kensi khá yên tĩnh nên vào. kensi này phía đường trong đô đốc bảo nên cũng có ít xe chạy qua, đặc biệt phía trước còn có hàng cây xanh mát nữa nên khá là thích ngồi ở đây nhìn ra ngoài đường luôn nè. điều ấn tượng đầu tiên là quán trang trí khá đẹp, kiểu là hơi art một chút ý, quầy pha nước có cái gương tự sướng đúng chất luôn, menu quán thiết kế đẹp nữa, đại khái là hơi bị mê cái thiết kế của quán nì, cộng với việc nước uống ok, giá cả phải chăng và không gian yên tĩnh, thích hợp với việc hạc bài vào buổi sáng và trưa hie hie túm lại là sẽ ghé lại quán vào những lần sau vì quá thích <3",0,0,0,5,0,0
mình tới check in thì phòng mình book không còn trống. btw được sắp xếp cho phòng khác nhanh chóng. phòng mình nằm điều hòa phả từ chân lên mặt đâm ra hơi khó chịu. nói chung tạm ổn so với giá.,0,3,0,0,0,0
"lần đầu có dịp đi quy nhơn chơi, được sắp xếp vào ăn trưa ở nhà hàng lớn vầy cũng khoái. nhà hàng nằm sát biển có view đẹp, lại gần trung tâm thành phố quy nhơn. cơm trưa được bày ra từng bàn riêng biệt, kèm theo menu các món. có đủ các món mặn như thịt, cá, các món rau và canh. nhân viên phục vụ nhiệt tình, nhanh nhẹn, chuyên nghiệp.",0,0,5,5,0,0
nhà khách bình dân. nhưng đầy đủ tiện nghi.,0,5,0,0,0,0
"tôi đã ăn ở nhà hàng này khi ghé thăm quy nhon. tôi đã ở đủ 5 yếu tố nên tôi có thể thử nhiều món (tacos, chimichanga, burger mexican và salad cá ngừ). tất cả đều rất chắc chắn !! nếu bạn đang tìm kiếm một chiếc bánh mì kẹp thịt chất lượng cao hoặc thèm đồ ăn mexico, họ sẽ giúp bạn sắp xếp. món burger mexico, và salsa là món yêu thích của tôi và đặc biệt là salsa có hương vị giống như hương vị mexican đích thực. xứng đáng xứng đáng",0,0,5,5,0,0
"tưởng không ngon mà ngon không tưởng. mình không thực sự ấn tượng với bánh xèo tôm nhảy quy nhơn. nhưng ăn bánh xèo ở đây đỉnh của chóp. đồ tươi, nêm nếm ngon, nước chấm cũng xuất sắc. giá cả ở mức hợp lý. chắc chắn sẽ quay lại quán khi có dịp ghé quy nhơn lần nữa.",0,0,0,5,0,0
khá nhiều đồ đặc sản nhân viên nhiệt tình tư vấn khi hỏi.,0,0,0,0,0,4
"tiệm cà phê nằm vị trí đắc địa dưới tầng trệt an phú thịnh, tết vừa rồi ông anh rủ ra đây uống. mặt tiền trung tâm, giáp 2 đường luôn, không gian rộng rãi, thoáng đãng. bọn mình ngồi phía trong vì trời hôm đấy hơi gió tí. mấy bạn nhân viên trẻ, tận tình, niềm nở. phục vụ nhanh lẹ, không đợi lâu. nước uống (hazelnut ice blended) cũng được thôi, chứ chưa thực sự xuất sắc so với tầm giá đó. bù lại được cái không gian và service. tuy nhiên tổng quan mình vẫn thấy cách bố trí vẫn kiểu hơi bị tham quá, tiết chế bày biện xíu sẽ ổn hơn.",0,0,0,3,0,0
"ưu điểm: nước uống ngon, không gian thoáng, thoái mái, nhẹ nhàng nhược: không trung tâm. phù hợp: các bạn trẻ thích món đá xay và trà. 2 dòng này ở quán cực hot hit. các văn phòng gọi về nhiều. mình cũng là fan của dòng đá xay và trà đào ở đây :)",0,0,0,4,0,0
"quán này mở cũng khá lâu rồi . được nhiều khách du lịch ghé vào thưởng thức . nay quán mới mở thêm một gian bên cạnh nữa để đáp ứng nhu cầu của khách quán khá yên tĩnh , mát mẻ , đèn hơi mập mè một tí pizza siêu siêu ngon luôn , mì ý thì hơi nhạt và khó ăn nước uống cũng bình thường không có gì đặc sắc lắm nhân viên phục vụ nhiệt tình mặc dù số lượng nhân viên không nhiều giá cả cũng tạm ổn , vào các dịp lễ và tết thì quán có tăng từ 10->20% phí dịch vụ",0,0,0,3,0,0
"vị trí xa xôi mà lại không có bãi biển của riêng mình để tắm. phòng ốc thì tạm được, đạt mức 3 sao. dịch vụ thì đơn sơ, nghèo nàn. view thì tạm được, còn xa mức 5 sao một khoảng cách không hề dễ san lấp. thái độ nhân viên thì gọi là đạt ổn ở 1 số bộ phận. cá biệt có bảo vệ cứ gọi khách là ""thằng"" ầm ĩ",0,2,0,0,0,0
tuy nhiên cũng phải nói rằng ở đây vẫn rất nhộn nhịp và mình thấy ngày càng có nhiều khách nước ngoài biết đến thương hiệu phở 10.,0,0,0,4,0,0
"quán không gian thoáng mát, khu vực mát mẻ. là sự lựa chọn rất tuyệt cho kỳ nghỉ lễ cùng gia đình hay cơ quan. có đồi sim ngay cạnh quán, dẫn con lên chơi, hái sim thỏa thích. đồ ăn ngon, hải sản tươi chứ không như mấy nơi, hải sản gì đâu. cảm ơn quán. lần sau sẽ ghé ủng hộ",0,0,0,5,0,0
khách đông nên không kịp dọn phòng,0,4,0,0,0,0
"quán trà sữa ming tea này nằm hai mặt tiền nên dễ tìm, quán trang trí khá đơn giản và trẻ trung. giá nước không quá đắt, nếu mình chọn mấy món yagurt thì giá khá rẻ chỉ tầm hơn 20k là có một ly rồi, không gian khá nhỏ nên không có quá nhiều khoảng riêng, hên quá hôm mình đi quán vắng nên khá dễ chịu, ngồi vừa uống nước vừa giết thời gian. nước uống khá ngon, độ ngọt vừa phải,pha thêm một chút béo béo và rất là thơm,mà ly rất là to. nhân viên lịch sự nữa, nên mình sẽ quay lại.",0,0,0,5,0,0
"hàng xinh, vải đẹp mẫu mã đa dạng, giá cả hợp lý, chủ shop nhiệt tình tư vấn <3",0,0,0,0,0,5
"ghẹ tươi ngon giá thành hợp lý, có niêm yết rõ ràng",0,0,0,5,0,0
"khu resort này gần xịt khu dã ngoại trung lương luôn. nói chung là vô cùng sang chảnh đẳng cấp. tiền nào của nấy, phòng ở siêu đẹp, đồ ăn thì khỏi bàn. đẹp mắt mà ngon nữa, ăn cứ phải nhỏ nhẹ thỏ thẻ cho hợp với cái không khí hic hic. nghe bảo noel này có tổ chức party hoành tráng lắm. muốn đi thì nên book trước từ bây giờ không là cháy phòng",0,5,0,5,0,0
"xe đẹp. giao xe nhiệt tình thân thiện. quy nhơn là nơi thích hợp để bạn đi du lịch, bãi biển đẹp, đồ ăn rẻ, người dân thân thiện",0,0,0,5,5,0
"món ăn rất ngon. hợp khẩu vị. không gian thoáng rộng, thoải mái nhân viên nhiệt tình gần gũi. buổi tối mát mẽ. rất thích!",5,0,5,5,0,0
"vị trí ngay trung tâm thành phố sầm uất, view biển đẹp, giá thành rất hợp lý.",0,4,0,0,0,0
hiệu quả và đúng giờ - bạn còn muốn gì nữa? và ở một mức giá cạnh tranh. tốt hơn nhiều so với việc chờ đợi trong một hàng đợi ở quầy taxi.,0,0,0,0,4,0
"quán tông đen màu yêu thích của mình nên đi ngang hay nghía lắm. nghía thôi chứ hổng vô vì nước không có ngon. đi 2 lần mà thất vọng cả 2 nên thôi say goodbye. mà quán vẫn đông lắm chắc do mình không hợp hoặc do mình uống ở sg quen r nên thấy chất lượng nước không ra sao cả. mà mình cực kì ghét ly nước lọc của quán, không biết phải nước máy hay không nhưng mà vị thì y như nước máy 😩😩chỉ thắc mắc nước bình cũng rẻ mà, quán đẹp như z không có được ly nước trà thì chí ít cũng nước bình chứ.",0,0,0,4,0,0
"sáng ngày 20/08 đến ăn sáng ở quán ăn ngon. gọi 1 bát miến gà cùng 1 bát bún măng gà, quẩy và 2 cốc nước. 2 bát đã lên ăn gần xong cũng chẳng thấy nước với quẩy đâu. nhân viên thì đông như thế đứng túm năm tụm ba trò chuyện ơe chỗ đang cắm hoa. mình gọi mới vội vàng mang quẩy ra, nước thì ăn xong rồi mới có, nhân viên mang ra cũng chẳng thấy xin lỗi lấy 1 câu. phải chăng khách tây nhiều quá nên người việt nam vào thì thái độ khác hẳn. nói chung mình là người hà nội đã ăn ở đây rất nhiều lần nhưng chưa thấy lần nào tệ như thế. khuyên các bạn có đến ăn thì đừng nên đến vào buổi sáng.",1,0,1,0,0,0
"thật không muốn review, sợ mọi người đến ăn đông quá:)) ngon lắm ạ, chủ dễ thương dễ tính. món ăn ngon, tươi, cái gì cũng 10 điểm luôn. tất cả các món trên theo combo 150k/người, free trà đá. hix no quá ạ. đặc sản lẩu sứa, salad rong nho tuyệt vời",0,0,0,5,0,0
nhân viên rất hữu ích. hãy tìm chiếc xe buýt màu xanh lá cây!,4,0,0,0,0,0
"nhân viên từ bác bảo vệ đến các bạn lễ tân đều rất nice. các bạn đổi hạng phòng cho mình free. phòng ở tầng cao, đầy đủ tiện nghi.",0,5,0,0,0,0
cung cách làm việc của bảo vệ rất tệ . có người không đeo khẩu trang cũng được vào .ngưới thì đuổi ra không được vào là như thế nào. đề nghị siêu thị coi lại quá trình này . như thế này là quá tệ.,0,0,0,0,0,1
không gian hơi hẹp nhưng đồ ăn bao ngon. mình đi 2 người gọi 4 món mà ăn không nổi luôn :))))),0,0,0,4,0,0
khách sạn quy nhơn gần biển đẹp nhất mà mình biết. ấn tượng với view tầng 6 nhìn ra bãi biển và đường chân trời. phục vụ và đồ ăn thì quá ưng rồi. nói chung phù hợp với những thành phần sống ảo như mình.,0,5,0,0,0,0
"mình vừa có chuyến du lịch 4n3d taị thành phố quy nhơn. mình ở homestay two sister home, mọi thứ đều rất tuyệt vời, con người ở đây vô cùng dễ thương, thân thiện và đáng mến. ngày đầu tiên mình di chuyển chủ yếu bằng taxi và cảm thấy khá tốn kém, sang hôm sau mình muốn thuê xe máy để đi lại thì sau một khoảng thời gian tìm kiếm trên fb và gg thì nhận ra có quá nhiều chổ cho thuê xe máy và không biết phải gọi chổ nào thì mình có hỏi chị chủ homestay và chị nói mình gọi cho bên này đi. không biết home mình ở có gần cửa hàng của các bạn không nhưng mình vừa gọi chưa tới 10p là các bạn đã mang xe đến rồi. lúc nhận xe thì nói chuyện rất cởi mở và nhiệt tình, làm hợp đồng thuê xe máy chuyên nghiệp lắm, sau đó thì giời thiệu cho mình nhiều quán ăn ngon và nhiều địa điểm du lịch đang hot ở đây. còn dặn dò mình nếu cần thông tin gì thì gọi ngay cho bạn ấy và thế là mình đá làm phiền bạn ấy suốt 3 ngày còn lại ở đây. cảm ơn bạn rất nhiều, kinh doanh có tâm lắm, sẽ sớm thành công thôi.",0,0,0,0,5,0
tuy là sân bay của quân đội những cũng rất ok và rất đẹp,0,0,0,0,4,0
"nhân viên tư vấn khá là nhiệt tình, mặt hàng đa dạng,giá cả chấp nhận được cho khách du lịch.",0,0,0,0,0,5
"thực đơn thức ăn là một chút hạn chế nhưng bánh mì kẹp thịt là tốt và đồ uống có giá tốt. nhân viên tốt, và đó là một nơi tốt để gặp gỡ mọi người.",5,0,0,5,0,0
"chúng tôi được cung cấp một chiếc xe lớn, thoải mái và hướng dẫn viên của chúng tôi, tin, rất trò chuyện và hiểu biết. nó vượt quá sự mong đợi của chúng tôi và họ đã thả chúng tôi xuống sân bay với nhiều thời gian rảnh rỗi.",5,0,0,0,5,0
"thật khó để cân bằng giữa thời gian dành cho gia đình, đi chơi với bạn bè, đồ ăn lành mạnh và thân thiện với trẻ em. nhà máy lọc dầu hoàn toàn nằm trong danh sách của tôi vì nhu cầu khó khăn đó. lựa chọn bữa sáng muộn lành mạnh, diện tích rộng rãi dễ dàng vừa cho nhóm bạn 15 người của chúng tôi. tôi thực sự đánh giá cao góc dành cho trẻ em với một bảo mẫu tận tình chơi với trẻ em. và họ cũng có lựa chọn rượu tốt.",0,0,5,0,0,0
"gần trung tâm , đi bộ ra bãi biển rất gần",0,0,0,0,4,0
"mình chơi ở qn 3days mà 2 tối ghé quán ăn ròi. nêm nếm rất ngon, dĩa nào chất lượng dĩa đó nên ngày đầu có kêu quá hớp vì cứ nghĩ dĩa ốc nhỏ nhỏ xinh xinh giống ở sg. 2 người ăn thì kêu tầm 3-4 món thôi, ăn hết thì kêu típ nha mí bạn. recommend 1 số món mấy bạn nên thử nè: - ốc xào ăn chung với bánh mì (mồi này hơi bị tốn bia :v) - xìa hấp xả, nc nêm rất ngon và thơm - ốc tỏi con to mà có 12k/em à - cháo ngon lắm nhé - hàu nướng mỡ hành chỉ có món ốc móng tay là mình không thik do sạn hơi nhìu nên bỏ nguyên dĩa. 2 người ăn tốn khoảng 200k là no ròi :v phục vụ siu dễ thương và nhiệt tình ^^",0,0,0,5,0,0
nói chung thì ok nhưng chỉ đến một lần duy nhất ! phục vụ rất tốt - còn chất lượng có thể do đông khách hoặc lý do nào đấy nên đỡ tốt hơn xưa rồi !,0,0,0,3,0,0
"quán ngon, đồ ăn tươi và giá cả rất phải chăng. sẽ quay lại nếu có dịp",0,0,0,5,0,0
"quán trang trí đẹp. trên lầu ngoài 2 bàn ở ban công ra thì thiết kế để ngồi bệt nên toàn mấy em tuổi teen, người lớn tuổi hay ngồi dưới lầu hơn. nhân viên quán nhiệt tình từ bác giữ xe cho đến nhân viên mở cửa khi bước vào. nước uống tầm 20-35k, được đựng trong chai hay ly trang trí khá lạ. quán có mấy món ăn vặt, thử món hồ lô 10k/3v thì thấy rất ngon, dai, có vị ngọt như lạp xưởng. điểm trừ là khi nãy vào quán kêu 3 ly nước đều có kem tươi, cuối cùng kem tươi bị chua, vón cục, làm hỏng cả khẩu vị",0,0,0,3,0,0
"địa điểm thuận tiện, nhân viên thân thiện, nhiệt tình",0,5,0,0,0,0
"dịch vụ của khách sạn rất tốt, nhân viên nhiệt tình chu đáo. mình đã có một sinh nhật tuyết vời tại đây!",0,5,0,0,0,0
"cách trung tâm thành phố quy nhơn khoảng 40km. sân bay có chỗ gửi xe máy và ô tô, một lựa chọn tiện lợi tuyệt vời cho các bạn ở bình định. giá gửi xe ô tô là 60k/ngày đêm, xe máy là 20k/ngày đêm. ngoài ra, hành khách có thể sử dụng tuyến xe bus đưa đón từ sân bay đến 01 nguyễn tất thành, quy nhơn với giá 50k/lượt.",0,0,0,0,3,0
siêu thị bạn có thể tìm thấy một số món ăn phương tây,0,0,0,4,0,4
"giá trà sữa thường ở đây từ 20.000. có trà sữa với kem và topping nhiều loại. kem ngon, có nhiều hương vị. nhân viên thân thiện và luôn mỉm cười với khách. quán trang trí rất đẹp, theo chủ đề halloween. ngoài ra có bán nhiều đồ ăn vặt như sữa chua, bánh tráng trộn, bánh chuối, bánh phô mai, bánh flan... mình rất reccomend quán này ☺️.",0,0,0,5,0,0
"quán này ngon các bạn ạ. mình đi chơi lâu ngày nên thèm cơm nhà. ghé quán ăn thì thấy hương vị đậm đà, món nào cũng hợp khẩu vị không gian decor quá chất. có thể quán này là quán cơm nhà không gian chất nhất quy nhơn roài á. mình thích nhất món tôm kho thịt, khá đậm đà ăn với cơm là ăn hết cơm luôn",0,0,0,5,0,0
"thấy thông báo nên mình viết review. mũ bảo hiểm bạn mình thì sạch, nhưng mũ mình hơi cũ. nhìn chung xe cũng được nhưng giao sân bay thì cũng tiện. bác gái rất nhẹ nhàng và tình cảm. sẽ ủng hộ bác lần sau.",0,0,0,0,4,0
nhân viên phục vụ nhà hàng không chuyên nghiệp nên học lại nghiệp vụ.,0,0,1,1,0,0
"địa điểm mua quà ở quy nhơn tốt nhất 115 tây sơn , nguyễn văn cừ tp quy nhơn",0,0,0,0,0,5
"quán được giới thiệu khi mình đi du lịch ở quy nhơn, cũng khá dễ tìm vì nằm ngay sát đường lớn và bờ biển. buổi tối quán bật đèn sáng choang nhìn lung linh ảo diệu. ngồi đây không cần quạt :)), hứng gió biển và nghe sóng vỗ cũng rất hay ho. buổi tối đến quán rất đông, nhanh hết bàn trống. những bàn ngồi gần biển thì hơi tối. phục vụ khá nhanh nhẹn, tuy nhiên mình thấy đồ uống ở đây mặc dù giá khá cao nhưng chất lượng thì hơi tệ. mình uống trà sữa nhưng có cảm giác là đang uống cái gì khác, vị trà không rõ, vị sữa thì nhạt nhòa, nói chung là không hài lòng.",0,0,0,3,0,0
"phòng thì nhỏ và có mùi, toilet bị trũng, nước chảy ra sàn nhà. rất nhiều vấn đề, phải đổi tới lui nhiều lần",0,1,0,0,0,0
thanh toán chậm. nhân viên làm việc lơ mơ.,0,0,0,0,0,1
các loại thức uống rất ngon.mình đã quay lại đây 3-4 lần vẫn thấy thích.quán dễ tìm mỗi tội hơi nhỏ với nóng lắm.các bạn sẽ không thể để xe ở ngay trước quán nếu vào uống.nhân viên cũn nhiệt tình và cá bạn cũng có thể tích dấu và đổi trà sữa nếu đủ con dấu...nói chung là tuyệt,0,0,0,5,0,0
"cửa hàng có nhiều món đặc sản bình định như rượu bàu đá, bánh hồng, bánh ít, ... các món của cửa hàng được chọn lọc kĩ nên chất lượng tốt. là 1 trong những địa chỉ nên đến nếu muốn mua quà bình định.",0,0,0,0,0,4
"cả nhà mình đi siêu thị big c qn sắm đồ, lựa đồ 3 tiếng đồng hồ được 1 xe đầy, nhận thấy sắp đến giờ đóng cửa nên ba mình để xe đồ bên chỗ đầu dãy gần ngay chỗ thanh toán để đẩy ra tính tiền cho dễ, nhưng mẹ , em và mình đang bên quầy quần áo cách đó 5 mét nên ba mình để xe đó chạy lại kêu cả nhà đi về. hý hửng đi ra kiếm cái xe méo còn ở đó nữa. hỏi nhân viên ngay đó chúng nó.cứ đứng cười rồi kêu không biết , hỏi bảo vệ thì nó kêu chắc sắp đóng cửa nên nó đẩy xe ra xả hàng luôn . trong khi còn ng ta đang mua sắm mà không hề nhắc nhở, hỏi xe đồ của ai hay bắt loa báo sắp hết giờ hoạt động, điều mà siêu thị cùi bắp nhất cũng có thể làm để nhắc khách hàng về cho đúng giờ kinh doanh của siêu thị. mà quan trọng nhất là không hề có ai đứng ra tìm giúp cái xe.mới vừa được đẩy đi đâu đó giúp khách, toàn đứng đực ra lõ.mắt ngó cảm giác khách hàng như thứ gì vậy á. không xin lỗi khách, không hỗ trợ khách, trả lời kiểu không có trách nhiệm gì hết . lỡ khách có thói quen để đồ cá nhân trên đó rồi quay lưng lại lấy đồ quay qua mấy cái xe rồi mấy ng đền không mà đầy xe đi không thèm hỏi dù thấy ng ta đứng thù lù cả gia đình cách mấy mét ? giờ sắp đóng cửa chứ chưa.phải quá giờ đâu mà vậy ?",0,0,0,0,0,2
"tuy là sân bay bay địa phương nhưng cơ sở vật chất mới xây dựng nên khang trang, sạch sẽ và hoành tráng. tiện ích khá đầy đủ và tiện lợi.",0,0,0,0,4,0
khách sạn quy nhơn mira eco đẹp mê mẩn. nằm trên giường ngắm bình minh lên từ bãi biển thật tuyệt vời. kì nghỉ ý nghĩa tại vùng biển quy nhơn,0,5,0,0,0,0
"thật sự rất tuyệt vời, nhân viên thân thiện, ngay trung tâm và sát bãi biển nên đi chơi ăn uống rất thuận tiện.",0,5,0,0,0,0
"chỗ nghỉ sạch sẽ, nhân viên nhiệt tình, dễ chịu, phòng rộng rãi thoải mái, rất đáng tiền",0,4,0,0,0,0
"cửa hàng đặc sản có mặt hàng phong phú, giá cả phải chăng. quan trọng nhất là nguồn gốc hàng hóa rất uy tín. mình đã mua nhiều lần cho người thân và khách hàng, ai cũng phản hồi tốt nên rất tin cậy út châu mỗi lần có người hỏi mua đặc sản ở quy nhơn. bây giờ du lịch phát triển, số lượng du khách đến quy nhơn rất nhiều nên hàng hóa cũng loạn xạ hơn trước nhiều, phải cẩn thận khi mua. cửa hàng cũng có nhận ship nha mọi người.",0,0,0,0,0,5
"mình mới mua 10 cây tré tổng cộng 280k, 2 đòn nem mỗi đòn nữa kg 75k, 2 đòn là 150k. tổng số tiền mình thanh toán là 430k mình đưa 500k, nhân viên thối lại cho mình 70k, mình nói thôi lấy thêm nữa kg nem nữa được không để khỏi cần thối, vậy mà cô nhân viên không chịu bắt mình phải trả thêm 5k nữa không thì lấy tiền lại. thật ra 5k đối với mình không là gì cả nhưng cái cách bán hàng của nhân viên rất khó chịu,mong chủ cơ sở chấn chỉnh lại cách làm việc tốt hơn",0,0,0,3,0,0
"quán có không gian đẹp, sang trọng và nhỏ nhắn dễ thương phù hợp cho các bạn teen muốn sống ảo các kiểu... mình biết đến quán cũng tình cờ đi ngang và ghé vào ăn thử món trái cây tô... ở đây có nhiều loại vị có thể ăn kèm với trái cây và sữa chua... trái cây thì đủ loại đa dạng và tươi nha... nên ăn rất mát và ngon nha... các bạn nữ nào muốn đẹp da thì tới ăn nhé... rất tốt đó nha... địa chỉ hơi khó tìm 1 chút nhưng đổi lại không gian cực kì đẹp, các bạn sẽ không phải thấy thất vọng đâu...",0,0,0,5,0,0
không có gì để thích. đã lần thứ 2 ở khách sạn này. nhưng tệ. sẽ không quay lại,0,1,0,0,0,0
"quán nằm trong ngõ nhỏ, một thứ gì đó rất hà nội. chính xác là giống hệt phong cách của sốt vang 35 thái thịnh. chén lagu hỗn hợp xương hoặc chân giò hầm cùng cà rốt, ngô, khoai tây,... nói chung là gần giống súp nhưng đậm và sánh hơn. bánh mì bơ nướng giòn chấm vào hỗn hợp ăn khá hay và lạ. dù sao vẫn ưng bánh mì chảo cột điện hơn.",0,0,0,4,0,0
"nhân viên là điểm cộng lớn, rất quan tâm mỗi khi khách đi ra hay đi vào, nhiệt tình, hỏi gì cũng trả lời nhỏ nhẹ lịch sự. phòng sạch, đẹp, hài lòng.",0,3,0,0,0,0
"một trong những điểm phải đến khi tới cù lao xanh. đường đi lên đây không quá khó, cuốc bộ 20p từ cầu cảng là tới nơi. đứng trên đỉnh hải đăng bạn sẽ có tầm nhìn bao quát toàn bộ đảo, từ khu dân cư, vùng biển ở trước với tàu thuyền đậu rập rình, quang cảnh rất ấn tượng.",0,0,0,0,0,0
"khách sạn ngay trung tâm, có thể đi bộ ra biển, mall và các quán cafe. phòng sạch sẽ, các bạn nhân viên dễ thương hài lòng đợt sau nếu đi nha trang mình lại book khách sạn này.",0,5,0,0,0,0
hơi xa khu trung tâm 1 chút.,0,4,0,0,0,0
"ốc hương, chip chip không tươi, ghẹ óp",0,0,0,2,0,0
"không gian rộng rãi, view đẹp. phòng sạch sẽ, đầy đủ tiện nghị",0,5,0,0,0,0
mình tới check in thì phòng mình book không còn trống. btw được sắp xếp cho phòng khác nhanh chóng. phòng mình nằm điều hòa phả từ chân lên mặt đâm ra hơi khó chịu. nói chung tạm ổn so với giá.,0,3,0,0,0,0
"thực đơn của bữa sáng chưa phong phú lắm cả thức ăn và thức uống, nếu thêm nhiều món nữa cho khách như mình sẽ hay hơn",0,0,0,3,0,0
"gia đình mình rất thích ăn bánh mì ở đây. vợ mình là kiểu kén ăn,vậy mà đến đây ăn gì cũng khen ngon. cứ 1 tuần là ghé quán 2,3 lần. phá lấu vừa miệng,ăn với mì tôm không quá mặn,lagu rất thơm không bị béo. đặc biệt,pate ở đây mùi vị khác hẳn những nơi khác,thơm,ngon,không bị hôi gan,sạch sẽ. được biết là pate quán tự làm,vợ mình liền mua ngay nửa kg về để dành ăn. quán rộng rãi,thoáng mát,gần trung tâm,ăn xong sẵn tiện đi dạo mát rất ok tốt 🏻",0,0,0,5,0,0
"cũng khá đầy đủ các mặt hành từ gia dụng đến trang sức. rộng rãi, sạch. nhưng không to như pic c trên hn. :)",0,0,0,0,0,4
"-quán rộng rãi,sạch sẽ,gần trung tâm nên rất tiện. -món ăn đẹp mắt,vừa tiền. phá lấu ở đây là phá lấu heo,không phải bò như sg nhưng ăn rất ngon. có phá lấu bánh mì-bánh hỏi-mì tôm,mình chọn phá lấu mì tôm. bạn mình ăn lagu cũng bảo ngon,giá lại rẻ hơn bên nguyễn huệ,chỉ 17k cho 1 tô lagu có thịt củ đầy đủ. ai thích ăn lagu thì nên ghé quán đây. mình gọi thêm nước tắc,10k/ly,ngon,giải nhiệt mùa hè. 😄 tóm lại,mình sẽ là bạn hàng dài dài của quán!",0,0,0,5,0,0
"điểm nổi bật là các viên đá xếp chồng và tròn tròn tựa quả trứng, bước lên rất êm chân. tuy nhiên, bãi nhỏ chỉ đủ để chụp hình, không tắm được.",3,0,0,0,0,0
chỗ vui chơi bên bờ biển. có thể mua đồ uống và đồ ăn nhẹ để ngồi ghế ngắm biển. vệ sinh không sạch sẽ lắm.,4,0,0,0,0,0
"chị chủ thì dễ thương thôi rồi :""> mà giá của quán cũng khiến bọn mình xiêu lòng luôn: chỉ từ 16k là mua được một món ở bingo rồi, mà món cao nhất cũng chỉ có 30k thôi. yêu chưa nè :""> à các món nên thử khi tới đây nè: trà sữa caramel macchiato thạch thảo mộc, flan gato, flan kem tươi, bingo's signature-toàn món ngon của quán và được gọi nhiều nhất đó. thôi mình không kể nữa đâu, nhắc tới là thèm à :"">. có ai cũng có cảm giác như mình thì tới bingo's bakery liền đi nha!!!",0,0,0,5,0,0
"cực kỳ tẻ nhạt. nhân viên thái độ hời hợt, bưng đồ cho khách mà mặt không thèm cảm xúc, không 1 câu mời khách. vừa làm vừa đeo tai nghe. đồ ăn thì chán thôi rồi, cơm chưa chín đã mang cho khách ăn",0,0,0,1,0,0
"tiệm bánh kem quen thuộc của gia đình mình, mỗi khi ăn bánh kem đều mua ở đây bánh có lớp kem béo béo không quá ngọt, lớp bánh bong lan xốp bên trong mịn, ngon. phù hợp khẩu vị gia đình, ủng hộ tiệm lâu dài ❤",0,0,0,5,0,5
- wifi không hoạt động trên xe buýt trở về của chúng tôi,0,0,0,0,2,0
"tài xế của chúng tôi tốt bụng, nhiều thông tin và gặp chúng tôi với nụ cười hạnh phúc cả hai lần đón lúc 2 giờ chiều và lúc 5 giờ sáng. anh ấy rất dễ chịu và một niềm vui khi được ở bên.",5,0,0,0,5,0
"gọi 1 matcha đá xay, 1 matcha milk foam, 1 yogurt việt quất. matcha ngon, ngon hơn marina rất nhiều. lớp milk foam béo béo mặn mặn cũng lạ miệng. yogurt thì hơi nhạt. giá theo mặt bằng chung cũng tạm được. về không gian thì quán nhỏ nhỏ cũng dễ thương, tông đen trắng, hơi đơn điệu, ít góc chụp selfie, phòng máy lạnh mà cho mang đồ ăn sáng vào, có mùi, không thích lắm. quán nhỏ nên khách đông tí thì hơi ồn. đi đông thì ngồi ở ngoài thoáng hơn, nhìn người qua lại cũng vui. các bạn nhân viên order rất chu đáo, nhiệt tình, trong quầy pha chế thì mặt hơi lạnh chút ạ nhưng mà không sao hết.",0,0,0,4,0,0
sân bay nhỏ nhưng sắp xếp gọn gàng và hiện đại. trên tầng 1 khá nhiều cửa hàng bán đặc sản bình định. giá cả hợp lý.,0,0,0,0,4,4
"ok hôm nay là lần thứ ba tôi đến nơi này, vì đồ ăn rất ngon. dịch vụ này cũng tốt tôi đã đặt hàng một masala cá với một pho mát nan một tandoori roti và cola. tổng hóa đơn là 204.000 vnd - một cách thích hợp tôi đã lấy ra 500.000 ghi chú và 5.000 vnd ghi chú. tôi bỏ tiền vào ví và đưa cho máy chủ. khi anh ấy trở lại với sự thay đổi, anh ấy đã cho tôi 103.000 vnd. tôi đã nhận được 301.000 vnd thay đổi! dù sao tôi đã khuyên anh ấy rằng anh ấy đã nhanh chóng đến gặp ông chủ đã đưa cho anh ấy thêm 200.000 vnd và vấn đề đã được giải quyết! tuy nhiên, bằng cách nhìn vào khuôn mặt của người phục vụ, anh ta trông giống như anh ta đã làm như tôi chỉ ra sự khác biệt. tôi sẽ khuyên tất cả khách du lịch nên chú ý khi trao cho những người này tiền mặt có thể đi đến và đảm bảo bạn sẽ có được sự thay đổi chính xác! rốt cuộc, đây là châu á và thật buồn nếu những muppets từ ấn độ này tính phí tới 10 đô la mỗi bữa và sau đó xé toạc mọi người, vâng, tại việt nam! không có gì ngạc nhiên khi người ấn độ gặp khó khăn trong việc kiếm việc làm ở đất nước này!",1,0,0,0,0,0
"lần đầu tiên đến quán là đã ấn tượng ngay. không gian không quá rộng nhưng cũng không quá hẹp nhìn rất ấm cúng. view thì cực kì đẹp luôn rất thích hợp để selfie, sống ảo nha. mìh order 1 trà olong váng sữa phô mai, vị cực kì tuyệt vời, phô mai béo và bùi, trà thơm. gía tiền cũng rất phù hợp với túi tiền của hs, sinh viên. tuy đông khách nhưng phục vụ rất nhanh, nhân viên lại nhiệt tình. mình có ấn tượng rất tốt với quán này, sẽ ủng hộ dài dài",0,0,0,5,0,0
"quán có không gian nhỏ nhưng ấm cúng , trời lạnh mà đến đây ngồi nhìn mưa rơi thì lãng mạn phết . quán không dành cho những bạn thích ồn ào và thích sống ảo . những ai cần không gian yên tĩnh và nhẹ nhàng thì nên đến đây . đồ uống của quán khá ổn , mọi thứ đều hài hoà . giá cả hợp lí chỉ từ 15k đến 25k cho một ly . mình cực thích trà xanh đá xay ở đây , đậm vị trà và kem cũng khá ngon . quán còn có voucher giảm giá 20% tặng cho khách nữa . chắc chắn sẽ quay lại đây",0,0,0,5,0,0
"khách sạn quý nhơn gần biển, phòng sạch đẹp, trang trí tinh tế. phục vụ ân cần chu đáo và thân thiện",0,5,0,0,0,0
shop này làm ăn mất dạy lắm nha mọi người nên né ra mua hàng kiêu ck trước xong rồi hàng lỗi thì chế độ đổi trả không có,0,0,0,0,0,1
"việc lái xe đến khách sạn của chúng tôi thật thư giãn và thú vị. tài xế của chúng tôi vừa chuyên nghiệp vừa lịch sự. chúng tôi cảm thấy rất an toàn khi ở trong tay tốt như vậy. chiếc xe của chúng tôi rất thoải mái và sạch sẽ, không thể thiếu toàn bộ trải nghiệm. chúng tôi chắc chắn sẽ sử dụng chuyển đến tư nhân trong tương lai và sẽ không do dự khi giới thiệu họ.",5,0,0,0,5,0
"tôi là đức trường, phóng viên của báo điện tử zing.vn. tôi có đặt xe đi từ quảng ngãi về sài gòn hôm 29.1. tôi góp ý, là khi book chỗ qua hệ thống vexere, nên có phần điền thông tin số điện thoại của 2 người. tôi đóng góp ý kiến này vì nhiều lý do. thứ nhất, hôm qua, khi nhà xe hẹn đón tôi lúc 19h00 tại bigc quy nhơn, thì tôi đã có mặt từ trước đó 15 phút. lúc xe đến, họ gọi tôi, nhưng do điện thoại của tôi bất ngờ bị hỏng, không thể nhận được cuộc gọi, hay gọi đi, vì vậy tôi đã lỡ chuyến xe. rất may là sự cố này sớm được khắc phục sau đó. vì vậy, tôi mong hệ thống lưu ý cho gọi điện thoại cho khách khi lên xe, nên lấy thông tin của cả 2 người, để tránh xảy ra trường hợp như của tôi.",0,0,0,0,3,0
kinh tởm. bữa sáng của vua ?! 220 nghìn ?! nông dân thích ăn sáng hơn.,0,0,0,1,0,0
"quán này mình ăn cũng lâu rồi , làn nào về quê , xuống thành phố là kiểu gì cũng ghé chỗ này ăn. tại cái vị thit nướng và nước chang ở thấy khá ngon và đặc biệt nên rất ưng , hình như quán mới mở thêm chi nhánh thì phải ,",0,0,0,5,0,0
"mình đến đây rất nhiều lần, mỗi lần có bạn từ phương xa đến. tụi nó đều bắt mình dẫn đi quán này vì quảng cáo nổi tiếng rần rần. công nhận view trước biển quá đẹp. trang trí cũng lãng mạn kiểu như một quán bar thu nhỏ trên bãi biển lung linh,huyền ảo. thích hợp để hẹn hò, uống nước, tâm sự. cơ mà mình đi lần nào cũng như lần nào, nước phải nói là không ngon tệ, có khi mình bỏ nguyên ly, vì không ngon tệ kiểu như đá ra đá,trà sữa ra trà sữa, cam ra cam, nó chả ăn nhập gì với nhau cả.chán vô cùng.",0,0,0,5,0,0
- xe buýt trở về đã không được làm sạch khi chúng tôi lên xe. bao bì nhựa và rác đã ở khắp chỗ ngồi của chúng tôi khi chúng tôi đến.,0,0,0,0,1,0
"chất lượng dịch vụ ngày một tệ đi, tôi là hành khách quen thuộc của bạn nhưng tôi nghĩ bây giờ là lúc tôi nên ngừng sử dụng dịch vụ của bạn, goodluck",0,0,0,0,1,0
"quán này mở cũng khá là lâu rồi, cũng đi nhiều lần rồi, quán khá là ngon nên dễ làm cho khách lưu luyến đến những lần tiếp theo. quán có tới 3 chổ nhưng nằm gần nhau cách nhau mấy mét thôi kiểu mở rộng ra theo thời gian ý. mình thấy thức ăn của quán khá ngon, nhất là món nướng ngói mình bị nghiền món đó dã man luôn. thức ăn ở đây mình thấy cũng bình dân chứ không quá đắt đỏ gì, đặc biệt nay quán mở rộng ra nên có thể tổ chức sinh nhật ở đây là quá tuyệt vời nè. đi đúng ngày là gặp toàn tiếp thị chân dài không đấy nhé :))))",0,0,0,5,0,0
"kinh khủng. chúng tôi gọi món bánh mì kẹp xúc xích thuần chay và bánh mì kẹp thịt đậu lăng. sandwich xúc xích là 3 xúc xích cocktail đã qua chế biến trong một chiếc bánh mỳ cũ. đậu lăng “burger” là một loại sốt đông tụ kỳ lạ có mùi vị như không có gì. đã nhìn vào bên trong nhà bếp và nó thật bẩn thỉu, người phụ nữ phục vụ bữa ăn của chúng tôi có đôi tay bẩn nhất mà tôi từng thấy. nhân viên phục vụ của chúng tôi cũng vô cùng thô lỗ và tiếp tục bỏ đi trước khi chúng tôi gọi món xong. toàn bộ kinh nghiệm rất kỳ lạ. không muốn giới thiệu.",0,0,0,1,0,0
"ốc len xào dừa , ốc tỏi nướng, cháo hải sản, sò điệp : ngon ốc trộn ăn được nghêu hấp xả do nấu lâu nên con nghêu khô và mặn. ốc móng tay xào sa tế nêm ngon nhưng nguội. 150k , free trà tự phục vụ.",0,0,0,4,0,0
"thuê xe máy giá rẻ, chất lượng và mới lắm. thuê 2 xe sirius 3 ngày được anh chủ đẹp trai giảm giá chỉ còn 100k/xe/ngày. quá rẻ, đi phượt từ quy nhơn sang phú yên không gặp bất cứ sự cố gì. xe chạy bao ngon luôn",0,0,0,0,4,0
không gian đền rộng thoáng với kết cấu 03 tầng thiên (trời) trên cùng tròn địa (đất) tầng thứ 2 vuông và nhân tầng thứ 3.khuôn viên rộng yên tĩnh.,3,0,0,0,0,0
"đồ ăn ngon, giá cả hợp lý. năm nào nhà mình đi flc đều ăn 3 bữa ở đây hết 😏",0,0,0,5,0,0
mình ăn quán này từ rất lâu rồi... quán rất nổi tiếng với 2 món đặc sản của phù mỹ là bún tôm và bún rạm... hương vị vẫn còn như xưa vẫn đậm đà và hợp khẩu vị mọi người... bún rậm thì đậm vị còn bún tôm thì vị thanh nhẹ ăn rất ngon nha... ăn kèm với bánh tráng nướng... mà xít xa cả buổi sáng... mình rất thích ăn bún ở đây bởi sợi bún tươi vừa làm là được nấu lại làm nước lèo cho món bún tôm và rạm nguyên chất ăn rất ngon và không chỗ nào có được...,0,0,0,5,0,0
"nơi đây như một siêu thị thu nhỏ, không phải mô hình cửa hàng tiện lợi. có khá đa dạng mặt hàng nhu yếu phẩm, thực phẩm, đồ tươi sống và rau củ quả. siêu thị sạch sẽ, sắp xếp ngăn nắp. nhân viên lịch sự, nhã nhặn. cửa chính ở mặt tiền đường 31 tháng 3. cửa ở đường tăng bạt hổ bị khoá trái.",0,0,0,0,0,5
"đây là món đặc biệt nhất. nên ăn khi đến đây, sự kết hợp giữa nước cua và sứa tươi cùng các loại rau sẽ rất thơm ngon.",0,0,0,5,0,0
"nhân viên thân thiện, view biển siêu đẹp và gần biển. không khác gì các khách sạn 5*",0,5,0,0,0,0
"tất cả mọi thứ và thích nhất là chất lượng phục vụ, view đẹp, phòng thì sạch sẽ, decor cũng xinh",0,5,0,0,0,0
"sân bay thông thoáng, không bị tắc đường, không ùn tắc khi làm thủ tục. hạn chế là nhà vệ sinh công cộng chất lượng không cao, không sạch sẽ như sân bay nội bài",0,0,0,0,3,0
"mình cho nhỏ mượn để gọi dùm chiếc taxi, nhờ tài xế vinasun chở ổng ghé bệnh viện an bình",0,0,0,0,3,0
"chúng tôi đến đó vào sáng giáng sinh vì chúng tôi đã thưởng thức món bít-tết, dịch vụ rất thân thiện nhưng dường như cô ấy không nghe chúng tôi, chúng tôi phải đặt hàng 3 lần cho đến khi chúng tôi nhận được tất cả đồ uống. nó làm việc thực sự.) và bít tết của tôi đã được giảm xuống thay vì nguyên liệu trung bình. mặc dù nó rất ngon. các phần nhỏ cho giá bạn trả tiền, nhưng tôi chắc chắn sẽ trở lại cho món bít tết khác.",4,0,0,4,0,0
"phòng không đẹp theo chuan 4*, hồ bơi không có nhân viên hổ trợ.",0,2,0,0,0,0
tré ở đây bán ngon mà rẻ nữa. cóc non chua chua ăn sướng,0,0,0,5,0,0
"đọc mấy bài review cứ nhắc suft bar làm mình tò mò, đến lúc đặt chân đến thì không như mong đợi. thức uống tạm được, không gian ngoài biển mát mẻ, ngắm bãi biển cũng ổn; bàn ghế bài trí khá dễ thương. nói chung là cũng được nhưng không đẹp đến mức mấy bài review quảng cáo.",0,0,0,4,0,0
"thực sự yêu thích nhà hàng này, có lẽ là tốt nhất ở quy bù. người dân địa phương nói ít hơn giá, nhưng chất lượng thực sự tốt và bạn có thể thưởng thức các món ăn địa phương đặc biệt. đặc sản là lẩu sứa, tuyệt vời! thực sự cần phải cố gắng. súp là siêu! ! ! ! mỗi khi tôi ở quy bào đều đến nhà hàng này.",0,0,5,5,0,0
"món ăn ngon và phục vụ rất nhanh, chỗ ngồi thoải mái, nhân viên phục vụ rất tích cực và thân thiện! sẽ quay lại.",4,0,4,4,0,0
quán rất sạch sẽ và ngon... mình đi thì quán dọn hết rùi nhưng thấy mình hỏi còn bán hok cô... thì cô vẫn đón khách và làm đồ ăn rất nóng ngon chỉ 80k hai phần với đĩa lòng to chà bá ... thích ăn gì mình cứ nói cô chủ sẽ làm theo ý mình thik... rất đáng ăn...,0,0,0,5,0,0
giá tiền đắt đến mức vô lý so với độ thoả dụng trong so sánh với các khách sạn cùng mức giá,0,3,0,0,0,0
"giá rẻ, tùy mùa. mùa này ghẹ hơi nhỏ. tôm, ốc ok",0,0,0,4,0,0
nó cũng được đề xuất bởi các nhân viên tại khách sạn của chúng tôi cho sam,0,3,0,0,0,0
buổi chiều tại chợ này có nhiều cá tươi.,0,0,0,0,0,5
"trà sữa hongkong (40k): đến đây nhất định phải thử món này, trà sữa hôngkong được xem là đặc trung của quán, mùi vị không quá béo, trà rất thơm và kèm theo panacotta của riêng quán làm luôn. - trà xanh hoa lài size m + milk foam (28k): trà xanh có vị hơi đắng và cũng hơi nhạt, kem cũng ok chưa quá đặc sắc, uống ly này mình không có nhiều ấn tượng cho lắm ^^ - sữa tươi trân châu đường nâu size m (27k): sữa là sữa tươi nha mọi người không phải kiểu sữa đóng hộp nên rất béo và thơm, trân châu không quá ngọt, vị uống vừa phải, rất ok. ---không gian nhỏ nhưng rất thoáng, trang trí siêu cute luôn đúng tone bánh bèo hường hường mình thích nữa buồn cười >> mai mốt có dịp quay lại bình định, nhất định mình sẽ ghé lại quán.",0,0,0,4,0,0
"tiện nghi, sạch sẽ, nhân viên nhiệt tình.",0,5,0,0,0,0
sân bay nhỏ nhưng hiện đại & sạch sẽ. có cảm giác như ngồi ở 1 góc của nội bài.,0,0,0,0,4,0
"phòng cách âm hơi kém, nghe thấy khá rõ tiếng nói chuyện của phòng khác",0,2,0,0,0,0
tài xe che tên nên không biết tên.xe chạy số hiệu 6898.,0,0,0,0,2,0
"cả nhà ghé ăn quán buổi sáng, quán rất rất đông, nhưng phục vụ lại nhanh. vị trí quán rất dễ tìm, mặt tiền đường lớn, đậu xe máy đối diện quán. thực đơn đa dạng, bún sứa, búm rạm, bún riêu, bún bò, mỳ quảng,.. gia đình mình chọn bún thập cẩm để thưởng thức các loại nhân của quán. rất ngon nha mọi người. sứa cắt miếng to, dòn sực và nhiều rạm : ngon lắm, chất lượng luôn. riêu cua họ làm có trộn thêm thịt, vị rất ngon. tô bún có rắc đậu phộng và xoài sợi , lạ miệng. ăn 1 tô thập cẩm 35k no say luôn.",0,0,0,5,0,0
từng thuê xe ở đây. xe còn khá mới chạy rất êm và tốt. nhân viên cũng hỗ trợ nhiệt tình. chắc chắn sẽ ghé lần 2 nếu có cơ hội,0,0,0,0,5,0
"tôi lưu trú lại vhotel 4 đêm, 2 ngày đầu, mọi thứ đều rất ok và tuyệt vời. 2 ngày cuối thì nhân viên dọn phòng, không cung cấp cho phòng tôi cà phê (được free khi book phòng). làm hại 2 ngày cuối cùng tôi không thể thưởng thức được cà phê mỗi buổi sáng.",0,5,0,2,0,0
"view đẹp, khách sạn sạch sẽ, vị trí gần trung tâm nên đi lại dễ dàng. đi bộ 5 phút là tới biển liền. bác bảo vệ tên lợi rất thân thiện, hiếu khách.",0,5,0,0,0,0
có thang máy thẻ từ đỡ cực khi mang nhiều hành lý,0,4,0,0,0,0
"nhân viên rất thân thiện, nói chuyện dễ thương, vị trí tiện lợi đi lại",0,5,0,0,0,0
"bé em nói có quán mới mở hai chị e lang thang đi ăn. quán có không gian thoáng mát, view đẹp nè, anh chị nhân viên chủ quán nhiệt tình. món ăn ngon. thích hợp cho ngày hè lê la hàng quán :d. chỉ có plan phomai là ứ thấy vị phomai đâu cả. hiuhiu. nhưng nhất định sẽ ủng hộ quán.",0,0,0,4,0,0
"mình đã đặt và lưu trú theo đoàn tại khách sạn. giá cho đoàn rất ổn. khách sạn mới và khá nhiều review tốt nên mình cũng yên tâm. đòan đi chơi cả ngày về lúc nào phòng cũng được dọn rất sạch sẽ (có yêu cầu dọn phòng). phòng được chêm tinh dầu thơm, không bay mùi sơn, mùi phòng bị kín, nên rất hài lòng (bình thường khách sạn khác ít chú ý vấn đề này). chúc khách sạn kinh doanh phát đạt.",0,5,0,0,0,0
"mình đến đây buổi tối, ấn tượng đầu tiên là quán nhìn khá đẹp, sạch sẽ, thoáng mát. mình gọi 2 món là chè khúc bạch và chè đậu xanh đánh sầu riêng. chè khúc bạch không ngon khiếp luôn, còn chè đậu xanh thì ngon. giá hơi đắt so với sinh viên, 2 món tổng 40k.",0,0,0,3,0,0
"trải nghiệm ẩm thực tốt nhất kể từ khi chúng tôi đến việt nam! họ nói một chút tiếng anh, đủ để hiểu nhau. chủ quán cho chúng tôi xem một đĩa với một con tôm và một mẫu thịt bò để chúng tôi quyết định. đó là lần đầu tiên chúng tôi ăn b nh x o, họ thậm chí còn chỉ cho chúng tôi cách chế biến và ăn bánh cuộn vì chúng tôi không có ý kiến gì. chúng tôi đánh giá cao nơi này!",0,0,5,5,0,0
"giao xe nhanh, nhân viên nhiệt tình. lần sau đến quy nhơn mình sẽ liên hệ để thuê xe tiếp, ưng ý lắm",0,0,0,0,5,0
"món đơn giản mà ngon siêu phẩm, nước dùng ngọt thanh, bột lọc dai ngon ăn với cá thu dầm và chả cá chấm mắm ớt rất thơm. thêm ớt tương, gọi thêm bát trứng cá ăn thêm bên ngoài. sáng thứ bảy vào quán lúc 8h30 không quá đông đúc chủ yếu dân địa phương ăn. bà chủ tự tay chế biến nhìn rất sạch sẽ. vote 10 điểm và khách du lịch phải thử",0,0,0,5,0,0
đây là hình ảnh thật cho các bạn tự đánh giá,0,0,0,0,0,0
"uống ở búp từ ngày mới khai trương đến bây h đã rất quen với búp rồi. chủ quán dễ thương nhân viên vui tính . đồ uống rất ngon, giá lại hợp túi tiền. trân châu lạ mà ngon. sắp đi xa học đại học rồi chắc nhớ trà sữa ở quán chết mất thôi...",0,0,0,5,0,0
"nằm gần mộ hàn mạc tử và ghềnh ráng. quán sáu cao nổi tiếng về các món gà,chim cút. thực đơn quán không đa dạng chủ yếu các con có cánh (gà, cút) nhưng cách chế biến đồ ăn ngon và lạ. mùi vị thấy rất dễ ăn, có thể nói quán này khá đầu tư về không gian ngồi cho khách. có 3 không gian để ngồi, ngồi nền chòi, bàn thấp và bàn cao. kiểu gì cũng có luôn. đồ ăn giá cũng ổn không quá đắt. quán luôn đông phục vụ nhiều lắm nhanh nhẹn nữa gọi món lên món cũng nhanh chứ không đợi quá lâu.",0,0,0,5,0,0
"không gian quán luôn luôn đổi mới bắt kịp mọi điều kiện xu hướng và nhu cầu của khách hàng.. quán gồm có nước giải khát, bánh ngọt và chè mang hương vị và phong cách á âu nên đây được coi là sự lựa chọn đúng đắn nếu bạn muốn 1 không gian trang nhã để thưởng thức cafe và bánh... nhân viên phục vụ thì chưa được tốt cho lắm... nước uống ở đây tương đối ngon và giá thì hơi đắt 1 tí... nhưng đổi lại không gian ổn, nước ngon thì giá đó cũng không tệ... nằm ở giữa trung tâm nên được đón nhận nồng nhiệt từ tất cả mọi lứa tuổi...",0,0,0,4,0,0
"ông chủ thân thiện, chi phí hợp lý, hướng dẫn ăn chơi tận tình hơn cả người yêu đồng ý",0,0,0,0,4,0
"mình không ăn được ốc nên chụp vậy thôi nhưng nghe bạn mình bảo là ngon mà rẻ, còn gà ở đây muốn ăn phải đặt trước 1 tiếng để nhà hàng chuẩn bị từ khâu vặt lông gà tới chế biến, gà nhà nuôi nên dai và ngon cực kì. quán gần flc nên có xe đưa đón ra vào rất tiện ạ♥️",5,0,0,5,5,0
"quán từ ngày đông lên nên dịch vụ hơi xuống, góp ý hoài mà chưa cải thiện, nếu cố gắng xíu nữa là ngon cực",0,0,0,4,0,0
"phòng hướng ra biển, ban công rộng và thoáng, nhân viên khách sạn dễ thương",0,4,0,0,0,0
"bạn đang băn khoăn không biết noel năm nay sẽ đi đâu để check in lấy không khí noel nè! yên tâm nhé, có một quán rất là bự và đặc biệt quán rất chịu đầu tư nhé, hiện tại quán đã trang trí xong view noel rồi nhé! quán rất rộng khá là đẹp nhé, mình thích cách phục vụ của nhân viên quán này, cách nói chuyện cách oder rất lịch sự và zể thương :)). nước ở đây khá ngon nhé! tóm lại quán khá đông vào t7 cn và các dịp lể nên tranh thủ đi nhé các men! rất phù hợp cho những teen sống ảo đấy :))",0,0,0,5,0,0
"gối và ra giường xỉn màu, nhiều đốm ố vàng. khăn trải chân rách. nằm ngủ cảm giác ngứa ngáy ở lưng có thể do bụi hoặc chưa thay ra",0,1,0,0,0,0
"mình vừa sử dụng dịch vụ cho thuê xe máy quy nhơn hoài bảo 3 ngày qua. mình quyết định chọn dịch vụ cho thuê xe máy quy nhơn tại 27a hoàng hoa thám vì , khi mình vào group review quy nhơn hỏi nơi thuê xe máy thì tất cả mọi người đều tag tên hoài bảo và khuyên mình thuê xe máy ở đây. và thật sự như mọi người nói : cho thuê xe máy quy nhơn hoài bảo rất tuyệt vời và vô cùng tiện lợi. bạn hoài bảo giao xe và nhận xe tận nơi cho tụi mình luôn, có chuẩn bị đầy đủ mũ bảo hiểm và áo mưa. mũ và áo mưa đều rất mới và rất sạch, xe cũng vậy.",0,0,0,0,5,0
"thật tuyệt vời khi vừa có thể ngắm nhìn biển, núi và thành phố ngay tại khách sạn apus. mình thự sự rất hài lòng với những dịch vụ tại đây và nhân viên rất thân thiện. nhất định sẽ quay lại đây",0,4,0,0,0,0
"cảnh báo mọi người cẩn thận với ché ở đây, mua 2 loại ăn ngay và 2 hôm sau. tối bóc loại ăn ngay thấy chẩy nước hỏng 4/5, sợ quá bóc loại ăn 2 hôm sau thì hỏng 10/10. quá phí tiền với giá 20.000 đ/cái",0,0,0,1,0,0
"gia đình mình ở flc và tìm thấy quán này trên foody. quán có xe đưa đón khách miễn phí ở flc rất tiện lợi. vị trí quán ở ngày cạnh địa điểm du lịch eo gió, có thể kết đón hoàng hôn ở eo gió và xuống ăn tối luôn. - gia đình ăn 2 buổi, một buổi ăn cơm, một buổi ăn hải. thấy giá cả cũng ổn, nhân viên và chủ quán cũng nhiệt tình, món ăn ngon phù hợp cho gia đình và trẻ nhỏ.",5,0,0,5,5,0
"nhân vien nhiệt tình, dễ thương",4,0,0,0,0,0
"phục vụ tốt, có điều ra biển ăn hải sản mà đắt hơn cả hải sản ở vùng núi tây nguyên",0,0,0,3,0,0
"hiện đại, mới mẻ, sang trọng. cgv luôn là nơi để tôi đến và xem những bộ phim yêu thích như của mcu hay các drama chính kịch vn. thái độ nhân viên phục vụ rất ok",4,0,0,0,0,0
"giá tạm ổn, thức ăn ngon, nêm nếm vừa ăn theo khẩu vị miền nam. đặc biệt là các món hấp xả. thích món ốc hương xào bơ tốp mỡ. tốp mỡ quán tự làm nên ngon và giòn lắm.",0,0,0,4,0,0
điện máy chợ lớn tuy nhỏ nhưng có những mặt hàng mới nổi trên thị trường. không gian và phục vụ bài bản. có website bán hàng chuyên nghiệp,0,0,0,0,0,4
"phòng vé và ga đi / đến chuyển về số 5 nguyễn tất thành, cách văn phòng cũ đối diện khách sạn majestic trên tôn đúc thắng khoảng 5 phút lái xe. giá vé 200.000 đồng một chiều vào ngày thường; 250.000 vào cuối tuần. đây là phương tiện thay thế đắt tiền hơn cho xe buýt futa, có giá 100.000 nhưng có thể mất hơn 2 giờ để đến vũng tàu.",0,0,0,0,3,0
"nhân viên chuyên nghiệp, xử lý nhanh các yêu cầu của khách.",0,5,5,0,0,0
"giá đắt so với phương trang, 400k không bao ăn, giường cũng hơi chật thì phải.",0,0,0,0,2,0
villa nằm ở khu nhà biệt thự liền kề. giá cả hợp lý,0,4,0,0,0,0
cái giường nó bị dính qá buồn cười ngủ mà không tỉnh được kkk,0,5,0,0,0,0
"đến vào chủ nhật ngày 24 tháng 6. lúc đó là khoảng 3:30 chiều khi chúng tôi đến nơi, vì vậy sau bữa ăn trưa vội vàng. chúng tôi gọi một món salad đơn giản, một ít gà rán như món khai vị và bánh tartare ... thức ăn được mang ra lúc 4 giờ 5 phút chiều. sự chậm trễ ... đã có một ""đầu bếp"" đang làm nhiệm vụ. nơi này rất ồn ào ngoài một vài người có đồ uống. không có lời giải thích nào để giữ chúng tôi lâu như vậy và tôi phải mất công hỏi món salad ở đâu. một vài chiếc lá và mặc quần áo ... không khó lắm. tuy nhiên, nơi này đã xoay sở để biến một bữa ăn bình thường đơn giản thành một thứ gì đó rất phức tạp. không những thế bia còn được phục vụ trong một chiếc ly vỡ. nơi này từng thực sự tốt. bây giờ nó thực sự tồi tệ. dịch vụ cho thành phẩm là tệ. thực sự cảm thấy khó chịu khi phải trả tiền cho những món ăn khủng khiếp. bánh tartare vô vị. refinery salad chỉ béo ngậy và các sọc gà rán giống như cao su. nơi được bao quanh bởi công trình xây dựng. thực đơn cũng mệt mỏi. thực đơn đó không thay đổi kể từ lần cuối tôi đến đó vào năm 2014. thật tội nghiệp.",1,0,1,1,0,0
top thương hiệu chả ram tôm đất được ưa chuông nhất việt nam,0,0,0,4,0,0
"tôi rất không hài lòng về thái độ phục vụ của nhân viên tính tiền. thái độ của nhân viên cứ ""hầm hầm"" vậy, nói thì cứ như quát vào mặt ng ta. ng ta mua đến quầy tính tiền rồi còn hỏi có tiền trả không vậy là thái độ ""khinh thường"" à. nên tôi đề nghị ban quản lí coi, điều chỉnh lại thái độ của nhân viên.",0,0,0,0,0,2
"cho thue xe may quy nhon dich vu xuat sac minh doc rat nhieu review cua dich vu cho thue xe may quy nhon dinh thue xe tu cho cua hang de di phu yen. xe tot, phuc vu tot, non bao hiem rat rat tot. 1000 like",0,0,0,0,5,0
"mặc dù hơi khuất trong một con hẻm nhỏ, nhưng đây là một nơi tuyệt vời để thuê một chiếc xe tay ga. chúng tôi thuê một chiếc xe tay ga yamaha với giá 150k đồng / ngày. ngoài ra, chúng tôi cũng có thể thuê một chiếc rẻ hơn với giá 100k hoặc đắt hơn với giá 200k. bạn phải về trước 21h. nhiên liệu sẽ được đổ đầy như khi bạn lấy nó. họ muốn chúng tôi đặt cọc 100 đô la cho một chiếc xe tay ga. chúng tôi đã từ chối và đặt cọc làm hộ chiếu. thật không may, bản sao hộ chiếu không phải là một lựa chọn.",0,0,0,0,5,0
dịch vụ thuê xe rất tốt thủ tục thuê xe rất nhanh gọn anh chu rất zt lần sau vào da nang tối sẽ ủng họ dịch vụ này rất uy tín,0,0,0,0,5,0
cắt điện thoại của khách. bỏ khách. xuất bến không đúng giờ ( sớm 30p) không báo khách.,0,0,0,0,1,0
quán không rộng lắm. nhưng đồ ăn rất ngon,0,0,0,4,0,0
thèm phá lấu hú con bạn đi ăn search trên foody nghe acebb cho review ăn ngon lắm nên ghé. trong đầu cứ nghĩ là phá lấu bò. nhưng đến quán gọi món mới biết đó là phá lấu theo phong cách heo :)). cơ mà mùi vị ăn cũng ngon lắm nhất là phá lấu mì và lagu. rất hợp khẩu vị mình luôn á. like mạnh nè. sẽ tiếp tục đến quán ăn nếu thèm phá lấu heo nà :)),0,0,0,5,0,0
"hải sản siêu tươi, bắt 1 bé tôm hùm mệt xỉu. đồ ăn ngon, giá hơi cao nhưng bù lại tươi hơi nhiều so với một số quán khác. 2 ng ăn 1 con tôm, 1 dĩa hào phô mai, 1 cơm chiên, 1 dĩa trứng cút, 2 nước ngọt và 2 khăn hết 1tr034",0,0,0,4,0,0
"phòng tiện nghi sạch sẽ, view nhìn đẹp. nhân viên dễ thương và chu đáo, đi lại tiện lợi",0,5,0,0,0,0
"mình đến 4q theo lời tư vấn của 1 người bạn giới thiệu đến để ăn tôm hùm, rất ngon và rất rẻ, chắc là vì đặt trước nên mới rẻ nghe bảo là vậy. lần sau nhất định đến qn mình sẽ ghé quán ăn lần nữa.",0,0,5,5,0,0
"jollibee - mình đến đây ở đây chỉ vào những dịp có khuyến mãi . vì không gian ở đây rộng nhưng bố trí bàn ghế chật hẹp , nóng nực , khó chịu . nhân viên phục vụ chậm chạp . joli không như những quán gà rán khác , mỗi lần lấy tương là phải đi xin nhân viên khổ sở và rất lâu - tương không ngon , mùi hăng khó ngửi . dụng cụ dao , nỉa rất ít . khi đi lấy thì mới vừa rửa xong , còn ướt và có mùi nước rửa chén . gà quá nhiều thịt , bên trong còn dầu khá ngán . khoai tây chiên bào sợi nhỏ nên mau bị mềm . nước coca đi kèm ít . cơm khô , rời rạc , không thơm . joli được mỗi cái kem ngon hơn kfc và lotte , kem có mùi sữa , thơm , béo . giá cả ở đây đắt hơn lotte . nhưng thu hút được nhiều em nhỏ vì ở đây có chú ong vui nhộn , đến ăn và chụp hình rất dễ thương . sẽ đến quán với những dịp khuyến mãi ❤️",0,0,0,3,0,0
đã có xe đón rất sớm (3:45 sáng) và tài xế đã đến đúng giờ và sẵn sàng. đặt phòng dễ dàng và liền mạch. xe sạch sẽ và tốt cho hai hành lý cộng thêm.,0,0,0,0,5,0
"cửa hàng nhiều đồ đẹp, nhân viên cửa hàng lịch thiệp, tế nhị và biết làm vừa lòng khách hàng.",0,0,0,0,0,4
"nhân viên thiếu chuyên nghiệp, mình gọi một cafe đá xay socola và một trà sữa caramel, thạch trong li bị chua một cách kinh khủng, hỏi nhân viên thì nhân viên kêu là thạch trái cây, lên men bị chua, làm như trước giờ chưa ai ăn thạch hay gì, thạch này rõ ràng là argar caramel , một số nơi còn gọi là trân châu đen giòn, không bao giờ loại thạch này chua như vậy. đây là lần đầu tiên uống một ly nước mà tức tới cở này.",0,0,0,1,0,0
"hông biết phải sức ăn nay giảm hay không mà khi bưng tô này ra là đủ thấy no rồi. trưa nắng 2 đứa vào làm tô bún mà no đến tận tối luôn. nhân viên đông, khách ra vào tấp nập. dòm rổ rau sống tươi roi rói là đủ ưng bụng rồi. riêu cua béo ngậy luôn, nhắm ăn không hết nên đã chia qua cho bạn ăn dùm luôn. chả cá thì mình thấy ăn cũng ổn, nhưng chưa đạt mức xuất sắc. quán bán cả ngày, tiện cho ai muốn ăn no mà chẳng phải suy nghĩ.",0,0,0,4,0,0
"đây là điểm đến thú vị để quan sát hoạt động của bưu điện: nhận và gửi thư. nhịp sống hối hả, hãy lưu giữ những khoảnh khắnc sống chậm đầy ý nghĩa.",0,0,0,0,0,0
"quán ăn ngon bổ rẻ, nhưng nhà nhỏ nên ăn uống hơi bất tiện",0,0,0,4,0,0
"nếu mọi người đi du lịch, tránh sự bực mình thì tránh nhà hàng này, phục vụ cực thiếu chuyên nghiệp, không quá đông nhưng gọi nhân viên vâng dạ xong mất hút. bực mình, đồ ăn thì quá bình thường.",0,0,1,2,0,0
"bánh có vị ngọt vừa phải, giá phải chăng, phù hợp với biếu tặng nếu đến du lịch bình định ~ quà xứ nẫu",0,0,0,5,0,0
"đến quy nhơn mà không ăn món này thì tiếc lắm luôn thật sự chưa ăn thì chưa biết nó ngon đến thế đế tráng giòn trên có 2 loại nhân là tôm và bò về tôm thì tôm tươi nên ngọt với thêm gia vị khác như hành tây , giá đỗ ăn quấn bánh tráng nhúng nước mềm chấm sốt rất ngon về bò chiên thịt vừa vặn thêm nhân như tôm cá nhân thấy bò ngon hơn tôm mà giá rẻ bèo luôn ấy 2 người ăn tẹt hết có 114k nè các bạn vào quy nhơn không thử phí một đời",0,0,0,5,0,0
"thấy quán bún đông, mình vào ăn thử, ăn xong đã hiểu vì sao quán đông. quán bán tô bún nước ngon, ngọt từ xương chứ không thấy bột ngọt nhiều, mình húp hết nước lèo luôn, cũng không bị dị ứng bột ngọt như nhiều chỗ khác. quán bán tô chất lượng, giá vừa phải. sẽ ủng hộ lần sau!!",0,0,0,5,0,0
dịch vụ quá tệ. nhân viên làm việc không giữ lời hứa. đã qua 3 tháng mà bên đó chưa hoàn tiền cho đoàn.,0,1,0,0,0,0
"một khu nghỉ ngơi ngắm cảnh rất đẹp. - từ đầu cổng vào bạn sẽ phải cuốc bộ trên các bậc thang lên xuống khoảng 200m để đến khu vực chính là quán cafe để ngắm cảnh. giá vé cổng vào 40k/ng lớn, trẻ em dưới 1m miễn phí. - quán cafe nằm sát biển với view rất đẹp nước trong xanh kết hợp với núi và đá rất hợp để chụp hình sống ảo. giá cả nước khoảng 50k/ly. - ở đầu cổng vào có nhà hàng để nghỉ ngơi ăn trưa gọi món hoặc cơm phần. cơm phần giá 250k/khách, theo mình thấy là khá mắc so với những gì được đưa lên, cá kho bé tẹo teo cho 3ng ăn. đi ngắm cảnh buổi trưa rất nắng và leo bậc thang khá mệt, buổi chiều chắc sẽ ổn hơn.",4,0,5,5,0,0
"thái độ phục vụ của nhân viên chán quán chỉ phục vụ tầng dưới, không phục vụ tầng trên hoặc là do mình đi ban ngày hay không đúng ngày nên không phục vụ sao? đồ uống ổn, mình uống cacao kem... coi review rồi voi thử thì mình khá thất vọng, hì dù sao đồ uống cũng ổn là vui rồi...",0,0,1,2,0,0
"mình là khách du lịch được một người địa phương dẫn đến đây ăn, công nhận nhiều loại bún lắm luôn, nhưng nghe tên bún sứa là lạ nên đành thử tưởng bình thường nhưng ngon không tưởng nha... sứa không giống lại sứa trắng ở nt nhai cảm thấy dai sần sật, mát miệng, vị bún đậm đà thêm nhiều topping như rạm, chả, mọc ... ăn mà no ứ hự luôn, giá cả phải chăng 40k/tô thôi... must try nha mọi người ơi",0,0,0,5,0,0
xe tốt. nhà cửa sửa xe vừa cho thuê xe nên xe chất lượng khá tốt. giá xe ga 130k/ ngày. có giao xe nếu ở gần,0,0,0,0,4,0
"nằm giữa đường lê duẩn sau lung siêu thị copmart là quán cà phê milano , quán rộng rãi không gian đẹp trang trọng lúc nào cũng đông vui. nụ cười nhiệt tình của bạn nhân viên, không khí nói chuyện vui vẻ của nhóm bạn trẻ, hay là một chút suy tư của cô chú lớn tuổi. ngồi nhâm nhi ly cà phê nguyên chất thơm ngon mỗi người một suy nghĩ tâm trạng khác nhau. quán khá nổi tiếng ở quy nhơn... phòng máy lạnh nhưng đầy khói thuốc lá!! tuyệt vời đồng ý 😉❤️🌺🌼 có bãi đậu xe rộng rãi là nơi tuyệt vời để bạn tiếp chuyện với đôi tác",0,0,0,4,0,0
gọi xe đi từ sân bay ra 140 cộng hoà mà tài xế thái độ ra mặt. mồng 2 tết gặp ông tài xui cả năm không ta???,0,0,0,0,1,0
"nếu bạn muốn thoát khỏi đường đua bị đánh đập trong phút hồ chí minh, chiếc xe buýt nước có giá trị lớn, rất dễ dàng và cho phép bạn nhìn thấy các phần của thành phố mà bạn có thể không bao giờ đến được. chúng tôi lấy 11. 40 phà từ bạch đăng. nó được đánh dấu tốt trên bờ sông với chữ w màu vàng, và có một quán trà và cà phê đẹp nơi bạn có thể chờ đợi. có khoảng 5 điểm dừng trên hành trình về phía bắc mất khoảng 50 phút. tôi không nghĩ có nhiều điểm hấp dẫn tại bất kỳ điểm dừng nào, nhưng luôn có quán cà phê hoặc địa điểm để mua bia. ở linh đồng, điểm dừng chân cuối cùng, có một nhà máy sản xuất nước tương (mùi bia thật) nghe không thú vị lắm, nhưng cửa hàng của nhà máy tại bến tàu bán một loạt nước sốt chính hãng ngay từ vòi, mang đến cho bạn một sự khác biệt quà lưu niệm. bạn có thể bắt xe buýt trở lại thị trấn từ con đường chính (số 53 tôi nghĩ), hoặc đi phà qua sông và quay trở lại từ đó, hoặc chỉ đi ngược lại cách bạn đến sau một giờ hoặc bị sứt mẻ, đó là những gì chúng tôi đã làm. giá trị lớn ở 15, 000 d mỗi chiều. giới thiệu!",4,0,0,4,4,0
"hôm bữa thằng bạn nó dẫn ăn sáng ở quán này. thấy quán cũng đông khách quá trới quá đất. bánh hỏi theo mình ăn ngon, nước mắm vừa ăn, mà ngoài này ăn bánh hỏi thấy người ta cho thêm 1 chén cháo ăn kèm, cháo thì theo mình không ngon. quán đông khách nên hơi chật chội, phục vụ bình thường",0,0,0,5,0,0
"rất nhiều hàng hải sản, bánh kẹo đặc sản phú yên. nhân viên siêu thị tư vấn nhiệt tình những thứ có thể mang được, những thứ bị giữ lại ở sân bay. hàng có tem mác bảo hành. nói chung là có thể tin tưởng về chất lượng, giá cả ok.",0,0,0,0,0,4
"không có điều gì nè, nếu có thắc mắc gì thì mấy bạn lễ tân ở đây giải quyết rất là tốt á",0,4,0,0,0,0
"khung cảnh sạch đẹp và rất dễ dàng khám phá những địa điểm của khu, quán trong khu có vị trí đẹp, nhiều lựa chọn để check-in ảnh đẹp. câu chuyện cảm động về hàn mạc tử khiến du khách bồi hồi nhớ về những vần thơ tiêu biểu của ông.",5,0,0,0,0,0
không có bản hiệu nhưng mắm ngon. làm lâu năm kiểu truyền thống.,0,0,4,0,0,0
"rau ngon, xoài chua lét, bánh xèo chiên lại nên rất cứng, dày và dầu mỡ! nước mắm ăn được, nước chấm đậu phộng thì nhạt nhẽo!",0,0,0,2,0,0
"nhóm mình vào rất đông. bọn mình order đầu tiên, chỉ có 1 trà sữa chân trâu và 1 lục trà trái cây, nhưng order bị đẩy xuống gần cuối và phải chờ nửa tiếng. ra hỏi 2 lần nhân viên không được 1 câu xin lỗi. thế là quá đủ để chấm 1* rồi. mình có thể trả giá rẻ hơn thế này trên sg, thái độ nhân viên tốt hơn và phục vụ nhanh hơn. bọn mình chi tiền ra không phải ăn xin mà thái độ như thế.",0,0,0,1,0,0
"xe đẹp, giá bình dân, chất lượng phục vụ chu đáo. ở đây là lựa chọn tốt cho ae muốn thuê xe vi vu khắp tp. cảm ơn!",0,0,0,0,4,0
"khách sạn rất sạch, đồ ăn sáng ngon và phong phú. nhân viên nhiệt tình và thân thiện (nhất là em mỹ, nhân viên lễ tân). địa điểm gần trung tâm và bãi biển, rất tiện đi tắm biển và mua sắm. tới nha trang nhất định sẽ nghỉ ở khách sạn aaron lần nữa. cảm ơn các bạn đã giúp chúng tôi có kỳ nghỉ hoàn hảo!",0,5,0,5,0,0
"view quán đẹp nhìn rất lạ mắt, bên trong khoáng khá cổ kính, không gian ấm cúng, yên tĩnh phù hợp cho các bạn sinh viên đến học tập, thư giãn. các chị nhân viên phục vụ rất thân thiện, nhiệt tình. đồ uống có rất nhiều loại, đa dạng, ngon, đặc biệt là socola nóng rất ngon, thơm. giá cả phù hợp với mặt bằng chung. nay quán đang có chương trình ủng hộ trung thu cho trẻ em nghèo, rất có ý nghĩa. sẽ ghé quán ủng hộ thêm nhiều lần nữa.",0,0,0,5,0,0
"nhân viên vui vẻ, thân thiện, nhiều lần đi ctac hoặc đi du lịch mình đều ở khách sạn này, phòng tuy hơi nhỏ nhưng khá đầy đủ tiện nghi, gần biển, gần quảng trường nên đi lại rất thuận tiện",4,3,0,0,0,0
"đồ ăn khá mắc, 1 tô mỳ mực 30k, mỳ hải sản 90k. được cái view nhìn ra biển đẹp. ăn trưa trong tour có món lẩu gạch cua ăn với sứa và bún khá ngon và lạ miệng, nước dùng ngọt thanh, đáng để ăn thử.",0,0,0,3,0,0
"phòng hút thuốc đã chuyển chổ khác nhưng bảng chỉ dẫn cũ vẫn không thay. cảng hàng không mà làm việc không chỉnh chu, còn lại về cơ bản khá ok",0,0,0,0,3,0
"thật tuyệt vời, người lái xe đã gặp chúng tôi ngay sau khi làm thủ tục hải quan, lấy hành lý của chúng tôi và đưa chúng tôi ra xe. chiếc xe thật tuyệt vời. tôi chưa bao giờ đi xe minivan sang trọng như vậy.",0,0,0,0,4,0
"đi du lịch phú yên trước rồi mới sang quy nhơn. phú yên ăn cái gì cũng rẻ hết, sang đây nhìn menu mình thấy hơi choáng chút vì chênh lệch. tuy nhiên đó là so với phú yên thôi chứ mặt bằng chung các tỉnh du lịch khác vẫn hợp lý. đi eo gió hay kỳ co xong mệt ra ăn luôn chuẩn. dọc dãy này cũng nhiều quán lắm. tụi mình gọi cơm chiên hải sản, tu hài và mì xào. cơm hơi mặn xíu nhưng hải sản tươi. tu hài rất chắc , dai ngon. phục vụ nhanh nhẹn.",0,0,0,4,0,0
giao mua tại chi nhánh quy nhơn và đây chỉ đập củ xã giao hỏng,0,0,0,0,0,0
"cococamp nằm trên con đường biển như làng chài trong phim hàn quốc ý mọi người. biển làng chài nên không được sạch đâu, nhưng bình yên thì dư, đủ để có thể xếp lại buồn phiền đó ạ.",4,0,0,0,0,0
"nhà hàng trên mái nhà. vì vậy cũng không tiếp sức khu vườn .... không có âm nhạc trong thời gian này .. thức ăn ngon ok (nhưng chỉ ok) nhân viên thân thiện .. hơi đắt, bạn có thể tìm thấy nơi tốt hơn.",0,0,2,0,0,0
"vẫn là fan trung thành của kfc, nay nhà ta có thêm món pizza thần thánh hoàn toàn không có bột mà thay vào đó là gà chiên giòn kèm lớp phô mai béo ngậy với 1 ít ớt đà lạt đã tạo nên 1 món ăn cực kì mới đang thu hút đông đảo các bạn trẻ nha... giá dùng thử 1 người chỉ 79k thôi nhé mà có thêm 1 phần khoai tây chiên và 1 ly pepsi nữa nha... ăn bao ngon bao no nha... các bạn hãy đến thử món mới và cảm nhận đi nào... ngon ngon lắm đó nha",0,0,0,5,0,0
giá mắc quá. gấp đôi sài gòn. kêu tôm sú sống mù tạt. không có chỉ có tôm sú ướp đá 750k/kg .oh my god,0,0,0,2,0,0
"quán nướng của cô chủ trẻ tuổi, dễ thương và nhiệt tình. đa số các món có giá cực kì học sinh, sinh viên nên tối đến cực kỳ đông, nhiều lúc đến kín hết cả bàn.hai gian đối diện nhau, không gian đơn giản, dễ thương, hướng ngoại. kiều ngồi top view nướng thịt cũng thú vị á. nhìn như kiểu đang đi hàn quốc chứ chả đùa. nhiều phần ăn giá cực kì hợp lý như phần gà rán chỉ có 17k thôi. nướng ướp thấm, nhiều mà cũng rẻ nữa.",0,0,0,5,0,0
món ăn rất tuyệt nhân viên nhiệt tình chu đáo đặt biệt có trà đá free không gian giống như 1 hội an thu nhả,0,0,0,5,0,0
"đây là lần thứ 2 mình tới đây và vẫn là kịch bản cũ. không 1 nhân viên tới oder, mình tự ra quần oder 2 ly nước 95k mà mang ra cho mình như 2 ly nước 25k ngoài vỉa hè, khi mình hỏi thì nhân viên trả lời do bên quán hết ly anh chị không chịu “buộc phải chịu”. nếu biết trước “buộc phải chịu” thì mình sẽ không ghé quán. vị trí 10đ :)) thái độ nhân viên phục vụ 1đ.",0,0,0,2,0,0
"mình nghĩ ai muốn thuê xe máy ở dịch vụ này phải rất nên cân nhắc có nhất thiết phải thuê xe sát với sân bay không, vì lần rồi chiếc xe mình thuê có chất lượng rất tệ: bố thắng trước và sau đã mòn, kêu xoẹt xoẹt rất to; bộ bố nồi cũng tới hạn cần thay, xe rồ máy mãi mà vẫn rì rì dù đã về số thấp; dàn áo của xe đã cũ nên qua đường hơi sốc là kêu to lắm; đồng thời phuộc nhún và bạc đạn cũng cần được bảo trì…. theo mình đánh giá đây là một chiếc xe chưa sẵn sàng để được cho thuê, chế độ bảo trì mà chủ xe suy nghĩ về xe là chưa được chuyên nghiệp. thành ra mức giá thuê chiếc xe đó bị đắt, nếu xe chạy ngon lành thì là vừa tiền.",0,0,0,0,2,0
"nhân viên phục vụ nhân nhẹn , thân thiện . giá cả ổn so với mặt bằng thành phố buổi tối thường có chương trình guitar và hát . khách cũng có thể lên hát và đàn vô tư . nước uống ngon . tốt thích quán ở chỗ quán khá yên tĩnh , đến đây học vào buổi chiều thì tuyệt luôn ❤️ sẽ luôn luôn ủng hộ quán !!",0,0,0,5,0,0
"được người bạn đi về giới thiệu gần flc có nhiều nhà hàng hải sản bên làng chài và mình thử đi qua làng chài thì gặp được nhà hàng bảo nam ngay đầu đường vào làng , điều ấn tượng nhất làng nhà hàng này có không gian sân vườn rất thoáng mát và được trang trí rất đẹp . tuyệt vời hơn là người dân ở đây rất nhiệt tình và hiếu khách còn nói về phần thức ăn thì bao ngon luôn ạ, giá cả lại phải chăng và hải sản thì đang bơi luôn các bạn ạ .",0,0,5,5,0,0
mình lỡ làm dính màu trên khăn tắm. mấy chị dọn vệ sinh vô bảo không thay khăn cho phòng mình. họ nói cái khăn nay fai đền tiền trong khi họ chưa giặt thử có ra hay không. họ nói nếu mình tự giăt ra thi không cần phải đền và thay vì họ thay khăn và giặc dùm rôi báo với mình có ra chất bẩn hay không thị họ để lại khăn cho mình giặt và mình đã giặt sạch.,0,2,0,0,0,0
"shop quần áo thời trang nam giá rẻ cho sinh viên, người có thu nhập trung bình. sản phẩm cũng đẹp mà giá cả hợp lý ai cũng mua được.",0,0,0,0,0,5
"mình đã ghé qua đây, đầy đủ và giá cực mềm nhé tốt tốt tốt",0,0,5,0,0,0
"đi nhóm 8 người tới, gọi 6 tô bún rạm, nhân viên kiu hết rạm rồi, xong bỏ đi luôn. chờ 1 lúc cóc thấy ai lại hỏi han gì hết, gọi con nhỏ nhân viên nãy lại, nó nhìn 1 phát xong bỏ đi tiếp. điên máu lên chửi cho 1 trận rùi bỏ đi, bà chủ thấy vậy mới chạy ra , mẹ mình đang tức con nhỏ nhân viên mới la lối với bà chủ, ai dè pả cóc thẻm hỏi gì luôn kiu : quán đông nên cô đừng có nói ngang ngược như vậy ... ps : khách du lịch muốn ăn thì ra quán bún rạm thùy 261tangbatho đang bực chỗ này chạy ra đây ăn phát hết bực luôn",0,0,0,1,0,0
"sân bay quy nhơn tọa lạc tại xã cát tân, huyện phù cát, tỉnh bình định. sân bay quy nhơn cách trung tâm thành phố khoảng 30km về hướng đông bắc. sân bay này nhỏ và số lượng chuyến bay đi/đến ít. nhưng phục vục rất tốt. phía ngoài có chỗ đỗ xe, taxi phục vụ 24/24",0,0,0,0,4,0
"delicious mì ống siêu tươi và bánh pizza tuyệt vời! thực sự tốt phạm vi của các loại bia, với một cặp vợ chồng trên máy. dịch vụ xuất sắc và đội ngũ nhân viên thân thiện. một nơi thoáng mát nhìn xuống phố.",0,3,0,5,0,0
"mình thuê 1 yamaha sirius cho 2 ngày, 100k/ngày. xe tính theo 24h, thuê giờ nào trả giờ đó, quá giờ tính thêm tiền. xe tốt, mình đi eo gió, safari flc và chùa linh phong, đổ 50k xăng, còn thừa đi loanh quanh mua sắm và ăn uống trong thành phố. chủ xe nhiệt tình và thân thiện.",0,0,0,0,4,0
nước mắm không ngon.thái độ nhân viên kg niềm nở lắm giá cả hơi cao,0,0,0,2,0,0
"đẹp, có nước đá vôi trong núi chạy liên tục, tạo màu nước rất đẹp, không phải nước tù, đồ ăn ngon rẻ, ngồi mát mẻ",4,0,0,4,0,0
"đi đến nơi đây cũng lâu lắm rồi mà nay mới có dịp giờ rãnh để ngồi viết review cho chổ này. do mình may mắn được đi với công ty nên mình mới có dịp ghé đến nhà hàng này, mình thấy thực đơn của quán cũng hao hao như mấy trung tâm hội nghị khác thôi nhưng được cái quán này phục vụ khá là tốt, nhân viên thì thân thiện và vui vẻ lại còn chu đáo hơn. về phía phần đồ ăn thì khá là ok nhe, có mấy món nghe tên khá là lạ vì ở cần thơ mình chưa có ăn bao giờ được dịp ra đây ăn thử thấy cũng khá là thích thích. với lại cách trang trí của nhà hàng mình thấy cũng khá sang trọng đúng chuẩn nhà hàng hơn các nơi khác ^^ ngoài ra nhà hàng có view khá đẹp vì sát với biển nên làm mình thích lắm!",0,0,5,5,0,0
"trung tâm, tiện đi lại công tác. mình ở phòng 1 giường đôi có lan can ra phía trước nhìn nhà lồng về đêm rất chill.",0,4,0,0,0,0
"mình mua 1 bịch lạp xưởng ăn sạn không, cục nào cũng sạn và bị thối , đã đem trả lại siêu thị , họ đã trả lại tiền . mong big c kiểm soát chất lượng hàng hóa hơn",0,0,0,0,0,2
"view rất rất đẹp nha mọi người mọi người chụp hình hoàng hôn nên tới đây nha view đẹp, thoáng, mát!!! đây là first option của mình nếu muốn đi rooftop bar",4,0,0,0,0,0
"chắn sáng cửa sổ chưa tốt. đèn cảm ứng hành lang, gần cửa sổ bật mỗi khi có người qua lại, hắt sáng vào phòng.",0,2,0,0,0,0
"đứng sau kem thì su kem là món mình ưng thứ 2 trên đời hí hí. bingo mới mở từ cuối tháng 4 á nè. không gian bé bé xinh xinh, ấm cúng, đến uống ăn bánh uống trà học bài cũng được mà tới tụ tập cũng hay. chủ quán dễ xương, nhiệt tình. bánh su choux thì quá nổi tiếng rồi, hồi ở đn mình thích nhất ăn ở chewy, về qn may quá có bingo cứu vớt cho cái sự thèm ngọt của mình. bánh trang trí quá yêu, su dai, mới ra lò thì vỏ sẽ hơi giòn. nhân kem thơm thơm béo mịn. làm set sinh nhật thì quá là okela. ngoài ra thì quán còn có nhìu nhìu loại bánh khác nữa như crepe, mousse, cupcake.",0,0,0,5,0,0
"nhân viên nhiệt tình thân thiện. mình tới đl lúc 9h tối, đi lạc đường (do đường hơi khó kiếm), alo bạn nhân viên xong bản lấy xe máy ra đón tụi mình về khách sạn",0,5,0,0,5,0
"chết mê chết mệt với quán này thôi à, lần thứ 3 mình ghé quán, đã ghé là không uốn rời, mỗi lần rời là phải căng cái bụng :). quán có tông màu dễ thương nên đi ngang qua là bắt gặp liền nhé, nay quán có thêm đồ ăn vặt ngon nhứt mũi nữa chứ. mình gọi phomai que với khoai tây chiên, phomai ở đây nó không quá béo, lại có mùi thơm, mình nghỉ quán sẽ thu hút khá là đông giới trẻ teen khi kết hợp căn ăn vặt nữa <3. nhân viên ở đây rất thân thiện, cởi mở. có dịp sẽ ghé quán lại nữa nhé.",0,0,5,5,0,0
"chụp tấm hình cho người yêu coi giá để lựa chọn chút mà cũng không cho trong khi đó siêu thị không cấm chụp, không có biển cảnh báo cấm chụp ảnh hay cấm camera",0,0,0,0,0,3
"3 chị em mình ghé chạm spa vào buổi sáng, bị ấn tượng bởi không gian thiết kế rất hài hòa và ấm cúng, mùi hương chanh sả nhẹ làm mình thấy thư giãn. đi bộ nhiều nên 2 chân mỏi rã rời, mình chọn dịch vụ massage chân tinh dầu kèm thêm đá nóng 60p, giá 220k . tay nghề các bạn ktv ở đây khá tốt , làm bài bản chứ không hời hợt như một số nơi khác, nhiệt tình và rất lễ phép. mức giá 220k tại trung tâm thành phố du lịch cũng như không gian và thái độ phục vụ tốt như vậy mình thấy hợp lý . bạn nào đi chơi nhiều giống mình thì mình khuyến khích nên thử dịch vụ bên này nhé . rất hài lòng!",5,0,0,0,0,0
có đậu phộng không mong muốn trên nghêu là một vấn đề khi bạn bị dị ứng.,0,0,0,3,0,0
"sân bay dân sự và quân sự kết hợp, không rộng lắm nhưng sạch sẽ và nhân viên thân thiện",0,0,0,0,4,0
"sạch đep. hiện đại. có hồ bơi. đầy đủ ấm siêu tốc, quạt điện, điều hòa, tv",0,4,0,0,0,0
"cảnh cực đẹp, phục vụ ổn, dịch vụ chưa đa dạng lắm nhưng thái độ nhân viên tốt. recommend cho các bạn không thích nơi đông đúc. tốt nhất đi ô tô với cả nhà lên đây nghỉ.",5,5,0,0,0,0
"quán bình dân, giá cả dao động từ 60k- 150k , khá hợp vị,nước chấm lạ miệng. ghẹ tươi sống, ốc móng tay cháy tỏi ngon. nếu ăn hải sản bình dân thì đây là điểm lý tưởng hơn cả xuân diệu điểm trừ là đường đi hơi khó tìm",0,0,0,4,0,0
"đi du lịch quy nhơn tình cờ biết được quán bánh bèo nóng này nên ghé vào. quán nằm gần sát biển, đối diện với công viên gì đó. buổi tối quán có để một vài bàn phía bên công viẻn này nên mình chọn ngồi ở đây. thoáng mát hơn hẳn nhưng hơi tối một tẹo. đúng như tên gọi, bánh bèo ở đây lúc đem ra còn nóng hổi luôn. bánh bèo nhỏ, bột hơi dày. ăn với nhân tôm khô chấy thì phải. bên trên có rải thêm ít bánh mì chiên giòn. nhìn chung ăn khá ngon. một dĩa 12k, chưa bao gồm nem chả.",0,0,0,5,0,0
"nhà xe dễ thương, bác tài dễ thương, xe chạy đúng giờ, nằm đúng chỗ đã đặt, có thêm sữa uống cho hành khách. tuyệt vời ạ",0,0,0,0,5,0
"xe ở đây còn khá mới, chạy êm,mình thuê nguyên tháng,đến hạn họ gọi mang xe tới bảo dưỡng, yên tâm và thích dv của shop",0,0,0,0,5,0
"ai đến quy nhơn nên ghé quán út lợi này ,quán ngon , ghẹ tươi sống ,giá rất bình dân và sạch sẽ quán nằm trên đường nhỏ nhưng chuyên về hải sản. đường này có rất nhiều quán hải sản ,quán này ra đới sau nhưng món chế biến rất ngon, chi bán ghẹ tươi sống,ăn đâu hấp đó, đặc biệt ốc thập cẩm , ốc trộn rất ngon nước chấm thì đậm đà.",0,0,0,5,0,0
"trang thiết bị ok so với mức giá bình dân, phòng sạch sẽ, đủ đồ dùng cơ bản. chọn phòng có view hướng biển khá xinh và thoáng. đặc biệt cô chú chủ và nhân viên cực kỳ thân thiện luôn.",0,4,0,0,0,0
"giá cả hợp lí, đi đông chia ra mỗi người không hết là bao. mình thích kiểu nướng ngói vì thức ăn sẽ không bị cháy đen do than. mỗi lần tới quán là gọi thịt bò nướng, sườn heo nướng với cả đâu bắp, ăn ngon dã man luôn. lẩu hải sản ở đây rẻ mà nhiều lắm , ăn ba đứa một cái lẩu mà không hết ây",0,0,0,5,0,0
chúng tôi ngồi ở vỉa hè trước mặt của một công viên nhỏ bên cạnh biển và thực sự thực sự thích 'banh beo' với bơ trộn nước ép sầu riêng. chúng tôi cũng yêu hiếm 'nem' ăn với nóng chilipepper sause. chỉ có 5 $ cho bữa ăn của chúng tôi (3 món và 3 nước trái cây).,0,0,0,5,0,0
tìm thấy nơi này trực tuyến từ các đánh giá. rất vui vì chúng tôi đã đến đây. tôi và đối tác của tôi đều có những chiếc pizza lớn (không phán xét chúng tôi đã lấy đi một chút cho sau này haha) chúng tôi đã chia sẻ diavola và pizza truffle giữa chúng tôi.,0,0,0,5,0,0
"thương hiệu nem chả nổi tiếng quy nhơn, sản phẩm hiện tại cũng khá đa dạng.",0,0,0,5,0,0
"cực kì thích luôn. nhân viên nhiệt tình thân thiện. đặc biệt là bạn tâm, đã khiến mình hài lòng.",4,4,0,0,0,0
phòng sạch sẽ + nhân viên thân thiện vui vẻ với khách hàng.,0,4,0,0,0,0
"nghe nói những điều tuyệt vời về nơi này vì vậy đã thử nó. địa điểm rất bận rộn nên chúng tôi phải chờ 30 phút để đặt bàn. mặc dù vậy, chúng tôi không bận tâm và các nhân viên đã để mắt và cập nhật cho chúng tôi mặc dù nơi này rất bận rộn. chúng tôi đã chia sẻ một pasta napolina - rất tươi và ngon. sau đó, chúng tôi đã gọi pizza - tôi yêu cầu không có phô mai trên pizza nhưng họ quên đề cập đến phô mai trong pesto và tôi cũng không nghĩ về điều này. tôi biết ngay khi nhìn thấy chiếc bánh pizza có chứa phô mai. chủ sở hữu đã thay đổi điều này cho tôi không có vấn đề và làm cho tôi một cái mới. một số loại bia ngon quá! nhược điểm duy nhất là nó khá đắt. có một khoản phí 15% tet mà chúng tôi biết nhưng trước đó, hóa đơn được áp dụng là 550 không đây là khoản tiền lớn nhất chúng tôi đã trả cho một bữa ăn trong 6 tháng ở châu á - bao gồm cả ở các thành phố lớn",0,0,4,4,0,0
"mình đến jollibee chỉ để ăn kem các cậu ạ buồn cười quán rộng nhưng bố trí khá chật hẹp, gây cảm giác bị bàn khác soi khi ăn luôn ấy :(((. còn về phần phục vụ thì có vẻ khá chậm chạp. dao nĩa thì khá ít. một lần đi lấy rất rất bực luôn đấy -.- thức ăn ( trừ món kem) thua xa kfc và lotte. nhưng điểm cộng là món ăn phong phú hơn và món kém khá ngon. ❤️",0,0,0,3,0,0
"quán này bình dân, nằm trong con đường nhỏ nên coi bản đồ trước khi đi cho chắc ăn, hải sản rất tươi, đi sớm tầm 5h thì có chỗ, 7h tối là kín mít bàn, đông nghẹt, không có bàn ngồi đâu. quán phục vụ dễ thương, để xe ngay phía trước quán luôn, có người coi xe miễn phí. menu quán này ít món, chủ yếu là các món tôm hấp thôi: tôm càng, tôm hùm, tôm vỗ,cua huỳnh đế thì lúc có lúc không, các món ốc cũng đơn giản, không đa dạng lắm. cháo hải sản 1 tô 70k, vừa nhiều vừa ngon, nhiều topping lắm: hàu, tôm, mực... mua thêm bánh tráng chín ăn kèm, no nê luôn. chắc chắn còn quay lại quán này nhiều.",0,0,0,4,0,0
hơi xa trung tâm nhưng yên tĩnh và thoáng mát,4,0,0,0,0,0
"sách trẻ con nhiều kinh khủng mà sách về tâm lý, kĩ năng sống, nói chung là sách thật thì rất ít, tuy ít sách thật nhưng chất lượng sách khá được.",5,0,0,0,0,0
"hải sản tươi, ngon, chắc nịch và nhiều đồ lạ. lần đầu ăn con nhum to khủng bố thế. sìa vừa to vừa ngọt. giá cả quá rẻ so với 1 quán cỡ nhà hàng. đĩa bào ngư có trăm mà to nhiều phát sợ. thích nhất là sự chuyên nghiệp của nhân viên. đông kinh khủng mà không bỏ sót ai. mình hỏi nhà vệ sinh ở đâu còn nhìn theo thấy mình vào đúng nơi mới quay làm việc khác. cô chủ quán nhiệt tình giới thiệu, chu đáo và đáng yêu",0,0,0,5,0,0
"điều này là lạ nếu taxi là loại mét. trong màn hình có đề cập rằng chi phí khoảng 63, 000 mb. nhưng anh ấy yêu cầu chúng tôi trả 190, 000 kl. làm thế nào để taxi tính phí chúng tôi như vậy? nó rất đáng sợ.",0,0,0,0,1,0
"bánh xèo ở đây ăn rất ngon, đặc biệt là nước chấm. nước chấm ở quy nhơn nói chung ở bất kỳ quán ăn nào đều rất đậm đà và ngon. dù đặc sản của quán là bánh xèo tôm nhảy nhưng tôi ấn tượng với bánh xèo thịt bò nhất.",0,0,0,5,0,0
"đi quy nhơn nhiều rồi nhưng là lần đầu tiên mình ở khách sạn này. gia đình mình vô cùng ấn tượng vì khách sạn hiện đại, phòng ốc xịn sò. đi gần tết nên khách sạn trang trí tết rất ấn tượng; chỉn chu. nhưng thích nhất vẫn là nhân viên vô cùng nhiệt tình; chu đáo, tư vấn từ a đến z những chỗ ăn chơi và đặc sản ở qn, chỗ nào mình cũng hài lòng. chắc chắn sẽ quay lại.",0,5,0,0,0,0
"tóm lại, đây là một nhà hàng sẽ nằm trong danh sách các nhà hàng yêu thích của tôi khi trở lại quy nhơn thân yêu.",0,0,5,0,0,0
"sản phẩm đa dạng, nhân viên nhiệt tình với khách hàng",0,0,0,0,0,5
waterbus là một chiếc phà giao thông công cộng cho người đi làm. nó rất rẻ. nó được đầy đủ nhanh chóng để tốt nhất để đặt trước. coi chừng việc băng qua đường lớn để đến trạm nước ở quận 1 là điều khó khăn.,0,0,0,0,4,0
"cửa hàng thoáng đãng sạch sẽ, hàng hóa sắp xếp khoa học, nhân viên phục vụ tận tình lịch sự.",0,0,0,0,0,5
"- ghế ngả bị hỏng trên cả hai xe buýt chúng tôi đã đi, dẫn đến việc phải dành toàn bộ hành trình ở vị trí nghiêng",0,0,0,0,2,0
"phòng mới, sạch sẽ, rộng rãi, tủ, giường ốp gỗ đẹp, nền gạch men giả gỗ khá ổn.",0,5,0,0,0,0
cơm chiên đến khá nhanh nhưng tôi chưa bao giờ nhận được món cá mập nướng của mình. một lúc sau nhân viên mang cho tôi một ít cơm chiên cá và tôi nói với họ rằng tôi chưa gọi món mà họ để trên bàn.,3,0,0,0,0,0
"hải sản tươi, nhất là món gỏi hàu. diện tích hơi nhỏ nên mùi hải sản chưa xử lý được.",0,0,0,4,0,0
"thật sự cũng không muốn nói, chứ mình đi vinasun nhiều rồi toàn gặp mấy bác tài dễ thương không ah. hôm nay gặp anh zai này😤😔 buồn cười .",4,0,0,0,4,0
"phục vụ rất tốt, tới sớm nhưng vẫn hỗ trợ check in sớm",0,5,0,0,0,0
"món ăn ngon giá cả hợp lý, không gian thoáng mát. phục vụ nhiệt tình chu đáo",0,0,0,5,0,0
"không gian bài trí đẹp, có ghế ngồi nghỉ và nước cho khách nhưng giá hơi đắt hơn so với bên ngoài.",0,0,0,3,0,3
rất khuyến khích bởi ta. nội thất nhà hàng dễ chịu nhưng các phần thức ăn rất nhỏ và quá giá so với những gì bạn nhận được. đáng giá tiền và vẫn đói rời khỏi nhà hàng.,0,0,4,1,0,0
"mình vào ăn tầm 4h chiều, quán vắng chỉ có vài khách. thấy quán rộng mà cũng khá sạch nên quyết định thử. vỏ nem cuốn, rau ăn kèm đầy đủ nhưng cách phục vụ kém thật. cứ đặt toẹt đồ trước mặt khách, nước cũng đặt toẹt ở bàn, bưng bánh ra cũng thế. đến lúc trả tiền mới hốt, 60k/suất/2 bánh. ăn bánh xèo thôi mà, có cần mắc vậy không dù là nhân bánh cũng ok nhưng vẫn cảm thấy mình bị chém thật ngọt.",0,0,0,2,0,0
"rượu đúng chất bầu đá bình định, mình sẽ tiếp tục ủng hộ.",0,0,0,4,0,0
đồ ăn sáng hơi ít,0,0,0,2,0,0
vì chỉ ở 1 đêm nên chưa thấy gì bất tiện,0,3,0,0,0,0
"quán có không gian ổn, đồ ăn tương đối nhanh, và vị đồ ăn ngon, dễ ăn. đây sẽ là địa điểm mình sẽ quay lại.",0,0,4,4,0,0
"cảng xe bus vẫn hoạt động bình thường, xe taxi đậu xung quanh luôn sẵn sàng phục vụ khi khách đi trễ tuyến bus, giá hiện giờ khi share taxi là 70k 1 người, còn vé bus là 50k/ người. muốn bắt bus nên đi đến trc 2 tiếng rưỡi trc giờ bay.",0,0,0,0,3,0
"có chỗ để xe máy ở tầng trệt, ở trong hẻm nhưng đường đủ rộng để xe 4 bánh vào tới nơi.",0,5,0,0,0,0
"do đường chính đông đúc nên nếu đi xe cá nhân phải đỗ xe ở bãi riêng, phí 80k/ ngày đêm.",0,0,0,0,4,0
"đồ ăn được, ốc tươi cà na hôm nay mình ăn hơi nhỏ khui mệt bối rối nước chấm hơi mặn nói chung là ổn thôi chớ hok có xuất sắc 😁 được cái giá cũng hợp lý, không mắc không rẻ",0,0,0,4,0,0
"đến ăn theo review trên này, quán mới chuyển qua cái hẻm ở đào duy từ thì phải không còn ở số 40 nữa. đồ ăn: ngon phục vụ: nhiệt tình, anh chủ nói chuyện rất thân thiện giá cả: rẻ, rõ ràng, ở quán có menu giá đầy đủ nhé không như mọi người review trên này là không có giá sẽ còn quay lại",0,0,0,5,0,0
"ở ba đêm ở aaron nhân viên nhiệt tình, phòng ốc mới và đẹp. nếu lần sau đi nha trang nhất định sẽ quay lại aarom",0,4,0,0,0,0
mình tới quán ăn lúc tối. thực sự thì món ăn cũng ngon cho tới khi mình tìm thấy moitj cọng thun vàng trong tô bún cá của mình. không ăn nổi nữa. mình nghĩ ai cũng sẽ có sai sót chỉ cần sửa sai thôi. vậy mà khi mình nói quán thì nhân viên vội vàng mang cọng thun đi dấu sợ mình chụp hình lại. và không hề xin lỗi mình một câu nào. thất vọng,0,0,0,1,0,0
"khu du lịch bãi trứng hay còn gọi là bãi tắm hoàng hậu. nơi đây có những viên đá hình quả trứng, sóng biển dập dìu đẹp đẽ, chỉ thích hợp để tham quan vào những buổi chiều mát. ngoài ra còn có lăng mộ hàn mạc tử...",4,0,0,0,0,0
"nem chả ơn đây giá cả khá rẻ và rất ngon,thích nhất là chả quế và nem",0,0,0,5,0,0
"khách sạn view đẹp có chỗ để xe.tui đã ở và thấy rất tốt ,khách sạn ở đây giá cả hợp lí không quá đắt vào mùa du lịch và nhân viên phục vụ rấtttt nhiệtt tình và chu đáo.khách sạn sạch sẽ và khanggggg trangggg cơ sở hạ tầng vẫn còn tốt.phòng thì đẹp sạch sẽ ,các nhân viên thường xuyên dọn dẹp ,đầy đủ tiện nghi nói chung là tốt 5 saoooo",0,5,0,0,0,0
"sau bánh mì pate miền bắc, loại bánh mì thứ 2 được ưa chuộng sau đó chính là bánh mì như lan, nhân bánh với chả giò kẹp cùng đu đủ trộn chua ngọt, giòn.",0,0,0,4,0,0
"siêu thị lớn đẹp, bạn có thể mua bất cứ thứ gì bạn muốn, đặc biệt là thực phẩm :)",0,0,0,0,0,5
đồ ăn ở đây rất ngon đặc biệt là món burger cùng với khoai tây chiên khác lạ hơn nữa tôi đã được thưởng thức coctial rất đặc biệt phục vụ dễ thương nhiệt tình làm cho trải nghiệm của tôi tốt đẹp hơn,0,0,0,5,0,0
"giá cả hợp lý, hải sản tươi sống, phong phú. chế biến thì cũng bình thường. nói chung khá ổn. nhân viên nhiệt tình.",0,0,0,4,0,0
"mặc dù tôi không thể đặt trước với 3 s limo do sự sắp xếp của các công ty, tôi vô cùng hài lòng với dịch vụ khách hàng được cung cấp bởi 3 s. họ rất phản hồi trên phương tiện truyền thông xã hội, tin nhắn và email. tôi hy vọng trong tương lai tôi sẽ có thể đi du lịch với họ.",5,0,0,0,0,0
"cho thuê xe với thủ tục đơn giản mà chi phí lại rẻ , mình rất thích dịch vụ bên bạn khi đi du lịch quy nhơn",0,0,0,0,5,0
tôi được mời đến nơi này và được cho biết là thức ăn ngon. thực ra món ăn rất ngon. thiết kế và trang trí rất đẹp.,0,0,5,5,0,0
"đây là lần thứ 2 quay lại chỗ này. ban đầu mình đặt chỗ khác do muốn trải nghiệm chỗ mới thử. nhưng chỗ đó ngột ngạt quá nên đặt lại chỗ này. quả nhiên không khí khác biệt hẳn. phòng sạch sẽ lại rộng, có bàn trang điểm,bàn chải xịn,tủ đồ cũng rộng. kế bên có hồ cá koi để ngắm. giờ giấc thoải mái nha view cũng thoáng mát. từ chỗ ổ đi lên 1 chút là có ngay quán cafe cún. đầu đường có bách hóa xanh,nhà thuốc cũng tiện để mua đồ nhâm nhi buổi tối. xe máy cho thuê cũng xịn xò không cần giấy tờ gì nhiều. có dịp quay lại đà lạt chắc mình cũng chọn chỗ này để ở",0,5,0,0,0,0
"thực đơn hợp lý, quán ăn thoáng mát, sẽ đền lần nữa :)))))",0,0,0,5,0,0
"để tim được 1 quán ăn ngon,hợp vệ sinh, và không gian hoài cổ thì quy nhơn chỉ có không quá 2 quán. quán không chỉ mang đến món ăn ngon mà còn đem đến cái hình ảnh để khách du lịch để lại 1 dấu ấn cho quy nhơn. thức ăn của quán thì khỏi bàn đối với mình quá là ngon như cơm mẹ nấu thật,ngon đậm đà. nhưng về giá thì hơi chua chát, giá hơi cao so với người dân ở đây và dân văn phòng. chỉ cần 1 bữa no thì đi 4 5 người phải bỏ ra mỗi người 150 - 200k.có dịp ghé quán thì mình sẽ suy nghỉ về khoản tiền dó để lựa chọn quán khác bình dân hơn. nhưng mình vẫn đánh giá cao về quán này",0,0,0,4,0,0
"nhà hàng được coi là có khách nhất từ trước tới nay... có bán các loại hải sản như cua huỳnh đế, cua gạch, tôm hùm, tôm càng, cá mú, cá mặt quỷ, nghêu, sò, ốc các kiểu... một món ăn một hương vị khác nhau mang đặc trưng của vùng miền... mình biết tới nhà hàng từ rất lâu và không khi nào quán vắng khách cả... nhân viên ở đây phục vụ rất tận tình với khách hàng không riêng gì khách hàng ngoại quốc, nhà hàng có các dịch vụ phòng vip phục vụ các bữa tiệc liên hoan các kiểu...",0,0,0,5,0,0
"lần đầu trải nghiệm do được bạn bè giới thiệu. chất lượng và dịch vụ tốt, giá cả hợp lý. các bạn giao xe rất thân thiện, nhiệt tình. nếu có dịp quay lại, sẽ sử dụng dịch vụ tiếp.",0,0,0,0,5,0
chuyến đi rất nhanh chóng và thoải mái. cung cấp chỗ ở cho nhóm của chúng tôi để dừng nhà vệ sinh (ngôi nhà hạnh phúc) và hành trình an toàn. 5 * thực sự giới thiệu công ty này cho tất cả khách du lịch,0,0,0,0,5,0
"rất ưng ý, phòng rộng, có cửa sổ thoáng, mình sáng dậy ra hành lang view rất thoáng, thoải mái, ngắm được cả bình minh và view thành phố.",0,5,0,0,0,0
"khi vào mua thức ăn nhanh tại quầy thanh toán tiền nhân viên hỏi bánh hỏi, tô bún với dùi gà vào luc 10:15h ngày 28/6 em có tl mà nhận viên không nghe rõ và hỏi lại lần nữa e trả lời của e. nhân viên tỏ ra thái độ khó chịu và nói với e hồi nãy hỏi thì nói không. mặt nhăn nhó nói gắt gỏng . lần đầu tiên trãi nghiệm ở bigc qui nhơn mà ấn tượng không tốt r. không có lần sau vào bigc này nữa.",0,0,0,0,0,2
"tôi sẽ quay lại nơi này. một nơi nghỉ dưỡng yên tĩnh, bãi biển rất đẹp và sạch sẽ, nhân viên phục vụ thân thiện, lần sau quay lại tôi sẽ sử dụng dịch vụ spa. ăn sáng chưa phong phú lắm, tôi thích món bún cá buổi sáng ở đây.",0,5,0,4,0,0
"ở đây có dạy đàn và bán đàn piano, đàn organ các loại cùng với phụ kiện của các loại đàn đấy. mình có ghé mua đàn ở đây và được biết cửa hàng thông qua facebook trên trang dũng piano quy nhơn. cửa hàng nhỏ gọn, sạch sẽ và trang trí tạm ổn. có dạy đàn thêm cho trẻ em và người lớn. thầy dũng chủ cửa hàng cũng khá vui vẻ và nhiệt tình.",0,0,0,0,0,5
"quán nhỏ, bình dân, đồ ăn ngon. người địa phương mới biết quán này.",0,0,0,5,0,0
"ra hồ xuân hương với chợ chắc tầm 5-8 phút, check in tự động nhanh chóng, hỗ trợ zalo nhiệt tình",0,5,0,0,0,0
"tài xế chở khách từ khách sạn trầu cau về đường tô hiến thành khoảng 20h ngày 16/6/2022 nói năng với khách thiếu lịch sự, cự cãi với khách suốt dọc đường. sẽ không bao giờ sử dụng dịch vụ của mai linh nữa.",0,0,0,0,1,0
siêu thị này thiết kế theo dạng nhà kho để hàng hoá. không gian và chỗ đậu xe rộng rãi nhưng không quá nhiều tiện ích như những siêu thị khác.,0,0,0,0,0,4
"quán đông khách nhưng phục vụ chưa chuyên nghiệp. thức ăn cũng bình thường, nhân viên phục vụ không tốt lắm!",0,0,0,3,0,0
kinh doanh đa dạng hàng hóa. thích hợp mua làm quà. chất lượng sản phẩm được tuy nhiên giá cả hơi cao so với ở ngoài.,0,0,0,0,0,3
"rạp chiếu phim hiện đại, rộng thoáng. tuy không thể so sánh với những rạp lớn ở sài gòn nhưng ở một tỉnh lẻ thì mức này đã rất tuyệt rồi. rạp ở đây có suất chiếu phim khuya chứ không đóng cửa sớm như rạp bên siêu thị.",5,0,0,0,0,0
"lần đầu tiên tôi đến siêu thị, nó rộng, đầy đủ các mặt hàng và rẻ. nhưng hơi buồn vì nhân viên trả chưa đến 100k mà do không để ý. đi ra khỏi siêu thị để ý. không đáng, nhưng vẫn thấy hơi thất vọng buồn cười",0,0,0,0,0,3
đồ ăn ok. giá ok. bàn ghế thoải mái. quán rộng rãi ok. trước đi 2 lần rồi.nghe nói có món mới. mì bay. thấy chụp hình hấp dẫn. mình cũng lếch đi xem sao. đi buổi chiều mà không có. buồn. đành gọi mì cay. lúc lấy đũa với muỗng mới thấy bẩn không thể tả. thật sự ý. 2 lần trước mình đi lúc quán mới mở thấy không bẩn. thế méo nào quay lại lần này. bẩn hết hồn luôn. bạn có thể tưởng tượng rằng cầm muỗng lên bạn sẽ thấy vết dầu mỡ còn dính. rất nhiều cái muỗng. đa số đều bị dính ý. chưa kể ngay cả tương ớt. không hiểu s vẫn còn dính chỗ tay cầm luôn. vết dính đã lâu nữa. khinh khủng ý. lúc đó cũng quên chụp lại mất tiu. mong chủ quán sẽ chú ý khâu vệ sinh hơn nữa,0,0,0,1,0,0
"không nên mua đồ ở đây,......",0,0,0,0,0,1
"nhân viên sân bay ăn chặn tiền khách hàng. nâng hạng vé thương gia nhưng không add thêm em bé cho khách, xuất vé không đúng giá tiền. theo đúng nội quy. không xuất trình phiếu tính tiền cho khách. làm khó dễ khách để ăn chặn tiền. vé thì không có số vé.",0,0,0,0,2,0
"trang thiết bị ok so với mức giá bình dân, phòng sạch sẽ, đủ đồ dùng cơ bản. chọn phòng có view hướng biển khá xinh và thoáng. đặc biệt cô chú chủ và nhân viên cực kỳ thân thiện luôn.",0,5,0,0,0,0
"bữa nay được mấy đứa bạn rủ tới quán cafe inn. tưởng quán nào chứ thì ra là mình chưa đi bao giờ hj. quán này nhìn đẹp, cách trang trí quán cũng rất sáng tạo. quán được các bạn trẻ hay tới. mình kêu ra mấy món thì đều ngon hết á. nhân viên phục vụ nhiệt tình mà giá cả thì tùy từng món. riêng có cafe thì rẻ mà mấy món khác cũng hơi cao. nói chung cũng ok. lần sau ghé lại tiếp",0,0,0,4,0,0
"mình rất ưng nhân viên lễ tân và các bác bảo vệ ở đây.. rất thân thiện và nhiệt tình ! phòng rộng rãi, sạch đẹp, tiện nghi và chuẩn bị cho khách từ cái nhỏ nhất như kim băng, dao cạo râu ,..v.v.. trên cả tuyệt vời so với giá tiền",0,4,0,0,0,0
"cũng đẹp, không rộng lắm, đi và ngắm trong vòng 1 tiếng là hết. lối đi có phủ mành che nên cũng mát mẻ, nhiều wc và chỗ bán kem nước. thú cũng không nhiều lắm, có để đồ ăn để khách cho thú ăn miễn phí. các bạn nhỏ vô đây chắc thích. nhân viên nhiệt tình và thân thiện trả lời hướng dẫn khách.",4,0,0,0,0,0
ở đây có xe bus trung chuyển hành khách đi sân bay phù cát,0,0,0,0,3,0
"anh ấy nói tôi sẽ thả bạn xuống trạm thu phí rời sân bay. tôi đã ra ngoài trước khi tất nhiên và ghi chú số xe của anh ấy. tôi về nhà bằng xe ôm. ngay lập tức, tôi gọi cho vinasun và phàn nàn. không có lời xin lỗi ở đầu bên kia hoặc bất kỳ dấu hiệu của sự đồng cảm. tôi hỏi, có điều gì đó sẽ được thực hiện về situatiuon, và được người phụ nữ nhận cuộc gọi nói rằng cô ấy chỉ có thể ghi chú và để lại quyết định cho vinasun. trong vòng 20 phút, tôi nhận được một cuộc gọi từ vinasun hỏi về khiếu nại của tôi. tôi nghĩ, ""wow, ai đó deos quan tâm""! nhưng sau khi kể cho cô ấy câu chuyện của tôi ở trên, cô ấy nói: ""tôi xin lỗi, chúng tôi không có 7 chỗ ngồi với bài tập 4 số đó"" tôi hỏi cô ấy những gì bạn nói là ai đó đã lấy trộm một chiếc xe có dấu vinasun, và đã đóng cửa một mét, mặc quần áo vinasun và đi khắp nơi xé toạc mọi người. một lần nữa cùng trả lời. không thể tin được, những người này. vì vậy, ngay cả với một công ty uy tín như vậy nói dối vinasun, đôi khi bạn vẫn sẽ nhận được dịch vụ tồi và không chuyên nghiệp. ther không có la bàn đạo đức giữa nhiều người ở đây và điều này, mặc dù nó làm tôi khó chịu, không làm tôi ngạc nhiên nữa. vinasun, bạn là một đại sứ khủng khiếp của việt nam. điều này từ một người sống ở đây 8 năm!",1,0,0,0,1,0
"lựa chọn cuối cùng của tôi mỗi lần cần phải đi lại trong bằng taxi, thái độ phục vụ, thái độ khi lái xe, mùi hôi trên xe luôn là nỗi ám ảnh.",0,0,0,0,1,0
"lần đầu tiên tới quy nhơn và mình đã đặt ship 2 ly về nhà , theo cảm nhận của mình thì nước trái cây ngon hơn so với ly ô long chese , chese khá ngon nhưng nước thì không được ngon lắm so với cảm nhận của bản thân mình . nhưng thay vì đó nhân viên rất ok",0,0,0,4,0,0
"chợ nhỏ, có bán hải sản nhưng không nhiều, giá ok, có điều bán cua cột dây to quá, toàn cua lực sĩ =))",5,5,0,0,0,0
"hải sản tươi, nấu rất ngon mà giá lại rẻ",0,0,0,5,0,0
"phòng 2 giường view biển không rộng lắm, lối đi hơi hẹp nhưng không sao.",0,3,0,0,0,0
"shop quần áo thời trang nam giá rẻ cho sinh viên, người có thu nhập trung bình. sản phẩm cũng đẹp mà giá cả hợp lý ai cũng mua được.",0,0,0,0,0,5
mong quý cty vinasun trả lời giùm tôi câu hỏi trên để lần sau tôi không phải làm phiền các bác tài xế khi phải di chuyển ở những quãng đường ngắn!,0,0,0,0,0,0
cơ sở vật chất hiện đại và sạch sẽ. tôi đã đặt phòng 2 giường đơn nhưng hóa ra tôi có hai giường cỡ queen,0,4,0,0,0,0
"tìm trên foody thấy quán này, mình dân du lịch ghé ăn thử, vào thấy toàn dân địa phương, có bàn còn toàn mấy cô chú công an ngồi :)) mình không ăn được cay nên không nhận xét chất lượng do chỉ ăn chút ít. bạn mình ăn cay được khen lấy khen để nên mình cho rằng rất ngon á :)). giá quá rẻ luôn, tụi mình gọi 2 ly sữa đậu nành nữa hết đâu đó 50k. bạn nào ăn cay được mại dô quán này nha :))",0,0,0,5,0,0
"phong cảnh thiên nhiên hùng vĩ, non nước hữu tình, thích hợp vui chơi, tham quan, dã ngoại, phù hợp với tất cả mọi lứa tuổi",5,0,0,0,0,0
"đến đây thấy quán hơi nhỏ nhưng không gian ngồi rất thoải mái. mấy món nướng ướp gia vị thấm, vừa ăn. nhân viên phục vụ nhiệt tình. giá không đắt",0,0,0,5,0,0
"đa dạng dịch vụ, nhân viên co.opmart nhiệt tình và hàng hóa phong phú.",0,0,0,0,0,5
"nơi tốt để mua sắm trong thành phố. máy điều hòa hoạt động tốt và rất nhiều thức ăn ngon ở tầng hầm, đặc biệt là kem matcha.",0,0,0,5,0,4
"bánh xèo ở đây rất ngon. mình thường xuyên gọi ship về nhà, bánh làm rất nhanh được ship trong khoảng 10 phút. bánh rất ngon thêm một điểm cộng là rau ở đây cực kỳ tươi nhất là phần rau mầm và xoài xắt kèm theo",0,0,0,5,0,0
"khách sạn nằm trong khu vực rất là yên tĩnh, phòng đẹp và khuôn viên có thể tận dụng để uống cà phê buổi tối. tuyệt vời",0,5,0,0,0,0
hỗ trợ qua zalo không tiếp xúc rất phù hợp,0,3,0,0,0,0
"chị chủ shop nhiệt tình, thân thiện, gói các kiểu quà tặng theo nhiều phong cách tuyệt vời",0,0,0,0,0,5
"nhân viên thân thiện, chu đáo. menu đa dạng & phong phú các món. giá cả phải chăng, sẽ quay lại trong thời gian gần nhất",5,0,5,0,0,0
"ai đi qui nhơn nhớ ghé quán này, hải sản ở đây rẻ lắm luôn. mình gọi nửa kí tôm càng, nửa kí tôm vỗ, 1 tô ốc thập cẩm, 1 tô cháo hải sản tô lắm, nước ngọt linh tinh mà tính hết có 375k, ăn mắc mệt luôn đó.phải biết những chỗ như này để ăn được nhiều, chứ nhiều chỗ chặt giá ghê lắm á.",0,0,0,5,0,0
ngắm cảnh từ trên bể bơi tầng thượng,3,0,0,0,0,0
"mình đi 2 người, mua hết 1tr5 tiền hàng, lúc thanh toán mình có xin nhân viên thêm 1 cái bọc nilong để chia ra mà nhân viên không cho là không cho. còn nói mình là quy định siêu thị hàng bao nhiêu bọc bấy nhiêu. cái bọc chị to như cái bánh xe bò vậy. chắc phải vô siêu thị mua thêm cái bọc để đựng đồ.",0,0,0,0,0,3
"chỗ này hay ăn nhưng giá có mắc hơn chỗ khác đôi chút 25k/tô bánh canh để 3,4 các loại chả,chả cá hôm qua ăn mùi hơi khó chịu ,bánh cuốn chả cá thì ngon ,làm cũng nhanh.nhiều chỗ bánh canh bán có 15k thôi ngon hơn đây nhiều.",0,0,0,3,0,0
siêu thị bán đặc sản tỉnh bình định,0,0,0,0,0,5
"nhà hàng mát mẻ, phục vụ tận tình, giá cả hợp lí , hải sản thì luôn tươi sống, có dịp sẽ tới lần nữa.",0,0,0,5,0,0
quán thì không có gì nổi bật mà giá thì hơi cao. kiểu setup thì cũng bình thường. nhân viên thì như kiểu có khách cũng được không có thì cũng không cần. nói chung nếu ghé kiss thì nên ghé idol or các quán bình dân thì ok hơn,0,0,0,2,0,0
"đắt tiền. phục vụ gà nấu chín (rất vui vì tôi không bị ốm). không gian ồn ào và nóng nực. tuy nhiên, có một món ăn ngon, món khai vị atisô.",0,0,2,2,0,0
"gia đình mình có chuyến nghỉ ngắn ngày cuối tuần tại avani, mình rất ấn tượng với dịch vụ của resort, nhất là bạn lễ tân tên cường đã take care gia đình mình từ đầu đến cuối và hỗ trợ mình cả issue liên quan đến bên booking. ngoài ra, mình cảm thấy rất đáng tiền với view biển, phòng ốc đầy đủ tiện nghi, bể bơi đẹp và đồ ăn ngon. nhất định mình sẽ quay lại đây nhiều lần nữa. cám ơn avani vì trải nghiệm tuyệt vời!",0,5,0,0,0,0
"thực phẩm tuyệt vời, bầu không khí rất thoải mái. bạn phải thử bia và cocktail rooster của họ. dot và reece, bạn đã thực hiện một ngày!",0,0,0,4,0,0
"khách sạn đẹp, ổn, mọi thứ đều tốt",0,4,0,0,0,0
"anh chị chủ xe nhiệt tình, vui vẻ, hỗ trợ khách nhanh và chu đáo. xe mới,đẹp như xe gia đình chứ không phải đang đi xe thuê. xe đi rất êm và an toàn. đặc biệt là giá cả thuê xe rất hợp lí đối với mọi người.",0,0,0,0,4,0
"giá cả thì đối với mình khá đắt: 54k một tô, bánh mì nướng thì:18k, nhưng ăn rất ngon. mình gọi kem tuyết xoài, đá bào ở đây có vị rất ngon giống như nước xoài để lạnh rồi xay ra thành đá hay sao ấy, ăn có vị xoài rất rõ. sẽ quay lại lần sau :3 .",0,0,0,4,0,0
"hôm nay là thứ mấy? chắc chắn là thứ 2 :))) lại như thường ngày lon ton chuẩn bị rồi vi vu dọc dọc những con đường để tìm quán lạ mới mở để sống ảo úp hình lên face :)) quán có không gian màu vàng cực dể thương và mới mẽ ở quy nhơn, quán khá rộng và có nhiều chổ để chụp hình đẹp. về thức uống thấy khá nhiều để chọn lựa trong tầm giá từ 20-35k nhé, quán mới mở nên bao ngon nè. cách phục vụ của quán mình khá thích mặc dù quán đông nhưng vẫn thân thiện chu đáo. rất phù hợp cho nhưng bạn trẻ học sinh sinh viên muốn tìm nơi chốn lạ để check in :))))",0,0,0,5,0,0
"gửi có 1 bì quà như cái bì ni lông không chưa đồ lấy giá 130k , thề là không có lần 2",0,0,0,0,1,0
việc đưa đón đã chờ đợi chúng tôi và quá trình chuyển tiếp diễn ra suôn sẻ từ sân bay đến khách sạn của chúng tôi. người lái xe rất hữu ích và thân thiện. tôi sẽ đề nghị công ty này,0,0,0,0,5,0
dịch vụ cho thuê xe máy luôn nói mình rất hài lòng về cách làm việc rất nhanh nhẹn và nhiệt tình của các bạn.,0,0,0,0,5,0
dịch vụ thuê xe rất tốt thủ tục thuê xe rất nhanh gọn anh chu rất zt lần sau vào quy nhơn tối sẽ ủng họ dịch vụ này rất uy tín,0,0,0,0,5,0
"tôi thích đi sisters cho pizza hay mì ống ngon. dịch vụ thân thiện, nhanh chóng và họ kiểm tra với bạn để xem mọi thứ diễn ra như thế nào. thức ăn ngon và ngon.",0,0,0,5,0,0
"ghé quán ăn trưa , nghe nói cơm gà ở đây nổi tiếng nên kêu thử dù quán có nhiều món - dĩa cơm bưng lên nhìn miếng gà chiên giòn to vật vã , ăn thấy bình thương , gà hơi bị khô , không ăn kèm với canh rau thì thú thiệt nuốt không nổi - hao hao giống cơm gà xối mỡ ở sài gòn , nói chung không ngon , ăn mau ngán - còn cơm bò thì bò hơi dai nước sốt ngon - giá cao so với mặt bằng quy nhơn",0,0,0,2,0,0
"thủ tục nhanh, check in rất dễ dàng. không quá đông khách, tiện di chuyển",0,0,0,0,4,0
"lần thứ 3 thuê xe tại đây. dịch vụ tốt, giá cả phải chăng, xe đẹp và mới. địa điểm cho thuê xe máy được mình ưu tiên lựa chọn hàng đầu mỗi khi đến quy nhơn du lịch",0,0,0,0,5,0
"nhân viên rất nhiệt tình, là khách hàng khi thấy nhân viên như vậy quả thật cảm thấy rất được tôn trọng. cảm ơn đội ngũ nhân viên rất nhiều.",0,0,0,0,0,5
"2 đứa vào lotte gọi 1 phần combo gà h- s có 2 miếng gà sốt, 1 phần khoai tây chiên và 1 ly nước gọi thêm 2 cây kem socola tổng thiệt hại là 95k đồ ăn ok như các chi nhánh khác",0,0,0,5,0,0
"nhân viên thân thiện, nhiệt tình, mình đã ở đây rất nhiều lần. phòng ở rất là ổn. vị trí gần biển",0,5,0,0,0,0
"cuốn ngon, bánh canh ngon nhưng sợi bánh canh rất ít. mùi vị bánh canh vẫn giữ nguyên bao nhiêu năm nay. mỗi lần về quy nhơn lại ghé vào quán để ăn. quán đông nên phải chờ gần 10 phút, thỉnh thoảng hết chỗ đó khách đông. không có chỗ để xe nên phải để xe bên cạnh quán.",0,0,0,4,0,0
tài xế thân thiện và xe sạch sẽ.,0,0,0,0,5,0
"shop có món cá ngừ đại dương phi lê ngon tuyệt. lại rất rẻ so với thị trường. chả ram tôm đất cũng ngon và rẻ. phục vụ thân thiện, nhiệt tình.",0,0,0,5,0,0
"🍒lòng heo ở đây ăn ngon, thơm. cắt miếng bự bự nhai đã miệng nước mắm và rau xoài ăn chung cũng vừa vặn tuy nhiên bánh hỏi thì nguội nên mình không thích. kiểu trời lạnh thì vẫn thích ăn gì ấm ấm hơn 🍒giá 30k/phần cũng ok",0,0,0,5,0,0
"sử dụng vinaun cho tất cả mọi thứ, tài xế thậm chí đã đợi 45 phút để chúng tôi tham quan chùa bửu long, chỉ 30, 000 đồng cho một giờ chờ đợi. . . dịch vụ xuất sắc",0,0,0,0,5,0
"gần trung tâm, ngay bãi biển có thể tắm được. phòng ốc sạch sẽ, nhân viên thân thiện.",0,3,0,0,0,0
"nơi đây như một siêu thị thu nhỏ, không phải mô hình cửa hàng tiện lợi. có khá đa dạng mặt hàng nhu yếu phẩm, thực phẩm, đồ tươi sống và rau củ quả. siêu thị sạch sẽ, sắp xếp ngăn nắp. nhân viên lịch sự, nhã nhặn. cửa chính ở mặt tiền đường 31 tháng 3. cửa ở đường tăng bạt hổ bị khoá trái.",0,0,0,0,0,5
"rất ưng ý, khách sạn trung tâm đi lại công tác rất tiện, xe máy cho thuê mới, phòng sạch sẽ thơm tho",0,4,0,0,0,0
"mình và nhóm bạn đã đến lang chài nhơn lý vào cuối tháng 7, đầu tháng 8… đúng vào thời điểm lý tưởng nhất, cảnh đẹp, đồ ăn ngon. bọn mình không nghĩ chuyến đi này lại ưng ý đến vậy. các bạn thử đi nhé!",5,0,0,4,0,0
"đứng trên hải đăng quan sát cù lao xanh cực đẹp, nhưng cẩn thận vì có chó dữ nên phải gọi đt cho những người canh giữ hải đăng trước để họ xích chó lại",4,0,0,0,0,0
chúng tôi thực sự thích phương thức vận chuyển này để đến vũng tàu. hành trình nhanh chóng và đúng giờ. đáng giá.,0,0,0,0,4,0
"mình với người yêu về quy nhơn ăn đám cưới vài ngày thì thấy mọi người review khá tốt chổ này, cũng gần bến xe quy nhơn. mình đi xe tới quy nhơn lúc 4h sáng thì tới đây thuê xe luôn. chú còn nhắn cho mình sdt của chuyến xe đi từ bđ về sài gòn. xe mình thuê chạy khá ngon có điều con wave rsx thì gầm hơi thấp. ngoài ra tình trạng của xe khá tốt. lúc trả xe cô chú còn tốt bụng chở 2 đứa ra bến xe. trước đó mình có đặt xe mà ra trễ nên lỡ mất chuyến thế là chú chở ra xe nhà chú nói mình là người nhà nên được nhà xe giảm phí. tóm gọn là review cực tốt cho hẳn 5* cho cô chú.",0,0,0,0,5,0
nhân viên thân thiện. vị trí thuận lợi cho việc di chuyển.,0,0,0,0,4,0
"chắc chắn là dịch vụ !! tôi muốn cảm ơn lễ tân, ms phat và mr phan, vì sự hiếu khách tuyệt vời. họ thực sự thân thiện và hữu ích trong thời gian ngắn của chúng tôi ở đây. họ nói tiếng anh và rất chuyên nghiệp. khi thanh toán, họ đề nghị liên hệ với dịch vụ vận tải của chúng tôi để kiểm tra xem họ có đến nơi hay không. vị trí cũng tuyệt vời, thuận tiện và có thể đi bộ đến nhiều nơi. phòng chúng tôi đặt có bồn tắm, sạch sẽ và gọn gàng. chúng tôi thuê một chiếc xe máy và họ có một bãi đậu xe mini ở tầng hầm. anh hà bảo vệ cũng rất tốt bụng và giúp chúng tôi di chuyển chiếc xe đạp của mình. nhìn chung, đó là một kỳ nghỉ tuyệt vời và đáng đồng tiền! đây là điểm dừng chân đầu tiên của chúng tôi tại việt nam và chúng tôi rất yêu thích nó. xin cảm ơn khách sạn v rất nhiều!",0,5,0,0,4,0
"cách âm kém, có cửa thông với phòng khác nên phòng bên cạnh cứ làm ầm ầm vô cánh cửa ảnh hưởng đến giấc ngủ. phòng bên cạnh nói gì thì phòng bên đây nghe hết",0,1,0,0,0,0
"nhân viên nhiệt tình, tận tâm, lễ phép. đáp ứng nhanh chóng các cầu của khách. bảo vệ lễ năng động, luôn tự nguyện giúp đỡ khách nghĩ như mang đồ, hướng dẫn, đón taxi...một khách sạn đáng để nghĩ ngơi !!",0,5,0,0,0,0
"không gian thoáng mát, nhưng tài xế taxi chèo kéo nhiều, mất thẩm mỹ",0,0,0,0,3,0
"tôi đã đi vào và gọi một bát phở. tuy nhiên bị một cô gái đi ra và quát mắng thẳng vào mặt. chắc chắn tôi sẽ không bao giờ quay lạisau 11 ngày xuyên việt, chúng tôi đã thử món phở được đề xuất này. tôi đã ăn súp ngon hơn nhiều ở việt nam và nhân viên ở các nhà hàng khác thân thiện hơn nhiều. các nhân viên thân thiện như ở hầu hết các thành phố phương tây. đánh giá quá mức.",1,0,0,3,0,0
có 2 cơ sở nhưng cơ sở 2 ăn không ngon miệng không ghé lại,0,0,0,1,0,0
"quán này gần chỗ homestay mình ở, thèm trà sữa nên mua uống thử. mình gọi trà sữa olong, trân châu và thêm váng sữa phomai. trà sữa hơi ngọt 1 tí, nhưng ngon và đậm vị. váng sữa phomai cũng rất ngon, đậm vị cream cheese. tốt",0,0,0,5,0,0
"theo quan điểm của tôi, tôi sẽ đánh giá nhà hàng này ở mức trung bình và kém.",0,0,3,0,0,0
"ngày đầu tiên từ sân bay về khu flc, nhóm mình đã tìm được chỗ ăn trưa ở đây, quán khá rộng rãi, thoáng mát, nhân viên vui vẻ, nhanh nhẹn dọn hành lý cho nhóm. nhóm mình gọi cơm trưa kèm ít hải sản, món nào cũng ngon, thích nhất mực xào rất tươi và ngọt, cá kho cũng vừa ăn, tép đất ram với thịt ba rọi rất bắt cơm, rau còn độ giòn, chỉ có canh chua hơi khác vị miền nam nên mình cảm giác không ngon, món lên cũng nhanh. gần quán là ngôi chùa có tượng***2 mặt khá đẹp, ăn xong có thể gửi hành lý ở quán để qua chùa tham quan, ăn xong có xe đưa về khu flc luôn rất tiện.",5,0,0,4,5,0
"phòng không được sạch sẽ, ngày nhận phòng mình bước trên sàn thấy khá rít, ghế ngồi còn dính đồ ăn uống từ ngày hôm trước, khiến trải nghiệm về phòng của mình trong cả kỳ nghỉ khá tệ. phòng mình đặt là seaview, nhưng khung cảnh thấy biển khá là hẹp, bị che bởi nhiều tòa nhà lớn.",0,1,0,0,0,0
"quy nhơn trở thành con mồi hot cho những hãng trà sữa có tiếng tăm ở những thành phố lớn khác khi nào vậy. thêm 1 quán trà sữa heekcaa mới mở cho những team truy lùng trà sữa lạ rồi nhé. ở đây mới mở nhưng giá thì hơi chát, từ 39k-65k tùy chọn hương vị nhé, có cả món nước nữa, gần như là gấp đôi gấp 3 những hãng tà sữa khác nên bạn phải cân nhắc về chất lượng và đồng tiền bỏ ra. mình thấy cũng khá là ngon, nhưng hơi chát so với đối tượng sinh viên để bỏ ra 1 khoản tiền uống trà sữa như v nhé.",0,0,0,4,0,0
"ra từ thứ 6 thuê đến chủ nhật mà cô chú giao xe chạy chỉ cần mỗi cmnd mà không cần trả trước. do vừa cho thuê vừa có tiệm sữa xe, nên xe chạy ngon như xe nhà chỉ đổ xăng rồi chạy thôi không cần lo gì khác. chỗ thuê xe tốt nhất trong nhiều nơi mình đã đi qua.",0,0,0,0,4,0
tại khu vực lắp ghép ở hcm có một quán cà phê nhỏ dễ chịu phục vụ đồ uống và bánh ngọt loại nhỏ khi bạn chờ đợi khởi hành.,0,0,0,4,4,0
đến quy nhơn du lịch là quyết định sáng suốt nhất của 2 đứa mình. cảm ơn cửa hàng vì đã cho bọn mình thuê xe mới với giá thật rẻ nha,0,0,0,0,5,0
"đến quán ăn cũng nhiều lần rồi nhưng cảm giác thái độ phục vụ của quán chãnh quá. không hiểu quán cần khách hay khách cần quán nữa. bánh, nước cũng không phải gọi đặc sắc đến mức quán phãi chãnh với khách như vậy. có lẽ mình sẽ tìm một địa điểm thích hợp hơn, bỏ đồng tiền ra vừa ăn ngon lại được phục vụ chu đáo hơn.",0,0,0,1,0,0
"quán rất thân thiện, đồ ăn ngon với giá cả hợp lý , món ốc hương - ghẹ - ngao còi - ốc móng tay đều rất ngon. nếu có dịp đến quy nhơn lần nữa gia đình mình sẽ quay lại quán <3",0,0,0,5,0,0
giá đắt hơn so với chất lượng sản phẩm! với tầm giá đó có thể mua được 1 cái áo có đường may tốt hơn.,0,0,0,0,0,3
lần sau có bạn bè về quy nhơn công tác nhất định mình sẽ cho số điện thoại 27a hoàng hoa thám và giới thiệu cho,0,0,0,0,4,0
"đầu tiên, cô ấy rất tuyệt trên whatsapp vì đã liên lạc để sắp xếp chuyến tham quan của chúng tôi. luôn trả lời nhanh chóng.",5,0,0,0,0,0
"quán có 2 tâng, có phòng riêng để tiệc tùng sinh nhật, nướng ngói mềm, chín vừa , nguyên liệu cũng tươi niawx , mỗi cái quan đoong nên phục vụ hơi lấu xí xí . gọi tính tiền mà đợi cung 5 , 10 phút",0,0,0,4,0,0
dịch vụ cho thuê xe máy tại quy nhơn rất hữu ích. các bạn giao xe đến tận nơi và rất nhiệt tình. kết thúc 1 chuyến du lịch thú vị và cảm thấy ấn tượng với con người ở thành phố quy nhơn like,0,0,0,0,4,0
"sân bay khi mình đáp xuống thì nhìn thấy bãi đáp khá lớn, máy bay phải chạy một đoạn mới vào tới nhà ga. hai chuyến bay của mình nhà ga đều vắng. từ sân bay muốn vài tp quy nhơn phải di chuyển một đoạn tầm 30km. đi taxi đâu đó khoảng hơn 30 phút.",0,0,0,0,3,0
"không gian: khá rộng rãi, thoáng mát, sạch sẽ. - món ăn: lúc mình đến 10h hết cháo rồi, dĩa đầy đủ từ lòng, phèo, gan, dồi, thịt... rau ăn kèm khá nhiều. bánh hỏi và nước chấm ngon. - phục vụ: khá nhanh, ok. - giá: 40k/người.",0,0,0,5,0,0
giá cả phải chăng,0,0,0,0,0,5
"tôi đã đến đây dựa trên các đánh giá nhưng tôi đã thất vọng. mặc dù không đắt, mì của tôi khá không ngon và bahn mi mỏng và hầu như không có bất cứ thứ gì trong đó.",0,0,0,2,0,0
"chất lượng tốt, thời gian hợp lý hướng dẫn viên rất nhiệt tình vui tính dễ thương nữa. ( hướng dẫn viên diễm rất đáng yêu)",4,0,0,0,0,0
"chú chủ khách sạn rất dễ thương, nhiệt tình, thuê xe máy cực rẻ, còn chỉ mình chỗ ăn ngon nữa. bạn tiếp tân lịch sự, dễ thương. phòng 5 người ở thoải mái",0,5,0,0,0,0
"pizza rất ngon và phù hợp với khẩu vị người vn. quán tuy hơi nhỏ nhưng trang trí đẹp, nhân viên thân thiện.",4,0,0,4,0,0
"vị trí gần trung tâm,gần biển,đi lại rất thuận tiện,phòng sạch đẹp và rất mới,nhân viên nhiệt tình và tạo điều kiện tối đa cho khách.nói chung mình cực kỳ ung ý.lần sau ghé nha trang chắc chắn sẽ quay lại đây ở",0,5,5,0,0,0
"buffet hơi ít lựa chọn, còn chất lượng mình thấy khá ok.",0,0,3,4,0,0
"lúc trc chỉ 17k/ tô nay lên giá xíu 20k/tô nhưng mà hương vị và chất lượng vẫn như ngày nào. ăn ở quán nhiều lần rồi hôm nay mới có dịp review cho acebb cũng biết. chả cá rất thơm,thịt cua tươi dai không bở. mình thích ăn nhất là bánh canh gạo. rất rất ngon :)) vẫn sẽ ăn dài dài ở đây",0,0,0,5,0,0
"không có bữa sáng như thông tin phòng. mình đặt phòng 3 người (1 giường đôi và 1 giường đơn) để ở 2 người và 1 em bé, yêu cầu ghép giường sát nhau. nhưng bên khách sạn lại tự ý lấy phòng 2 giường đơn để ghép lại với lý do giường đơn và đôi không ghép lại được và vẫn lấy giá phòng như cũ, trong khi phòng mình đang ở chỉ dành cho 2 người. vì có em bé nên mình không muốn đôi co nên đành nhận phòng để nghỉ ngơi.",0,2,0,1,0,0
đông vui rất thích cuối tuần đi mua sắm ít hải sản tươi ngon tại đây,0,0,0,0,0,5
"nhân viên rất nhiệt tình, đồ yody mặc rất đẹp rất thoải mái. mình sẽ ghé ủng hộ nhiều nhiều",0,5,0,0,0,0
"quán này mình ăn rất nhiều lần rồi , trước đây nó là quán kem thần thánh đối với sinh viên vì giá rẻ và chất lượng khá ổn , nhưng bây giờ nhiều quán xuất hiện với chất lượng ngon hơn nhiều nên chắc sẽ không ghé quán nữa . hôm nay mình gọi món mì kem , mì là thạch được cắt sợi xong cho 1 viên kem và nước cốt dừa vào , ăn hơi kì kì , mình ăn không hết nổi nữa . kem cuộn thì không mịn và ít béo , mà giá thì cũng ngang mấy quán khác . hy vọng quán sẽ nâng cấp chất lượng để lấy lại thương hiệu",0,0,0,4,0,0
"sân bay phù cát mới tu sửa lại và xây mới nhà chờ rất sạch sẽ, chuyên nghiệp. bên trong có bán nhiều món đặc sản quê hương bình định để làm quà.",0,0,0,0,4,4
"nay gọi đúng món lẩu mong đợi, tuy nhiên vị khá bình thường không có gì đặc biệt. khá cay. nhân viên lịch sự. list nhạc hay. wifi ổn định. mình để xe nhà đối diện bên kia đường nước tạt ước mbh hết trơn :(",0,0,0,2,0,0
"đã hết cách ly xã hội; mọi người, mọi việc đã hoạt động bình thường, mà nhân viên bảo vệ siêu thị chặn khách hàng không cho vào với lý do không có khẩu trang! việc làm này liệu có quá mức cần thiết? hôm nay lần đầu đến đây! phải để vợ con vào còn mình ra quán nước vỉa hè ngồi chờ! lần đầu và cũng là lần cuối mình đến đây!",0,0,0,0,0,1
"chúng tôi đã có một chuyến đi trong ngày đến vũng tàu bằng phà. khởi hành lúc 8 giờ sáng, phà xuất bến đúng giờ và rất êm ái.",0,0,0,0,0,0
"giá có hơi cao nhưng xứng đáng. đến các diệp lễ như trung thu thì xếp hàng mỏi cổ nha. bánh trung thu ở đây ăn hợp khẩu vị. nhân viên thì bình thường, không đáng nói.",0,0,0,4,0,0
"lại 1 recommend mà mình nhận được khi xem reviw du lịch tự túc ở bình định. quán không quá rộng, sạch sẽ, xe để trên lề đường. mình ăn bánh hỏi cháo lòng ở quán vào buổi sáng, khoảng hơn 7h, quán không quá đông nhưng lên món vẫn lâu, đem đĩa bánh hỏi lên rồi khoảng 10 phút sau mới đem lòng lên. 1 phần ăn gồm 1 đĩa bánh hỏi, 1 đĩa lòng heo, 1 chén cháo và rau ăn kèm giá 35k. bánh hỏi có nhiều rau mùi lắm nên ai không ăn được nhớ dặn quán trước, lòng nhiều và cháo nóng hỏi, chất lượng nhìn chung thấy ổn.",0,0,0,4,0,0
"thực đơn ít có sự lựa chọn, giá khá đắt so với mặt bằng chung. tuy nhiên ""sò mai hay sò may"" tươi ngon , lần đầu tiên ăn món này ngon tươi như vậy.",0,0,0,4,0,0
"thức ăn không có gì đặc biệt và không rẻ nhưng nằm ở vị trí thuận tiện, đẹp và ấm cúng. có muốn giới thiệu nó để đi uống cà phê không",0,0,4,2,0,0
"hạ tầng bán dân sự nên cũng chưa được ổn lắm, nhưng cũng rất tuyệt rồi",0,0,0,0,3,0
"bún nạm xương bò, tô nhiều dã man. mình theo foody đi ăn thử, gọi món ra nhanh, phục vụ nhiệt tình, bún ngon lắm, mà múc thiệt nhiều nữa . đi ăn thử quán lề đường mà thành công. nói chung là mình sẽ ủng hộ quán dài dài.",0,0,0,5,0,0
"quán sáu cao nổi tiếng về các món gà,chim cút. thực đơn quán không đa dạng nhưng cách chế biến đồ ăn ngon và lạ. mùi vị thấy rất dễ ăn, có thể nói quán này khá đầu tư về không gian ngồi cho khách. có 3 không gian để ngồi, ngồi nền chòi, bàn thấp và bàn cao. kiểu gì cũng có luôn. đồ ăn giá cũng ổn không quá đắt.",0,0,0,5,0,0
"sạch sẽ và đầy đủ tiện nghi rất phù hợp với giá tiền. vị trí rất dễ tìm, gần trung tâm thành phố",0,5,0,0,0,0
"đó là một nhà hàng trên tầng mái của việt nam với các phần nhỏ, nhiều lựa chọn bia và tầm nhìn đẹp ra sài gòn, tôi muốn nói sẽ quay lại nhưng có lẽ tôi sẽ không uống bia.",0,0,3,0,0,0
"được khách sạn tặng 1 hộp quà lưu niệm nhỏ, bé nhà mình rất thích.",0,4,0,0,0,0
"cơm gà, cơm món ở đây ăn đều ổn, gia vị rất vừa miệng, ngoài ra cơm tôm kho cũng ngon. mỗi tội đến vào buổi trưa thì rất đông nên phải đợi tầm 30p mới có đồ ăn, buổi tối thì pvu nhanh hơn. mình thích 1 điểm nữa là khi đi 2 người thì quán tự cân nhắc làm cơm món vừa đủ cho 2 người luôn chứ không cần phải nhắc, không lo bị chặt chém, không như nhưng quán khác món ăn chỉ làm theo 1 cỡ dù ít hay nhiều ng ăn.",0,0,0,4,0,0
"nhân viên lễ tân thân thiện và chuyên nghiệp, phòng sạch sẽ & tiện nghi.",0,5,0,0,0,0
"bò ăn bở như được nấu chín sẵn và trụng lại nhiều lần, ăn cảm giác không còn chất.",0,0,0,2,0,0
"đến bến xe lúc 5h gọi phát anh chủ mang xe ra luôn. dù rất sớm nhưng mà a vẫn vô cùng nhiệt tình, trước đó mình có gọi vài chổ gần hơn nhưng đều bị từ chối vơi lý do chưa đến giờ làm việc. may tìm được chổ cho thuê xe máy hoài bảo, quá ư là nhiệt tình",0,0,0,0,5,0
du lịch bằng taxi ở sài gòn rất dễ dàng và rất rẻ miễn là bạn sử dụng một công ty có uy tín. chúng tôi luôn sử dụng taxi vinasun và thấy chúng thật tuyệt vời. chỉ cần chọn địa chỉ bạn sẽ nói vì hầu hết không nói nhiều tiếng anh.,0,0,0,0,5,0
"quán nhỏ , chật chật , nóng nực , khói đồ ăn hấp vào cả người lẫn quần áo . nhưng được cái là khách đông , nhân viên chạy đôn chạy đáo để bán kịp . đồ ăn thì miễn bàn , siêu ngon . giá cả hợp lí . mình thích nhất là ăn món chân gà ở đây , ướp vừa miệng , nhâm nhi với bia hay ăn với cơm đều ngon . lẩu ở đây rẻ mà nhiều lắm , ăn 3 đứa 1 cái lẩu mà no cực luôn . đồ nướng cũng bình thường . sẽ đến quán trong những dịp tới ❤️",0,0,0,5,0,0
nếu bạn không muốn một chuyến đi thoải mái thì nên tránh xa hãng xe này.,0,0,0,0,1,0
"dịch vụ nhiệt tình, và người địa phương. lần sau ủng hộ nếu có dịp.",0,0,0,0,4,0
"đi ngang qua thấy đông quá nên vô thử, hàng hải sản khá rẻ tươi ăn khá ngon, sẽ giới thiệu cho bạn khi bạn đến qui nhơn",0,0,0,5,0,0
"khách sạn phòng sạch sẽ, check tự động thuận tiện. có dịp sẽ ghé lại sớm",0,4,0,0,0,0
"menu này giá tết các bạn nhé... quán có rất nhiều món mới như gà cay phô mai, trà milk form, bingsu các loại, cà phê dừa... giá thành tương đối được so với mặt bằng và view của quán... mình vào quán và chọn món gà cay phô mai, sữa chua nếp cẩm và trà hoa hibicus... gà cay phô mai : tương đối dễ ăn có tobboki và gà... mà mình thấy hơi nhiều dầu mỡ... quán nên hạn chế 1 ít để ăn không bị ngáy... sữa chua nếp cẩm : thức uống được nhiều người lựa chọn mỗi khi đến quán đặc biệt là chị em phụ nữ, ăn rất ngon và tốt nhé... ly nhiều nếp ăn rất ngon mà không bị ngáy nhé... trà hoa hibicus : hoa hibicus ngâm đường thêm 1 ít bạc hà tạo nên hương vị lạ lạ mà uống không thể lẫn vào đâu được... quán luôn đổi mới và luôn bổ sung để phục vụ khách hàng tốt hơn...",0,0,0,5,0,0
nhân viên phục vụ rất tệ chỉ có mấy anh bảo vệ tốt,0,2,0,0,0,0
"mình là dân quy nhơn nên biết chỗ này, cũng đã từng vô và khuyên là không nên vào. quán chỉ được ưu điểm duy nhất là ""nằm gần biển"", ngoài ra không có điểm gì được. giá cả đắt đỏ. chất lượng đồ uống thuộc dạng dở. không gian rộng và loãng nên nhân viên không phục vụ xuể. số lượng nhân viên ít và thường xuyên quên khách, phải đợi rất lâu, kêu í ới thì lúc lâu sau mới tới lượt mình. quán nằm trên cát nên cũng dễ bị cắt văng lên thức ăn. cho nên ai muốn biết biển là gì và không quan tâm giá cả thì vào 1 lần cho biết thì được.",0,0,0,2,0,0
"thanh xuân đẹp nhất là được du lịch cùng bạn thân🌼 phú yên - quy nhơn mùa này đẹp lắm. mình vừa cùng cô bạn thân thuê xe máy tại đây và vi vu khắp các địa điểm du lịch. cảm ơn vì đã cho tụi mình thuê xe mới với giá tốt nhất, giúp chúng mình có những trải nghiệm và chuyến đi thật tuyệt vời",0,0,0,0,5,0
"đó luôn là một dấu hiệu tốt khi một khách sạn có uy tín chỉ giới thiệu một công ty taxi. đây là một trong những đề nghị của khách sạn của chúng tôi và chúng tôi đã đưa họ khi ra ngoài và trong thành phố. nhìn chung, chúng tôi rất hài lòng với dịch vụ nhận được. luôn luôn yêu cầu họ bật đồng hồ và không chấp nhận một số ngẫu nhiên vì đồng hồ sẽ rẻ hơn 99% thời gian.",0,5,0,0,5,0
nơi tuyệt vời và dịch vụ cho đến khi ra lệnh! người vợ thuần chay của tôi đã cười khi cô hỏi họ có thể cho bơ vào bánh mì nướng không. thức ăn trẻ em là bánh kếp và tốt cho những đứa trẻ hạnh phúc nhưng tôi gọi một bữa sáng đầy đủ kiểu anh và ăn một miếng thịt xông khói và một quả trứng chiên và một nỗ lực saveloy - với một đống muối trong một cái bát - không chính xác 50 kvnd. không hài lòng missus - như không có tùy chọn ăn chay cho bữa ăn sáng mặc dù chỉ định. không phải là nhà triết học vì đây là bữa ăn sáng không phải việt đầu tiên ở 3 wks trong nước - chỉ lát nhà là những bức tranh trên tường.,0,0,5,5,0,0
"combo bãi tắm hoàng hậu, bãi trứng, mộ hàn mặc tử, nói chung đi cho biết 1 lần thôi, chỉ chụp hình kỷ niệm, không có gì thêm, bãi trứng cũng rất nhỏ, khi đông người thì chen nhau chụp, nên đi ngày trong tuần vắng người hơn.",3,0,0,0,0,0
"quán ăn mà nuôi cả chó lẫn mèo, để mèo trèo lên bàn nhìn cảm thấy không hợp vệ sinh lắm, thịt hơi ngọt, giá 39k 1 phần cũng không hề rẻ so với mặt bằng chung",0,0,0,4,0,0
"bạn lễ tân cực kì dễ thương, chổ ở đẹp,vị trí ngay trung tâm",0,5,0,0,0,0
chủ khách sạn rất vui và nhiệt tình.tôi rất thích nơi này.,0,5,0,0,0,0
"nhóm mình đi quy nhơn chơi. được mấy anh chị đi trước hướng dẫn đến tiệm này để thuê xe. công nhận đúng ý thật. xe mới, chủ quán nhiệt tình thêm cái giá cả quá hợp lý. quy nhơn đẹp, tiệm này cũng quá dễ thương. luôn ủng hộ dịch vụ cho thuê xe máy quy nhơn mỗi lần ghé nơi đây",0,0,0,0,5,0
"hướng dẫn viên rất nhiệt tình thân thiện. thích nhất hướng dẫn viên “ thành phát” rất nhiệt tình, chụp nhiều ảnh đẹp cho đoàn. và anh thành phát làm mc rất hay và tổ chức trò chơi cũng rất vui nhộn. đêm gala để lại cho đoàn chúng em nhiều ấn tượng đẹp.",5,0,0,0,0,0
"ở quy nhơn,mình khám phá nhiều quán...nhưng chốt lại vị cua là ok nhất...món ăn đa dạng, nấu theo phong cách nhà hàng,giá rẻ ,mình hơi bất ngờ là quán hơi vắng...tại vì nằm ở đường nhỏ thôi...mọi người nên ghé..",0,0,0,4,0,0
thích hợp cho gia đình và nhóm bạn relax cuối tuần ... i like it ...,5,0,0,0,0,0
"mỗi lần ăn thì giá lại nhích lên một chút, hôm nay mình ăn 25k một tô rồi . bánh canh ở đây theo mình thì nước dùng tuy đơn giản nhưng rất ngon , kiểu ngọt thanh chứ không quá dầu mỡ . cọng bánh canh gạo to và cứng hơn so với cọng bánh canh gạo của quy nhơn , chả cá dai ngon . cua cho khá nhiều nhưng mình thấy ít tươi , thịt cua hơi bùi . khi ăn có thể ăn kèm bánh mì cho chắc bụng , thêm 3k cho một ổ bánh mì . phục vụ nhanh nhẹn , không để khách chờ lâu dù quán rất đông .",0,0,0,5,0,0
sự yên tỉnh và không gian nhìn ra phố qua lại,0,3,0,0,0,0
tuy nhiên phòng mình bồn cầu bị trục trặc xíu. cần gạt nước không đóng nên dẫn tới nc cứ chảy róc rách. phải mở nắp bồn đóng cần gạt lại thì ok.,0,2,0,0,0,0
chúng tôi đến đây để ăn vì được đánh giá tốt và khách sạn của chúng tôi cũng giới thiệu nó. gọi một con cá mập nướng và vợ tôi một món cơm chiên.,0,0,3,0,0,0
"thực đơn không phải là thứ đặc biệt nhưng chúng làm gì, chúng hoạt động rất tốt.",0,0,0,0,0,0
nhân viên cực nhiệt tình và nói chuyện hoi bị dễ thương luôn..có nước lọc ư miễn phí phòng sạch sẽ..ai muốn có view đẹp thì nên đặt sớm nha mình đặt muộn nên ở phòng hơi thấp nhưng cũng ok nè,0,4,0,0,0,0
"lối đi hẹp, hành lang chưa thoáng, hơi tối, không có lỗi đi lên kéo vali hành lý phải xách tay lên cầu thang",0,2,0,0,0,0
"nhân viên nhi, yến phục vụ siuu tốt lun, rất quan tâm khách hàng châm nước và đồ ăn liên tục, thân thiện. đồ ăn đa dạng, nhiều món, ăn vừa miệng.",5,0,0,5,0,0
"tôi đến nhà hàng vào ngày rằm tháng 10 âm lịch nên khá đông khách, cô nhân viên hình như bị rối nên khá lăng xăng và nói chuyện sẵn với khách. đợi thức ăn 20', ăn hủ tiếu không có rau kèm, ăn cuối giờ trưa tôi gọi thêm món và được báo là không có, tôi đổi sang gọi một món nữa có trong menu với tô nhỏ hơn, cô nhân viên: ở đây em không bán tô nhỏ chị, quay đi ngay khi chưa xong cuộc nói chuyện với tôi, trong khi đó là lúc đã vãn khách, không phải khi đông đúc. thức ăn vẫn ngon, nhưng sẽ không quay lại với vẻ mặt, cách nói năng đó.",0,0,1,4,0,0
"phòng cách âm không tốt, mất sự tập trung và riêng tư",0,1,0,0,0,0
"quán có nhiều hải sản tươi ngon như tôm, cua, bề bề mực nướng, các loại sò ốc, cá... chế biến nhiều mónm giá cả hợp lý. đặc biệt ở đây có món sứa rất ngon và món "" tủ"" của quán.",0,0,0,5,0,0
"siêu thị bán các loại đặc sản nơi đây, giá hợp lí",0,0,0,0,0,5
"bây giờ tôi có cơ hội viết bình luận cho bạn vào ngày tôi thuê một chiếc xe máy của huyền anh dịch vụ của bạn rất tốt. chuyên gia tư vấn rất nhiệt tình chỉ cho tôi những địa điểm ăn uống ngon và những địa điểm du lịch đi chơi rất uy tín và chất lượng, tôi sẽ giới thiệu cho bạn bè cơ hội khi có cơ hội",0,0,0,0,5,0
"gần khu ăn uống nguyễn thị định. lai rai xong tấp qua hát hò rất thuận tiện âm thanh tùy phòng có phòng hay, phòng không",4,0,0,0,0,0
"khách sạn nằm trên một con phố lớn, khá gần biển. đi ra bãi tắm có toà nhà cao che nên buổi chiều tắm từ 16 giờ là có bóng râm rồi. điểm cộng là khách sạn khá sạch sẽ. còn điểm trừ là phòng ốc hơi nhỏ, các đồ ở khách sạn như khăn tắm, khăn mặt, ga trải giường hơi cũ. phòng ăn bữa sáng khá chật chội với lượng khách ở khách sạn, đồ ăn bình thường.",0,3,0,3,0,0
"gần khu ăn uống nguyễn thị định. lai rai xong tấp qua hát hò rất thuận tiện âm thanh tùy phòng có phòng hay, phòng không",4,0,0,0,0,0
"lúc đầu khách sạn báo giá là thuê xe airblade giá 200k/ngày còn xe nouvo 150k/ ngày. mình quyết định thuê xe nouvo giá 150k/ngày nhưng bên cho thuê báo là hết xe nouvo chỉ còn loại xe này giá 180k. lúc mình nhận xe thì là xe liberty nhưng khá cũng mình nghĩ không đến nỗi nên đồng ý thuê, lúc lên xe đi mới phát hiện là xe này bị hư còi, bóp không kêu, chưa kể chân chống bị yếu, lúc dừng xe xém bị đổ. --> xe không đủ chất lượng để cho thuê. lúc về mình có đề nghị trả xe và bên khách sạn đã deal lại với bên kia giảm cho mình còn 120k/ ngày.",0,0,0,0,1,0
đặt phòng có ăn sáng mà đến nơi khách sạn báo bên booking gửi xuống không có ăn sáng,0,0,0,1,0,0
"mình đến quy nhơn cùng gia đình trong chuyến đi du lịch hè dài ngày. nhờ foody mà gia đình mình đến quán gà trống ăn thử. cơm gà chiên nước mắm rất ngon, giá cả phải chăng, quán sạch, nhân viên thân thiện. hẹn sớm gặp lại.",0,0,0,5,0,0
"mì đen ở đây ngon, nói mỳ đen tưởng lạ chứ thực chất là mỳ ý trộn sốt thôi. cơm thố cũng ngon và thơm, hơi nhão, nếu chiên dạng cơm rang chắc sẽ ngon hơn. có món lẫu tụi mình gọi nhầm, muốn ăn dạng lẫu trong chảo nhưng gọi nhầm dạng thố, có take note ít cay nhưng bạn ấy làm cay kinh khủng từ cái đến nước, tụi mình bỏ lại cũng nửa tô 😢 wifi ổn. giữ xe free. nhân viên vui vẻ lịch sự.",0,0,0,4,0,0
trải nghiệm tuyệt vời! giao tiếp tuyệt vời. xe đạp tốt. rất khuyến khích.,0,0,0,0,5,0
"điểm trừ duy nhất là cách tính thời gian thuê theo ngày nên hơi thiệt cho những người nhận xe từ trưa hoặc đầu chiều, trong thời điểm thấp điểm nếu tính theo 24h thì hoàn hảo hơn (hỗ trợ tối đa người dùng). tuy nhiên cũng không ảnh hưởng nhiều",0,0,0,0,3,0
"5 năm trước trung tâm thương mại quy nhơn, 07 nguyễn tất thành , p.lý thường kiệt ,tp quy nhơn . luôn là nơi mua sắm đáng tin cậy của người dân tp quy nhơn. ở măt trước xung quanh những shop thời trang , shop điện thoại di dộng.",0,0,0,0,0,5
"hiện tại đã có đường cao tốc giữa sài gòn và vũng tàu nên xe buýt sẽ nhanh hơn và thoải mái hơn một chút so với trước đây, nhưng cá nhân tôi không thể nói về điều đó.",0,0,0,0,3,0
"thức ăn sáng không phong phú, hơi ít món...",0,0,0,2,0,0
"hãng xe bố láo nhất mình từng gặp, không bao giờ đi hãng xe này lần 2",0,0,0,0,1,0
"cả cái siêu thị bự ầm không sắm nổi nhân viên canh đưa mấy cái giỏ lên cầu thang cuốn, cứ để chạy lên rồi ngã ầm ầm, khách thì đầy ra đó, nguy hiểm cho trẻ em qua lại. quán lý nên xem lại",0,0,0,0,0,1
"bọn mình dậy sớm từ 5h và gọi giao xe máy quy khách sạn. được anh hoài bảo từ vấn mua tour trọn gói #350k/1ng ( gồm xe điện đón, cano, lặn ngắm san hô, tắm tráng, ăn hải sản 7 món ( cả lẩu) tại nhà hàng,) #eo #gió : bọn mình tới đây lúc 7h. lúc này ít người, nắng chưa gắt, chụp được nhiều ảnh đẹp mà lại không bị quá nắng. nên đi eo gió sớm và trước kỳ co sẽ hợp lý hơn. #kỳ #co : nước biển trong, xanh, đẹp, nói chung rất vuii. nhìn ảnh là biết đúng không các bác. #đi ngắm san hô ở #đảo #san #hô : thực ra thì hơi ít san hô và không được đẹp như review nhưng laii là trải nghiệm rất thú vị hài lòng #về nhà hàng hoàng đạt ăn : món ăn ngon, sạch sẽ, no nữa. tắm xong về ăn quá ngon luôn. #di chuyển về khách sạn : nghỉ ngơi chiều lấy sức đi tiếp: #chè nhớ ( 132ngô mây ) : gọi mấy món nhưng chè thập cẩm là ngon nhất, ngọt thanh, mát, vị #nhớ mà lại rẻ nhất.nên ăn được cái quán đẹp. #bánh #mì #góc #đường #nguyễn #lữ #và #ngô #mây. nhìn cái xe là đã thích rồi, đầy ắp, mà lại rất lạ. rẻ",5,5,5,5,5,0
đông vui rất thích cuối tuần đi mua sắm ít hải sản tươi ngon tại đây,0,0,0,0,0,5
"hôm nay chủ nhật, nên mình và cô bạn ghé quán này với mục đích thưởng thức kem và tám chuyện. cả hai mục đích đều thành công rực rỡ, vì thứ nhất, quán khá rộng, mát mẻ và có không gian dễ thương với tông chủ đạo màu trắng và những hình ảnh vẽ trên tường rất ngộ nghĩnh nên tám rất thích, thứ hai là về phần thực đơn, quán món gì cũng có, nào bánh, nào sữa, nào kem...chỉ cần chọn món mình thích là có ngay. khách quan mình thấy đồ uống đây khá ngon, bánh cũng rất tuyệt. nên sẽ còn quay lại nhiều lần.",0,0,0,5,0,0
"mình tới đây mới lần đầu, không gian quán thì okie nhưng nước uống không ngon, hồng trà không ngon hơn mấy chỗ khác, vị nhạt, được cái lớp foam ngon, vừa miệng bù lại.",0,0,0,4,0,0
"lúc đi xuống quên mang khẩu trang lại lễ tân xin nhưng họ bảo không có khẩu trang - điều này xí xóa được đi. nhưng khi mượn bàn ủi ủi đồ thì lại bảo không có luôn, ủa lạ vậy khách sạn 8 tầng mà không có bàn ủi đồ cho khách",0,3,0,0,0,0
buổi tối có hơi ồn một tí! nhưng vẫn ok.,0,4,0,0,0,0
"thời gian công tác ở qui nhơn được ghé nhà hàng này nhiều lần. nói chung là không gian quán thoáng đãng , rộng rãi và mát mẻ . nhân viên phục vụ nhanh nhẹn , thân thiện với khách hàng . thời gian chế biến món ăn hơi lâu một tí nhưng bù lại được ăn ngon nên cũng đáng để chờ đợi. so với mặt bằng nhà hàng thì giá cả ở đây cũng không đắt lắm . đồ ăn ở đây có nhiều món ngon lạ, cách chế biến cũng khá hấp dẫn . ưng nhất là món hàu phô mai và súp khoai tây hải sản. mem nào mê hải sản nhất định phải ghé đây ăn thử nà.",0,0,0,5,0,0
"sau khi đọc các nhận xét về những nơi này, tôi đã hy vọng rất cao, cho một món bít tết ngon nhưng rẻ. không nên có cái này không tồn tại. tôi không phải là một trong những đánh giá đúng bình thường, tuy nhiên đây là một trong những nơi được đánh giá cao nhất mà tôi nghĩ rằng tôi đã được một lúc. tôi hiểu rằng ở đây chất lượng thực phẩm là khác nhau nhưng nó không phải là rẻ cho những gì nó là. bạn có thể nhận được nhiều tiền hơn với số tiền tương đương với nước anh, điều đó nói lên điều gì đó. bít tết của tôi đã được nấu chín và khó có thể tin rằng đó là từ hậu môn. không có gì dày dạn trên đĩa, rau gần như thô và rất rẻ. về phía trên, nước sốt được nếm sau một chút muối và rượu vang có giá khá cao. đây không phải là nơi khiến tôi thất vọng chỉ là những đánh giá về việc nó được tạo ra tuyệt vời như thế nào. tôi đã đi bộ 45 phút qua thị trấn để thử nơi này và thực sự không đáng. nếu giá rẻ những gì bạn đang tìm kiếm hãy đi đến những nơi địa phương. trong mắt tôi, tôi thực sự không thấy nó đã được xem rất cao.",0,0,0,3,0,0
"mình thuê xe tay ga đi 48h đi đèo quy nhơn, mọi thứ hoàn hảo. chủ sở hữu nói tiếng anh tốt và địa điểm gần ariport, vì vậy nếu bạn có thời gian, đừng suy nghĩ kỹ! và sự cầu xin này có một mức giá tốt, vì vậy đừng lo lắng, hãy hạnh phúc.",0,0,0,0,5,0
"1 quán trà sữa xinh sắn nằm ngay trên đường trần thị kỷ :)) nhìn từ ngoài thì mình cũng đoán chắc được view bên trong quán như thế nào rồi nhé. hầu như quán có rất nhiều nơi để chụp hình, ngoài cửa vào tầng 1 tầng 2 và ban công của tầng 2 có 2 cái ban để ngồi chắc cũng tại mình bên nhiếp ảnh nên thấy quán có đầu tư về view nên thấy view rất ok! ở quán match trà xanh ngon lắm, thấy giá cũng hợp lý tại quán gần khu sinh viên nên rất hợp lý. cũng là nơi để học bài lý tưởng nè. nhân viên phục vụ thân thiên, mấy bạn nữ nhân viên xinh nữa :)) có dịp sẽ ghé quán :))",0,0,0,5,0,0
nơi tốt nhất để thuê xe máy hoặc xe tay ga. họ đưa ra một mức giá tốt và họ sẽ đến giúp bạn nếu bạn có vấn đề với chiếc xe đạp. cảm ơn rất nhiều cho các dịch vụ thân thiện tuyệt vời !!!,0,0,0,0,5,0
biển quy nhơn vừa trong vừa lắm cá trai quy nhơn vừa khá lại vừa chăm haha chúc anh chủ dịch vụ cho thuê xe máy quy nhơn giá rẻ ngày càng làm ăn phát đạt nhé,0,0,0,0,5,0
"nội thất tuyệt đẹp, chất lượng hoàn toàn vượt xa so với giá mà khách sạn bán. thích hợp cho gia đình cần không gian riêng",0,5,0,0,0,0
"mẫu mã vô cùng đa dạng và bắt mắt, giá cả hợp lí, phục vụ nhiệt tình, cho 10đ 😉",0,0,0,0,0,5
"quán phong cách hè phố, thoáng mát, thoải mái, trời mưa ngồi như trở về tuổi thơ 😜. nước ngon, giá trung bình. một số món rẻ hơn mặt bằng chung. menu nhìn rất yêu. món mình thích nhất là trà đào, trà đen machiato và cafe caramel đá xay. riêng cafe cốt dừa khả năng giá rẻ nhấ quy nhơn với 20k ly to thật to 💋",0,0,0,5,0,0
"bán nhiều đồ dùng gia dụng, thực phẩm tươi sống, bánh kẹo, trái cây,... hôm rồi mình có mua ở đây 3 ly trái cây cắt sẵn về ăn, ai ăn xong cũng đau bụng gần chết luôn",0,0,0,0,0,3
"điểm cộng là đa dạng mẫu mã sản phẩm, có đầy đủ không gian cafe chơi đùa mua sắm các thứ ăn uống điểm trừ là tết rất đông đợi xếp hàng thanh toán rất lâu",0,0,0,0,0,4
"thấy chủ quán bảo cách ăn là cuốn bánh hỏi với thịt rồi nhúng cháo, chấm nc mắm ăn. cơ mà thịt bánh lên trước aqn xong rồi cháo mới lên , được cái cháo ngon, với hành ăn thơm chứ không bị hăng. quán đông nên lên đồ lâu",0,0,0,4,0,0
khách sạn quy nhơn gần biển. cửa sổ view rộng. phòng sạch sẽ. nhân viên nhiệt tình và thân thiện.,0,5,0,0,0,0
lúc nhận trả phòng phải chờ thang máy lâu vì khách đông,0,3,0,0,0,0
nước hồ bơi rất lạnh và không sạch,2,0,0,0,0,0
"ồ. mình đã vừa tìm được lại địa chỉ của công ty thuê xe tại quy nhơn này. thiệt tình thì đã có dịp thuê xe tại đây. phải nói là hết sức ưng ý. xe thì mới mà giá lại hợp lý. đội ngũ nhân viên rất nhiệt tình và hiếu khách. phải nói là từ trước giờ mình đến quy nhơn du lịch thì hầu hết di chuyển bằng xe máy nên đã tìm kiếm hết các công ty thuê xe rồi. giờ mới tìm được chổ ưng bụng nhất. du lịch bụi nên mình tiết kiệm được bao nhiêu thì tiết kiệm thôi. phải nói chắc chắn rằng mình sẽ quay lại quy nhơn và tiếp tục ủng hộ a bảo cảm ơn các bạn vì đã cho mình thuê những chiếc xe rất tốt, chuyến đi của nhóm mình rất vui vẻ mình rất hài lòng có dịp quay lại quy nhơn mình sẽ liên hệ các bạn nhé!",0,0,0,0,5,0
"có 2 khu hotel và resident (tiện cho gia đình có bếp, phòng khách...) phòng đẹp, yên tĩnh, view cao đẹp, ăn sáng ok",0,5,0,0,0,0
mình mua trà sữa đem về lúc ord có thêm chân trâu trắng với kem chese giá 52k mà về đến nhà thì lại không có chân trâu trắng. mà giá cả thì quá mắc vị thì cũng bình thường không gì đặc sắc. trong khi quy nhơn có nhiều quán gia cả hợp lí mà khá ngon. buôn bán kiểu v ế là đúng 👎🏻👎🏻👎🏻 😏😏😏,0,0,0,1,0,0
"sạch sẻ, gần trung tâm. đi bộ tắm biển.",0,4,0,0,0,0
"nhà tắm vách kính toàn bộ, hơi nguy hiểm nếu trượt chân.",0,3,0,0,0,0
"quy nhơn có nhiều chổ cho thuê xe máy nhưng chưa thấy chổ nào cho thuê xe chuyên nghiệp mà tận tâm như chổ này, xe mới , sạch sẽ bóng loáng, chuẩn bị đầy đủ mũ bảo hiểm và cả áo mưa cho khách, hỏi xin bảng đồ cũng có luôn, còn chuẩn bị list quán ăn ngon trong cốp xe cho khách tiện đi lại nữa. quá sức tuyệt vời",0,0,0,0,5,0
"hóng bên page dalatmilk thấy cung cấp sữa cho ming tea làm sữa tươi trân châu đường đen. sữa dalatmilk thì đỉnh rồi, béo ngậy, không quá ngọt. chỉ hi vọng là trân châu đường đen làm sẽ ngon như mí quán mình đã được thử. giá dùng thử trong 2 ngày 11 và 12/5 là 20k 1 ly nhé. sau đó tăng giá bao nhiu thì mình hổng bít vui vẻ nhưng cũng tầm trên 30k đó. đến thử lẹ nào",0,0,0,5,0,0
"thái độ phục vụ kém , đồ ăn ra muộn",1,0,0,0,0,0
đi xe khá tốt. ab năm 2017 diễn ra suôn sẻ.,0,0,0,0,5,0
"là quán coffe đường phố nhưng khá chất lượng . quán hơi nhỏ , bàn ghế gỗ khá thấp . nhưng đồ uống ở đây được pha chế rất điệu nghệ . có nhiều loại khá ngon , và cũng có một số loại hơi khó uống vì bỏ quá tay bạc hà nên hơi bị hăng . nói chung là giá cả khá hợp lí so với mặt bằng qui nhơn . sẽ ủng hộ quán trong các dịp tới",0,0,0,4,0,0
"big c đầy đủ & tiện lợi nhất.lịch chiếu phim & mua vé cgv kim cúc plaza- rạp cgv toàn quốc đầy đủ & tiện lợi nhất. rạp cgv kim cúc plaza nằm ở kim cúc plaza, được xây dựng với tiêu chuẩn rạp hollywood, chuẩn âm thanh dolby 7.1, màn hình lớn, sắc nét. cgv kim cúc plaza ra mắt năm 2014, là rạp chiếu phim đầu tiên của cgv tại bình định, góp phần mang đến loại hình giải trí hết sức đặc sắc với giá vé hấp dẫn. cgv kim cúc plaza cũng đã định hướng thói quen giải trí mới của giới trẻ trong khu vực, mở đường cho 1 số cụm rạp mới sau này.",3,0,0,0,0,3
"giá cả hợp lý trong mùa dịch, chất lượng tốt, có dịp sẽ ghé lại.",0,0,0,0,0,5
hàng hóa đa dạng phong phú. gửi xe miễn phí,0,0,0,0,0,4
"quán deco đẹp và dễ thương, không gian ấm cúng thích hợp đi nhóm nhỏ. đi đông là không đủ chỗ ngồi vì hơi chật. kem rẻ, khoảng 2 mấy ngìn/ lạng. nhiều vị và topping nhưng cá nhân mình thấy kem bt không gọi là ngon. bánh không ngon , mình đã từng ăn thử mấy loại đều không ngon.(bánh trà xanh ngàn lớp, bánh socola ngàn lớp, bánh mousse chanh leo, pudding ). không nên ăn bánh. pudding socola hôm ăn thử thì hết loại trong chai chỉ còn loại take away, không ngon.",0,0,0,3,0,0
"nhân viên cực nhiệt tình thân thiện... điểm cộng lớn nhất của mình là không gian của tròn ❤️ không gian thư giãn với sắc gỗ pha lẫn ánh đèn vàng ấm áp cảm giác cao cấp, sang trọng nhưng gần gũi, nhẹ nhàng. đúng với tinh thần giải tỏa căng thẳng cho cả cơ thể và tâm hồn trước khi tìm đến tròn mình rất hay gặp tình trạng đau mỏi vai gáy, ngồi lâu ở phòng làm việc thật sự stress và cần một nơi thư giãn như tròn... đúng là lúc đi hết mình lúc về hết mỏi như lời đồn đó mọi người tròn quả nhiên là nơi đáng để trải nghiệm đó:))) tin mình đi 😽",5,0,0,0,0,0
"mặc dù kế hoạch của chúng tôi có một số thay đổi và chuyến bay của chúng tôi bị hoãn, chúng tôi đã được đáp ứng như mong đợi và được đưa đến khách sạn của chúng tôi ở tp.hcm một cách nhanh chóng và dễ dàng. chúng tôi cũng đã sử dụng chúng để chuyển trở lại của chúng tôi và một lần nữa nhận được một dịch vụ tuyệt vời.",5,0,0,0,5,0
"tôi có những trải nghiệm khá tốt với vinasun, xe sạch và đẹp, tài xế vẫn ổn.",0,0,0,0,4,0
nhân viên bãi đậu xe làm mất thẻ đậu xe mà tôi đã đưa cho anh ta và để chúng tôi chờ đợi khá lâu trong khi họ sắp xếp mọi thứ. theo ý kiến ​​của tôi thì không chuyên nghiệp lắm.,1,0,0,0,0,0
cải tạo bỏ hồ bơi vì nhỏ và không tiện ích,2,0,0,0,0,0
"khi đặt phòng mình đã note rõ số tuổi của 2 trẻ em. booking hiển thị phòng và giá cho 2 ng lớn và 2 trẻ em (vẫn có phần note số tuổi) và mình đã đặt. tuy nhiên lúc đến khách sạn nhận phòng thì lễ tân yêu cầu phụ thu 2 trẻ em. số tiền không nhiều, nhưng hoặc là khách sạn, hoặc là booking đã không làm rõ cho khách khi lựa chọn phòng.",0,2,0,0,0,0
"mình từ sài gòn ra và biết đến quán nhờ fb nên đến ăn trưa. - không gian: quán trang trí dễ thương, ấm cúng, sạch sẽ, phù hợp ăn cơm gia đình. - món ăn: + xem review thấy món cơm nướng rất ngon nhưng hiện quán không phục vụ món này nữa. + mắm ruốc và mắm nêm rất mặn không hợp khẩu vị gia đình mình. + sườn xào chua ngọt bình thường như cơm nhà không có gì đặc biệt. + rau củ chấm kho quẹt: kho quẹt rất ngọt. + gà chiên mắm ngon, mình thích món này nhất. + canh mướp thịt bò vừa miệng, thịt bò mềm ngon, mướp không bị nhớt. + canh chua cá lóc hơi nhạt, ít vị chua. - không hài lòng: + thứ tự lên món: chờ món lâu, lên rải rác từng món, đang ăn phải dừng lại chờ món tiếp. ăn hết xong canh luôn rồi 5p sau nhân viên mới mang lên món cuối cùng là rau củ chấm kho quẹt (?!) + thái độ nhân viên: đây là điều sẽ quyết định mình có giới thiệu bạn bè và quay lại hay không thật sự từ lúc bước vô cảm thấy rất ấm cúng vì nhân viên gửi xe và phục vụ thân thiện lịch sự. nhưng không hiểu xui xẻo sao lại lên trúng tầng có 2 bạn phục vụ thật là kỳ luôn. cả nhà đang ngồi ăn mà 2 bạn cứ đứng nhìn chầm chầm trân trân vào. chưa hết, thật là bất lịch sự và vô duyên khi vừa nhìn vừa xì xầm với nhau làm mình cảm thấy rất khó chịu và nuốt không trôi :)) không biết tụi mình có làm phật ý gì 2 bạn không nữa.. tóm lại sẽ không quay lại và không giới thiệu bạn bè tới quán dù quán rất nổi :)",0,0,0,2,0,0
ai mà thíc kiểu đi siêu thị chill chill mà không muốn đi nhìu tầng tăng xông mệt mỏi vcl ra í thì vinmart là lựa chọn thích hợp nè không gian rộng rãi thực phẩm cũng đa dạng có chỗ ngồi lại đi buổi hẹn hò đầu tiên hay đi chơi mà đi siêu thị cũng vui với dễ thương lắm nè,0,0,4,0,0,4
"khu vui chơi tuyệt vời cho thanh thiếu niên với nhiều trò chơi vận động như leo núi, bắn cung, chèo thuyền... khu nghỉ dưỡng với các bungalow tinh tế. không khí, khung cảnh tuyệt vời!",5,5,0,0,0,0
"ít chỗ đỗ xe, ăn sáng đơn giản, một số món chưa ngon",0,0,0,2,0,0
"lần đầu trải nghiệm tại nhà hàng kabin khá tuyệt, được các bạn nhân viên tư vấn nhiệt tình. mình đi gia đình nên được ngồi phòng riêng thoải mái. bạn thành long và hiếu phục vụ rất tận tâm.",5,0,5,5,0,0
"chả hiểu cái mạng tại bigc sao mà quẹt pc covid không thèm ra mã luôn, mọi thứ còn lại khi đi siêu thị tạm ổn, ah, mình muốn mua lẻ chuối thì không bán lẻ như coopmart (1 nải nhiều quá mình ăn không hết lại hư uổng)",0,0,0,0,0,2
anh quản lý đẹp trai nhiệt tình. hải sản ok. phục vụ nhah chóng. nhớ mãi món cua huỳnh đế. lần sau sẽ tới nữa,0,0,0,5,0,0
"view thành phố đẹp, đi lại tiện lợi, xe máy cho thuê mới",0,5,0,0,0,0
cảm ơn vì chuyến đi an toàn đến khách sạn của chúng tôi. cả hai chặng chuyển giao đều đúng giờ và đưa chúng tôi đến nơi cần đến một cách an toàn.,0,0,0,0,4,0
món cua của họ rất ngon.,0,0,0,5,0,0
"công viên nhỏ xíu xiu nhưng vị trí sát biển cực kì đẹp, đối diện với trường đh quy nhơn nên các hoạt động thể thao đá banh, bóng chuyền, bóng rổ,... trong công viên và sát bờ biển cũng rất sinh động. có lẽ đây là nơi thể hiện rõ nhất sức trẻ của thanh niên quy nhơn, đặc biệt là vào sáng sớm và chiều. ở đây tắm biển rất thích. trên bờ có các quầy hàng rong nhỏ với mực rim, bánh tráng dừa nướng, cóc ổi xoài cũng khá ngon và siêu rẻ. mình mua một miếng xoài to hay bánh tráng nướng chỉ có 3k :o~~~. tuy nhiên, người dân ở khu vực này còn hay xả rác nên nhiều lúc khiến bãi biển nhìn hơi dơ. mong chính quyền có biện pháp khắc phục.",3,0,0,0,0,0
"thêm một tân binh nữa đã lộ diện - ny coffee. cảm nhận đầu tiên về tân binh này là bạn í mang một vẻ khá chất nhưng không chất. chất ở chỗ nào? chất ở cách chọn lựa màu sắc cho quán là tông trắng đen xuyên suốt từ chiếc ghế phải có đệm màu đen và sẽ thiếu thốn nếu không nói đến sự trau chuốt đến từng ngóc ngách trong quán. không chất ở chỗ là ở đây đa phần phục vụ những vị khách biết hưởng thụ cuộc sống và cái đẹp vì theo mình quan sát thì ở đây không thể giải trí bằng đanh bài v...v. do đó, những ng yêu cái đẹp hãy đến quán xem thử nhé! còn một điều mà mọi người lo ngại không kém đó là thức uống và giá cả. thì khi đến quán mình và bạn đã gọi trà foam milk: 35000, matcha lattle: khoảng 25 hay sao đó mình qên gòi. khi uống trà thìvij khá lạ không giống những quán khác mình cũng không biết diễn tả làm sao để các bạn hiểu nữa. còn matcha lattle thì thơm mùi matcha khá là ngon đấy. phong cách phục vụ rất tốt nhân viên rất là thân thiện lun í. mình khuyên là hãy đến với bạn ấy vào chủ nhật để thư giản và cảm nhận cuộc sống sau một tuần vật vã. quán đang giảm giá 20% đấy mọi người mau đến kẻo hết nhé!",0,0,0,5,0,0
rạp chiếu phim cgv ở đó thoải mái.,4,0,0,0,0,0
"phòng sạch sẽ, thơm, chị lao công cũng dễ thương hoà đồng. cô chú chủ cực kỳ cute luôn á mọi người. view phòng đẹp, xung quanh yên tĩnh. mọi người nên ghé nhaaaa.",0,5,0,0,0,0
các món hải sản tuyệt vời!!! theo mình: cho đến thời điểm hiện tại đây là nới chế biến hải sản rất ngon ở quy nhơn mà mình biết (gần trung tâm) kêu thử món nào cũng đều ngon! rất hợp khẩu vị của mình! chỉ có điều vì quán thường rất đông vào giờ cao điểm nên hơi... lộn xộn xíu 😜!,0,0,0,5,0,0
"20k/1 dĩa ốc các loại, bạch tuộc cá nướng 50k/1 phần, thấy cũng nhiều người ăn nhưng ở đây mình thấy nêm nhạt quá không ngon, nước mắm cũng không ngon m. thấy nhiều ng review khá tốt hôm qua mới đến quán ăn thử nhưng thấy bình thường không có ấn tượng, không gian chật ngồi vỉa hè. không ngon bằng ốc cô xí",0,0,0,3,0,0
"nghe đồn là đẹp nhưng địa danh này tính phí quá cao (100.000đ cho một khách tham quan, 40.000đ cho xe chuyên dụng vận chuyển khách vào tham quan, trẻ em không được miễn phí...). mặc dù đẹp nhưng sẻ không bao giờ vào.",4,0,0,0,0,0
phòng gia đình nhưng bị tách thành 2 phòng ghép với 4 giường nên kg thích lắm với cùng 1 phòng,0,3,0,0,0,0
"nhân viên tận tình, chu đáo. vị trí tốt, phòng ốc sạch sẽ, cách âm tốt. tôi đã ngủ rất ngon",0,4,0,0,0,0
chỉ gọi một ly latte đá và thực sự không thích nó. quá chua và một chút phô trương cho một cà phê latte. làm tôi hơi nghi ngờ về văn hóa quán cà phê ở việt nam!,0,0,0,1,0,0
"tuyệt vời, nhưng mình thích ngọn hải đăng không sơn lại, nhìn cổ kính hơn. đảo rất đẹp, người dân thân thiện",4,0,0,0,0,0
"địa điểm khách sạn rất tốt, chỉ cần đi bộ xíu là ra biển, gần vincom, gần cafe...",0,5,0,0,0,0
"lần đầu tiên trải nghiệm tại kabin. ấn tượng đầu tiên là nhà hàng có view rất đẹp, tạo cho khách cảm giác thoải mái. menu tuy ít món nhưng rất ngon và đẹp, sẽ quay lại trong tương lai.",0,0,5,5,0,0
"quy nhơn hơi chán, đồ ăn đa phần toàn giá cao, cao hơn những địa điểm du lịch khác",4,0,0,0,0,0
"chị thu ngân nói chờ lấy bì giấy để đựng rượu, chờ 10p không thấy, hỏi lại kêu chờ tiếp, 30p kêu chờ tiếp, 1 tiếng sau anh đi kiếm bì giấy quay lại báo không có bì giấy!? bắt chờ hẳn 1 tiếng để nhận lại sự thờ ơ và làm ngơ như chả có gì. con người làm việc mà như 1 cỗ máy vô cảm, không có lấy 1 nụ cười, lời xin lỗi hay cảm ơn cũng không có. ngán ngẫm.",0,0,0,2,0,0
luôn luôn sử dụng vinasun trong tất cả các chuyến thăm của chúng tôi đến việt nam. các trình điều khiển biết nơi họ sẽ đi và không bao giờ có vấn đề.,0,0,0,0,4,0
"bún bò nạm nước ngon, nạm mềm. quán bán đủ thứ, có bún phở rồi có miến lươn nữa. quán bán đông mà món ra nhanh. nói chung mình duyệt. chắc chắn sẽ quay lại lần sau!",0,0,0,5,0,0
"chấm 10đ cho fleur hotel quy nhơn * ưu điểm: khách sạn đẹp, đối diện biển, buffet sáng ngon, nhân viên vô cùng ưng ý, thân thiện. đặc biệt chị lễ tân minh hiếu rất đáng yêu. * điểm trừ nhỏ là cách âm phòng kém quá:(",0,4,0,5,0,0
rất hiệu quả. người lái xe đã ở bên ngoài thiết bị đầu cuối với tên trên thẻ. có mặt tại khách sạn 40 phút sau đó. cảm ơn các bạn,5,0,0,0,5,0
xin chào tôi là một người thường xuyên đi xe buýt hôm nay tôi muốn phản ánh về thái độ làm vc của nhân viên thu ngân xe buýt tên vân thuộc chuyến xe buýt nhơn hải nhìu lần cô vân có hành vi chiếm ghế ngồi của khách đi xe nhất là các b hs và còn có thái độ không tốt như la mắng hành khách ( hs ) trên xe chèn ép rất nhiều lần và không có thái độ hối cãi sự vc trên diễn ra thường xuyên khiến nhiều người rất khó chịu và bực dọc mong xí nghiệp xem xét và chấn chỉnh xin cảm ơn,0,0,0,0,2,0
phòng rộng. hát cũng được. trang trí đẹp. giá cũng hơi cao . phục vụ cũng bình thường . 😁,4,0,0,0,0,0
tôi gửi cho họ hình ảnh của tôi từ di động của tôi và người lái xe đã tìm thấy tôi ngay khi tôi ra khỏi sân bay.,4,0,0,0,0,0
hoàn toàn khuyến khích nơi này tôi sẽ còn trở lại,0,4,0,0,0,0
"xe máy cho thue mới, đẹp. mình hay đi đà lạt nên cần tìm chỗ thuận tiện đi lại và thoáng, vì vậy lúc ở raon thấy phù hơp, lần sau sẽ quay lại cùng bạn bè",0,0,0,0,0,2
"siêu thị big c tiêu chuẩn. cái này không lớn bằng một số cái khác mà tôi đã từng đến nhưng nó có tất cả những thứ cần thiết - trái cây, rau, đồ dùng nhà bếp, đồ gia dụng, tạp hóa, v.v. có cgv ở tầng trên cùng / thứ ba và một loạt các quán cà phê ở tầng trệt. tầng 1 hiện đang được tu sửa. cửa hàng tạp hóa nằm trên tầng 2.",0,0,0,0,0,5
"cafê đường phố nhưng chất lượng, với cafê nhiều abrabica và pha chế bằng máy, nơi yêu thích tín đồ cafê... có thể nhận thấy điều đó buổi sáng sớm với nhiều nữ công chức ngồi vỉa hè với 01 ly cafê espresso không đường, buổi tối là nơi hội tụ giới trẻ, các món giải khác ngon đặc trưng như soda việt quốc; chanh lắc; chocolate tuyết, trà chanh... ly nhựa mang đi tinh tế, thuận tiện..anh chủ quán dễ thương..điêu lạ quán bình dân mở nhạc bằng máy tính nên khách đến được tự mở nhạc mình thích",0,0,0,5,0,0
bình thường. nhà hàng khá đông và đồ ăn cũng bình thường. hợp cho người nước ngoài lần đầu đến thăm quan vn,0,0,3,3,0,0
"giá thực sự tuyệt vời vì nằm ngay bùi viện du lịch. rất nhiều món ăn tuyệt vời để lựa chọn nhưng tôi luôn giới thiệu món tôm ban xe của họ, nó rất ngon. một nơi tuyệt vời nếu bạn đang tìm kiếm một số món ăn ngon của việt nam.",0,0,0,4,0,0
"công viên hoang dã đầu tiên ở quy nhơn đã mở cửa và được vào tham quan rồi nà, vào đây xem được nhiều con thú mà mình chưa thấy đến bao giờ :v thấy quy nhơn có cái này cũng tốt lắm luôn í, có thêm địa điểm vui chơi để mấy bạn nhỏ đi vừa chơi vừa học luôn, thêm nữa là cái cảnh nó cũng đẹp không kém nữa, và lại thêm một địa điểm cho các bạn sống ảo rồi hihihi",5,0,0,0,0,0
"bến xe buýt nhỏ. có xe buýt đi đến sân bay, nhưng thời gian khoảng cách lớn, vì vậy bạn cần kiểm tra thời gian trước và sử dụng nó. xe buýt ra sân bay có giá 50.000 đồng một người. taxi 250.000 đồng",0,0,0,0,3,0
"con người quy nhơn thật là dễ thương và đáng mến, ai cũng chân chất thật thà và vô cùng dễ thương. mình ở khách sạn hoàng hưng đường nguyễn lạc, giá phòng 400k, khách sạch sẽ và đẹp rất hài lòng. sau đó hỏi thuê xe máy thì lễ tân khách sạn gọi cho mình chổ bạn hoài bảo, mình có nghe dịch vụ bên bạn tốt trước đó qua các bài review quy nhơn trên facebook, dịch vụ của bạn được đánh giá rất cao và sau khi trải nghiệm dịch vụ thì mình có thể cảm nhận đúng như vậy. giao xe rất nhanh chóng, bên khách sạn gọi chỉ 10p sau là chúng mình đã có xe đi rồi. lúc nhận xe thi thái độ phục vụ rất nhiệt tình và niềm nở, tư vấn cho gia đình mình đủ mọi chổ chơi và ăn uống ngon bổ rẻ. còn giới thiệu các tour uy tín bên eo gió kỳ co nữa. xe thì rất mới, sạch sẽ, mũ bảo hiểm rất đáng yêu và thơm. giá cả theo mình là rẻ cho xe số 120k và xe ga 150k tính theo 24h bắt đầu từ lúc mình nhận xe, giao xe tận nơi và lấy xe tận nơi hoàn toàn không tính thêm phí, mỉnh rất hài lòng khi thuê xe máy ở đây",0,0,0,0,5,0
"shop đa dạng mẫu mã, nhiều loại, nhân viên tư vấn chi tiết, phù hợp nhu cầu khách hàng, mình đã mua đồ và rất ưng ý, sẽ ủng hộ shop dài lâu.",0,0,0,0,0,5
bữa sáng tuyệt vời với một bát phở gà thật ngon và nhiều thịt. các món ăn khâc cũng rất tuyệt đặc biệt là món chè sương sa hạt lựu.,0,0,0,5,0,0
"hàng hóa phong phú, đa dạng, thái độ phục vụ nhiệt tình.",0,0,0,0,0,4
"dịch vụ rất thuận tiện khi đến du lịch quy nhơn. gần sân bay và có giao, nhận xe tận nơi, giá cả hợp lý. các bạn giao xe máy thân thiện lại còn nhiệt tình chỉ đường và tư vấn các địa điểm vui chơi, ăn uống. like",0,0,0,0,4,0
"bạn có thể thăm nhà thờ đá, mộ thi sĩ hàn mặc tử, ngắm bãi đá trứng và biển xanh, có thể nhìn về phía thành phố và tàu thuyền leo đậu rất thanh bình. bạn cũng có thể leo lên cao thăm mộ cũ thi sĩ hàn mặc tử, dạo mát trong không gian rừng bạch đàn yên ả",5,5,0,0,0,0
"xe chạy hơi muộn nhưng đến đúng giờ vì không đón dọc đường, rất thích xe này, màu đẹp dịch vụ tuyệt vời. tài xe phụ xe lịch sự.",0,0,0,0,4,0
"rộng, nhiều mặt hàng, đa dạng phong phú, và ... đắt",0,0,0,0,0,2
"nhớ bingo quá à bingo ơi! mình với nhóm bạn ghé quán đầu tiên là vì tò mò, tại ai đi rồi cũng khen mà. mà khen cũng đúng thôi, quán dễ thương quá mà :"">, nhóm tụi mình ai cũng thích. quán bé bé xinh xinh, chỉ đủ kê vài cái bàn thôi nhưng điều đó không làm ảnh hưởng gì tới chất lượng đồ ăn, nước uống tại quán cả. bánh ngon lắm nha, bánh nào cũng ngon, nhưng mình thích cảm giác mềm mịn, ngọt dịu lúc miếng bánh flan kem tươi tan ra trên đầu lưỡi lắm luôn ấy.",0,0,0,5,0,0
"nhà xe không tăng giá sau dịch, hỗ trợ bà con khó khăn từ tp.hcm về, giá vé chỉ 260k trong khi các nhà xe khác tăng giá toàn 1tr trở lên. cảm ơn nhà xe",0,0,0,0,5,0
"bán đặc sản bình định: bánh ít, bánh hồng, chả ram, mực một nắng... ngon và rẻ!",0,0,0,0,0,5
"địa điểm thuận lợi, nhân viên nhiệt tình, linh hoạt, nên cải tạo hồ bơi vì không ai sử dụng",0,3,0,0,0,0
quá bình dân giá rẻ . ăn chơi chơi gia đình rất được . mỗi người 1 khẩu vị ăn theo cá nhân của mình quán ăn ngon nhân viên phục vụ rất chi là dễ thương chỉ cho mình địa chỉ ăn ngon đi kì co sao sao rất thân thiện . nhà mình ăn 15 phần ốc 2con tôm hùm full gạch h nói tới vẫn còn thèm . 5 phàn hàu nướng phô mai trẻ em nhà mình nghiện nhất là món phô mai ở quán này . cháo hải sản ngon lắm nha các bạn full hàu luôn . tổng thiện hại chưa tới 1tr dậy là mọi người biết độ ngon rẻ ở quy nhơn rồi nha . năm sau sẽ dắt gia đình ra quy nhơn sẽ ghé tiếp,0,0,0,5,0,0
"phòng cách âm chưa tốt lắm, mìnhở ngoài nghe 2 cha con trong phòng nói chuyện lun",0,2,0,0,0,0
"chồng mình ra làm passport tiện ghé quân ún nước. không gian quán đơn giản nhẹ nhàng. nước pha ngon, bánh plan ngon. nếu có dịp sẽ ghé nữa!",0,0,0,5,0,0
"thực phẩm đắt tiền, và không có nhiều sự lựa chọn. mặc dù vậy, các cửa hàng mua sắm không rẻ, có thể so sánh với giá chúng tôi biết từ trên tàu.",0,0,0,1,0,0
"quảng trường xanh, rộng và thoáng mát của thành phố biển quy nhơn, rất thích hợp cho việc đi bộ. ở đây đối diện với các con đường lớn của tp, các tòa nhà ngân hàng cao tầng, siêu thị coopmart, có vị trí khá thuận lợi. nơi đây là nơi tổ chức các hoạt động vui chơi như hội chợ, tiger remix, bài chòi,... i love this square very much! 😇. let's go to quy nhơn city square. it doesn't make you disappointed.",5,0,0,0,0,0
"ông chủ thân thiện, nhiệt tình, xe đi rất tốt, giá cả bình dân. lần sau mình có quay lại quy nhơn sẽ quay lại đây",0,0,0,0,4,0
"thái độ fuc vụ từ chủ đến nhân viên rất dễ chịu, nhiệt tình và vui vẻ.",0,0,5,5,0,0
thật sự rất cuốnnnn. sẽ thật đáng tiếc nếu không đi. trải nghiệm của mình tại đây rất tuyệt vời,5,0,0,0,0,0
"nhà ga mới xây đẹp, rộng rãi tuy nhiên chỉ có 2 nhà vệ sinh nên khá bất tiện khi đông khách.",0,0,0,0,3,0
"tôi và bạn trai của tôi muốn thử sự ấm áp. chúng tôi đã kiểm tra trên tripadvisor nơi tốt nhất và chúng tôi tìm thấy điều này. hóa ra là họ không phục vụ nó. vậy là được rồi. tuy nhiên, chúng tôi đã đặt hàng chân ếch với giá 80 000 đồng. hoặc ít nhất nó đã được viết như thế này. hóa ra là do nhầm lẫn trong bản dịch tiếng anh và người phục vụ (người không nói được tiếng anh) đã đưa cho chúng tôi đôi chân với giá 160 000 đồng. món ăn với giá 80 000 là ếch nguyên con. chúng tôi đã chỉ ra vị trí này trong menu bằng ngón tay, nhưng người phục vụ và người bạn nói tiếng anh của anh ấy nói rằng chúng tôi đúng, nhưng chúng tôi vẫn phải trả số tiền cao hơn. không chắc là nó không được thực hiện có chủ đích hay không, bởi vì họ không thực sự buồn về sự nhầm lẫn trong thực đơn và người phục vụ của chúng tôi! và người phục vụ của chúng tôi đã thực sự phớt lờ hoa kỳ, đặc biệt là khi chúng tôi muốn giải thích toàn bộ tình huống. chúng tôi đã nói với anh ấy rằng có điều gì đó không ổn và anh ấy đã rời đi mà không có giải pháp nào ?! thức ăn khá ngon,",0,0,0,3,0,0
"thuê xe máy ở đây rất lợi, thứ nhất là xe xịn, xe mới giá rẻ thứ 2 là được giảm giá các dịch vụ như tour kỳ co eo gió và các homestay dễ thương quá trời quá đất luôn",0,0,0,0,4,0
"tôi là một khách hàng thường xuyên đi xe buýt tôi cảm thấy rất bất bình về thái độ phục vụ của tuyến t13 , lịch trình có nhưng mỗi lần chờ xe thì tôi thấy rất bất bình nhất là chuyến 7 giờ 10 khởi hành từ an lão tới bồng sơn nhiều lúc chờ xe tôi thấy sợ vì lúc nào cũng muon gần 20 phút khi hỏi thì lái xe trả lời là ăn sáng không biết giám sát như thế nào tôi không hiểu, nhất là tới ca ông lâm già thì chuyên gia muộn",0,0,0,0,2,0
"sạch sẽ, hiện đại, đắt tiền. mặc dù đôi khi đẹp hơn so với trung tâm mua sắm ở mỹ, giá bằng hoặc cao hơn. rất vui để duyệt một lần.",0,0,0,0,0,3
"đêm qua tôi đã có niềm vui đến thăm quán bar này và thưởng thức một vài loại bia và bữa tối. các món ăn là phương tây, rất ngon và giá cả hợp lý, như là bia. chắc chắn tôi sẽ ghé thăm đây một lần nữa.",4,0,0,4,0,0
"mực xé sợi tẩm gia vị ở đây cực ngon, mình hay mua combo mực xé sợi và mực ngào để ăn vặt và để sẵn mồi cho chồng mình nhậu, khỏi mắc công chế biến",0,0,0,5,0,0
"hôm trước mình và bạn cũng có ghé đến quán, nhưng thật sự thấy không vừa ý. thứ nhất là hình ảnh quán pr rất nhiều món, nhưng khi đến thì m nhìn tủ lạnh có lèo tèo vài món, mà nhìn cũng không được tươi ngon( biết là đồ xiên que đông lạnh nhưng nhìn như để lâu rồi ấy), lúc đấy chỉ mới có 7h hơn nên cũng không thể gọi là hết đồ được, tủ lạnh thì nhìn không được sạch sẽ mặc dù xiên que có để từng khay riêng biệt nhưng lỡ vào quán và lúc đó cũng chỉ có 2 đứa nên thôi chọn đại để ăn, chỗ quán cũng khá khuất và ít người, mùi vị thì cũng như bao quán khác vì cũng là xiên que làm sẵn thôi.... nói chung không ấn tượng như mình nghĩ.",0,0,0,1,0,0
tài xế của hãng nhiệt tình lắm luôn. chất lượng xe tốt,0,0,0,0,4,0
"đã quay lại lần 2. phòng ở, trang thiết bị đầy đủ, sạch sẽ, tiện nghi, nội thất đẹp, đội ngũ nhân viên, lễ tân rất nhiệt tình, hỗ trợ du khách đến từng chi tiết nhỏ. so với các khách sạn cùng phân khúc rất là ok. đặc biệt, view hồ bơi rất đẹp, thoáng mát, rộng rãi, nhìn thấy toàn bộ quang cảnh thành phố. sẽ quay lại nhiều lần nữa !!!",0,5,0,0,0,0
"tìm trên mạng quán chè này, đi qua lại 2-3 lần mới dám ghé vào do quán không những chỉ phục vụ mỗi món chè mà còn có bán cả cà phê & trà sữa nên cứ tưởng đi lộn. không gian rộng rãi và có nhiều góc tự sướng . ghé quán 2 lần nhưng chỉ ăn chè nên không biết mấy món còn lại ngon không. riêng chè thì cực ngon, ly nhỏ chứ không như ly ở sài gòn nhưng rất đậm đặc. giá cả mình thấy cũng phải chăng - 18k/1ly- vừa phải , không đắt lắm , nhưng giá này hơi cao so với sinh viên.",0,0,0,4,0,0
"thủ tục thuê xe nhanh dễ dàng. nhân viên nhiệt tình mà giá cũng mềm. xe đi rất êm, mình đi từ quy nhơn ra đến tận tuy hòa và quay về trong 2 ngày nhưng không gặp bất cứ trục trặc gì cả",0,0,0,0,4,0
"nhân viên nhiệt tình, dễ thương. giá cả phải chăng",0,4,0,0,0,0
quán view đẹp không gian mát mẻ service tốt thân thiện drink and food ngon đặc biệt view sunset tầm 5h rất tuyệt,0,0,0,5,0,0
"mình hỏi hàng mà nhân viên thái độ, khách hỏi không trả lời, rõ ràng mình hỏi trước nâng lại lấy cho những người khác trước",0,0,0,0,0,1
"dù nắng hay mưa vẫn thích hương vị của kfc nhất... bởi món ăn đa dạng về gà hải sản mà còn hợp vệ sinh, an toàn, không ảnh hưởng nhiều đến sức khỏe... mình rất thích hương vị giòn cay của miếng gà, sớ thịt mềm mềm dễ ăn... mà ăn hoài không ngán.. ngoài ra mình còn thích bánh tart trứng do kfc làm ra mà chẳng đâu có được bởi khi dùng đều ăn nóng rất ngon mà ít bị ngáy nhé... kfc đang có chương trình tặng thẻ vip cho hóa đơn 200k, hoặc mua thẻ vip 100k hoặc đổi thẻ vip cũ 2016 lấy mới nhé... nhanh lên số lượng có hạn",0,0,0,5,0,0
"bánh gạo ở đây ăn kèm với tôm, thịt bò, v.v. . nó khuyên bạn nên thử khi bạn ghé thăm qui qui. giá cả hợp lý",0,0,0,5,0,0
"không gian: so với các quán bún chả ngồi vỉa hè, bàn ghế nhựa truyền thống của hà nội thì quán này trông lịch sự, có điều hòa mát mẻ, bàn ghế gỗ cao, nếu tiếp khách nước ngoài hoặc nơi khác đến thì phù hợp",0,0,4,0,0,0
hãy mang những món quà quê đầy ý nghĩa về thành phố nhé như bánh hồng cũng được,0,0,0,3,0,0
"khách sạn chủ động up free lên phòng view biển cho mình. phòng rộng, sạch và mới.",0,5,0,0,0,0
"chỉ với 15 không vnd bạn sẽ có được vé một chiều và với 30 không vnd một vé khứ hồi cho sài gòn waterbus. đi xe đến điểm dừng cuối cùng mất khoảng 50 phút. bạn có thể nhận và quay lại sau, hoặc chỉ ở lại trên tàu và trở về. boatride cung cấp hai giờ đồng hồ khỏi kẹt xe và tiếng ồn, một số cảnh quan ngoạn mục trên đường chân trời hiện đại của sài gòn và một góc nhìn dọc theo bờ sông. chúng tôi rất thích chuyến đi buổi chiều khởi hành lúc 15 giờ. 30 h và có một chuyến du lịch trở về hoàng hôn. rất đáng yêu không có tiền",4,0,0,0,4,0
dịch vụ cho thuê xe máy tại quy nhơn rất hữu ích. các bạn giao xe đến tận nơi và rất nhiệt tình. kết thúc 1 chuyến du lịch thú vị và cảm thấy ấn tượng với con người ở thành phố quy nhơn.,0,0,0,0,5,0
mức độ vệ sinh kém. cần đầu tư mạnh để giải quyết triệt để vấn đề an toàn vệ sinh. lưu lượng ra vào cổng lớn nhưng cổng ra vào quá chật... thường xuyên tắt nghẽn giao thông,0,0,0,0,2,0
"một bữa ăn thanh mát, không dầu mỡ chiên xào giữa trưa nắng, cực thích luôn. các bạn nhân viên sẽ hướng dẫn khách từng bước một để chọn một tô cơm đầy màu sắc cho riêng mình.",5,0,0,5,0,0
trung tâm mua sắm địa phương tốt đẹp. ai đó có thể tìm thấy hầu hết mọi thứ ở đây.,0,0,0,0,0,5
quay lại quán. nhất quyết ăn được món mì bay. quán vẫn bẩn. nhưng đỡ hơn đợt trước. mì bay nhiều. trình bày hấp dẫn. đẹp mắt. vị không có gì đặc biệt mì với gà nhiều nên đâm ra ngán. mì bay 45k 1 phần. nói chung là ăn cho biết chứ không ăn lại lần 2.,0,0,0,2,0,0
"hơi fail, nên cái này review để cho mọi người tham khảo, chứ không mang tính chất pr, ai không thích đọc thì có thể tắt luông, many thanks! bữa sáng t2 của tụi mình bắt đầu sau khoảnh 30' chạy xe từ lab (tuyệt đỉnh) vào thành phố, trên đường tới eo gió (nhạt nhẽo). quán này được dân tình đi xong mách lại, sau bao nhiêu đau đầu cuối cùng 2 đứa quyết định ăn 1 món tên lạ hoắc cho thêm phần challenge :)) phách ăn bún sứa không còn mình ăn bún chả cá và sứa ^^ cảm nhận của mình là bình thường, không ngon nhưng không dở, và giá thì khá đắt (35k/bát) ăn mãi không thấy hết ' phách còn nhận xét là: bây giờ mới biết là sứa có vị nước lọc ^^ nước dùng nói chung cũng ổn, nhưng lạc cả hành phi cũng cứu cánh món này nhiều. mình rất là gét câu ăn 1 lần cho biết, nhưng với món này thì chắc có lẽ ăn tới vài lần nữa cũng chỉ tập xác định là ""ăn nhiều lần cho biết"", chỉ cần biết thôi, chứ chắc không có nhu cầu thèm da diết như nhiều nhiều nhiều món khác ^^",0,0,0,1,0,0
"phòng nhỏ, trang trí quê mùa, nhà nghỉ thì đúng hơn. nhân viên trực buổi tối rât lười.",0,2,0,0,0,0
"phòng gần thang máy, cách âm không tốt nên thang máy chạy là nghe tiếng.",0,3,0,0,0,0
"thu ngân không thân thiện, lời nói và sắc mặt lúc nào cũng khó chịu",0,0,0,0,0,2
"anh chủ hỗ trợ rất chu đáo nhiệt tình,sẽ giới thiệu cho bạn bè nè.giá cả hợp lý,rất hài lòng 5*",0,0,0,0,5,0
"wc sạch sẽ. cái này chỉ nhỏ nhặt thôi nhưng mang lại sự tin tưởng và hài lòng của khách hàng khi đến với quán. đồ ăn ngon là điều quan trọng nhưng dịch vụ cũng hết sức cần thiết. mình đã đến và rất hài lòng. sẽ quay lại lần sau. à! mà quán này rất hay có các chương trình khuyến mãi đó, lần nào mình đến cũng có các chương trình khác nhau các bạn nhớ theo dõi fanpage để biết thêm thông tin nhé. chúc quán luôn đông nghẹt khách nè. love you",0,0,0,5,0,0
đây là nơi thích hợp để bạn bè và gia đình tụ họp sau 1 ngày làm việc.,0,4,0,0,0,0
"sạch sẽ và rất thoải mái nhân viên phục vụ rất nhiệt tình và thật thà. khi tôi bỏ quên bóp ở lễ tân nhân viên đã tự chạy tới đưa cho tôi bóp và tiền, giấy tờ tromg bóp đều còn nguyên",0,4,0,0,0,0
"thời tiết những ngày này thật khô nóng và khó chịu, vậy thì sao chúng ta không cùng bạn bè, gia đình hay người ấy đi ăn kem nhỉ??? kem jolly sẽ là địa chỉ tuyệt vời của các bạn trẻ, vì sao? vì ở đây kem vừa dẻo, mềm và thơm. ngoài ra, lại vừa ngon, vừa mát, vừa bổ dưỡng. bên cạnh đó, không gian quán lại rất đẹp, thoáng đãng, mát mẻ nên rất phù hợp cho giới trẻ selfie các kiểu. giá cả hạt dẻ vô cùng phù hợp với các bạn trẻ, với phương châm vừa ngon, vừa bổ dưỡng và phù hợp túi tiền , hy vọng kem jolly sẽ mang đến địa chỉ đáng tin cậy của quý khách! nào hãy nhanh chân đến với jolly 121 lê lợi để tận hưởng và cảm nhận nào các bạn !!!",0,0,0,5,0,0
"nem chả ơn đây giá cả khá rẻ và rất ngon,thích nhất là chả quế và nem",0,0,0,5,0,0
"mới đầu nghe tên món, cứ nghĩ người ta sẽ bỏ bánh hỏi vào cháo lòng ăn luôn, sao thấy kì kì. nhưng không phải vậy nhé, mỗi phần là 1 dĩa bánh hỏi trên mặt là lòng heo và sẽ có 1 chén cháo nhỏ kèm theo và 1 chén nước mắm. mình ăn như là bánh hỏi heo quay thôi. và có nhiều bạn thì chấm bánh hỏi vào cháo ăn nữa. mỗi phần ở quán này là 30k. quán chỉ bán từ sáng đến trưa thôi, rất đông nhé! và bàn khá nhỏ và thấp nên hơi chật chội. món ngon và lạ nè!",0,0,0,4,0,0
"nhân viên thân thiện, nhiệt tình. toilet rất sạch sẽ, mới, đẹp và tiện nghi. tiện nghi đầy đủ, hiện đại, giường, drap, gối tinh tươm. bữa ăn sáng nhiều món, vị ngon phù hợp người sài gòn và miền nam. gía bữa sáng cũng rất tốt. vị trí khách sạn tiện lợi, đi đâu cũng gần.",4,4,0,4,0,0
"bác tài xế chuyến xe của mình rất nóng tính và lái xe ẩu. đón khách ở khách sạn mà không lên sảnh đón, đứng dưới lòng đường gây nguy hiểm và ách tắc giao thông. mình rất không thoải mái khi ngồi trên xe bác này. nếu cách cư xử của bác thân thiện hơn sẽ tốt hơn cho hãng rất nhiều. hiện tại mình không muốn recommend hãng sao limousine đến khách của mình.",0,0,0,0,2,0
"quán có tiếng từ lâu, được nhiều người biết đến. giá cả bình dân, không gian thoáng mát. chuyên phục vụ sinh tố, các loại bánh bèo. giờ mở cửa: 7h sáng- 8h tối. giá trung bình: 10 nghìn- 20 nghìn/ người. mỗi lần có dịp về quê, mình đều ghé vào đây ăn cho thỏa. mình hay gọi một dĩa bánh bèo và kèm thêm 1 ly sinh tố. bánh bèo ngon, mềm, nhân và hành phi ăn kèm rất thơm. sinh tố ở đây thì quá nổi tiếng và không có gì chê được. nếu ghé qua quy nhơn, thì không nên bỏ qua quán kim đình",0,0,0,5,0,0
dịch vụ tốt - lái xe trực tiếp từ khách sạn đến sân bay nhưng theo ý kiến ​​của tôi là đắt hơn (so với taxi). không chênh lệch thực tế nhưng giá tăng gấp ba lần và không phải trong dịp tết.,0,0,0,0,4,0
phục vụ tận tình chu đáo. điểm nghỉ dưỡng tuyệt vời!!!!,0,5,0,0,0,0
chỉ biết nói là quá xanh và đẹp. tuy nhiên đường đi vào làng chưa có biển chỉ dẫn rõ ràng. mọi người cần lưu ý đường đi nha.,5,0,0,0,0,0
máy lạnh thổi vào bạn một nỗi kinh hoàng,0,0,0,0,1,0
"mình cho 10 điểm về độ tiện nghi mà khách sạn đem lại. khách sạn trông rất mới và sang trọng, bên cạnh đó cũng rất sạch sẽ, có nhân viên dọn phòng hằng ngày.",0,5,0,0,0,0
"các món ăn ở đây rất đa dạng, cách trưng bày thức ăn rất chuyên nghiệp, cứ tưởng như đang đến một nhà hàng 5 sao nào đấy :d",0,0,5,0,0,0
"ở đây sáng có bán thêm bún rạm cua đồng rất ngon , nhiều rạm , nước lèo đậm vị , sánh đặc chứ không lỏng bỏng như các nơi khác mình ăn , mỗi phần được kèm thêm ly trà đá , rất lịch sự , sạch sẽ , bài bản , các bạn thưởng thức nhé.",0,0,0,4,0,0
"nhân viên phục vụ nhiệt tình dễ thương, đặc biệt là những bạn lễ tân hỏi thăm khách chu đáo. phòng rộng rãi sạch sẽ. khách sạn đối diện biển mà giá lại rẻ nếu có lần sau quay lại nha trang sẽ ở lại đây",0,5,0,0,0,0
"khách sạn sạch sẽ nhân viên thân thiện , vị trí trong trung tâm nên đi lại rất thoải mái . xung quanh khách sạn có nhiều quán cf nhà hàng khu du lịch",0,5,0,0,0,0
"thấy bạn bè rủ nhau đi bobo nên cũng đua đòi đi check-in. lần đầu tiên đến quán không biết order món nào nên mềnh gọi món phổ biến là black tea macchiato. không biết ai nói đồ uống ở đây ngon chứ không hợp khẩu vị mình rồi đó. trà có mùi gì đó hơi khó chịu như trà túi lọc vậy. còn lớp bọt loãng, không béo cũng không dậy mùi sữa, chưa đã. trang trí ổn nhưng không gian chưa tạo cảm giác thoải mái vì trần thấp quá, hơi ngộp. bàn ghế ở đây mình không ngồi lâu được, ê mông quá. giá cả hợp lý. nhân viên thân thiện. túm lại là không phải gu của mình.",0,0,0,2,0,0
"ghẹ tươi, chắc thịt, ngọt, mà ở đây chỉ có ghẹ là ngon hà",0,0,0,4,0,0
không có điều gì để phàn nàn.,5,5,5,5,5,5
"đây là lần đầu tiên tôi đến thăm quy nhơn, và trên đường đến bãi biển, tôi thấy quầy bar. tôi yêu bia thủ công nên sau khi đi bộ bên bờ, tôi đã đi đến đó. tôi đã gặp một người bạn tốt, người chủ. anh ấy cực kỳ tuyệt vời. thức ăn, bia và tầm nhìn rất tốt cho tôi.",5,0,0,0,0,0
"hải sản tươi ngon,nv tận tình xe đưa đón tận nơi,giá rất hợp lí",0,0,0,5,0,0
"đi tàu cánh ngầm đến vũng tàu thật nhẹ nhàng. tuy nhiên, khi trở về, chúng tôi đi trung bình khoảng 10km một giờ. cơn ác mộng tuyệt đối! kết quả là tôi đã bỏ lỡ một chuyến bay!",3,0,0,0,1,0
"thoáng mát, sạch sẽ..phòng studio view đẹp (phòng trên tầng cao nữa thì đẹp :))). đồ ăn hơi ít món nhưng ngon.",0,4,0,4,0,0
- xe buýt đã trễ đón chúng tôi và muộn thả chúng tôi xuống,0,0,0,0,1,0
"hướng dẫn nhiệt tình, được giới thiệu đồ ăn ngon, chi phí rẻ, đặc biệt là phần giới thiệu mua đồ làm quà mang về.. cảm ơn dịch vụ bên ad 🤝",0,0,0,0,4,0
"là quán nhỏ trong khu võ đình tú nhưng chất lượng món ăn không hề nhỏ tí nào. mỗi lần du lịch quy nhơn mình đều ghé quán này. ghẹ thở oxy , ăn là hấp thịt chắc không bị ốp và hôi như mấy quán bên cạnh , giá từ 300k /1 kg theo thơi điểm",0,0,0,5,0,0
dịch vụ cho thuê xe ô tô giá rẻ hơn thị trường . xe đời mới . uy tín đàng hoàng sẽ ủng hộ khi về với quy nhơn hài lòng,0,0,0,0,4,0
người lái xe đã ở đó đợi tôi khi tôi đến và nhanh chóng đưa tôi về khách sạn.,5,0,0,0,5,0
tôi không nghĩ là quy nhơn có spa chuyên nghiệp như vậy... bước vào trong có mùi hương tinh dầu tạo cảm giâc thoải mái và dễ chịu nhân viên tư vần nhiệt tình dễ thương... ktv chuyên nghiệp bài bản.... cảm giác thoải mái khi đến nơi này... quán nằm ngay ngả tư chương dương va nguyễn thị định... để ý mới thấy vì bảng hiệu đặt bên trong...,5,0,0,0,0,0
"đồ ăn chất lượng cao, hương vị tươi mới.",0,0,0,5,0,0
"quy nhơn phú yên thật đẹp và bình yên. con người giản dị chân chất thật thà, mình sử dụng tất cả mọi dịch vụ ở đây chổ nào cũng tốt, không có chặt chém khách hàng ngược lại còn rất nhiệt tình và hổ trợ hết mình nữa. 1 trong những dịch vụ bản thân mình hài lòng nhất chính là dịch vụ cho thuê xe máy ở đây, mình thuê 1 xe honda vision 2017 ở đây trong 3 ngày, đi eo gió kỳ co trung lương hòn khô hòn sẹo, hầm hô tây sơn và cả sang phú yên nữa. xe chạy tốt, êm và lợi xăng cực kỳ luôn, chạy 3 ngày mà mình chỉ phải đổ hơn 100k xăng cho tất cả các điểm du lịch, đúng là quá lợi luôn. anh chủ thì rất nhiệt tình, trên đường đi không biết gì cứ gọi là ảnh chỉ tất tần tật từ quán bún cá ngon, bánh canh ngon, hải sản tươi giá rẻ và cả các địa điểm làm tour kỳ co uy tín nữa. rất cảm ơn anh đã giúp đỡ tụi em thiệt tần tình trong chuyến du lịch vừa rồi, mong anh làm ăn phát đạt, ngày càng phát triển thương hiệu của mình lớn mạnh hơn nữa. hẹn gặp lại anh trong một dịp trở lại quy nhơn gần nhất",0,0,0,4,5,0
"về nước uống thì mình thấy nước uống rất ngon, giá cả hợp lí. machiato, trà xoài, trà chanh xả là 3 món nước phải gọi là đỉnh luôn. machiato bên dưới là cafe, bên trên là 1 lớp kem, tưởng là rất ngậy nhưng lại dễ uống cực kì. trà xoài thì có mùi thơm rất dễ chịu, trong li còn có cả xoài nữa. còn trà chanh xả thì thơm cực kì, giúp detox cơ thể. tóm lại mình thấy đồ uống giá cả hợp lí, ít béo, vừa miệng, bạn nào tập gym vào đây uống trà thì không sợ tăng cân luôn nhé 👉 về không gian thì cực kì tĩnh lặng nên rất nhiều bạn đến để học bài, nhạc be bé đủ để thư giãn nhưng không gây mất tập trung, phòng máy lạnh nên mát cực, mấy hôm nóng quá mình toàn tới đây để tránh nóng thôi",0,0,0,5,0,0
ngày thường hơi ít khách. nhưng dịch vụ rất tốt. có thẻ thành viên được nhiều ưu đãi khi xem phim.,3,0,0,0,0,0
"tôi và bạn gái đã có một bữa sáng kinh khủng tại đây , một không khi nóng bức và chật trội , chúng tôi đã phải đợi 10' để có được một chỗ ngồi . và 15' nữa để có một tô phở + quẩy . điều đáng phàn nàn là thái độ nhân viên hời hợt , không để ý đến khách hàng , tôi không nhớ là đã phải gọi ""em ơi"" bao nhiêu lần để được phục vụ .",1,0,1,0,0,0
"chuyến bay của mình cất cánh lúc 7h30 tối nên mình phải ở lại khách sạn từ 12h30 đến 16h30, khách sạn charge thêm 400k- hơi đắt so với dự tính.",0,2,0,0,0,0
"cũng như surf bar 1, không gian thoáng và trang trí dễ thương, dễ giao tiếp , giá cả không mắc, đồ uống được, nước trái cây nên làm ít đường lại",4,0,4,3,0,0
"phải nói ở sân bay phù cát rất sạch sẽ, nhiều không gian quầy bán các loại đặc sản bình định. nhiều không gian ngồi chờ các quán ăn phong phú.",0,0,4,0,3,3
"tôi đến khách sạn tôi đã ở cách đây khoảng 15 phút và đang đợi, và hành lý của tôi như va li đã được chất lên một cách tử tế và suôn sẻ. chiếc xe là một chiếc xe 10 chỗ ngồi và rất thoải mái để thuê. tôi đến sân bay đà nẵng trong khoảng 30 đến 40 phút, lấy hành lý và lái xe thoải mái.",0,0,0,0,5,0
"không gian thoáng mát, rất hợp để mở tiệc",0,0,5,0,0,0
"có rất nhiều sách ở đây...có thể đọc nhưng nhà sách khá bé không có không gian cho khách ngồi xem sách...hây hây giá như có ghê bàn ngồi xem sách (ai ngồi thì mình tính phí bn 1h đó )không gian chật nhưng cách bố trí sách, truyện, vở ,đồ dùng ...rất khoa học dễ dàng lựa chọn..",0,0,0,0,0,5
đến đây thử mấy lần rồi nhưng nói thật đĩa mình thích không còn ngon như trước nữa (món canh chua nấu tôm và tép xào dừa ...) đông khách quá nên phục vụ làm mình thất vọng. tôi sẽ không trở lại nữa,0,0,0,2,0,0
bánh ít nói để được 3 ngày ở nhiệt độ thường nhưng ngày thứ 3 bỏ ra mốc xanh luôn buồn cười,0,0,0,0,0,3
"dịch vụ khách hàng; thái độ nhân viên, tài xế cực kì tệ. không có trách nhiệm với khách hàng.",0,2,0,0,0,0
tôi đã sử dụng vinasun trong ba lần riêng biệt vì tôi không biết về grab (tương tự uber hoặc lyft ở hoa kỳ) cho đến khi người thân của tôi chỉ cho tôi. tôi đã có một trải nghiệm horrible! ! !,0,0,0,0,1,0
"mình ăn nhà hàng này nhiều lần vì có nhiều món,món ăn bình dân giá cả hơi cao,mong muốn ăn món bình dân mà giá cả phù hợp hơn cho những người thường xuyên tới ăn !",0,0,3,3,0,0
"thái độ phục vụ của nhân viên ở đây quá tệ rồi, mong ban quản lý nên xem xét lại",0,0,0,0,0,1
"ngay sau khi tôi hạ cánh, tôi đã gửi cho họ một tin nhắn để cho họ biết tôi đã ở đó. họ cho tôi biết người lái xe đang đợi tôi.",5,0,0,0,0,0
"mình ở sài gòn ghé thăm, thấy các bạn review ok nên cũng ghé thử. nói chung món ăn ổn và ngon. so giá với số lượng vầ chất lượng thì ngoài này rẻ hơn rất nhiều. các bạn ở xa nên tìm địa chỉ: 22 đào duy từ dễ tìm hơn nhé",0,0,0,5,0,0
"lưu trú thuận tiện, check in tư động, tư vấn đầy đủ dich vụ, nhân viên thân thiện",4,4,0,0,0,0
rất nhiều thông tin và tốt đẹp để xem canh tác hữu cơ trong thực tế - nấm sò rất ngon và tôi không thể chờ đợi để thử chúng ở new zealand - hy vọng tôi có thể tìm thấy nấm hàu ở đây,0,0,0,5,0,0
siêu thị big c bán đồ còn rẻ hơn ở ngoài tạp hoá nữa. hàng tươi ngon mà lại rất hợp lí so với mức sống chung ở người địa phương.,0,0,0,0,0,5
"hải sản từ 4h chiều là lên tới chợ rồi nha, tươi ngon và giá hợp lý.",0,0,0,0,0,5
"lại là món tủ của mình khi tới quán đây, payaya bowl, trưa đang đii ngoài sài gòn nắng nóng, vào đây ăn xong cái khoẻ ng lun á",0,0,0,4,0,0
không được đi cáp treo nên mất cảm hứng khi ở resot. vào khu vui chơi mất phí giống khách không lưu trú ( không có sự ưu đãi),1,0,0,0,0,0
"chất lượng sản phẩm tốt, nhiệt tình với khách hàng",0,0,0,0,0,5
"ngoài hải sản, có thể gọi các món ăn với cơm như cá bớp kho tộ, sườn chiên mắm ăn rất ngon nhé, canh thì ăn canh cá bớp nấu chua hoặc rau cải nấu tôm :)) giá cả phải chăng, mỗi người hết khoảng 120k-150k, nhân viên nhanh nhẹn, phục vụ nhiệt tình.",0,0,0,5,0,0
"xe đẹp, đời mới, chất lượng, giá cả cạnh tranh thái độ phục vụ tốt, tư vấn nhiệt tình có hổ trợ mang xe giao tận nơi và khi trả xe đến tận nơi lấy, không thu phí phát sinh hay phụ thu mình thuê từ 16h ngày 19/06 đến 16h ngày 21/06 chỉ tính 2 ngày. tính thời gian rất lợi cho khách hàng. vote 5 sao vì rất hài lòng với dịch vụ cho thuê xe máy của bạn hoài bảo",0,0,0,0,5,0
"chất lượng dịch vụ tại fleur de lys oke, nhân viên thân thiện phòng ốc sạch sẽ đồ ăn ngon, nhưng ngày ở khách sạn gia đình được take rất tốt. mình thấy khách sạn ổn đáng để trải nghiệm so với tầm giá.",0,5,0,0,0,0
"quán này gần sát đường xuân diệu nè, do chính những người dân biển bán luôn nên ốc hay các loại hải sản ở đây là tuyệt vời nhé. menu ốc thì đa dạng thôi rồi, đủ loại hết: ốc bươu, ốc hương, ốc nhảy, ốc trộn... ngoài ốc thì còn sò lẹm, sò lông nướng, cháo hải sản... nữa nè. ốc ngon, sò ngon là phải đi kèm với nước chấm ngon nè, có món thì chấm nước mắm nhưng có món thì chấm muối, có 2 loại muối dùng chấm là muối xanh với muối đỏ mà muối nào cũng ngon hết á. giá cả thì cũng bình dân, từ 15k/1 dĩa. vậy nên ai muốn ăn hải sản ngon mà rẻ thì lưu quán này vào rồi ghé ăn nha :))) lưu ý là quán hết đồ sớm lắm nên tranh thủ đi trước 5h30 cho chắc nha ^^",0,0,0,5,0,0
tài xế taxi này rất không trung thực & hành động ngu ngốc. anh hai lần chở chúng tôi đến một nơi khác mà chúng tôi sẽ đến. hành động rất ngu ngốc để kiếm thêm một vài đô la. chúng tôi sẽ đi bằng grab từ bây giờ trở đi.,1,0,0,0,1,0
"đi quy nhơn vào mùa có mưa rào, nên mình tới đây thời tiết không tốt, mưa rào nhẹ, không thể ngồi ngoài ngắm biển được. quán được bày trí rất đẹp, phong cách tây hoá, menu đa dạng món nước. mình uống yaua thập cẩm không thấy ngon lắm, nhưng trình bày đẹp. tóm lại, mình thích cái không khí gió biển ở đây, thật lãng mạn và đẹp.",0,0,0,4,0,0
lái xe gọi hẹn giờ trước và đợi đón đúng giờ. nên sử dụng dịch vụ xe đưa đón san bay phù cát của đơn vị này.,0,0,0,0,4,0
"đến quy nhơn du lịch cùng người yêu lần đầu tiên thật may vì tìm được chổ cho thuê xe máy nhiệt tình và chất lượng. xe mới cứng, mình thuê 1 xe air blade loại đời mới nhất 2018 giá chỉ 180k/ ngày. xe mới roda có 1000km thôi, mới leng keng và đi siêu sướng, êm ru luôn. chưa thấy chổ nào cho thuê xe máy xịn như chổ này",0,0,0,0,5,0
"chúng tôi đến đó chỉ vì bài đánh giá của anthony bourdain và lịch sử với tổng thống obama. phở ngon lạ thường. phần còn lại của các mặt hàng là ok. môi trường xung quanh bằng không. phòng tắm nằm ngay bên cạnh và nhìn ra nơi bạn ngồi. thực đơn không bao quát bởi bất kỳ trí tưởng tượng nào. rất đông khách du lịch mỹ gọi món chính xác trong thực đơn, đó là 'obama combo'. tuy nhiên, nó lấp đầy sự tò mò của chúng tôi muốn xem nơi này mà bourdain đã ngồi. chỉ vì lý do đó, nó là giá trị nó.",0,0,4,0,0,0
"quán ăn nằm ở trung tâm gần hồ gươm, mình ở khách sạn ở hàng đào, đi taxi qua khoảng 30 nghìn. đến đây vào khoảng 6h30 sáng thì quán đã đông lắm rồi, mình vào đến là bàn cuối cùng, có rất nhiều người xếp hàng bên ngoài. mình gọi tô phở giá khoảng 60 nghìn. về hương vị thì mình thấy cũng bình thường, quán có mùi bò rất thơm nhưng mình ngửi tô phở đang ăn thì mùi nhạt lắm. với mình thì quán nêm hơi lạt, tương cũng không đặc biệt nên mình đánh giá đây là một quán phở bình thường.",0,0,0,3,0,0
"bên cạnh là quán bán bánh, tiện thì mua về làm quà luôn.",0,0,0,0,0,0
"lâu ngày muốn đổi vị 1 chút, mình ghé quán để thử món mới. không gian rộng rãi, sạch sẽ, được trang trí ảo diệu, dễ dàng có được những tấm ảnh ưng ý. các bàn đặt không quá sát nhau, có khoảng không gian riêng, đủ để mình tám xuyên không với con bạn mọi chuyện trên trời dưới đất mà không sợ ồn ào cho bàn bên cạnh. đồ ăn ở quán tuy là món âu nhưng cách chế biến lại hợp khẩu vị người việt mình, rất dễ ăn. nay giảm cân chỉ dám ăn gà cảm thấy hài lòng, hợp khẩu vị.",0,0,0,5,0,0
"khách sạn sạch, đẹp, nhân viên nhiệt tình, vị trí thuận lợi, bữa sáng tạm ổn, phục vụ tận tình",0,5,0,0,0,0
bạn đến đây nếu bạn có ý định mua bất cứ thứ gì tại căntten. tốt nhất bạn nên hỏi giá trước tất cả các món hàng. hôm trước vừa mua 1ly nước với giá 20k. nay tôi mua lại không hỏi giá trước lại có giá 50k. thật sự giận dữ tồi tệ tức giận tồi tệ tức giận tồi tệ tức giận 👎👎👎,0,0,0,0,0,1
"ở qn thấy quán này là có menu ,cách pha chế khá riêng và đặc sắc hơn so với quán khác. món mình hay uống là trà sữa bọt biển phô mai(hoặc muối biển cũng ngon, ít béo hơn phô mai 1 chút). món này làm mình nhớ tới trà sữa ô long bọt biển của gong cha nhưng là phiên bản rẻ hơn, cũng vị trà hơi đắng nhẹ và lớp bọt sữa béo ngậy, tới viên chân trâu trắng cũng giống.quậy hết lên uống có vị ngọt thanh chứ không béo gắt ngọt khé như trà sữa thông thường. giá thành 1 ly này là 28k thôi (muối biển là 25k) ly to uống no luôn. recommend món này nếu tới quán nhé.",0,0,0,5,0,0
"2. quán biển đông thật tuyệt, đến đây như thay đổi không khí hắn so với quy nhơn, - không khí trong lành - được câu cá thoải mái. - chủ quán nhiệt tình. - các món ăn phong phú thỏai mái lựa chọn, ghẹ, cua đá, cá hấp, mựa hấp, ốc sò..bao la lại còn bơi tung tăng dưới nước.",0,0,0,5,0,0
phòng cách âm không tốt. tối ngủ nghe tiếng động của các phòng khác và tiếng máy giặt hơi ồn,0,2,0,0,0,0
không cần phải nói rằng chúng tôi đang quay lại sử dụng grab nơi đặt giá trước khi đi xe. . . hoặc không có gì bất ngờ!,0,0,0,0,1,0
"gia đình tôi vừa có một trải nghiệm thật tệ với phong phú limousine. tôi đi 5 người loại vé 390k/người. khi đến đà lạt bên nhà xe không chủ động giới thiệu khách có xe trung chuyển làm rất nhiều người phải đi tãi. khi tôi đến hỏi xe trung chuyển lơ xe mới nói ""để em gọi"". khi xe trung chuyển đến thì đậu quay đuôi xe vào chúng tôi nên chúng tôi và các nhóm còn đứng chờ không hề biết đây là xe trung chuyển và lơ xe cũng không hề đến nói với chúng tôi. khi tôi thấy ấu lâu mới đến hỏi ""anh ơi xe đến chưa?"" thì nhận lại giọng trách móc.",0,0,0,0,2,0
hòn khô là du lịch qua đảo ăn uống chụp hình thôi chẳng có gi đặc biệt.ai coi tiktok nhiều tàn bị lừa như mình vô hơi thất vọng không như tưởng.vô thì kèo néo khách đi qua đảo để ăn nhà bè giá cao với lấy phí chở đi 100k nguời lớn là chủ yếu.còn đi vô quán cafe co co gì đo củng vậy tới ngay đường cục nhìn quán thất vọng quẹo ra.nói chung không như là mơ titok review ảo.ở đây nên học theo bình hưng ai qua bè nào ăn thì chở qua miễn phí đã ăn rồi thì nên free chở qua vì củng khá gần.,2,0,0,0,0,0
"có rất nhiều món ăn, việt, trung, hàn, thái đều có cả nhưng mà nhà hàng cho hơi nhiều dầu ăn, ăn rất ngán",0,0,0,2,0,0
"chúng tôi đến chợ khoảng 1 giờ chiều và nơi này đông đúc bởi hầu hết khách du lịch. tất cả các túi là giả và được bán với giá cao và chúng tôi đã phải đối phó với chúng. chúng tôi đã thấy nhiều điểm bán thực phẩm địa phương nhưng có vẻ bẩn nên chúng tôi đã không thử. nếu bạn không biết đi đâu, đây có thể là một lựa chọn.",0,0,0,0,2,0
"nơi cho thuê xe đạp tuyệt vời với những chiếc xe đạp tốt, gần sân bay, mọi người rất thân thiện và hữu ích. sẽ thuê lại ở đây. cảm ơn hài lòng",0,0,0,0,4,0
cảm ơn bạn đã ủng hộ dịch vụ bên mình. khi nào bạn thuê nhiều ngày xin điện thoại đặt trước mình sẽ có giá ưu đãi cho bạn nhé. hẹn gặp lại bạn.,0,0,0,0,0,0
"đồ ăn ngon rẻ,nhân viên vui vẻ nhiệt tình.có dịp sẽ quay lại",0,0,0,5,0,0
"vị trí tốt, nhân viên tốt, phòng tốt",0,5,0,0,0,0
"gà rán ở đây ngon ơi là ngon, miếng gà thơm mà giòn tênh ăn mãi không ngán . view quán rộng rãi, đẹp, thoáng mát wifi thì cứ phải gọi là thoải mái nha, trưa nắng mà vô đây chắc là nhất rồi. thích cách các anh chị ở đây phục vụ gê gớm cứ phải gọi là nhiệt tình í, rất thân thiện, nói chuyện với khách rất nhẹ nhàng, vui vẻ. khuyên các bạn nên ăn thử các phần combo nha rất là tiện, giá cả khá hợp lí mà còn được thưởng thức nhiều món hơn.",0,0,0,5,0,0
"resort nằm ngay khu ghềnh ráng của thành phố quy nhơn xinh đẹp đây hehe. thích nhất view ngắm biển, sáng có thể ngắm bình minh miễn phí. mình đi chung với gia đình, nên quyết định chọn resort này để cả nhà cùng nghỉ dưỡng thật thoải mái. ở đây có nhiều dịch vụ hạng sang chất lượng để tha hồ chọn nhé. món ăn của nhà hàng ở đây cũng rất ngon. xung quanh cây cối nhiều mang lại một không gian xanh mướt luôn. gia đình mình nghỉ dưỡng ở đây ai cũng thích. giá khá cao, tầm 3 triệu đến 5 triệu. nhưng đổi lại là những điều rất đáng để trải nghiệm. resort cách sân bay phù cát tầm 35km, xuống sân bay đi taxi vào là tiện nhất!",0,5,0,5,0,0
"rủ thêm vài đứa bạn thân, chuẩn bị vài bộ áo quần đep rồi ra làng chài nhơn lý là có cả đống ảnh đẹp, đồ ăn ngon mà lại rẻ. mấy cô chú ngư dân dễ thương mộc mạc lắm. làm du lịch nhưng cảm giác như người nhà vậy, rất thích!",5,0,0,0,0,0
"không gian sạch sẽ, lịch sự. nhân viên nhiệt tình, có tay nghề khá tốt và lễ phép. 2 vợ chồng mình ghé qua khá muộn nhưng nvien vẫn rất niềm nở tiếp đón. địa điểm masage lành mạnh rất đáng để ghé qua",0,4,0,0,0,0
"quán phục vụ hơi chậm vào nhưng lúc buổi trưa, hơi ồn ào xô bồ một tí, cơm tậm chấp nhận với gia cả ở hiện tại",0,0,0,3,0,0
"phòng sạch sẽ, đầy đủ tiện nghi cơ bản, nhân viên và chủ khách sạn rất vui vẻ thân thiện. nhất định sẽ quay lại arise hotel khi có dịp đến với tp biển nha trang",0,5,0,0,0,0
"tầm nhìn tuyệt vời từ quán bar trên tầng thượng và dịch vụ tuyệt vời, không thể tin rằng chúng tôi có toàn bộ mái nhà cho chính mình. các món ăn rất đáng yêu, rất khuyến khích.",5,0,0,0,0,0
"đi vòng vòng khu này tìm được massage bình định uy tín, nhiều dịch vụ bạn cũng nên trải nghiệm rồi cho nhận xét nha, mình thì 5 sao",5,0,0,0,0,0
ngon. nước mắm chua ngọt bắt vị. giá thì cũng ổn tầm 45-55k/ng là no. sữa đậu nành ngon.,0,0,0,5,0,0
"lần đầu tiên mình rất ấn tượng với người dân ở sự đơn sơ mộc mạc rồi đến các địa điểm du lịch để chặt chém du khách, mình rất thích dịch vụ cho thuê xe máy của một người hoài cổ. duy nhất 27a hoàng hoa phát hiện xe này rất tốt, nhân viên và anh chủ rất nhiệt tình tư vấn cho chúng tôi những địa điểm đi chơi, ăn uống giá rẻ tại",0,0,0,0,5,0
"nhà hàng sisters với pizza, mì ý chuẩn kiểu tây, ngoài ra nhà hàng còn nhiều món khác như hamburger, bread, beef, và những món hấp dẫn khác, nhà hàng pizza mình thấy ngon nhất từ trước giờ được ăn ở quy nhơn, hương vị rất tây, nhà hàng có chú pet cực dễ thương jymmy, không gian cũng rất lãng mạn cho những cặp đôi hẹn hì, nhà hàng còn nhận book tiệc như sinh nhật, đặc biệt nhà hàng với dàn nhân viên trai xênh gái đẹp, phục vụ cực kì thân thiện, sẽ sẵn sàng tư vấn cho khách hàng nhiệt tình :))))",0,0,0,5,0,0
"sân bay nội địa , không tránh khỏi sự thiếu thốn hơn sân bay quốc tế nhưng góp phần lớn trong sự phát triển du lịch và kinh tế đất nước",0,0,0,0,3,0
"không gian quán rộng nhưng trang trí không đẹp, đồ uống bình thường không có gì đặc sắc ngoại trừ topping hạnh nhân béo béo khá ngon, nhân viên nhiệt tình",0,0,0,4,0,0
"cà phê ở đây số 1 quy nhơn đó. đúng là chỗ ngồi hơi hạn chế nhưng bù lại đồ uống đa dạng và ngon cực, đặc biệt là cà phê, rất thơm và đậm đà. highly recommended",0,0,0,5,0,0
"âm thanh hay ấm cúng, cuộc vui luôn được tiếp diễn không đứt quảng. phục vụ nhiệt tình chỉ cần gọi là có. năm sao",5,0,0,0,0,0
"tôi nghe nhiều du khách nói gì đó về bánh pancake tôm giòn - bahn xeo. đi lên cửa hàng ngay khi chúng tôi đến quy hưng. họ đã mang nhiều thứ lên bàn và chúng tôi không biết làm thế nào để đối phó với quá nhiều thứ. may mắn thay, các nhân viên đã chú ý và chỉ cho chúng tôi cách cuộn nó trong bánh tráng sau đó thưởng thức với nước mắm. thú vị & ngon miệng! đó là một chút dầu nên chúng ta không thể ăn nhiều.",0,0,5,5,0,0
"đi ngang thấy quán trưng mấy chai nước lạ lạ đẹp mắt nên ghé vô quán uống thử, thấy nước trái cây ở đây ngon mà rẻ, thấy chất lượng không pha nước loãng nhách như mấy quán khác, lần sau sẽ ghé thử thêm nhiều món nữa.",0,0,0,0,0,0
600 món có nghĩa là số lượng không chất lượng,0,0,0,1,0,0
hơi khó tìm địa chỉ một chút,0,3,0,0,0,0
phòng mình bố trí bồn rửa mặt ngay cửa ra vào rất dễ va chạm mấy thứ đĩa đựng đồ nho nhỏ. mà vỡ cái đĩa sứ nhỏ xíu đền 80k. quá đắt,0,2,0,0,0,0
"view đẹp. nhân viên và quản lý rất nhiệt tình. rất thích bạn quý manager, chỉ mình mấy chỗ “sống ảo” cực đẹp ^^.",0,5,0,0,0,0
"tụi mình thường tụ tập tới các quán trà sữa để thư giãn. không chỉ để uống nước mà còn để chơi, học bài, làm việc nhóm . quán cũng khá là ít khách, được chia làm 2 gian. 1 bên là ghế ngồi, còn 1 bên là ngồi trên sàn. những lúc mình đi 1 mình thì mình ngồi ghế, còn có bạn bè thì mình ngồi trên sàn. view khá là đẹp, chủ quán lại thoải mái. tụi mình chơi từ 9h tới 14h . các chỉ nhân viên cũng rất vui vẻ . thức uống cũng rất ngon .",0,0,0,5,0,0
"mình ở ngay mường thanh. cả nhà đói và mệt sau chặng bay từ hà nội. đi bộ vài bước mừng như bắt được vàng, nhà chỉ muốn ăn đơn giản nên gọi đĩa rau muống luộc, bát canh cá chua lèo tèo vài miếng vá bớp. đĩa mực chiên khoảng hai chục miếng. hai chai nước suối. lúc đứng dậy hết 379k. mình chưa nói đến giá, ngoài canh cá còn tạm được. cơm cũ và nguội. mực thì chiên quá lửa.... sao có những người đánh giá tốt được ở nhà hàng này??? hay tại mình là người bắc??",0,0,1,1,0,0
nơi tuyệt vời với một bầu không khí đẹp và trang trí! món ngon việt nam. ngoài ra các món ăn phương tây có sẵn. đội ngũ trẻ vô cùng thân thiện và hữu ích. rất khuyến khích!,0,0,0,5,0,0
"nhược điểm duy nhất là nó khá đắt. có một khoản phí 15% tet mà chúng tôi biết nhưng trước đó, hóa đơn được áp dụng là 550 không đây là khoản tiền lớn nhất chúng tôi đã trả cho một bữa ăn trong 6 tháng ở châu á - bao gồm cả ở các thành phố lớn.",0,0,0,2,0,0
"lối vào khách sạn phía bên trái có quán cà phê vỉa hè, chiếm hết lối đi,phía bên phải của lối vào đã bị chiếm dụng làm nơi để xe gắn máy dẫn đến việc lối đi ra/vào rất hẹp (không an toàn trong trường hợp có hoả hoạn). lối ra/ vào này được dùng chung cho 3 khách sạn khác nhau.",0,2,0,0,0,0
cảnh quan đẹp và hùng vĩ đến đây thấy tâm trạng mình tốt hơn và thấy non sông gấm vóc của mình rất đẹp,4,0,0,0,0,0
"khi bước vào quán này,mình khá choáng ngợp vì không gian quá sạch sẽ và quá sang trọng, cứ ngờ ngợ lạc vào chốn tây nào ấy chứ. hehe. nhân viên thì nhiệt tình thôi rồi luôn. đồ ăn thì phục vụ nhanh lắm, một tí là có ngay, vì bọn mình đi có 2 người nên chỉ gọi hai món thôi, cơ mà thật bất ngờ. hai dĩa ú nụ, hai người ăn no cả bụng. pizza ở đây vừa thơm,vừa ngon và không bị ngấy, cảm giác cứ như là đang tan trong miệng ấy còn món salab thì vừa miệng lắm luôn. giá thì đối với người đi làm như mình thì cũng được, không đắt lắm. lần sau lãnh lương phải chiến tiếp một bữa nữa mới được.",0,0,0,5,0,0
"quán có các anh chị nhân viên toàn trai xinh gái đẹp tuyệt vời và phục vụ rất nhiệt tình, đồ uống ngon mà chất lượng cao. vị trí quán có view đẹp có thể ngồi tầng trên mà ngắm phố phường đông đúc nhộn nhịp. ngoài ra còn có rất nhiều cảnh đẹp để có thể cùng bạn bè, người thân lưu lại những kỷ niệm đáng nhớ",0,0,0,5,0,0
"noel này bạn đã đi đâu chưa, có đi đâu thì nhớ mặc đủ ấm trước khi ra đường nhé, quy nhơn nay lạnh lắm. mình ghé lại quán lần 2, nay trang trí thêm làm mình hạo hức noel ghê, nay trang trí lại nên lung linh đi sớm sớm để coa chổ ngồi trong mìa noel này nhé! như mình đã nói, nước ở đây khá ngon, không khá ngọt nhưng lại sớm, còn giá tiền thì mình thấy cũng ổn bình thường như những quán khác thôi. có dịp mình ghé quán lại nữa nhé thử hết nốt menu hiha :))",0,0,0,5,0,0
"phòng sạch sẽ, đầy đủ tiện nghi, mình book phòng tầm nhìn view đẹp, đáng tiền , nhân viên chu đáo và nhiệt tình",0,5,0,0,0,0
"giao và nhận xe tại flc resort. cám ơn anh hoài bảo vì nếu không có xe của anh thì cũng chẳng biết thuê ai. alo và gửi mail nhiều nơi không tìm thấy đơn vị nào giao xe tại flc resort cả. đọc đánh giá dịch vụ cho thuê xe số 1 quy nhơn và rồi alo cho anh hoài bảo. tất cả diễn ra trên cả mong đợi. bắt tay ký ngay 7 xe 3 ngày với anh, toàn xe và mới, chạy cực tốt. mình gửi anh thêm ít phí giao dịch, vì mình hiểu resort cách tp 15km rất cực cho bên anh nhưng anh nhất quyết không nhận. làm việc rất chuyên nghiệp, máy chủ thái độ, vui vẻ và chiều khách hàng quá tuyệt vời. chưa từng thuê máy ai mà nhiệt tình như vậy, giờ có 10 sao thì cũng cho anh 10 sao",0,0,0,0,5,0
"lạnh lạnh như thế này mà đi quất kem thì khỏi phải bàn nhé, kem này khá là nổi tiếng ở quy nhơn vì ngon và giá cả cũng không mắc lắm. ở đây menu có nhiều lựa chọn cho bạn từ kem đến nước uống, bật mí bạn thử ly cacao kem nhé ngon bá cháy luôn. về view quán khá là dễ thương đẹp ấm cúng <3. đều mình là sinh viên nên cũng ít khi lui tới đây để thưởng thức mấy món kem ngon. có dịp và có tiền chắc chắn mình sẽ ghé lại quán nhiều nhiều <3 chúc quán năm mới mua may bán đắt nhé <3.",0,0,0,5,0,0
"chỗ nghỉ ngay trung tâm thành phố, tiện đi lại, khách sạn sạch sẽ",0,5,0,0,0,0
giá rẻ so với dịch vụ,4,4,4,4,4,4
"nhà hàng rất tệ, nhân viên và chủ sở hữu thô lỗ!",1,0,1,0,0,0
"dịch vụ tốt, lúc nào tôi tới quy nhơn tôi cũng thuê xe máy bên dịch vụ cho thuê xe máy quy nhơn hoài bảo. xe tốt nhân viên nhiệt tình, tôi sẽ trở lại quy nhơn trong dịp tới và sẽ tiếp tục thuê xe bên bạn làm phương tiện đi lại cảm ơn bạn",0,0,0,0,4,0
"siêu thị có nhiều hạng mục, phù hợp cho gia đình hoặc các bạn trẻ tới chơi, hoặc người nội trợ mua đồ tiêu dùng. có buôn bán ăn uống, trang sức đắt tiền, quần áo. có siêu thị hàng tiêu dùng. có khu trò chơi giải trí phù hợp với nhiều đối tượng. có rạp chiếu phim, chiếu nhưng bộ phim mới và hấp dẫn trên thị trường thế giới. chúc các bạn vui vẻ.",5,0,0,0,0,5
đã đến quy nhơn rồi thì nhất định phải đi cù lao xanh nhé mọi người tuyệt vời cảm ơn anh nguyễn đức toàn và đội ngũ hdv siêu nhiệt tình và có tâm bên #cùlaoxanhtravel đã chụp cho nhóm em những bức ảnh tuyệt đẹp này 💯 kết thúc một chuyến đi mĩ mãn hơn cả mong đợi. tạm biệt quy nhơn và hẹn gặp lại vào một ngày không xa ❤️,5,0,0,0,0,0
"ok không quá cao, đồ mặc được, chất vải câc thứ ok... nói chung nhìn tổng quan không chê gì mấy. nếu mà giá hợp lý hơn thì có vẻ đông khách...vì nhiều shop khác giá ngang hoặc hơn đồ vẫn chất hơn chút. nói chung ok nha ae",0,0,0,0,0,4
nhân viên nói chuyện với khách kiểu côn đồ. lễ tân làm 1 giá lên nhân viên ép giá lên x4 minh không đồng ý thì làm khùng làm đien lên. tiền mất tật mang,0,0,0,0,0,1
"ngay từ lúc bước vào quầy lễ tân, nụ cười của cô em tiếp tân tại quầy đã đủ khiến các bạn gia tăng niềm phấn khởi. ở đây có 2 loại vé cho các bạn lựa chọn, đó là vé loại thường và vé loại vip . vé thường chỉ có giá 100.000đ, vé vip có giá 250.000đ tương ứng với 2 loại phòng là phòng thường và phòng vip. sau khi mua vé, các bạn sẽ được nhân viên đưa đến phòng chờ. nói phòng chờ có cả ghế dựa, ghế nằm “cực xịn”, nhiều anh nằm cái là “phê” ngủ luôn trước khi được em nhân viên nữ xinh xinh phục vụ.",5,0,0,0,0,0
"vé xe cao hơn các nhà xe khác, không ăn tối mà giá vé vẫn 300k. thường các xe đi có 240k. đặt trên văn phòng vé 280k tính luôn tiền ăn.",0,0,0,0,2,0
"food: giá rất ổn và highly recommend mọi người thử burger nha, ngon lắmm",0,0,0,4,0,0
"giá vé là công bằng và bằng mét. ô tô điều hòa. chuẩn bị sẵn bản đồ của bạn, nam sẽ dễ dàng hơn khi lái xe tìm vị trí của bạn.",0,0,0,0,4,0
"an toàn , giá bình dân ~300k/đêm . có phòng 2 giường đôi thích hợp gia đình trẻ nhỏ. khách sạn trong hẻm taxi vào được , đi bộ ra bãi biển hòn chồng 5p . nên thuê xe máy 100k/xe số, 150k/tay ga nhưng phải alo trước khách sạn chuẩn bị. xe ở nt thường là hiệu sym nếu bạn không có yêu cầu đặc biệt. phòng tầng 8 view biển tuyệt đẹp. phòng sạch sẽ , chăn ga sạch, nước nóng lạnh đủ mạnh , có máy sấy tóc, tivi smart , máy lạnh đủ dùng. có dịch vụ dọn phòng nếu bạn có yêu cầu.",0,5,0,0,5,0
"jolly , kem tự chọn, với tha hồ các vị kem , các topping ăn kèm , kem ở đây rất ngon , mình thích vị dừa ở đây nhất , rất đặc trưng , thơm ngon , topping thì phong phú , nhân viên cũng thân thiện , lâu lâu mới có dịp ghé tiệm kem , ngồi tán gẫu với bạn bè những ngày rảnh rỗi là quá tuyệt rồi , tiệm có không gian cũng thoáng mát , quán hình như 10 đã đóng cửa rồi , . . . nước uống ở đây cũng ngon lắm nha , nói chung các bạn nên ăn kem thử ở đây 1 lần.",0,0,0,5,0,0
"quán nhỏ ít món, ăn được, giá tương đối cao, điểm cộng là hải sản tươi. món ốc nhảy tự nhiên, ăn dai dai ngọt ngọt. đặt biệt có món ốc trộn theo như quảng cáo là ngon nhưng chưa thử.",0,0,0,4,0,0
"view thoáng đẹp, trước khách sạn có cây phượng tím check in rất đẹp",0,4,0,0,0,0
"về không gian và cả ẩm thực, rất thích hợp cho các “tín đồ” của đồ ăn phương tây nhé. món soup bí đỏ kem béo nguậy, làm lưu luyến dễ sợ. không gian thì hơi nhỏ, ghé quán bữa trưa thì hơi ồn tí nhưng kiểu ấm cúng.",0,0,3,3,0,0
quá tệ hại. đây là thứ 3 cũng là lần cuối cùng.,1,0,0,0,0,0
tôi đã thuê một chiếc xe máy ở đây cho một chuyến đi trong ngày bên ngoài thành phố và nhận được dịch vụ tốt nhất mà tôi có thể yêu cầu. hoài bão đã rất tận tình giải thích cho tôi các loại xe máy mà anh ấy đang gặp phải và loại nào phù hợp nhất với tôi. tôi rất vui và chắc chắn sẽ giới thiệu bạn bè thuê xe máy của anh ấy. like dich vu cho thue xe may quy nhon hoai bao at 27a hoang hoa tham quy nhon city,0,0,0,0,5,0
"mỗi lần về quê lại ra quy nhơn chơi hay ghé quán này ăn lẩu và đồ nướng. mấy đứa bạn ở quy nhơn giới thiệu quán này, mình ăn 1 lần thấy ok nên cứ ra đây là ghé quán này thôi. menu quán này có khá là nhiều món, nhưng mình hay ăn bò cuộn nấm kim châm và lẩu hải sản. nghe bảo đang có món lẩu tả pín lù, nghe lạ lạ, là món đặc trưng của quán thì phải. hẹn tết về sẽ thử món này. ahihi. nhân viên phục vụ nhanh nhẹn, chỗ ngồi bàn ghế cũng khá ok.",0,0,0,5,0,0
saigon transfers thật xuất sắc. thông tin liên lạc của họ luôn nhanh chóng và đầy đủ thông tin. họ là một công ty rất đáng tin cậy. chiếc xe đã được cực kỳ sạch sẽ và thoải mái. tôi chắc chắn sẽ đặt chúng một lần nữa. rất khuyến khích.,0,0,0,0,5,0
"một địa điểm thú vị để các cháu vui chơi, giải trí vì toạ lạc sát bãi biển trong sạch quy nhơn. tuy nhiên rất tiếc là thực tế không phải là nơi dành cho các cháu: - người lớn chiếm hết các chỗ trong công viên, từ sáng cho đến tối. - khu vực trò chơi được bố trí gom lại một góc ở phía tây, diện tích khoảng 1/4 công viên, nên nó có vẻ gò bó, xô bồ với những hoạt động chào mời, níu kéo. - các cháu chỉ được tham gia vào các trò chơi đơn điệu như : câu cá, tô tượng, đi tàu lửa, tàu tốc hành, cưỡi ngựa, thảm bay, đi xe đạp... từ 18h. rất mong các cấp quan tâm để cvtnqn trở thành nơi vui chơi giải trí bổ ích của các cháu.",2,0,0,0,0,0
phòng rộng rãi thoáng nhân viên dễ thương,0,5,0,0,0,0
"xe của cô chú siêu mới và sạch (sạch coong như mới rửa!) và máy rất khỏe. chú tính từng là thợ sửa xe nên chăm xe kỹ như chăm con vậy hehe xe nào cũng sạch như lau như ly vậy á :3. mình thuê trong 3 ngày, chạy tầm 400km từ quy nhơn tới đầm môn và quay về mà không gặp bất kỳ vấn đề gì. ngoài ra, chỗ cô chú rất gần bến xe khách nên các bạn đến đây bằng xe khách cũng tiện lấy xe ha, lười quá thì chú sẵn sàng mang xe ra bến cho các bạn chạy luôn :d lần tới quay lại quy nhơn cháu nhất định sẽ thuê của chú tính ạ :d",0,0,0,0,5,0
"sân bay bé nhưng nhìn rất sạch sẽ, ít khách đi nên khá thoáng, nhiều chỗ để ngồi. phòng vip do đó cũng không rộng nhưng đồ ăn đầy đủ.có điều nhà vệ sinh thì không sạch, chỗ rửa tay bắn nước lung tung và sàn nhà vệ sinh lúc nào cũng có nước.híc",0,0,0,4,3,0
"tô bún bự chà bá. chả cá ngon, dai, nước lèo đậm đà. thoang thoảng có vị chua nhẹ của thơm nấu cùng và đâu đó lẫn vào vị chua thanh của xoài. tô bún cá ngon nhất tôi đã từng ăn. điểm trừ là quán hơi nóng. giá cả cũng bình thường so với sài gòn nhưng với quy nhơn thì ở mức cao.",0,0,0,5,0,0
nước suối kem đánh răng bàn chải nên vẫn để loại thường không tính phí.chỉ khi khách yêu cầu,0,3,0,0,0,0
bể bơi có lẽ ít sử dụng nên chưa được chú trọng lắm. phòng không có đèn màu trắng nên mình make up hơi khó(vấn đề cá nhân thôi).hihi,0,4,0,0,0,0
"dịch vụ rất tốt, đặc biệt là đông khách nước ngoài bởi đội ngũ nhân viên tại đây rất nhiệt tình và nhanh nhẹn. bạn chắc chắn sẽ hài lòng và thích thú khi di chuyển bằng xe máy tại cho thuê xe máy hoài bảo, ở đây toàn xe đời mới, chạy mạnh và êm, tiết kiệm nhiên liệu mà giá cả cho thuê lại rất hợp lý chỉ từ 100.000/ ng ày. phục vụ 24/24 không phát sinh thêm phí phụ thu.",0,0,0,0,4,0
"phòng sạch và mới, yên tĩnh dễ chịu. view thì khỏi chê",0,5,0,0,0,0
"bánh mì lagu ở quy nhơn chỗ này ngon nhất. ăn từ nhỏ đến giờ. quản trong hẻm nên nhà khá nhỏ, đi lên lầu ngồi. bánh mì không được hơ giòn quét bơ thơm cực kì ngon. lagu nước đặc sệt nhiều củ với miếng thịt to tuyệt vời thích cực, giá 25k 1 tô thì phải. ăn đáng đồng tiền 👏",0,0,0,5,0,0
"không gian thoáng đãng, thích hợp uống cafe ngắm biển quy nhơn. chủ quán là nghệ sỹ nổi tiếng về nhạc trịnh, cuối tuần có nhạc sóng thưởng thức nhạc trịnh công sơn. thích hợp khách lớn tuổi, thích trữ tình, nhạc trịnh",3,0,0,0,0,0
"đặc sản bình định ở đây chất lượng. cửa hàng tư vấn tận tình, sẽ quay lại một ngày gần nhất",0,0,0,0,0,5
"lúc đầu hơi hoang mang xíu vì quán nhìu món quá không bít lựa món chi :v khúc giữa thì hơi hoang mang vì đồ ăn ngon mà sao rẻ dữ vậy ta :)) khúc cuối thì hoang mang tột độ vì đã biết rẻ mà không nghĩ tới mức độ rẻ kinh khủng như vậy :)) tóm lại là quán hài lòng về quán luôn, đồ ăn ngon, không gian cũng ổn nữa, phục vụ tận tình dễ sợ luôn, hài lòng quá trời không có chỗ nào chê hết, mà thích nhất là cái lẩu tả pín lù có cá ngừ đại dương ngon quá chời, nước ngọt kinh khủng. sẽ ghé lại để thưởng thức những món khác nhá",0,0,0,5,0,0
"quán 2 tầng , rộng rãi , mát mẻ . có điều khá nhiều muỗi . nhân viên thân thiện phục vụ nhanh gọn lẹ . kỉ niệm đáng nhớ nhất ở đây là khi đi ăn buổi chiều , đang ăn thì xe trật tự đi ngang qua hốt xe thế là lật đật bỏ dĩa kem chạy ra dời xe lên vỉa hè . kem ngon , kem cuộn phải ăn liền chứ nhanh bị chảy nước . gỏi không được ngon như mấy chỗ khác . giá cả rất sinh viên ❤️ thực đơn đa dạng món ❤️ luôn ủng hộ",0,0,0,5,0,0
"món ăn ổn, giá cả ok nhưng cách phục vụ thì tệ quá! mình ăn ở kfc rất nhiều nơi nhưng ở đây có cách phục vụ lạ nhất, độc nhất mà mình từng gặp. thông thường nhân viên kfc sẽ chờ khách order xong, xác nhận món, thanh toán và lấy số thứ tự, xong order khách sẽ đến lấy món hoặc đôi lúc chưa đủ món, nhân viên sẽ đem món còn lại đến cho khách. các thành phố lớn trong nước hay các nước lân cận đều thế! nhưng ở đây, khách hàng phải đứng chờ tại quầy, order bằng miệng, nhân viên nhớ và làm món bên trong, đủ món sẽ được nhân viên cho ra quầy, sau đó nhân viên mới xuất hoá đơn và thanh toán, rồi đem món về bàn. cảnh tượng nháo nhào, chen lấn vì nhân viên không kiểm soát được khách nào đến trước và khách thì giành lượt. thật rất bức xúc với cách phục vụ của kfc quy nhơn! mình không muốn quay lại lần nữa!",0,0,0,2,0,0
"rượu ngon, nam vô tửu như kỳ vô phong",0,0,0,4,0,0
"hôm nay mình đến mưa quá chừng nhưng mình được nguyên dàn zai đẹp phục vụ tận tình, bạn thì dắt xe, bạn thì che dù cho mình vào để khỏi ướt, muốn rụng tim luôn. bạn hot boy thì tư vấn nhiệt tình nước uống, mà mình thấy ở mặt bằng đẹp thế này mà giá cả thì quá rẻ, trà sữa chỉ tầm 22k một ly chà bá mà hương vị rất ngọt ngào, béo béo, thơm ngon. mình đã đi hết những quán trà sữa nổi tiếng ở quy nhơn rồi nhưng hương vị mình cần thì giờ đến ở đây mình mới tìm ra.",0,0,0,5,0,0
"đến quy nhơn được giới thiệu là đặc sản nên dẫn mọi người đi ăn. về không gian : quán nhìn bên ngoài rất bé nhưng mà sâu bên trong có cả trong nhà và ngoài sân. nên ngồi ngoài sân cho thoáng vì quán không có điều hoà. về đồ ăn : quán phục vụ nem nướng và bò miếng nướng cuốn cùng rau sống và bánh tráng chấm sốt, có cả bún trộn, nem chua, giò lá. mình ở hà nội nên thấy đồ ăn hơi ngọt không hợp khẩu vị lắm. về giá cả : khá rẻ so với chất lượng. về phục vụ : chắc do mình đi đúng lúc quán đông nên phục vụ hơi lâu, mình gọi thêm đồ mà mãi mới có người vào nhận oder với mang ra.",0,0,0,3,0,0
"nghe đồn là đẹp nhưng địa danh này tính phí quá cao (100.000đ cho một khách tham quan, 40.000đ cho xe chuyên dụng vận chuyển khách vào tham quan, trẻ em không được miễn phí...). mặc dù đẹp nhưng sẻ không bao giờ vào.",2,0,0,0,0,0
"quán này bán bánh hỏi lòng heo khá ổn, lòng heo sạch & ngon ăn không bị đau bụng :)) quán xa trung tâm nên hơi bất tiện xíu. 1 phần 30k ăn no nê bò càng, tính ra giá cũng được.",0,0,0,4,0,0
"sau một ngày làm việc, mình và chị đồng nghiệp dừng chân ở quán 7 thơm vì cả hai có điểm chung là thèm ốc 😜.hiện tại quán đang sửa chữa, hình như để mở rộng quán, nhưng vẫn đảm bảo được chỗ ngồi sạch sẽ cho khách hàng. nhân viên phục vụ thì dễ thương, nhanh nhẹn, mình gọi món là có liền mặc dù khách tương đối đông. gia vị quán nêm mình rất thích, vừa phải, nhiều quán thường chỉ chú tâm vào nước chấm, nên ốc thường hay nhạt, còn ở đây ngon cả nước chấm lẫn ốc. hải sản tương đối tươi, bất ngờ nhất là giá, rẻ hơn mình nghĩ. sẽ note vào những quán ăn quen thuộc.",0,0,0,5,0,0
"đi hòn khô chơi rất ok, hải sản lại rất tươi ngon, quá đã 😄",4,0,0,5,0,0
"mình chưa nói đến xe, nói đến thái độ phục vụ đầu tiên. bạn đã đánh gục tụi mình khi xe khách của mình đi từ sg và đến qn vào lúc 6h sáng. bạn đã đứng đợi sẵn và có đủ 7 xe rồi, quá chuyên nghiệp.",0,0,0,0,5,0
"nên đi sớm , tầm chiều vì quán đông khách đi tối sẽ hết đồ ăn ngon , món ăn nỗi tiếng có lòng cá bò gù nhồi thịt , cá lao chiên mắm ăn rấ ngon , lẫu và các món ốc ăn tương đối ổn",0,0,4,4,0,0
"tôi đã từng đến lucky plaza trong nhiều năm. khi lần đầu tiên, nó mở lại, nó vẫn ổn nhưng giá thì cao và có sự thờ ơ của các chủ gian hàng. một lợi thế sau đó là điều hòa không khí. trong khi một số chủ gian hàng vẫn còn, bây giờ có một phạm vi rộng hơn của hàng hóa để xem xét. heaps của áo phông tất nhiên nhưng được đặt ra tốt hơn so với thị trường và thiết kế khác nhau tốt hơn. có một vài cửa hàng thủ công với các loại dầu và xà phòng thủ công. tôi đã có thể thương lượng một đôi giày với cùng mức giá mà tôi mong đợi ở phố giày. một lần nữa chất lượng có vẻ tốt hơn bến thành. đáng để ghé thăm.",0,0,0,0,0,1
"nếu bạn du lịch đến / từ quy bào bằng đường hàng không, bạn chắc chắn nên sử dụng xe buýt sân bay thẳng. nó đến và khởi hành ở đây để đi đến sân bay. chi phí chỉ là 50k vnd. một chiếc taxi sẽ tiêu tốn của bạn 300k và chỉ nhanh hơn một chút. xe buýt rời sân bay mỗi khi một chuyến bay hạ cánh. nó rời bến xe buýt khoảng 2,5-2 giờ trước các chuyến bay. khách sạn của bạn có thể giúp bạn lên lịch trình",0,0,0,0,3,0
tôi tìm thấy hầu hết những thứ tôi đang tìm kiếm ở đây. cái chính là bánh mì siêu chất. hoàn toàn ngon. tôi cảm ơn rất nhiều,0,0,0,5,0,0
"rộng rãi, trò chơi rất thích thú. có nhiều hoạt động buôn bán, minigame",0,0,0,0,0,4
"đã ở đây 50 lần trong vòng 15 năm qua, chúng tôi đã đến đây một lần nữa trên đường đến châu âu để thấy rằng thực đơn đã bị giảm đi rất nhiều và nhiều món yêu thích không còn nữa. không có khả năng quay lại lần nữa. buồn",0,0,0,1,0,0
"xung quanh có nhiều khách sạn cao tầng khác nên khó tự nhiên kéo rèm cửa để ngắm cảnh dù ở tầng 15, phòng có tầm nhìn và ban công hướng biển nhưng không rộng như trên hình minh họa của booking",0,2,0,0,0,0
"mỗi sáng làm double shoot espresso nơi đây cảm giác thật sảng khoái. mình đã tùng đi nhiều nơi, thưởng thức qua espresso tại những nơi đó nhưng có thể khẳng định 1 điều, đối với mình nơi đây là ngon nhất. one more like for this place.",0,0,0,5,0,0
"so với tầm giá thì địa điểm khá gần trung tâm rồi, tiện nghi đầy đủ. phòng yên tĩnh, đi chơi về nghỉ ngơi tốt. tivi các kênh hơi mờ mặc dù không có time để xem. nhân viên tiếp đón nhiệt tình, còn tặng quà cho bé nhà mình. xe máy thuê đi chơi rất mới, đi rất thích. chuyến du lịch hài lòng",0,4,0,0,0,0
"tour du lịch cù lao xanh của toàn nhỏ làm mình rất ưng ý. thức ăn ngon, được tư vấn các góc sống ảo, đặc biệt là rất nhiệt tình. nhất định mình sẽ quay lại lần nữa",5,0,0,4,0,0
"xịn sò ạ!!!!! lớn đầu rồi vẫn rất thích điều vào trong này chơi bời, tắm biển.... rất thích hợp cho trẻ em chơi bời thoả thích, người lớn cũng bung lụa lắm ạ!!!! đi tắm biển thì vào đây gửi xe cho an toàn, đừng để xe ở ngoài vỉa hè cạnh bờ biển nha, coi mất trộm như chơi ấy",0,5,0,0,0,0
"quán nhìn lướt qua bên ngoài không có gì đặc biệt nhưng bên trong không khí ấm cúng. mấy bé phục vụ hiền dễ thương. quán có nhạc live tối t7, mấy bạn hát nếu tính thang điểm 10 thì tầm 7/10 không tính khách hát), chất giọng phổ biến không có gì đặc biệt lắm. hôm mình đi nghe nhỏ bạn recommend quán này nhạc đa số mấy bài đang hot nhưng đến thì hơi thất vọng vì đêm ấy đa số mấy bài không được hay cho lắm, thêm vài bạn hát hơi bị nhạt nên hơi chán ^^! cacao nóng khá ngọt nhưng thơm và ổn. wifi không vào được giữ xe đối diện quán. quán đông nghẹt khách khi nhạc lên và đa số là học sinh.",0,0,0,3,0,0
"ngày xưa cuồng kfc lắm mà từ ngày đi học sg thì chán rồi bởi menu không chịu đổi mới. quán nào cũng thay nhau tung gà vị mới thì kfc cứ gà rán không đổi, chán kinh. t4 có chương trình km nên dắt e mình đi ăn. chất lượng vẫn vậy, km có khác đông kinh khủng. không nhận xét gà nữa vì chả có gì mới để nói mà chỉ muốn nói về em bánh trứng thần thánh, ngon kinh khủng.",0,0,0,3,0,0
"quán 2 màu đen- trắng , đúng tâm trạng là ngồi phê luôn, nước đa dạng , nhiều món, đặc biệt hệ thống đèn vàng trong quán là muốn xuyên tim luôn, thất tình mà vào quán này là y bon heng view dễ thương, sâu lắng , quán này mới đầu nhìn lại đi nhầm quán 223 tăng bạt hổ, bà con để ý có cái i nữa, nên tránh đi nhầm quán ak",0,0,0,5,0,0
"đẹp, có nước đá vôi trong núi chạy liên tục, tạo màu nước rất đẹp, không phải nước tù, đồ ăn ngon rẻ, ngồi mát mẻ",5,0,0,0,0,0
phòng sạch.. thoáng mát.. nhân viên thân thiện dễ thương. nói chung là ok.,0,5,0,0,0,0
"quán trà sữa nằm ngay đường tăng bạch hổ! với thiết kế view quán có chút gì đó zể thương rất phù hợp với những bạn thích sống ảo nè! quán cũng không rộng nhưng được cái cách bố trí nên nhìn rộng thoải mái , bạn có muốn đến thưởng thức thì mìn khuyên nên đi sớm sớm chứ không là không có bàn ngồi đâu nhé, sáng vẫn đông lắm đấy! nước của quán rất ngon nhé giá cả phù hợp cho tầm trung và các bạn như sinh viên học sinh nhé! là 1 nơi lý tưởng cho những bạn sống ảo đấy :))))",0,0,0,5,0,0
"tối tuần trước vừa đi ăn ở đây xong.ức chế không tả được nhà hàng này thay quản lý rồi hay sao ấy. đồ ăn thì chậm món thì động đến món nào là hết món đấy mà order mãi sau mới ra báo là hết, không chuyên nghiệp tí nào. cả quản lý lẫn nhân viên thì chỉ chăm chăm vào chăm sóc khách tây, khách việt thì cứ kệ gọi thì ra vâng vâng được vài câu xong mất hút,( chắc chăm khách tây để mong được tip chăng??? còn khách việt thì bơ???). trước đây mình rất thích ăn ở đây nhưng tình trạng như này chắc ban quản lý nên xem lại tránh gây bức xúc cho khách hàng !",1,0,1,0,0,0
"đầu tiên là thời điểm thích hợp nhất để bạn đến quy nhơn là vào tầm tháng 3 đến tháng 9 nghe . đặc biệt là trong khoảng thời gian này , biển quy nhơn rất trong xanh , thời tiết không quá oi bức như mùa hè và lượng khách đến đây cũng không quá đông . nên bạn sẽ có thể cảm nhận trọn vẹn được hết vẻ đẹp bình yên của thành phố biển này. thuê xe máy thì cứ lên fb và google tìm là ra, địa điểm cho thuê xe máy hot nhất và được review nhiều nhất chính là dịch vụ cho thuê xe máy quy nhơn hoài bảo tại địa chỉ 27a hoàng hoa thám. cho thuê máy rất có tâm và nhiệt tình nha cả nhà, xe mới đi thoải mái, cứ yên tâm, có vấn đề gì bạn chủ xe sẽ có mặt hổ trợ liền nha",5,0,0,0,5,0
"nhận và giao hàng ổn nhưng thông báo trước 1 ngày không thể đặt trước để trả lại sân bay 😩 nhân viên phục vụ đúng giờ và lịch sự, xe chỉ cách lối ra một đoạn ngắn",4,0,0,0,4,0
"không khí trên quán bar thì khỏi chê rồi, nhạc rất hợp với không khí và khung cảnh khá ấm áp với sôi động. một sự kết hợp lạ và độc đáo.",4,0,0,0,0,0
"safari chỉ có tầm 14 loài thôi, mà khỉ là nhiều nhất vì khỉ sống được ở tất cả các khí hậu. còn có lạc đà cũng sống được khí hậu nóng, mấy con còn lại như thỏ, thiên nga, chim.. có lẽ không chịu được nhiệt độ oi ả của quy nhơn nên chỉ lèo tèo, ốm yếu. thực ra siêng đi bộ dạo một vòng là hết rồi, không cần phải đi xe điện tính 30k/người đó. với quy mô cũng như số lượng như thế mà vé vào cổng 80k/ người lớn; 60k/trẻ em thì mình thấy khá đắt, chụp hình với con vật cũng tính thêm tiền. cả cái safari rất ít cây xanh nên nắng nóng dễ mệt. safari thì phải làm sao để ngừoi gần gũi với thú nhất nhưng thấy cái này chưa thể hiện được hết tầm cỡ của 1 safari, hi vọng sắp tới sẽ cải thiện thêm.",3,0,0,0,0,0
"bánh hỏi ngon, lòng nhiều, đa dang các loại lòng heo. lòng được làm sạch, không có mùi hôi. đặc biệt nước mắm chấm tuyệt vời, giá cả bình dân",0,0,0,5,0,0
"ấn tượng đầu tiên khi vào quán là không gian rất thoáng mát, sạch sẽ. cây cối rất nhiều nên những con người yêu thiên nhiên như mình thấy rất tuyệt vời. đồ ăn ở đây khá ngon, đặc biệt là bún đuôi bò. nhỏ giờ ăn bún cũng nhiểu rồi nhưng bún đuôi bò giờ mình mới ăn lần đầu tiên. rất hợp khẩu . nói chung giá cả ở đây cũng khá ổn. nhân viên nhiệt tình, gọi món thì ra rất nhanh. phục vụ rất lịch sự. một điểm nữa là nhà vệ sinh của quán cũng rất sạch sẽ, bước vào cứ tưởng mình đang ở khách sạn 5 sao ấy.",0,0,0,5,0,0
"tư vấn nhiệt tình. bán đủ loại đặc sản. giá phải chăng. có thanh toán thẻ, chuyển khoản nên tiện lợi. mình đã mua bánh ít lá gai, bánh hồng, mực rim,...",0,0,5,5,0,0
"hôm nay cả nhóm quyết định nhờ bạn hdv thuê 3 chiếc xe máy giá rẻ chỉ 100k/ chiếc. nhờ bạn í dẫn đi quanh thành phố, đi ghềnh ráng và tháp đôi( ghềnh ráng thì đang được trùng tu nên không tham quan hết được, cả nhóm đến tháp đôi(8k/vé vào cổng). xong mấy điểm trên thì cả nhóm đi ăn sáng quán bún thuỳ bên đg tăng bạt hổ, ăn xong thì đi cf thôi. trưa được bạn hdv giới thiệu về tour cắm trại của bạn ấy làm riêng cho khách với giá 300k/ng. đang tin tưởng vì sự nhiệt tình của bạn í, book luôn,. thế là cả nhóm về homstay ngỉ trưa, 3h chiều thì bạn hdv qua phòng đưa cả nhóm đi ăn ốc chỗ ngọc hân công chúa, đủ các loại ốc biển với giá 15,20k/ dĩa. 6 người ăn mất 215k.😝😝 4h bạn hdv bảo bắt đầu đi cắm trại nhé! hầu hết trại và đồ nướng buổi tối thì đều được chuẩn bị trước( nem, ché, ốc biển, tôm, mực, cá... và cả rượu bàu đá) vậy là chỉ việc chạy xe đến nơi đấy thôi. có chiếc xe máy thật tiện lợi vô cùng",3,0,0,3,4,0
"là địa điểm tốt cho các tín đồ sống ảo: bãi biển đẹp, góc nhìn bao quát cả thành phố xinh đẹp, nước uống ngon. bên cạnh đó bạn ghé thăm mộ hàn mặc tử, mua 1 vài món quà lưu niệm bằng bút lửa. đặt biệt là vào cổng miễn phí.",4,0,0,0,0,0
gọi đồ xong lúc 7h15 đến 8h35 mới lên món. lẽ ra quán đông khách thì phải không nhận nướng cá mà gợi ý khách dùng cá hấp cho nhanh. nấu khá ngon nhưng vẫn không ăn ở đây nữa vì ăn một bữa hết buổi tối.,0,0,0,2,0,0
"hồ bơi đẹp nằm ở tầng thượng, nhìn toàn view biển và vinpearl.",0,4,0,0,0,0
"tài xế thân thiện và xe sạch sẽ. đây là một cách dễ dàng, không phức tạp để đưa đón trực tiếp đến khách sạn của bạn",5,0,0,0,0,0
hải sản chủ yếu buổi chiều giá cao hơn chợ đầm,0,0,0,0,0,4
"ngoài ra, khách sạn ở khu trung tâm, gần bãi biển và các trung tâm thương mại, khu vui chơi của nha trang",0,5,0,0,0,0
"khách sạn sạch sẽ tiện nghi, dịch vụ đa dạng.",0,5,0,0,0,0
"sẽ ủng hộ lâu dài, tuy nhiên còn vài điều cần góp ý với nhà xe: thời gian dừng ăn cơm quá nhanh ghi sai điểm đón trên app máy xe khá ồn",0,0,0,0,2,0
"vị trí siêu thuận tiện, tại trung tâm thành phố, nhưng không quá ồn ào, khá yên tĩnh.",0,5,0,0,0,0
